{"time":[5.515,6.971,7.032,7.079,7.112,7.139,7.171,7.202,7.232,7.263,7.502,7.5889999999999995,7.675999999999999,7.751999999999999,7.837999999999999,7.922999999999999,8.023,8.215,9.81,9.968,10.100999999999999,10.190999999999999,10.283999999999999,10.419999999999998,10.796999999999999,10.871999999999998,10.943999999999997,11.016999999999998,11.089999999999998,11.163999999999998,11.235999999999997,11.309999999999997,11.377999999999997,11.451999999999996,11.521999999999997,11.592999999999996,11.667999999999996,11.741999999999996,11.813999999999995,11.888999999999994,11.961999999999994,12.039999999999994,12.110999999999994,12.184999999999993,12.256999999999993,12.328999999999992,12.400999999999991,12.473999999999991,12.550999999999991,12.623999999999992,12.693999999999992,12.766999999999992,12.839999999999993,12.912999999999993,12.990999999999993],"fps":[0.6800408024481469,0.6868131868131868,0.6868131868131868,0.6868131868131868,0.6868131868131868,0.6868131868131868,0.6868131868131868,0.6868131868131868,0.6868131868131868,0.6868131868131868,0.6868131868131868,0.6868131868131868,0.6868131868131868,0.6868131868131868,0.6868131868131868,0.6868131868131868,14.272121788772598,14.272121788772598,1.119194180190263,1.119194180190263,1.119194180190263,1.119194180190263,1.119194180190263,1.119194180190263,1.119194180190263,6.5913370998116765,6.5913370998116765,6.5913370998116765,6.5913370998116765,6.5913370998116765,6.5913370998116765,6.5913370998116765,6.5913370998116765,6.5913370998116765,6.5913370998116765,6.5913370998116765,6.5913370998116765,6.5913370998116765,6.5913370998116765,13.7524557956778,13.7524557956778,13.7524557956778,13.7524557956778,13.7524557956778,13.7524557956778,13.7524557956778,13.7524557956778,13.7524557956778,13.7524557956778,13.7524557956778,13.7524557956778,13.7524557956778,13.7524557956778,13.671875,13.671875],"raf":[5516,1456,61,47,33,27,32,30,30,31,239,87,87,76,86,85,100,192,1595,158,133,90,93,136,377,75,72,73,72,74,73,73,69,73,70,71,76,73,72,76,72,78,71,74,73,71,72,74,76,74,69,73,73,74,77]}