{"time":[3.1529999999999996,3.1749999999999994,3.2219999999999995,3.2829999999999995,3.3449999999999993,3.4079999999999995,3.5689999999999995,3.5909999999999993,3.6379999999999995,3.7009999999999996,3.764,3.8259999999999996,3.9899999999999998,4.007,4.058,4.2219999999999995,4.241,4.294,4.4559999999999995,4.473999999999999,4.528,4.59,4.763,4.79,4.835,5.002,5.023,5.071,5.133,5.194,5.3549999999999995,5.374,5.425999999999999,5.587999999999999,5.606999999999999,5.6659999999999995,5.731,5.796,5.861000000000001,5.928000000000001,5.9910000000000005,6.057,6.221,6.24,6.293,6.357,6.524,6.54,6.593,6.76,6.774,6.829,6.891,6.959,7.116,7.14,7.186,7.261,7.42,7.4399999999999995,7.489999999999999,7.653999999999999,7.673999999999999,7.722999999999999,7.785999999999999,7.845999999999998,7.906999999999998,8.069999999999999,8.089999999999998,8.139999999999999,8.302999999999999,8.322999999999999,8.37,8.431999999999999,8.496999999999998,8.556999999999999,8.717999999999998,8.739999999999998,8.788999999999998,8.851999999999999,8.915999999999999,8.976999999999999,9.136999999999999,9.156999999999998,9.205999999999998,9.267999999999997,9.327999999999998,9.390999999999998,9.559999999999999,9.572999999999999,9.631999999999998,9.694999999999999,9.758,9.921,9.94,9.99,10.152000000000001,10.173000000000002,10.220000000000002,10.284000000000002,10.347000000000003,10.410000000000004,10.569000000000004,10.590000000000005,10.637000000000006,10.698000000000006,10.760000000000005,10.823000000000006,10.986000000000006,11.007000000000007,11.055000000000007,11.118000000000007,11.181000000000008,11.349000000000007,11.373000000000006,11.419000000000006,11.482000000000006,11.545000000000007,11.706000000000007,11.723000000000006,11.775000000000006,11.937000000000006,11.956000000000007,12.006000000000007,12.067000000000007,12.131000000000007,12.193000000000007,12.355000000000008,12.373000000000008,12.436000000000009,12.49600000000001,12.56300000000001,12.62700000000001,12.69000000000001,12.84900000000001,12.87300000000001,12.92000000000001,12.98200000000001],"fps":[3.5198873636043646,3.5198873636043646,3.5198873636043646,3.5198873636043646,12.4282982791587,12.4282982791587,12.4282982791587,12.4282982791587,12.4282982791587,12.4282982791587,12.4282982791587,12.4282982791587,12.4282982791587,12.4282982791587,12.4282982791587,12.4282982791587,12.4282982791587,12.4282982791587,12.589928057553957,12.589928057553957,12.589928057553957,12.589928057553957,12.589928057553957,12.589928057553957,12.589928057553957,12.589928057553957,12.589928057553957,12.589928057553957,12.589928057553957,12.589928057553957,12.589928057553957,12.589928057553957,12.589928057553957,13.26259946949602,13.26259946949602,13.26259946949602,13.26259946949602,13.26259946949602,13.26259946949602,13.26259946949602,13.26259946949602,13.26259946949602,13.26259946949602,13.26259946949602,13.26259946949602,13.26259946949602,13.26259946949602,13.26259946949602,14.925373134328359,14.925373134328359,14.925373134328359,14.925373134328359,14.925373134328359,14.925373134328359,14.925373134328359,14.925373134328359,14.925373134328359,14.925373134328359,14.925373134328359,14.925373134328359,14.925373134328359,12.252591894439208,12.252591894439208,12.252591894439208,12.252591894439208,12.252591894439208,12.252591894439208,12.252591894439208,12.252591894439208,12.252591894439208,12.252591894439208,12.252591894439208,12.252591894439208,12.252591894439208,12.252591894439208,12.252591894439208,14.097744360902256,14.097744360902256,14.097744360902256,14.097744360902256,14.097744360902256,14.097744360902256,14.097744360902256,14.097744360902256,14.097744360902256,14.097744360902256,14.097744360902256,14.097744360902256,14.097744360902256,14.097744360902256,14.097744360902256,14.097744360902256,15.384615384615385,15.384615384615385,15.384615384615385,15.384615384615385,15.384615384615385,15.384615384615385,15.384615384615385,15.384615384615385,15.384615384615385,15.384615384615385,15.384615384615385,15.384615384615385,15.384615384615385,15.384615384615385,13.972055888223553,13.972055888223553,13.972055888223553,13.972055888223553,13.972055888223553,13.972055888223553,13.972055888223553,13.972055888223553,13.972055888223553,13.972055888223553,13.972055888223553,13.972055888223553,13.972055888223553,13.972055888223553,13.779527559055119,13.779527559055119,13.779527559055119,13.779527559055119,13.779527559055119,13.779527559055119,13.779527559055119,13.779527559055119,13.779527559055119,13.779527559055119,13.779527559055119,13.779527559055119,13.779527559055119,13.779527559055119,13.047530288909599,13.047530288909599,13.047530288909599,13.047530288909599],"raf":[158,22,48,60,62,64,160,22,48,63,62,62,164,18,51,163,19,53,163,17,54,62,173,27,45,167,22,47,62,61,162,18,53,161,19,60,64,65,66,66,63,67,163,19,54,63,167,17,52,167,14,56,62,68,156,24,47,74,160,20,50,163,20,50,62,60,62,162,20,51,162,21,47,61,65,60,161,23,48,63,66,59,160,20,50,61,61,63,168,13,59,63,63,164,18,50,162,21,47,64,63,63,159,21,47,61,62,64,162,21,49,62,64,168,23,46,63,64,160,17,53,161,19,50,62,63,63,162,18,63,60,66,64,63,159,24,47,62]}