{"time":[3.203,3.812,3.877,3.925,3.941,3.977,4.027,4.273,4.345,4.426,4.502,4.571,4.646999999999999,4.722999999999999,4.791999999999999,4.862999999999999,4.9289999999999985,4.996999999999998,5.068999999999998,5.132999999999998,5.200999999999998,5.270999999999998,5.337999999999998,6.039999999999998,6.179999999999998,6.235999999999998,6.299999999999998,6.359999999999998,6.454999999999997,6.516999999999998,6.577999999999998,6.641999999999998,6.705999999999998,6.765999999999997,6.8329999999999975,6.892999999999997,6.983999999999997,7.060999999999997,7.126999999999997,7.1919999999999975,7.256999999999998,7.320999999999998,7.389999999999998,7.451999999999998,7.518999999999998,7.588999999999999,7.653999999999999,7.719999999999999,7.785999999999999,7.852999999999999,7.9209999999999985,7.985999999999999,8.056,8.126,8.189,8.26,8.328,8.395999999999999,8.463,8.527999999999999,8.594999999999999,8.661,8.725999999999999,8.811,8.877,8.961,9.043000000000001,9.107000000000001,9.176000000000002,9.246000000000002,9.322000000000003,9.391000000000004,9.458000000000004,9.528000000000004,9.597000000000005,9.667000000000005,9.735000000000005,9.805000000000005,9.873000000000005,9.942000000000005,10.011000000000006,10.076000000000006,10.159000000000006,10.229000000000006,10.297000000000006,10.367000000000006,10.462000000000007,10.544000000000008,10.613000000000008,10.701000000000008,10.776000000000007,10.853000000000007,10.933000000000007,11.009000000000007,11.090000000000007,11.169000000000008,11.260000000000007,11.325000000000006,11.402000000000006,11.479000000000006,11.560000000000006,11.635000000000005,11.716000000000005,11.817000000000005,11.884000000000006,12.021000000000006,12.135000000000007,12.201000000000008,12.329000000000008,12.395000000000008,12.552000000000008,12.718000000000009,12.783000000000008],"fps":[2.1899808376676706,2.1899808376676706,2.1899808376676706,2.1899808376676706,2.1899808376676706,2.1899808376676706,2.1899808376676706,6.5359477124183005,6.5359477124183005,6.5359477124183005,6.5359477124183005,6.5359477124183005,6.5359477124183005,6.5359477124183005,6.5359477124183005,6.5359477124183005,6.5359477124183005,6.5359477124183005,6.5359477124183005,6.5359477124183005,6.5359477124183005,6.5359477124183005,14.097744360902256,14.097744360902256,14.097744360902256,14.097744360902256,14.097744360902256,4.892367906066537,4.892367906066537,4.892367906066537,4.892367906066537,4.892367906066537,4.892367906066537,4.892367906066537,4.892367906066537,4.892367906066537,4.892367906066537,4.892367906066537,4.892367906066537,4.892367906066537,4.892367906066537,4.892367906066537,14.563106796116505,14.563106796116505,14.563106796116505,14.563106796116505,14.563106796116505,14.563106796116505,14.563106796116505,14.563106796116505,14.563106796116505,14.563106796116505,14.563106796116505,14.563106796116505,14.563106796116505,14.563106796116505,14.563106796116505,14.910536779324056,14.910536779324056,14.910536779324056,14.910536779324056,14.910536779324056,14.910536779324056,14.910536779324056,14.910536779324056,14.910536779324056,14.910536779324056,14.910536779324056,14.910536779324056,14.910536779324056,14.910536779324056,14.910536779324056,14.124293785310735,14.124293785310735,14.124293785310735,14.124293785310735,14.124293785310735,14.124293785310735,14.124293785310735,14.124293785310735,14.124293785310735,14.124293785310735,14.124293785310735,14.124293785310735,14.124293785310735,14.124293785310735,13.930348258706468,13.930348258706468,13.930348258706468,13.930348258706468,13.930348258706468,13.930348258706468,13.930348258706468,13.930348258706468,13.930348258706468,13.930348258706468,13.930348258706468,13.930348258706468,13.930348258706468,12.782694198623402,12.782694198623402,12.782694198623402,12.782694198623402,12.782694198623402,12.782694198623402,12.782694198623402,12.782694198623402,12.782694198623402,12.782694198623402,12.782694198623402,10.251630941286114,10.251630941286114,10.251630941286114],"raf":[3203,610,64,48,16,37,49,247,72,81,76,69,75,77,68,71,66,69,71,65,67,71,66,702,140,56,65,59,95,62,61,64,64,60,67,61,90,77,66,65,65,64,69,62,67,71,64,67,66,67,67,65,70,71,63,70,68,68,68,64,67,67,64,85,66,84,82,64,69,70,76,70,66,71,68,70,68,70,69,68,69,65,84,69,68,70,96,81,69,88,75,77,81,75,82,78,91,65,77,78,80,76,80,101,67,137,114,66,129,66,157,165,65]}