{"time":[3.013,3.0349999999999997,3.2459999999999996,3.2629999999999995,3.2869999999999995,3.3989999999999996,3.5349999999999997,3.5469999999999997,3.5799999999999996,3.6919999999999997,3.7249999999999996,3.8349999999999995,3.9709999999999996,3.9959999999999996,4.015999999999999,4.227999999999999,4.245999999999999,4.270999999999999,4.381999999999999,4.520999999999999,4.546999999999999,4.5699999999999985,4.6869999999999985,4.825999999999999,4.846999999999999,4.873999999999999,4.9849999999999985,5.126999999999999,5.145999999999999,5.175999999999999,5.286,5.428,5.447,5.485,5.597,5.739000000000001,5.784000000000001,5.916,5.948,5.997000000000001,6.2090000000000005,6.23,6.2540000000000004,6.365,6.4990000000000006,6.513000000000001,6.5440000000000005,6.655,6.79,6.813,6.835999999999999,6.956999999999999,6.993999999999999,7.030999999999999,7.067999999999999,7.110999999999999,7.144999999999999,7.184999999999999,7.220999999999998,7.257999999999998,7.294999999999998,7.332999999999998,7.382999999999998,7.463999999999999,7.512999999999999,7.553999999999999,7.5969999999999995,7.643,7.678999999999999,7.720999999999999,7.765999999999999,7.796999999999999,7.828999999999999,7.864999999999998,7.901999999999998,7.934999999999999,7.977999999999999,8.009999999999998,8.049999999999997,8.088999999999997,8.122999999999998,8.157999999999998,8.194999999999999,8.230999999999998,8.267999999999999,8.307999999999998,8.345999999999998,8.379999999999999,8.419999999999998,8.457999999999998,8.486999999999998,8.527999999999999,8.557999999999998,8.594999999999999,8.629,8.663],"fps":[21.660649819494584,21.660649819494584,13.181019332161688,13.181019332161688,13.181019332161688,13.181019332161688,13.181019332161688,13.181019332161688,13.181019332161688,13.181019332161688,13.181019332161688,13.181019332161688,13.181019332161688,13.181019332161688,13.181019332161688,13.181019332161688,13.986013986013987,13.986013986013987,13.986013986013987,13.986013986013987,13.986013986013987,13.986013986013987,13.986013986013987,13.986013986013987,13.986013986013987,13.986013986013987,13.986013986013987,13.986013986013987,13.986013986013987,13.986013986013987,13.474494706448509,13.474494706448509,13.474494706448509,13.474494706448509,13.474494706448509,13.474494706448509,13.474494706448509,13.474494706448509,13.474494706448509,13.474494706448509,13.474494706448509,13.474494706448509,13.474494706448509,12.048192771084338,12.048192771084338,12.048192771084338,12.048192771084338,12.048192771084338,12.048192771084338,12.048192771084338,12.048192771084338,12.048192771084338,12.048192771084338,12.048192771084338,12.048192771084338,12.048192771084338,12.048192771084338,12.048192771084338,12.048192771084338,12.048192771084338,12.048192771084338,12.048192771084338,18.664047151277014,18.664047151277014,18.664047151277014,18.664047151277014,18.664047151277014,18.664047151277014,18.664047151277014,18.664047151277014,18.664047151277014,18.664047151277014,18.664047151277014,18.664047151277014,18.664047151277014,18.664047151277014,18.664047151277014,18.664047151277014,18.664047151277014,18.664047151277014,18.664047151277014,18.664047151277014,18.664047151277014,18.664047151277014,18.664047151277014,18.664047151277014,18.664047151277014,18.664047151277014,25.048169556840076,25.048169556840076,25.048169556840076,25.048169556840076,25.048169556840076,25.048169556840076,25.048169556840076,25.048169556840076],"raf":[19,23,210,17,24,113,136,11,34,111,33,110,135,26,19,212,19,24,111,139,26,24,116,139,21,27,111,142,19,31,109,142,19,38,112,142,46,131,33,48,212,21,25,110,135,13,31,112,134,23,24,120,37,38,37,43,33,40,36,37,38,38,49,81,49,42,42,46,37,41,45,31,33,36,36,34,42,32,41,38,34,35,37,36,38,39,38,34,41,37,30,40,31,36,35,34]}