{"time":[3.0169999999999995,3.0769999999999995,3.1469999999999994,3.212999999999999,3.2799999999999994,3.3489999999999993,3.410999999999999,3.4739999999999993,3.5369999999999995,3.6019999999999994,3.6749999999999994,3.7339999999999995,3.7909999999999995,3.8539999999999996,3.9179999999999997,3.9839999999999995,4.047999999999999,4.106999999999999,4.172,4.245,4.304,4.367,9.027000000000001,9.048000000000002,9.099000000000002,9.176000000000002,9.239000000000003,9.281000000000002,9.342000000000002,9.400000000000002,9.462000000000002,9.518,9.578000000000001,9.635000000000002,9.698000000000002,9.756000000000002,9.815000000000001,9.878000000000002,9.941000000000003,10.001000000000003,10.191000000000003,10.215000000000002,10.263000000000002,10.325000000000001,10.388000000000002,10.451000000000002,10.514000000000003,10.573000000000002,10.635000000000002,10.694,10.754000000000001,10.816,10.883000000000001,10.948,11.005,11.067,11.129,11.19,11.253,11.317,11.38,11.442,11.507,11.571,11.632,11.693,11.751999999999999,11.813999999999998,11.875999999999998,11.939999999999998,12.003999999999998,12.064999999999998,12.127999999999998,12.190999999999999,12.248999999999999,12.312999999999999,12.373,12.437,12.501,12.562999999999999,12.626999999999999,12.69,12.748,12.815,12.869,12.932,12.995000000000001],"fps":[12.633624878522838,12.633624878522838,12.633624878522838,12.633624878522838,12.633624878522838,12.633624878522838,12.633624878522838,12.633624878522838,12.633624878522838,12.633624878522838,12.633624878522838,12.633624878522838,12.633624878522838,15.267175572519085,15.267175572519085,15.267175572519085,15.267175572519085,15.267175572519085,15.267175572519085,15.267175572519085,15.267175572519085,15.267175572519085,1.7398028223468007,1.7398028223468007,1.7398028223468007,1.7398028223468007,1.7398028223468007,1.7398028223468007,1.7398028223468007,1.7398028223468007,1.7398028223468007,1.7398028223468007,1.7398028223468007,1.7398028223468007,1.7398028223468007,1.7398028223468007,1.7398028223468007,1.7398028223468007,1.7398028223468007,1.7398028223468007,15.463917525773196,15.463917525773196,15.463917525773196,15.463917525773196,15.463917525773196,15.463917525773196,15.463917525773196,15.463917525773196,15.463917525773196,15.463917525773196,15.463917525773196,15.463917525773196,15.463917525773196,15.463917525773196,15.463917525773196,15.463917525773196,15.463917525773196,15.463917525773196,16.933207902163687,16.933207902163687,16.933207902163687,16.933207902163687,16.933207902163687,16.933207902163687,16.933207902163687,16.933207902163687,16.933207902163687,16.933207902163687,16.933207902163687,16.933207902163687,16.933207902163687,16.933207902163687,16.933207902163687,16.933207902163687,16.933207902163687,16.052880075542966,16.052880075542966,16.052880075542966,16.052880075542966,16.052880075542966,16.052880075542966,16.052880075542966,16.052880075542966,16.052880075542966,16.052880075542966,16.052880075542966,16.052880075542966],"raf":[19,60,69,67,66,69,62,64,63,64,73,60,56,63,65,65,64,60,64,74,58,63,4660,22,51,76,63,42,61,58,63,56,59,57,63,59,59,62,63,61,189,24,48,62,64,62,63,59,62,60,59,62,68,64,57,62,63,61,63,63,63,63,65,63,62,60,59,62,62,64,64,63,61,64,57,64,60,65,63,62,65,62,58,67,54,63,63]}