{"time":[3.007,3.0260000000000002,3.0620000000000003,3.096,3.232,3.2560000000000002,3.273,3.302,3.338,3.371,3.406,3.5380000000000003,3.556,3.58,3.612,3.644,3.676,3.709,3.743,3.876,3.889,3.9259999999999997,3.9599999999999995,3.9919999999999995,4.127,4.156,4.172,4.205,4.243,4.381,4.406000000000001,4.422000000000001,4.461,4.597,4.622000000000001,4.640000000000001,4.673000000000001,4.812000000000001,4.839000000000001,4.858000000000001,4.899000000000002,4.937000000000002,4.976000000000002,5.117000000000002,5.139000000000002,5.165000000000002,5.208000000000002,5.345000000000002,5.373000000000002,5.393000000000002,5.4300000000000015,5.473000000000002,5.513000000000002,5.556000000000002,5.697000000000002,5.722000000000002,5.740000000000002,5.782000000000002,5.8210000000000015,5.859000000000002,5.999000000000001,6.022000000000001,6.0390000000000015,6.073000000000001,6.208000000000001,6.222000000000001,6.2570000000000014,6.292000000000002,6.3290000000000015,6.469000000000001,6.489000000000001,6.509,6.547000000000001,6.579000000000001,6.720000000000001,6.739000000000001,6.758000000000001,6.793000000000001,6.821000000000001,6.857,6.889,7.021,7.039,7.0569999999999995,7.09,7.1209999999999996,7.148999999999999,7.2829999999999995,7.305,7.322,7.346,7.378,7.41,7.545,7.572,7.589,7.615,7.654,7.683,7.7139999999999995,7.744999999999999,7.773999999999999,7.909999999999999,7.921999999999999,7.947999999999999,7.978999999999998,8.008999999999999,8.041999999999998,8.072999999999999,8.107,8.161,8.189,8.206,8.237,8.269,8.303,8.336,8.371,8.404,8.443999999999999,8.472,8.522,8.539,8.577,8.607,8.645999999999999,8.681999999999999,8.713999999999999,8.754999999999999,8.781999999999998,8.817999999999998,8.854999999999999,8.892999999999999,8.921999999999999,8.959999999999999,8.995999999999999,9.025999999999998,9.062999999999999,9.097999999999999,9.132,9.163,9.192,9.229000000000001,9.263000000000002,9.298000000000002,9.325000000000001,9.363000000000001,9.393,9.429,9.465,9.501,9.53,9.565,9.6],"fps":[16.666666666666668,16.666666666666668,16.666666666666668,16.666666666666668,16.666666666666668,16.666666666666668,16.666666666666668,16.666666666666668,16.666666666666668,16.666666666666668,16.666666666666668,16.666666666666668,16.666666666666668,16.666666666666668,16.666666666666668,16.666666666666668,16.666666666666668,16.666666666666668,16.666666666666668,16.666666666666668,16.666666666666668,16.666666666666668,16.666666666666668,23.73887240356083,23.73887240356083,23.73887240356083,23.73887240356083,23.73887240356083,23.73887240356083,23.73887240356083,23.73887240356083,23.73887240356083,23.73887240356083,23.73887240356083,23.73887240356083,23.73887240356083,23.73887240356083,23.73887240356083,23.73887240356083,23.73887240356083,23.73887240356083,23.73887240356083,23.73887240356083,17.761989342806395,17.761989342806395,17.761989342806395,17.761989342806395,17.761989342806395,17.761989342806395,17.761989342806395,17.761989342806395,17.761989342806395,17.761989342806395,17.761989342806395,17.761989342806395,17.761989342806395,17.761989342806395,17.761989342806395,17.761989342806395,17.761989342806395,17.761989342806395,17.761989342806395,17.761989342806395,17.761989342806395,19.24839596700275,19.24839596700275,19.24839596700275,19.24839596700275,19.24839596700275,19.24839596700275,19.24839596700275,19.24839596700275,19.24839596700275,19.24839596700275,19.24839596700275,19.24839596700275,19.24839596700275,19.24839596700275,19.24839596700275,19.24839596700275,19.24839596700275,19.24839596700275,19.24839596700275,19.24839596700275,19.24839596700275,19.24839596700275,19.24839596700275,21.3953488372093,21.3953488372093,21.3953488372093,21.3953488372093,21.3953488372093,21.3953488372093,21.3953488372093,21.3953488372093,21.3953488372093,21.3953488372093,21.3953488372093,21.3953488372093,21.3953488372093,21.3953488372093,21.3953488372093,21.3953488372093,21.3953488372093,21.3953488372093,21.3953488372093,21.3953488372093,21.3953488372093,21.3953488372093,21.3953488372093,21.3953488372093,21.3953488372093,21.3953488372093,21.3953488372093,21.3953488372093,27.45098039215686,27.45098039215686,27.45098039215686,27.45098039215686,27.45098039215686,27.45098039215686,27.45098039215686,27.45098039215686,27.45098039215686,27.45098039215686,27.45098039215686,27.45098039215686,27.45098039215686,27.45098039215686,27.45098039215686,27.45098039215686,27.45098039215686,27.45098039215686,27.45098039215686,27.45098039215686,27.45098039215686,27.45098039215686,27.45098039215686,27.45098039215686,27.45098039215686,27.45098039215686,27.45098039215686,27.45098039215686,27.45098039215686,27.45098039215686,29.382957884427032,29.382957884427032,29.382957884427032,29.382957884427032,29.382957884427032,29.382957884427032,29.382957884427032,29.382957884427032,29.382957884427032],"raf":[26,19,36,35,135,24,17,29,37,33,34,132,18,24,33,32,31,33,34,134,12,37,35,31,136,29,16,32,38,138,25,16,39,136,25,18,33,140,26,19,41,38,39,142,21,26,44,137,27,20,37,43,40,43,141,25,18,42,41,37,139,23,17,34,136,14,35,34,37,140,20,20,38,32,141,19,20,34,28,37,32,131,18,19,33,31,28,134,21,18,23,32,32,135,27,17,27,38,29,31,31,29,136,12,26,31,30,34,31,33,54,28,17,32,32,34,32,35,34,40,27,50,17,39,29,40,35,33,40,27,37,36,38,31,36,37,29,37,35,34,32,28,38,34,34,27,38,30,36,37,35,29,36,34]}