{"time":[5.744,7.378,7.402,7.4350000000000005,7.458,7.479,7.508,7.625,7.653,7.691,7.728,7.771,7.824,7.872,7.921,7.9670000000000005,8.014000000000001,8.299000000000001,8.329,8.351,8.389000000000001,8.433000000000002,8.473,8.512,8.553,8.618,8.646,8.664000000000001,8.703000000000001,8.740000000000002,8.780000000000001,8.818000000000001,8.856000000000002,8.937000000000001,8.962000000000002,8.985000000000001,9.027000000000001,9.07,9.11,9.149999999999999,9.185999999999998,9.229999999999999,9.318999999999999,9.344999999999999,9.45,9.488,9.529,9.571,9.610999999999999,9.652999999999999,9.697999999999999,9.741999999999999,9.783999999999999,9.826999999999998,9.867999999999999,9.910999999999998,9.955999999999998,9.995999999999997,10.036999999999997,10.078999999999997,10.121999999999996,10.162999999999997,10.201999999999996,10.240999999999996,10.280999999999995,10.328999999999995,10.359999999999996,10.398999999999996,10.433999999999996,10.476999999999995,10.520999999999995,10.559999999999995,10.604999999999995,10.647999999999994,10.687999999999994,10.731999999999994,10.769999999999994,10.808999999999994,10.851999999999993,10.890999999999993,10.932999999999993,10.969999999999994,11.010999999999994,11.049999999999994,11.089999999999993,11.128999999999992,11.171999999999992,11.215999999999992,11.251999999999992,11.300999999999991,11.34399999999999,11.39999999999999,11.43499999999999,11.50199999999999,11.53999999999999,11.61699999999999,11.65699999999999,11.744999999999989,11.782999999999989,11.88099999999999,11.913999999999989,12.02799999999999,12.07799999999999,12.10299999999999,12.216999999999992,12.351999999999991,12.377999999999991,12.396999999999991,12.588999999999992,12.611999999999991,12.639999999999992,12.752999999999991,12.889999999999992,12.910999999999992,12.935999999999993],"fps":[0.8471704506946798,0.612369871402327,0.612369871402327,0.612369871402327,0.612369871402327,0.612369871402327,0.612369871402327,0.612369871402327,0.612369871402327,0.612369871402327,0.612369871402327,0.612369871402327,0.612369871402327,0.612369871402327,0.612369871402327,0.612369871402327,0.612369871402327,0.612369871402327,0.612369871402327,0.612369871402327,18.793273986152325,18.793273986152325,18.793273986152325,18.793273986152325,18.793273986152325,18.793273986152325,18.793273986152325,18.793273986152325,18.793273986152325,18.793273986152325,18.793273986152325,18.793273986152325,18.793273986152325,18.793273986152325,18.793273986152325,18.793273986152325,18.793273986152325,18.793273986152325,18.793273986152325,18.793273986152325,18.793273986152325,18.793273986152325,18.793273986152325,18.793273986152325,22.620169651272384,22.620169651272384,22.620169651272384,22.620169651272384,22.620169651272384,22.620169651272384,22.620169651272384,22.620169651272384,22.620169651272384,22.620169651272384,22.620169651272384,22.620169651272384,22.620169651272384,22.620169651272384,22.620169651272384,22.620169651272384,22.620169651272384,22.620169651272384,22.620169651272384,22.620169651272384,22.620169651272384,22.620169651272384,22.620169651272384,22.620169651272384,22.620169651272384,24.342745861733203,24.342745861733203,24.342745861733203,24.342745861733203,24.342745861733203,24.342745861733203,24.342745861733203,24.342745861733203,24.342745861733203,24.342745861733203,24.342745861733203,24.342745861733203,24.342745861733203,24.342745861733203,24.342745861733203,24.342745861733203,24.342745861733203,24.342745861733203,24.342745861733203,24.342745861733203,24.342745861733203,24.342745861733203,24.342745861733203,24.342745861733203,23.414634146341463,23.414634146341463,23.414634146341463,23.414634146341463,23.414634146341463,23.414634146341463,23.414634146341463,23.414634146341463,23.414634146341463,23.414634146341463,23.414634146341463,23.414634146341463,23.414634146341463,23.414634146341463,23.414634146341463,13.799448022079117,13.799448022079117,13.799448022079117,13.799448022079117,13.799448022079117,13.799448022079117,13.799448022079117],"raf":[5745,1633,24,34,22,21,29,117,29,38,37,42,53,48,49,46,48,284,30,22,38,44,40,39,42,64,28,18,40,37,39,39,37,81,26,22,42,43,41,39,36,44,89,26,105,38,41,42,40,42,46,43,42,44,40,43,45,40,41,42,43,41,39,39,40,48,31,40,34,43,44,39,45,43,40,44,40,37,43,39,42,38,40,39,41,38,43,44,36,50,42,57,35,66,39,76,40,88,38,98,34,114,49,25,114,135,27,18,192,23,28,114,136,22,24]}