{"time":[3.0289999999999995,3.0749999999999993,3.1229999999999993,3.1799999999999993,3.248999999999999,3.310999999999999,3.361999999999999,3.418999999999999,3.474999999999999,3.5229999999999992,3.5699999999999994,3.6139999999999994,3.6619999999999995,3.7109999999999994,3.7559999999999993,3.8049999999999993,3.8479999999999994,3.8939999999999992,3.9419999999999993,3.9899999999999993,4.045999999999999,4.092999999999999,4.138999999999999,4.188,4.231999999999999,4.278999999999999,4.326999999999999,4.377999999999999,4.424999999999999,4.471999999999999,4.517999999999999,4.565999999999999,4.6099999999999985,4.657999999999999,4.705999999999999,4.753999999999999,4.802999999999999,4.846999999999999,4.898999999999998,4.947999999999999,4.994999999999998,5.042999999999998,5.096999999999999,5.1389999999999985,5.187999999999999,5.240999999999999,5.290999999999999,5.3359999999999985,5.3809999999999985,5.431999999999999,5.479999999999999,5.525999999999999,5.573999999999999,5.619999999999999,5.674999999999999,5.7349999999999985,5.783999999999999,5.833999999999999,5.881999999999999,5.934999999999999,5.982999999999999,6.043999999999999,6.088999999999999,6.139999999999999,6.1869999999999985,6.237999999999999,6.300999999999998,6.3599999999999985,6.406999999999998,6.454999999999998,6.500999999999999,6.5699999999999985,6.627999999999998,6.6709999999999985,6.7189999999999985,6.7799999999999985,6.8439999999999985,6.887999999999998,6.933999999999998,6.983999999999998,7.031999999999998,7.095999999999998,7.143999999999998,7.187999999999998,7.235999999999998,7.299999999999998,7.375999999999998,7.4179999999999975,7.467999999999997,7.549999999999997,7.597999999999997,7.687999999999997,7.795999999999997,7.836999999999997,7.884999999999997,8.086999999999998,8.166999999999998,8.209999999999997,8.256999999999998,8.306999999999999,8.451999999999998,8.500999999999998,8.754999999999997,8.897999999999998,8.935999999999998,8.976999999999999,9.123999999999999,9.368999999999998,9.514999999999999,9.556999999999999,9.600999999999999,9.651,9.903,9.961,10.002,10.153,10.301,10.451,10.501000000000001,10.654000000000002,10.71,10.75,10.795,11.042,11.185,11.226,11.272,11.318,11.57,11.715,11.754,11.799,11.847,11.995999999999999,12.139,12.222999999999999,12.267,12.321,12.376999999999999,12.432999999999998,12.482999999999999,12.534999999999998,12.583999999999998],"fps":[20.97902097902098,20.97902097902098,20.97902097902098,20.97902097902098,20.97902097902098,20.97902097902098,20.97902097902098,20.97902097902098,20.97902097902098,20.97902097902098,20.97902097902098,20.97902097902098,20.97902097902098,20.97902097902098,20.97902097902098,20.97902097902098,19.607843137254903,19.607843137254903,19.607843137254903,19.607843137254903,19.607843137254903,19.607843137254903,19.607843137254903,19.607843137254903,19.607843137254903,19.607843137254903,19.607843137254903,19.607843137254903,19.607843137254903,19.607843137254903,19.607843137254903,19.607843137254903,19.607843137254903,19.607843137254903,19.607843137254903,19.607843137254903,19.607843137254903,19.607843137254903,20.91254752851711,20.91254752851711,20.91254752851711,20.91254752851711,20.91254752851711,20.91254752851711,20.91254752851711,20.91254752851711,20.91254752851711,20.91254752851711,20.91254752851711,20.91254752851711,20.91254752851711,20.91254752851711,20.91254752851711,20.91254752851711,20.91254752851711,20.91254752851711,20.91254752851711,20.91254752851711,20.91254752851711,20.28985507246377,20.28985507246377,20.28985507246377,20.28985507246377,20.28985507246377,20.28985507246377,20.28985507246377,20.28985507246377,20.28985507246377,20.28985507246377,20.28985507246377,20.28985507246377,20.28985507246377,20.28985507246377,20.28985507246377,20.28985507246377,20.28985507246377,20.28985507246377,20.28985507246377,20.28985507246377,19.065776930409914,19.065776930409914,19.065776930409914,19.065776930409914,19.065776930409914,19.065776930409914,19.065776930409914,19.065776930409914,19.065776930409914,19.065776930409914,19.065776930409914,19.065776930409914,19.065776930409914,19.065776930409914,19.065776930409914,19.065776930409914,14.505893019038984,14.505893019038984,14.505893019038984,14.505893019038984,14.505893019038984,14.505893019038984,14.505893019038984,14.505893019038984,14.505893019038984,14.505893019038984,14.505893019038984,10.607521697203472,10.607521697203472,10.607521697203472,10.607521697203472,10.607521697203472,10.607521697203472,10.607521697203472,10.607521697203472,10.607521697203472,8.746355685131196,8.746355685131196,8.746355685131196,8.746355685131196,8.746355685131196,8.746355685131196,8.746355685131196,8.746355685131196,8.746355685131196,8.712487899322362,8.712487899322362,8.712487899322362,8.712487899322362,8.712487899322362,8.712487899322362,8.712487899322362,8.712487899322362,8.712487899322362,8.712487899322362,8.712487899322362,10.607521697203472,10.607521697203472,10.607521697203472,10.607521697203472,10.607521697203472,10.607521697203472,10.607521697203472,10.607521697203472],"raf":[60,46,48,57,69,63,51,56,57,47,48,43,48,49,45,49,43,47,48,47,57,46,46,49,45,46,49,50,48,46,46,48,45,47,48,49,48,45,52,49,47,47,54,42,49,52,50,46,45,50,48,48,46,46,56,60,48,51,48,52,48,61,45,50,48,51,62,60,46,48,46,69,59,42,49,61,63,44,47,49,48,65,47,45,47,64,76,42,50,82,48,90,108,42,47,202,81,43,46,50,146,48,254,143,38,42,146,245,146,43,43,50,253,57,41,151,149,149,50,153,56,41,44,247,144,40,47,46,252,144,39,46,47,149,143,84,45,53,56,56,51,51,49]}