{"time":[6.053000000000001,6.069000000000001,6.104000000000001,6.154000000000001,6.198,6.2410000000000005,6.2780000000000005,6.319000000000001,6.354000000000001,6.393000000000001,6.425000000000001,6.454000000000001,6.488,6.519,6.546,6.5760000000000005,6.602,6.636,6.675,6.702999999999999,6.718999999999999,6.746999999999999,6.776999999999999,6.821999999999999,6.851999999999999,6.867999999999999,6.898999999999999,6.926999999999999,6.971999999999999,7.001999999999999,7.022999999999999,7.0539999999999985,7.086999999999999,7.127999999999999,7.151999999999999,7.183999999999999,7.217,7.252999999999999,7.289999999999999,7.318999999999999,7.346999999999999,7.374999999999998,7.4209999999999985,7.451999999999998,7.473999999999998,7.503999999999999,7.535999999999999,7.581999999999999,7.6019999999999985,7.636999999999999,7.668999999999999,7.716999999999999,7.740999999999999,7.778999999999999,7.805999999999999,7.848999999999999,7.8709999999999996,7.8999999999999995,7.935,7.968,8.002,8.052000000000001,8.068000000000001,8.106000000000002,8.134000000000002,8.171000000000003,8.204000000000002,8.263000000000002,8.285000000000002,8.304000000000002,8.354000000000003,8.423000000000004,8.436000000000003,8.461000000000004,8.521000000000004,8.552000000000005,8.645000000000005,8.668000000000005,8.685000000000004,8.767000000000005,8.800000000000004,8.832000000000004,8.928000000000004,8.959000000000005,9.041000000000006,9.072000000000006,9.104000000000006,9.315000000000007,9.335000000000006,9.352000000000006,9.463000000000006,9.487000000000005,9.617000000000006,9.635000000000007,9.652000000000006,9.764000000000006,9.793000000000006,9.822000000000006,9.936000000000007,10.060000000000008,10.086000000000007,10.107000000000008,10.219000000000008,10.346000000000009,10.36800000000001,10.38700000000001,10.59800000000001,10.61900000000001,10.63600000000001,10.84700000000001,10.86900000000001,10.88500000000001,11.09800000000001,11.11900000000001,11.13900000000001,11.35100000000001,11.36900000000001,11.39100000000001,11.502000000000011,11.635000000000012,11.651000000000012,11.671000000000012,11.883000000000012,11.902000000000012,11.925000000000011,12.037000000000011,12.069000000000011,12.200000000000012,12.218000000000012,12.247000000000012,12.466000000000012,12.485000000000012,12.514000000000012,12.627000000000011,12.762000000000011,12.78500000000001,12.810000000000011,12.921000000000012,12.954000000000011],"fps":[2.243409983174425,2.243409983174425,2.243409983174425,2.243409983174425,2.243409983174425,2.243409983174425,2.243409983174425,2.243409983174425,2.243409983174425,2.243409983174425,2.243409983174425,2.243409983174425,2.243409983174425,2.243409983174425,2.243409983174425,2.243409983174425,2.243409983174425,2.243409983174425,2.243409983174425,2.243409983174425,2.243409983174425,2.243409983174425,2.243409983174425,2.243409983174425,2.243409983174425,2.243409983174425,2.243409983174425,2.243409983174425,2.243409983174425,2.243409983174425,2.243409983174425,30.969030969030968,30.969030969030968,30.969030969030968,30.969030969030968,30.969030969030968,30.969030969030968,30.969030969030968,30.969030969030968,30.969030969030968,30.969030969030968,30.969030969030968,30.969030969030968,30.969030969030968,30.969030969030968,30.969030969030968,30.969030969030968,30.969030969030968,30.969030969030968,30.969030969030968,30.969030969030968,30.969030969030968,30.969030969030968,30.969030969030968,30.969030969030968,30.969030969030968,30.969030969030968,30.969030969030968,30.969030969030968,30.969030969030968,30.969030969030968,30.969030969030968,30.57199211045365,30.57199211045365,30.57199211045365,30.57199211045365,30.57199211045365,30.57199211045365,30.57199211045365,30.57199211045365,30.57199211045365,30.57199211045365,30.57199211045365,30.57199211045365,30.57199211045365,30.57199211045365,30.57199211045365,30.57199211045365,30.57199211045365,30.57199211045365,30.57199211045365,30.57199211045365,30.57199211045365,30.57199211045365,30.57199211045365,22.885572139303484,22.885572139303484,22.885572139303484,22.885572139303484,22.885572139303484,22.885572139303484,22.885572139303484,22.885572139303484,22.885572139303484,22.885572139303484,22.885572139303484,22.885572139303484,22.885572139303484,22.885572139303484,22.885572139303484,14.807502467917079,14.807502467917079,14.807502467917079,14.807502467917079,14.807502467917079,14.807502467917079,14.807502467917079,14.807502467917079,14.807502467917079,14.807502467917079,14.807502467917079,14.807502467917079,11.846001974333662,11.846001974333662,11.846001974333662,11.846001974333662,11.846001974333662,11.846001974333662,11.846001974333662,11.846001974333662,11.846001974333662,11.846001974333662,11.846001974333662,11.846001974333662,11.846001974333662,11.846001974333662,11.846001974333662,13.623978201634877,13.623978201634877,13.623978201634877,13.623978201634877,13.623978201634877,13.623978201634877,13.623978201634877,13.623978201634877,13.623978201634877,13.623978201634877,13.623978201634877,13.623978201634877],"raf":[5081,16,35,50,44,44,36,42,35,38,33,28,34,31,27,30,26,34,40,27,16,28,31,45,29,17,30,28,46,30,20,31,34,40,24,32,33,36,37,29,29,27,46,31,22,31,31,46,21,35,32,47,24,38,27,44,21,29,35,33,34,50,16,38,28,37,33,59,23,19,49,69,13,25,60,32,92,23,17,83,32,32,96,31,83,31,31,211,20,17,112,23,130,18,17,112,29,30,113,124,26,22,111,127,22,19,211,21,17,212,21,17,213,20,20,213,17,22,111,133,16,21,211,19,24,111,33,130,18,30,218,19,29,113,136,22,25,111,33]}