{"time":[3.023,3.089,3.154,3.2199999999999998,3.283,3.444,3.4659999999999997,3.517,3.584,3.65,3.814,3.833,3.887,3.951,4.016,4.179,4.199,4.2509999999999994,4.316999999999999,4.4799999999999995,4.499999999999999,4.5569999999999995,4.622999999999999,4.791999999999999,4.815999999999999,4.862999999999999,4.925999999999998,5.092999999999998,5.114999999999998,5.163999999999999,5.227999999999999,5.291999999999999,5.356999999999999,5.422,5.484999999999999,5.55,5.715,5.732,5.785,5.945,5.966,6.016,6.177,6.199,6.248,6.309,6.373,6.436,6.501,6.6610000000000005,6.682,6.7330000000000005,6.8950000000000005,6.915,6.965,7.026,7.092,7.156,7.217,7.2829999999999995,7.443999999999999,7.465999999999999,7.5169999999999995,7.678999999999999,7.698999999999999,7.749999999999999,7.912999999999999,7.9319999999999995,7.981,8.045,8.111,8.175,8.239,8.302000000000001,8.367,8.529000000000002,8.549000000000001,8.600000000000001,8.764000000000001,8.782000000000002,8.831000000000001,8.893,8.959000000000001,9.024000000000001,9.086,9.247,9.265,9.315000000000001,9.38,9.445,9.509,9.573,9.632,9.793,9.815,9.863999999999999,9.927999999999999,9.991,10.054,10.118,10.182,10.34,10.365,10.412,10.476,10.540000000000001,10.604000000000001,10.665000000000001,10.824000000000002,10.848,10.895000000000001,10.959000000000001,11.024000000000001,11.087000000000002,11.149000000000001,11.315000000000001,11.331000000000001,11.389000000000001,11.453000000000001,11.612000000000002,11.631000000000002,11.686000000000002,11.748000000000001,11.914000000000001,11.931000000000001,11.983,12.145000000000001,12.165000000000001,12.212000000000002,12.277000000000001,12.337000000000002,12.399000000000001,12.56,12.582,12.63,12.693000000000001,12.756000000000002,12.817000000000002,12.981000000000002,12.998000000000001],"fps":[3.7313432835820897,3.7313432835820897,3.7313432835820897,3.7313432835820897,13.195098963242224,13.195098963242224,13.195098963242224,13.195098963242224,13.195098963242224,13.195098963242224,13.195098963242224,13.195098963242224,13.195098963242224,13.195098963242224,13.195098963242224,13.195098963242224,13.195098963242224,13.195098963242224,13.539651837524177,13.539651837524177,13.539651837524177,13.539651837524177,13.539651837524177,13.539651837524177,13.539651837524177,13.539651837524177,13.539651837524177,13.539651837524177,13.539651837524177,13.539651837524177,13.539651837524177,13.539651837524177,13.474494706448509,13.474494706448509,13.474494706448509,13.474494706448509,13.474494706448509,13.474494706448509,13.474494706448509,13.474494706448509,13.474494706448509,13.474494706448509,13.474494706448509,13.474494706448509,13.474494706448509,13.474494706448509,13.779527559055119,13.779527559055119,13.779527559055119,13.779527559055119,13.779527559055119,13.779527559055119,13.779527559055119,13.779527559055119,13.779527559055119,13.779527559055119,13.779527559055119,13.779527559055119,13.779527559055119,13.779527559055119,13.059701492537313,13.059701492537313,13.059701492537313,13.059701492537313,13.059701492537313,13.059701492537313,13.059701492537313,13.059701492537313,13.059701492537313,13.059701492537313,13.059701492537313,13.059701492537313,13.059701492537313,13.059701492537313,13.059701492537313,13.837638376383763,13.837638376383763,13.837638376383763,13.837638376383763,13.837638376383763,13.837638376383763,13.837638376383763,13.837638376383763,13.837638376383763,13.837638376383763,13.837638376383763,13.837638376383763,13.837638376383763,13.837638376383763,13.837638376383763,13.837638376383763,15.311004784688995,15.311004784688995,15.311004784688995,15.311004784688995,15.311004784688995,15.311004784688995,15.311004784688995,15.311004784688995,15.311004784688995,15.311004784688995,15.311004784688995,15.311004784688995,15.311004784688995,15.311004784688995,15.311004784688995,14.563106796116505,14.563106796116505,14.563106796116505,14.563106796116505,14.563106796116505,14.563106796116505,14.563106796116505,14.563106796116505,14.563106796116505,14.563106796116505,14.563106796116505,14.563106796116505,14.563106796116505,12.88404360753221,12.88404360753221,12.88404360753221,12.88404360753221,12.88404360753221,12.88404360753221,12.88404360753221,12.88404360753221,12.88404360753221,12.88404360753221,12.88404360753221,12.88404360753221,12.88404360753221,12.88404360753221,12.88404360753221,14.749262536873156,14.749262536873156,14.749262536873156,14.749262536873156,14.749262536873156,14.749262536873156],"raf":[67,65,65,66,64,160,23,50,67,67,163,19,55,63,66,162,20,53,66,163,19,58,65,169,24,49,62,167,22,49,63,64,65,65,63,65,166,16,53,161,20,50,161,22,50,60,64,64,64,161,20,51,163,20,49,62,66,63,61,67,161,21,51,162,21,50,163,19,50,63,66,64,65,63,65,161,20,52,163,18,49,62,66,64,62,161,18,50,66,64,64,65,60,160,21,49,64,63,64,63,65,157,25,47,65,64,63,61,159,24,47,64,66,62,62,166,17,58,63,160,19,55,61,167,16,53,161,20,48,64,61,62,160,22,48,64,63,61,163,17]}