{"time":[3.018999999999999,3.153999999999999,3.165999999999999,3.188999999999999,3.221999999999999,3.2529999999999992,3.3819999999999992,3.398999999999999,3.420999999999999,3.448999999999999,3.481999999999999,3.6159999999999988,3.631999999999999,3.654999999999999,3.686999999999999,3.741999999999999,3.7649999999999992,3.789999999999999,3.821999999999999,3.8529999999999993,3.8849999999999993,3.9209999999999994,3.9479999999999995,3.9839999999999995,4.021999999999999,4.065999999999999,4.082999999999999,4.119999999999999,4.148999999999999,4.186999999999999,4.22,4.253,4.281,4.314,4.351,4.382,4.409999999999999,4.443,4.473,4.503,4.533,4.563000000000001,4.595000000000001,4.625000000000001,4.655000000000001,4.685000000000001,4.721000000000001,4.746000000000001,4.777000000000001,4.808000000000001,4.837000000000001,4.869000000000001,4.899000000000001,4.932000000000001,4.966000000000001,4.999000000000001,9.691000000000003,9.715000000000002,9.732000000000001,9.760000000000002,9.791000000000002,9.818000000000001,9.846000000000002,9.883000000000003,9.914000000000003,9.943000000000003,9.974000000000004,9.999000000000004,10.032000000000004,10.068000000000003,10.098000000000003,10.120000000000003,10.149000000000003,10.181000000000003,10.211000000000002,10.240000000000002,10.272000000000002,10.298000000000002,10.336000000000002,10.365000000000002,10.391000000000002,10.419000000000002,10.456000000000003,10.482000000000003,10.511000000000003,10.542000000000003,10.572000000000003,10.600000000000003,10.632000000000003,10.665000000000003,10.692000000000002,10.723000000000003,10.753000000000002,10.781000000000002,10.815000000000003,10.844000000000003,10.871000000000002,10.904000000000002,10.935000000000002,11.108000000000002,11.131000000000002,11.148000000000001,11.178,11.21,11.242,11.276000000000002,11.302000000000001,11.337000000000002,11.369000000000002,11.401000000000002,11.429000000000002,11.462000000000002,11.492,11.519,11.553,11.582,11.609,11.643,11.675,11.704,11.74,11.77,11.796999999999999,11.831,11.863999999999999,11.893999999999998,11.920999999999998,11.954999999999998,11.980999999999998,12.018999999999998,12.051999999999998,12.082999999999998,12.110999999999999,12.148,12.181,12.213,12.248,12.279,12.313,12.346,12.378,12.412,12.450000000000001,12.482000000000001,12.511000000000001,12.544,12.575000000000001,12.604000000000001,12.637,12.668000000000001,12.697000000000001,12.732000000000001,12.764000000000001,12.797,12.83,12.866,12.898,12.936,12.962,12.997],"fps":[24.15026833631485,24.15026833631485,24.15026833631485,24.15026833631485,24.15026833631485,24.15026833631485,24.15026833631485,24.15026833631485,24.15026833631485,24.15026833631485,24.15026833631485,24.15026833631485,24.15026833631485,24.15026833631485,24.15026833631485,24.15026833631485,24.15026833631485,24.15026833631485,24.15026833631485,24.15026833631485,25.390625,25.390625,25.390625,25.390625,25.390625,25.390625,25.390625,25.390625,25.390625,25.390625,25.390625,25.390625,25.390625,25.390625,25.390625,25.390625,25.390625,25.390625,25.390625,25.390625,25.390625,25.390625,25.390625,25.390625,25.390625,25.390625,25.390625,25.390625,25.390625,25.390625,25.390625,25.390625,31.558185404339252,31.558185404339252,31.558185404339252,31.558185404339252,0.8347245409015025,0.8347245409015025,0.8347245409015025,0.8347245409015025,0.8347245409015025,0.8347245409015025,0.8347245409015025,0.8347245409015025,0.8347245409015025,0.8347245409015025,0.8347245409015025,0.8347245409015025,0.8347245409015025,0.8347245409015025,0.8347245409015025,0.8347245409015025,0.8347245409015025,0.8347245409015025,0.8347245409015025,0.8347245409015025,0.8347245409015025,0.8347245409015025,0.8347245409015025,0.8347245409015025,0.8347245409015025,0.8347245409015025,0.8347245409015025,0.8347245409015025,0.8347245409015025,0.8347245409015025,0.8347245409015025,0.8347245409015025,0.8347245409015025,0.8347245409015025,33.96603396603397,33.96603396603397,33.96603396603397,33.96603396603397,33.96603396603397,33.96603396603397,33.96603396603397,33.96603396603397,33.96603396603397,33.96603396603397,33.96603396603397,33.96603396603397,33.96603396603397,33.96603396603397,33.96603396603397,33.96603396603397,33.96603396603397,33.96603396603397,33.96603396603397,33.96603396603397,33.96603396603397,33.96603396603397,33.96603396603397,33.96603396603397,33.96603396603397,33.96603396603397,33.96603396603397,33.96603396603397,33.96603396603397,28.656126482213438,28.656126482213438,28.656126482213438,28.656126482213438,28.656126482213438,28.656126482213438,28.656126482213438,28.656126482213438,28.656126482213438,28.656126482213438,28.656126482213438,28.656126482213438,28.656126482213438,28.656126482213438,28.656126482213438,28.656126482213438,28.656126482213438,28.656126482213438,28.656126482213438,28.656126482213438,28.656126482213438,28.656126482213438,28.656126482213438,28.656126482213438,28.656126482213438,28.656126482213438,28.656126482213438,28.656126482213438,28.656126482213438,28.656126482213438,28.656126482213438,28.656126482213438,31.1284046692607,31.1284046692607,31.1284046692607,31.1284046692607,31.1284046692607,31.1284046692607,31.1284046692607,31.1284046692607,31.1284046692607],"raf":[29,134,12,23,33,31,130,16,22,29,33,133,17,23,31,55,24,24,33,30,32,37,27,35,38,44,18,36,29,38,34,33,27,34,37,31,27,33,30,30,30,31,31,31,29,30,37,24,31,31,30,31,30,34,33,34,4691,24,17,28,31,28,28,36,31,29,32,24,33,36,30,22,30,31,31,28,33,25,39,28,26,28,37,26,30,30,30,28,32,33,27,32,30,27,34,29,27,33,32,172,23,17,30,33,31,34,26,35,33,32,28,32,31,27,34,29,27,33,32,29,36,31,27,33,34,29,28,33,27,37,33,32,27,38,32,33,34,31,34,34,32,34,38,31,30,32,31,29,33,31,29,35,33,32,33,37,32,38,25,35]}