{"time":[3.1969999999999996,3.2149999999999994,3.2729999999999992,3.3859999999999992,3.5549999999999993,3.5819999999999994,3.6299999999999994,3.7429999999999994,3.8059999999999996,3.9189999999999996,4.076,4.098,4.147,4.260000000000001,4.319000000000001,4.434000000000001,4.499000000000001,4.7120000000000015,4.732000000000001,4.783000000000001,4.997000000000002,5.0150000000000015,5.066000000000002,5.181000000000002,5.291000000000002,5.315000000000002,5.371000000000002,5.444000000000003,5.5100000000000025,5.575000000000003,5.646000000000003,5.704000000000002,5.770000000000002,5.8320000000000025,5.897000000000003,5.958000000000003,6.022000000000003,6.087000000000003,6.150000000000003,6.221000000000003,6.282000000000003,6.333000000000003,6.396000000000003,6.460000000000003,6.522000000000003,6.585000000000003,6.648000000000002,6.713000000000003,6.769000000000003,6.834000000000003,6.897000000000003,6.954000000000003,7.014000000000003,11.366000000000003,11.381000000000004,11.446000000000003,11.499000000000004,11.558000000000003,11.621000000000004,11.683000000000003,11.739000000000003,11.796000000000003,11.853000000000003,11.913000000000004,11.973000000000004,12.033000000000005,12.096000000000005,12.158000000000005,12.223000000000004,12.284000000000004,12.351000000000004,12.417000000000005,12.465000000000005,12.528000000000006,12.589000000000006,12.648000000000005,12.868000000000006,12.897000000000006,12.935000000000006,12.997000000000005],"fps":[8.211678832116789,8.211678832116789,8.211678832116789,8.211678832116789,8.211678832116789,8.211678832116789,8.211678832116789,8.211678832116789,8.211678832116789,8.211678832116789,8.211678832116789,8.211678832116789,8.211678832116789,12.24105461393597,12.24105461393597,12.24105461393597,12.24105461393597,12.24105461393597,12.24105461393597,12.24105461393597,12.24105461393597,12.24105461393597,12.24105461393597,12.24105461393597,10.66925315227934,10.66925315227934,10.66925315227934,10.66925315227934,10.66925315227934,10.66925315227934,10.66925315227934,10.66925315227934,10.66925315227934,10.66925315227934,10.66925315227934,10.66925315227934,10.66925315227934,10.66925315227934,10.66925315227934,10.66925315227934,10.66925315227934,16.299137104506233,16.299137104506233,16.299137104506233,16.299137104506233,16.299137104506233,16.299137104506233,16.299137104506233,16.299137104506233,16.299137104506233,16.299137104506233,16.299137104506233,16.299137104506233,2.384737678855326,2.384737678855326,2.384737678855326,2.384737678855326,2.384737678855326,2.384737678855326,2.384737678855326,2.384737678855326,2.384737678855326,2.384737678855326,2.384737678855326,2.384737678855326,2.384737678855326,2.384737678855326,2.384737678855326,2.384737678855326,2.384737678855326,2.384737678855326,17.12654614652712,17.12654614652712,17.12654614652712,17.12654614652712,17.12654614652712,17.12654614652712,17.12654614652712,17.12654614652712,17.12654614652712],"raf":[213,17,58,114,167,27,48,113,63,113,157,22,49,113,60,114,66,213,19,51,214,18,51,115,110,24,56,74,65,65,72,58,66,61,65,61,64,65,63,71,62,51,63,63,62,64,63,64,56,65,63,57,60,4352,15,65,53,59,63,62,56,57,58,59,60,60,63,62,65,61,67,66,49,62,61,60,219,29,38,62]}