{"time":[3.6359999999999992,3.708999999999999,3.7679999999999993,3.8279999999999994,3.8909999999999996,3.9659999999999997,4.043,4.12,4.205,4.276,4.367,4.443,4.52,4.614,4.686,4.751,4.817,4.916,5,5.084,5.154999999999999,5.230999999999999,5.307999999999999,5.389999999999999,5.4849999999999985,5.547999999999998,5.668999999999999,5.757999999999999,5.839999999999999,5.921999999999999,5.996999999999999,6.069999999999999,6.153,6.231999999999999,6.313,6.3919999999999995,6.467,6.542999999999999,6.608,7.156,7.321,7.385,7.467,7.542,7.624,7.699999999999999,7.807999999999999,7.902999999999999,7.975999999999999,8.046999999999999,8.149,8.232999999999999,8.315999999999999,8.414,8.481,8.568,8.633,8.713,8.790999999999999,8.876999999999999,8.963,9.034999999999998,9.114999999999998,9.181999999999999,9.272999999999998,9.353999999999997,9.439999999999998,9.524999999999999,9.599999999999998,9.670999999999998,9.759999999999998,9.856999999999998,9.935999999999998,10.025999999999998,10.100999999999997,10.181999999999997,10.262999999999996,10.362999999999996,10.432999999999996,10.511999999999997,10.582999999999997,10.671999999999997,10.765999999999996,10.831999999999997,10.924999999999997,11.010999999999997,11.096999999999998,11.195999999999998,11.272999999999998,11.351999999999999,11.421999999999999,11.504,11.584,11.67,11.747,11.834,11.94,12.036999999999999,12.136,12.216999999999999,12.296999999999999,12.389999999999999,12.469,12.565999999999999,12.646999999999998,12.742999999999999,12.819999999999999,12.935999999999998],"fps":[5.124450951683748,5.124450951683748,5.124450951683748,5.124450951683748,5.124450951683748,5.124450951683748,5.124450951683748,5.124450951683748,5.124450951683748,5.124450951683748,5.124450951683748,5.124450951683748,5.124450951683748,5.124450951683748,13.333333333333334,13.333333333333334,13.333333333333334,13.333333333333334,13.333333333333334,13.333333333333334,13.333333333333334,13.333333333333334,13.333333333333334,13.333333333333334,13.333333333333334,13.333333333333334,13.333333333333334,12.138188608776844,12.138188608776844,12.138188608776844,12.138188608776844,12.138188608776844,12.138188608776844,12.138188608776844,12.138188608776844,12.138188608776844,12.138188608776844,12.138188608776844,12.138188608776844,8.577555396711936,8.577555396711936,8.577555396711936,8.577555396711936,8.577555396711936,8.577555396711936,8.577555396711936,8.577555396711936,8.577555396711936,8.577555396711936,8.577555396711936,8.577555396711936,11.142061281337048,11.142061281337048,11.142061281337048,11.142061281337048,11.142061281337048,11.142061281337048,11.142061281337048,11.142061281337048,11.142061281337048,11.142061281337048,11.142061281337048,11.142061281337048,11.142061281337048,12.512030798845043,12.512030798845043,12.512030798845043,12.512030798845043,12.512030798845043,12.512030798845043,12.512030798845043,12.512030798845043,12.512030798845043,12.512030798845043,12.512030798845043,12.512030798845043,12.512030798845043,11.915673693858846,11.915673693858846,11.915673693858846,11.915673693858846,11.915673693858846,11.915673693858846,11.915673693858846,11.915673693858846,11.915673693858846,11.915673693858846,11.915673693858846,11.915673693858846,11.915673693858846,12.287334593572778,12.287334593572778,12.287334593572778,12.287334593572778,12.287334593572778,12.287334593572778,12.287334593572778,12.287334593572778,12.287334593572778,12.287334593572778,12.287334593572778,12.287334593572778,11.450381679389313,11.450381679389313,11.450381679389313,11.450381679389313,11.450381679389313,11.450381679389313],"raf":[845,72,59,60,64,74,77,77,86,70,91,76,77,95,72,64,67,98,84,84,71,76,77,82,96,62,121,89,83,81,76,73,82,79,81,80,74,76,65,549,164,64,83,74,82,76,108,96,72,71,103,84,82,99,67,87,65,79,79,86,85,72,80,67,91,82,85,85,75,72,89,96,79,90,75,80,82,100,69,79,71,89,95,66,92,86,86,99,77,80,69,82,80,87,76,88,106,96,99,81,80,93,80,96,81,97,77,115]}