{"time":[7.651,7.678999999999999,7.696,7.7299999999999995,7.765,7.7989999999999995,7.832,7.87,7.905,7.94,7.970000000000001,8.003,8.03,8.065,8.091,8.12,8.148,8.179,8.208,8.237,8.268,8.483,8.513,8.529,8.555,8.584999999999999,8.619,8.644,8.679,8.709,8.744,8.776,8.802999999999999,8.863999999999999,8.879999999999999,8.902,8.94,8.971,9.003,9.034,9.066,9.101,9.134,9.166,9.25,9.263,9.291,9.326,9.360000000000001,9.392000000000001,9.425,9.459000000000001,9.490000000000002,9.577000000000002,9.596000000000002,9.616000000000001,9.647000000000002,9.680000000000001,9.713000000000001,9.747000000000002,9.779000000000002,9.813000000000002,9.872000000000002,9.896,9.916,9.949,9.98,10.016,10.05,10.086,10.120000000000001,10.152000000000001,10.221000000000002,10.246000000000002,10.262000000000002,10.299000000000003,10.336000000000004,10.369000000000003,10.406000000000004,10.440000000000005,10.470000000000004,10.514000000000005,10.546000000000005,10.576000000000004,10.608000000000004,10.643000000000004,10.677000000000005,10.713000000000005,10.763000000000005,10.779000000000005,10.816000000000006,10.851000000000006,10.882000000000007,10.912000000000006,10.950000000000006,10.982000000000006,11.011000000000006,11.047000000000006,11.079000000000006,11.117000000000006,11.144000000000005,11.179000000000006,11.212000000000005,11.244000000000005,11.276000000000005,11.309000000000005,11.340000000000005,11.383000000000004,11.416000000000004,11.449000000000003,11.485000000000003,11.516000000000004,11.551000000000004,11.581000000000003,11.613000000000003,11.652000000000003,11.685000000000002,11.713000000000003,11.751000000000003,11.788000000000004,11.822000000000005,11.856000000000005,11.892000000000005,11.926000000000005,11.966000000000005,12.000000000000005,12.028000000000006,12.066000000000006,12.097000000000007,12.131000000000007,12.163000000000007,12.196000000000007,12.230000000000008,12.263000000000007,12.297000000000008,12.328000000000008,12.362000000000009,12.41300000000001,12.42900000000001,12.459000000000009,12.492000000000008,12.528000000000008,12.558000000000007,12.593000000000007,12.626000000000007,12.660000000000007,12.693000000000007,12.728000000000007,12.764000000000006,12.802000000000007,12.832000000000006,12.867000000000006,12.900000000000006,12.930000000000005,12.965000000000005],"fps":[2.670736360167875,2.670736360167875,2.670736360167875,2.670736360167875,2.670736360167875,2.670736360167875,2.670736360167875,2.670736360167875,2.670736360167875,2.670736360167875,2.670736360167875,2.670736360167875,2.670736360167875,2.670736360167875,2.670736360167875,2.670736360167875,2.670736360167875,2.670736360167875,2.670736360167875,2.670736360167875,2.670736360167875,2.670736360167875,2.670736360167875,2.670736360167875,2.670736360167875,2.670736360167875,2.670736360167875,2.670736360167875,27.237354085603112,27.237354085603112,27.237354085603112,27.237354085603112,27.237354085603112,27.237354085603112,27.237354085603112,27.237354085603112,27.237354085603112,27.237354085603112,27.237354085603112,27.237354085603112,27.237354085603112,27.237354085603112,27.237354085603112,27.237354085603112,27.237354085603112,27.237354085603112,27.237354085603112,27.237354085603112,27.237354085603112,27.237354085603112,27.237354085603112,27.237354085603112,27.237354085603112,27.237354085603112,27.237354085603112,27.237354085603112,27.237354085603112,28.97102897102897,28.97102897102897,28.97102897102897,28.97102897102897,28.97102897102897,28.97102897102897,28.97102897102897,28.97102897102897,28.97102897102897,28.97102897102897,28.97102897102897,28.97102897102897,28.97102897102897,28.97102897102897,28.97102897102897,28.97102897102897,28.97102897102897,28.97102897102897,28.97102897102897,28.97102897102897,28.97102897102897,28.97102897102897,28.97102897102897,28.97102897102897,28.97102897102897,28.97102897102897,28.97102897102897,28.97102897102897,28.97102897102897,28.97102897102897,29.04162633107454,29.04162633107454,29.04162633107454,29.04162633107454,29.04162633107454,29.04162633107454,29.04162633107454,29.04162633107454,29.04162633107454,29.04162633107454,29.04162633107454,29.04162633107454,29.04162633107454,29.04162633107454,29.04162633107454,29.04162633107454,29.04162633107454,29.04162633107454,29.04162633107454,29.04162633107454,29.04162633107454,29.04162633107454,29.04162633107454,29.04162633107454,29.04162633107454,29.04162633107454,29.04162633107454,29.04162633107454,29.04162633107454,29.04162633107454,29.04162633107454,29.836381135707413,29.836381135707413,29.836381135707413,29.836381135707413,29.836381135707413,29.836381135707413,29.836381135707413,29.836381135707413,29.836381135707413,29.836381135707413,29.836381135707413,29.836381135707413,29.836381135707413,29.836381135707413,29.836381135707413,29.836381135707413,29.836381135707413,29.836381135707413,29.836381135707413,29.836381135707413,29.836381135707413,29.836381135707413,29.836381135707413,29.836381135707413,29.836381135707413,29.836381135707413,29.836381135707413,29.836381135707413,29.836381135707413,29.836381135707413,29.64426877470356,29.64426877470356,29.64426877470356,29.64426877470356,29.64426877470356,29.64426877470356,29.64426877470356],"raf":[4764,28,17,34,35,34,33,39,35,34,30,33,27,35,26,30,28,31,28,30,31,214,30,17,25,31,33,26,34,30,35,32,27,62,15,22,38,31,32,32,31,35,33,33,83,13,28,35,34,32,33,35,31,86,20,20,30,33,34,34,31,34,59,25,19,33,31,37,33,36,34,31,69,25,16,37,37,33,38,34,29,45,31,30,32,36,33,36,50,16,37,35,31,31,38,31,29,36,32,37,27,36,33,31,32,33,32,42,33,33,37,30,35,31,32,38,33,28,39,37,34,33,36,34,40,34,28,38,31,34,33,32,34,33,35,30,34,51,16,30,33,37,30,34,33,34,33,35,36,38,30,36,32,30,36]}