{"time":[7.0809999999999995,7.537999999999999,7.585999999999999,7.648999999999999,7.719999999999999,7.776999999999999,7.842,8.046,8.1,8.16,8.22,8.286000000000001,8.348,8.412,8.753,8.897,8.955,9.018,9.079,9.144,9.232,9.33,9.39,9.458,9.521,9.590000000000002,9.654000000000002,9.723000000000003,9.787000000000003,9.859000000000002,9.928000000000003,9.998000000000003,10.062000000000003,10.143000000000002,10.224000000000002,10.292000000000002,10.355000000000002,10.424000000000003,10.488000000000003,10.559000000000003,10.625000000000004,10.695000000000004,10.762000000000004,10.834000000000003,10.901000000000003,10.970000000000004,11.034000000000004,11.107000000000005,11.173000000000005,11.245000000000005,11.313000000000004,11.383000000000004,11.448000000000004,11.519000000000004,11.586000000000004,11.660000000000004,11.731000000000003,11.804000000000004,11.870000000000005,11.941000000000004,12.007000000000005,12.082000000000004,12.149000000000004,12.219000000000005,12.289000000000005,12.362000000000005,12.429000000000006,12.505000000000006,12.571000000000007,12.642000000000007,12.709000000000007,12.779000000000007,12.846000000000007,12.921000000000006,12.989000000000006],"fps":[2.1981738248224554,2.1981738248224554,2.1981738248224554,2.1981738248224554,2.1981738248224554,2.1981738248224554,2.1981738248224554,2.1981738248224554,7.858546168958743,7.858546168958743,7.858546168958743,7.858546168958743,7.858546168958743,7.858546168958743,7.858546168958743,7.858546168958743,7.858546168958743,7.858546168958743,7.858546168958743,10.53639846743295,10.53639846743295,10.53639846743295,10.53639846743295,10.53639846743295,10.53639846743295,10.53639846743295,10.53639846743295,10.53639846743295,10.53639846743295,10.53639846743295,10.53639846743295,10.53639846743295,10.53639846743295,10.53639846743295,13.88888888888889,13.88888888888889,13.88888888888889,13.88888888888889,13.88888888888889,13.88888888888889,13.88888888888889,13.88888888888889,13.88888888888889,13.88888888888889,13.88888888888889,13.88888888888889,13.88888888888889,13.88888888888889,13.88888888888889,14.691478942213516,14.691478942213516,14.691478942213516,14.691478942213516,14.691478942213516,14.691478942213516,14.691478942213516,14.691478942213516,14.691478942213516,14.691478942213516,14.691478942213516,14.691478942213516,14.691478942213516,14.691478942213516,14.691478942213516,14.367816091954023,14.367816091954023,14.367816091954023,14.367816091954023,14.367816091954023,14.367816091954023,14.367816091954023,14.367816091954023,14.367816091954023,14.367816091954023,14.367816091954023],"raf":[4954,456,48,63,71,58,64,204,54,60,60,66,62,65,341,143,58,63,61,65,88,98,60,68,64,69,63,70,65,70,70,69,64,80,81,68,64,68,65,71,65,70,67,72,69,68,63,74,65,72,68,70,65,72,67,73,72,72,67,70,66,75,68,70,69,74,66,76,66,72,66,71,66,75,68]}