{"time":[3.03,3.049,3.077,3.192,3.326,3.349,3.3760000000000003,3.486,3.625,3.649,3.676,3.7870000000000004,3.926,3.9490000000000003,3.9810000000000003,4.097,4.142,4.184,4.3950000000000005,4.416,4.4510000000000005,4.5680000000000005,4.710000000000001,4.732000000000001,4.761000000000001,4.871000000000001,4.916000000000001,5.060000000000001,5.081000000000001,5.118000000000001,5.330000000000001,5.348000000000001,5.382000000000001,5.594,5.615,5.6450000000000005,5.757000000000001,5.799,5.946000000000001,5.965000000000001,6.001,6.208,6.231,6.256,6.301,6.345,6.386,6.421,6.457,6.491,6.52,6.550999999999999,6.579999999999999,6.608999999999999,6.636999999999999,6.665999999999999,6.691999999999998,6.720999999999998,6.746999999999998,6.767999999999998,6.795999999999998,6.820999999999998,6.843999999999998,6.871999999999997,6.892999999999997,6.918999999999997,6.945999999999997,6.969999999999997,6.991999999999997,7.021999999999998,7.046999999999998,7.072999999999998,7.094999999999998,7.124999999999998,7.152999999999998,7.185999999999998,7.214999999999998,7.231999999999998,7.250999999999999,7.274999999999999,7.299999999999999,7.328999999999999,7.349999999999999,7.373999999999999,7.400999999999999,7.427999999999999,7.449999999999999,7.475,7.499,7.52,7.5409999999999995,7.568,7.593,7.622,7.643,7.668,7.695,7.716,7.743,7.763,7.785,7.817,7.848],"fps":[12.855831037649219,12.855831037649219,12.855831037649219,12.855831037649219,12.070566388115134,12.070566388115134,12.070566388115134,12.070566388115134,12.070566388115134,12.070566388115134,12.070566388115134,12.070566388115134,12.070566388115134,12.070566388115134,12.070566388115134,12.070566388115134,12.070566388115134,12.070566388115134,13.08411214953271,13.08411214953271,13.08411214953271,13.08411214953271,13.08411214953271,13.08411214953271,13.08411214953271,13.08411214953271,13.08411214953271,13.08411214953271,13.08411214953271,13.08411214953271,13.08411214953271,13.08411214953271,13.08411214953271,12.520868113522537,12.520868113522537,12.520868113522537,12.520868113522537,12.520868113522537,12.520868113522537,12.520868113522537,12.520868113522537,12.520868113522537,12.520868113522537,12.520868113522537,12.520868113522537,12.520868113522537,12.520868113522537,12.520868113522537,12.520868113522537,12.520868113522537,12.520868113522537,12.520868113522537,12.520868113522537,19.68503937007874,19.68503937007874,19.68503937007874,19.68503937007874,19.68503937007874,19.68503937007874,19.68503937007874,19.68503937007874,19.68503937007874,19.68503937007874,19.68503937007874,19.68503937007874,19.68503937007874,19.68503937007874,19.68503937007874,19.68503937007874,19.68503937007874,19.68503937007874,19.68503937007874,19.68503937007874,19.68503937007874,19.68503937007874,19.68503937007874,19.68503937007874,19.68503937007874,19.68503937007874,19.68503937007874,19.68503937007874,19.68503937007874,19.68503937007874,19.68503937007874,19.68503937007874,19.68503937007874,19.68503937007874,19.68503937007874,19.68503937007874,19.68503937007874,19.68503937007874,19.68503937007874,19.68503937007874,39.52569169960474,39.52569169960474,39.52569169960474,39.52569169960474,39.52569169960474,39.52569169960474,39.52569169960474,39.52569169960474,39.52569169960474,39.52569169960474],"raf":[213,19,28,116,133,23,28,109,139,24,28,110,139,23,32,117,45,41,212,20,36,116,142,22,29,110,45,145,21,36,212,19,34,211,21,31,111,43,146,19,36,207,24,24,45,44,42,35,36,33,30,30,29,30,27,29,26,29,27,21,27,25,23,28,21,26,27,25,22,29,26,26,21,30,28,33,29,17,19,24,25,30,20,25,26,27,22,25,24,21,22,27,24,29,21,25,28,20,27,21,22,32,30]}