{"time":[4.302,5.311999999999999,5.367999999999999,5.401999999999999,5.419,5.449999999999999,5.470999999999999,5.600999999999999,5.667999999999999,5.747999999999999,5.824999999999999,5.903,5.976,6.045,6.112,6.324,6.362,6.408,6.479,6.562,6.6160000000000005,6.6850000000000005,6.7540000000000004,6.824000000000001,6.893000000000001,6.964,7.032,7.101,7.167,7.233,7.300999999999999,7.367999999999999,7.433999999999999,7.5009999999999994,7.571,7.636,7.707,7.7749999999999995,7.843999999999999,7.911,7.978999999999999,8.046999999999999,8.113,8.179,8.244,8.311,8.379,8.445,8.511000000000001,8.578000000000001,8.662,8.71,8.771,8.837000000000002,8.902000000000001,8.968000000000002,9.034000000000002,9.100000000000003,9.168000000000003,9.234000000000004,9.298000000000004,9.361000000000004,9.425000000000004,9.492000000000004,9.557000000000004,9.624000000000004,9.687000000000005,9.752000000000004,9.816000000000004,9.881000000000004,9.943000000000003,10.008000000000003,10.075000000000003,10.141000000000004,10.209000000000003,10.276000000000003,10.345000000000004,10.412000000000004,10.479000000000005,10.540000000000004,10.606000000000005,10.674000000000005,10.743000000000006,10.821000000000005,10.878000000000005,10.942000000000005,11.020000000000005,11.081000000000005,11.142000000000005,11.220000000000004,11.294000000000004,11.349000000000004,11.430000000000003,11.495000000000003,11.557000000000002,11.635000000000002,11.694,11.759,11.837,11.895,11.961,12.039,12.094999999999999,12.18,12.261,12.296999999999999,12.367999999999999,12.437999999999999,12.560999999999998,12.576999999999998,12.644999999999998,12.787999999999998,12.810999999999998,12.867999999999999],"fps":[3.0499428135722457,0.9910802775024777,0.9910802775024777,0.9910802775024777,0.9910802775024777,0.9910802775024777,0.9910802775024777,0.9910802775024777,0.9910802775024777,0.9910802775024777,0.9910802775024777,0.9910802775024777,0.9910802775024777,0.9910802775024777,0.9910802775024777,13.83399209486166,13.83399209486166,13.83399209486166,13.83399209486166,13.83399209486166,13.83399209486166,13.83399209486166,13.83399209486166,13.83399209486166,13.83399209486166,13.83399209486166,13.83399209486166,13.83399209486166,13.83399209486166,13.83399209486166,13.83399209486166,15.32567049808429,15.32567049808429,15.32567049808429,15.32567049808429,15.32567049808429,15.32567049808429,15.32567049808429,15.32567049808429,15.32567049808429,15.32567049808429,15.32567049808429,15.32567049808429,15.32567049808429,15.32567049808429,15.32567049808429,14.836795252225519,14.836795252225519,14.836795252225519,14.836795252225519,14.836795252225519,14.836795252225519,14.836795252225519,14.836795252225519,14.836795252225519,14.836795252225519,14.836795252225519,14.836795252225519,14.836795252225519,14.836795252225519,14.836795252225519,14.836795252225519,15.281757402101242,15.281757402101242,15.281757402101242,15.281757402101242,15.281757402101242,15.281757402101242,15.281757402101242,15.281757402101242,15.281757402101242,15.281757402101242,15.281757402101242,15.281757402101242,15.281757402101242,15.281757402101242,15.281757402101242,15.281757402101242,15.194681861348528,15.194681861348528,15.194681861348528,15.194681861348528,15.194681861348528,15.194681861348528,15.194681861348528,15.194681861348528,15.194681861348528,15.194681861348528,15.194681861348528,15.194681861348528,15.194681861348528,15.194681861348528,15.194681861348528,14.763779527559056,14.763779527559056,14.763779527559056,14.763779527559056,14.763779527559056,14.763779527559056,14.763779527559056,14.763779527559056,14.763779527559056,14.763779527559056,14.763779527559056,14.763779527559056,14.763779527559056,14.763779527559056,14.763779527559056,14.058106841611997,14.058106841611997,14.058106841611997,14.058106841611997,14.058106841611997,14.058106841611997],"raf":[4302,1009,56,34,18,30,22,130,67,79,77,78,73,69,68,211,38,46,71,84,54,68,69,70,70,70,69,69,65,66,68,67,67,66,70,65,72,67,69,68,67,70,64,66,65,67,68,66,67,67,83,48,61,66,65,67,65,67,67,66,64,64,64,66,66,66,64,64,64,65,62,65,67,66,69,66,70,66,67,62,65,68,69,82,53,63,78,61,61,79,74,54,81,65,62,78,60,64,78,58,67,77,57,85,80,37,70,70,124,17,67,142,24,56]}