{"time":[3.1040000000000005,3.2600000000000007,3.279000000000001,3.327000000000001,3.440000000000001,3.5950000000000006,3.6130000000000004,3.6620000000000004,3.7760000000000002,3.83,4.042,4.063,4.108,4.22,4.379,4.396,4.449,4.662,4.679,4.734,4.849,5.005,5.029,5.071,5.183,5.338,5.362,5.406,5.518,5.6739999999999995,5.696,5.745,5.8580000000000005,5.9190000000000005,6.035,6.19,6.212000000000001,6.256,6.368,6.432,6.652,6.679,6.723,6.834,6.994999999999999,7.012,7.061999999999999,7.175,7.237,7.455,7.479,7.519,7.6370000000000005,7.689,7.745,7.799,7.856000000000001,7.913000000000001,7.971000000000001,8.032000000000002,8.095000000000002,8.159000000000002,8.219000000000003,8.291000000000002,8.356000000000002,8.440000000000001,8.496,8.552,8.616,8.68,8.748],"fps":[0.7993605115907274,0.7993605115907274,0.7993605115907274,0.7993605115907274,0.7993605115907274,10.978956999085087,10.978956999085087,10.978956999085087,10.978956999085087,10.978956999085087,10.978956999085087,10.978956999085087,10.978956999085087,10.978956999085087,10.978956999085087,10.978956999085087,10.978956999085087,11.246485473289598,11.246485473289598,11.246485473289598,11.246485473289598,11.246485473289598,11.246485473289598,11.246485473289598,11.246485473289598,11.246485473289598,11.246485473289598,11.246485473289598,11.246485473289598,11.846001974333662,11.846001974333662,11.846001974333662,11.846001974333662,11.846001974333662,11.846001974333662,11.846001974333662,11.846001974333662,11.846001974333662,11.846001974333662,11.846001974333662,11.846001974333662,11.952191235059761,11.952191235059761,11.952191235059761,11.952191235059761,11.952191235059761,11.952191235059761,11.952191235059761,11.952191235059761,11.952191235059761,11.952191235059761,11.952191235059761,11.952191235059761,11.881188118811881,11.881188118811881,11.881188118811881,11.881188118811881,11.881188118811881,11.881188118811881,11.881188118811881,11.881188118811881,11.881188118811881,11.881188118811881,11.881188118811881,11.881188118811881,11.881188118811881,11.881188118811881,11.881188118811881,11.881188118811881,11.881188118811881,16.052880075542966],"raf":[114,156,19,49,113,154,18,49,115,54,211,21,45,112,159,17,54,212,18,54,115,156,24,43,111,155,24,45,111,157,21,50,112,62,115,155,22,44,113,63,220,27,44,111,161,17,50,113,63,217,24,40,118,52,56,55,57,57,58,61,63,63,60,72,66,83,56,56,65,63,68]}