{"time":[3.0379999999999985,3.1549999999999985,3.1669999999999985,3.1949999999999985,3.2339999999999987,3.3709999999999987,3.3829999999999987,3.4109999999999987,3.4509999999999987,3.5319999999999987,3.5499999999999985,3.5739999999999985,3.6099999999999985,3.6489999999999987,3.687999999999999,3.824999999999999,3.8499999999999988,3.8669999999999987,3.9119999999999986,4.049999999999999,4.065999999999999,4.091999999999999,4.127999999999998,4.164999999999998,4.204999999999998,4.341999999999999,4.365999999999999,4.383999999999999,4.4209999999999985,4.453999999999999,4.594999999999999,4.615999999999999,4.6389999999999985,4.679999999999999,4.720999999999999,4.858999999999999,4.882999999999999,4.8999999999999995,4.9399999999999995,4.978,5.023,5.16,5.183,5.201,5.241,5.274,5.415,5.432,5.46,5.499,5.536,5.678999999999999,5.699999999999999,5.718999999999999,5.762,5.8069999999999995,5.9479999999999995,5.965999999999999,5.983999999999999,6.021999999999999,6.058999999999999,6.092,6.2299999999999995,6.249999999999999,6.2669999999999995,6.2989999999999995,6.3309999999999995,6.366999999999999,6.5009999999999994,6.5169999999999995,6.544,6.574999999999999,6.712999999999999,6.732999999999999,6.752999999999998,6.782999999999999,6.818999999999998,6.848999999999998,6.8889999999999985,7.027999999999999,7.049999999999999,7.065999999999999,7.099999999999999,7.235999999999999,7.248999999999999,7.2719999999999985,7.308999999999998,7.342999999999998,7.373999999999998,7.511999999999998,7.532999999999998,7.554999999999998,7.586999999999998,7.6229999999999976,7.657999999999998,7.787999999999998,7.8329999999999975,7.849999999999998,7.881999999999998,7.918999999999998,7.956999999999998,7.986999999999998,8.028999999999998,8.063999999999998,8.100999999999999,8.136999999999999,8.174,8.211,8.247,8.285,8.323,8.358,8.391,8.431,8.466999999999999,8.501,8.543999999999999,8.581999999999999,8.633,8.656999999999998,8.688999999999998,8.727999999999998,8.765999999999998,8.802999999999999,8.84,8.878,8.914,8.952,8.985,9.027999999999999,9.059999999999999,9.094,9.136,9.173,9.207,9.246,9.284,9.32,9.357000000000001,9.394000000000002,9.429000000000002,9.466000000000003,9.504000000000003,9.540000000000003],"fps":[26.5748031496063,26.5748031496063,26.5748031496063,26.5748031496063,26.5748031496063,26.5748031496063,26.5748031496063,22.351797862001945,22.351797862001945,22.351797862001945,22.351797862001945,22.351797862001945,22.351797862001945,22.351797862001945,22.351797862001945,22.351797862001945,22.351797862001945,22.351797862001945,22.351797862001945,22.351797862001945,22.351797862001945,22.351797862001945,22.351797862001945,22.351797862001945,22.351797862001945,22.351797862001945,22.351797862001945,22.351797862001945,20.81268582755203,20.81268582755203,20.81268582755203,20.81268582755203,20.81268582755203,20.81268582755203,20.81268582755203,20.81268582755203,20.81268582755203,20.81268582755203,20.81268582755203,20.81268582755203,20.81268582755203,20.81268582755203,20.81268582755203,20.81268582755203,20.81268582755203,20.81268582755203,20.81268582755203,18.774703557312254,18.774703557312254,18.774703557312254,18.774703557312254,18.774703557312254,18.774703557312254,18.774703557312254,18.774703557312254,18.774703557312254,18.774703557312254,18.774703557312254,18.774703557312254,18.774703557312254,18.774703557312254,18.774703557312254,18.774703557312254,18.774703557312254,18.774703557312254,18.774703557312254,18.774703557312254,18.774703557312254,19.662921348314608,19.662921348314608,19.662921348314608,19.662921348314608,19.662921348314608,19.662921348314608,19.662921348314608,19.662921348314608,19.662921348314608,19.662921348314608,19.662921348314608,19.662921348314608,19.662921348314608,19.662921348314608,19.662921348314608,19.662921348314608,19.662921348314608,19.662921348314608,19.662921348314608,19.662921348314608,19.662921348314608,20.771513353115726,20.771513353115726,20.771513353115726,20.771513353115726,20.771513353115726,20.771513353115726,20.771513353115726,20.771513353115726,20.771513353115726,20.771513353115726,20.771513353115726,20.771513353115726,20.771513353115726,20.771513353115726,20.771513353115726,20.771513353115726,20.771513353115726,20.771513353115726,20.771513353115726,20.771513353115726,20.771513353115726,20.771513353115726,20.771513353115726,20.771513353115726,20.771513353115726,20.771513353115726,20.771513353115726,26.162790697674417,26.162790697674417,26.162790697674417,26.162790697674417,26.162790697674417,26.162790697674417,26.162790697674417,26.162790697674417,26.162790697674417,26.162790697674417,26.162790697674417,26.162790697674417,26.162790697674417,26.162790697674417,26.162790697674417,26.162790697674417,26.162790697674417,26.162790697674417,26.162790697674417,26.162790697674417,26.162790697674417,26.162790697674417,26.162790697674417,26.162790697674417,26.162790697674417,26.162790697674417,26.162790697674417,26.162790697674417],"raf":[37,117,12,28,39,137,12,29,39,81,18,25,35,39,39,137,25,17,46,137,17,25,36,37,40,137,25,17,37,33,141,21,24,40,42,137,24,18,39,39,45,136,23,19,39,33,143,16,27,39,37,143,21,19,44,45,140,19,17,38,38,32,138,20,18,31,33,35,134,16,27,31,138,20,21,30,35,31,40,138,22,17,33,137,13,22,37,35,30,138,21,22,33,35,35,131,45,16,33,36,39,29,43,35,36,36,37,37,36,38,38,35,33,40,36,35,42,39,50,24,32,40,37,37,38,37,36,39,33,42,33,34,42,37,33,39,38,36,38,36,36,37,37,36]}