{"time":[3.076,3.1470000000000002,3.318,3.3810000000000002,3.459,3.528,3.601,3.677,3.749,3.83,3.915,3.989,4.064,4.149,4.235,4.33,4.432,4.595000000000001,4.6610000000000005,4.726000000000001,4.797000000000001,4.863,8.915,9.295,9.357,9.415,9.482999999999999,9.546,9.638,9.707,9.775,9.848,9.918000000000001,9.995000000000001,10.064000000000002,10.142000000000001,10.212000000000002,10.287,10.366000000000001,10.687000000000001,10.796000000000001,10.862000000000002,10.934000000000001,11.009,11.082,11.189,11.294,11.369,11.44,11.514,11.616999999999999,11.716999999999999,11.788999999999998,11.863999999999997,11.947999999999997,12.048999999999998,12.128999999999998,12.206999999999997,12.284999999999997,12.365999999999996,12.462999999999996,12.534999999999995,12.613999999999995,12.686999999999996,12.764999999999995,12.840999999999996,12.921999999999995,12.999999999999995],"fps":[5.555555555555555,5.555555555555555,5.555555555555555,5.555555555555555,5.555555555555555,5.555555555555555,8.7890625,8.7890625,8.7890625,8.7890625,8.7890625,8.7890625,8.7890625,8.7890625,8.7890625,8.7890625,8.7890625,8.7890625,11.310084825636192,11.310084825636192,11.310084825636192,11.310084825636192,0.9405125793557488,0.9405125793557488,0.9405125793557488,0.9405125793557488,0.9405125793557488,0.9405125793557488,0.9405125793557488,0.9405125793557488,0.9405125793557488,0.9405125793557488,9.970089730807578,9.970089730807578,9.970089730807578,9.970089730807578,9.970089730807578,9.970089730807578,9.970089730807578,9.970089730807578,9.970089730807578,9.970089730807578,9.83284169124877,9.83284169124877,9.83284169124877,9.83284169124877,9.83284169124877,9.83284169124877,9.83284169124877,9.83284169124877,9.83284169124877,9.83284169124877,9.83284169124877,9.83284169124877,11.846001974333662,11.846001974333662,11.846001974333662,11.846001974333662,11.846001974333662,11.846001974333662,11.846001974333662,11.846001974333662,11.846001974333662,11.846001974333662,11.846001974333662,11.846001974333662,11.846001974333662,12.357414448669202],"raf":[269,71,171,63,78,69,73,76,72,81,86,73,75,85,86,95,102,163,67,64,71,67,4051,380,62,58,68,63,92,69,68,74,69,77,69,78,71,75,78,321,109,66,73,74,73,107,105,75,71,74,103,100,73,74,83,101,80,79,77,81,97,73,78,73,78,77,80,78]}