{"time":[3.044999999999999,3.179999999999999,3.198999999999999,3.215999999999999,3.255999999999999,3.292999999999999,3.4319999999999986,3.4489999999999985,3.4799999999999986,3.5179999999999985,3.5689999999999986,3.6999999999999984,3.7149999999999985,3.7429999999999986,3.7749999999999986,3.9299999999999984,3.9489999999999985,3.9669999999999983,3.9989999999999983,4.041999999999998,4.176999999999998,4.198999999999998,4.214999999999998,4.242999999999998,4.285999999999998,4.421999999999998,4.431999999999998,4.460999999999998,4.496999999999997,4.5429999999999975,4.677999999999997,4.698999999999997,4.720999999999997,4.753999999999998,4.799999999999998,4.945999999999998,4.964999999999998,4.989999999999998,5.030999999999999,5.070999999999999,5.103999999999999,5.242999999999999,5.265,5.282,5.299,5.329000000000001,5.359000000000001,5.385000000000001,5.415000000000001,5.546000000000001,5.565000000000001,5.582000000000002,5.606000000000002,5.634000000000001,5.772000000000001,5.782000000000001,5.804000000000001,5.832000000000001,5.877000000000001,5.899000000000001,6.030000000000001,6.049000000000001,6.065000000000001,6.088000000000001,6.118000000000001,6.245000000000001,6.265000000000001,6.282000000000001,6.313000000000001,6.347,6.376,6.407,6.437,6.482,6.515000000000001,6.532000000000001,6.5600000000000005,6.590000000000001,6.617000000000001,6.649000000000001,6.682000000000001,6.699000000000002,6.729000000000002,6.755000000000002,6.782000000000002,6.817000000000002,6.832000000000002,6.8610000000000015,6.884000000000001,6.913000000000001,6.939000000000001,6.965000000000001,7.015000000000001,7.0280000000000005,7.049,7.08,7.111,7.135,7.162,7.191,7.218,7.243,7.271,7.302,7.332,7.359999999999999,7.388999999999999,7.416999999999999,7.4449999999999985,7.466999999999999,7.496999999999999,7.535999999999999,7.564999999999999,7.598999999999998,7.615999999999999,7.642999999999999,7.668999999999999,7.695999999999999,7.714999999999999,7.744999999999999,7.779999999999999,7.802999999999999,7.847999999999999,7.881999999999999,7.898999999999999,7.920999999999999,7.946,7.973,7.997,8.026,8.049999999999999,8.081999999999999],"fps":[23.645320197044335,23.645320197044335,23.645320197044335,23.645320197044335,23.645320197044335,23.645320197044335,23.645320197044335,23.645320197044335,19.76284584980237,19.76284584980237,19.76284584980237,19.76284584980237,19.76284584980237,19.76284584980237,19.76284584980237,19.76284584980237,19.76284584980237,19.76284584980237,19.76284584980237,19.76284584980237,19.76284584980237,19.76284584980237,19.76284584980237,19.76284584980237,19.76284584980237,19.76284584980237,19.76284584980237,19.76284584980237,19.66568338249754,19.66568338249754,19.66568338249754,19.66568338249754,19.66568338249754,19.66568338249754,19.66568338249754,19.66568338249754,19.66568338249754,19.66568338249754,19.66568338249754,19.66568338249754,19.66568338249754,19.66568338249754,19.66568338249754,19.66568338249754,19.66568338249754,19.66568338249754,19.66568338249754,19.66568338249754,19.66568338249754,20.01906577693041,20.01906577693041,20.01906577693041,20.01906577693041,20.01906577693041,20.01906577693041,20.01906577693041,20.01906577693041,20.01906577693041,20.01906577693041,20.01906577693041,20.01906577693041,20.01906577693041,20.01906577693041,20.01906577693041,20.01906577693041,20.01906577693041,20.01906577693041,20.01906577693041,20.01906577693041,20.01906577693041,20.01906577693041,20.01906577693041,20.01906577693041,20.01906577693041,20.01906577693041,20.01906577693041,26.600985221674875,26.600985221674875,26.600985221674875,26.600985221674875,26.600985221674875,26.600985221674875,26.600985221674875,26.600985221674875,26.600985221674875,26.600985221674875,26.600985221674875,26.600985221674875,26.600985221674875,26.600985221674875,26.600985221674875,26.600985221674875,26.600985221674875,26.600985221674875,26.600985221674875,26.600985221674875,26.600985221674875,26.600985221674875,26.600985221674875,26.600985221674875,26.600985221674875,26.600985221674875,26.600985221674875,26.600985221674875,26.600985221674875,26.600985221674875,26.600985221674875,26.600985221674875,26.600985221674875,26.600985221674875,26.600985221674875,26.600985221674875,35.785288270377734,35.785288270377734,35.785288270377734,35.785288270377734,35.785288270377734,35.785288270377734,35.785288270377734,35.785288270377734,35.785288270377734,35.785288270377734,35.785288270377734,35.785288270377734,35.785288270377734,35.785288270377734,35.785288270377734,35.785288270377734,35.785288270377734,35.785288270377734,35.785288270377734,35.785288270377734],"raf":[47,134,20,16,40,38,138,17,31,39,50,131,16,27,33,154,19,18,33,42,134,22,16,29,42,136,11,28,36,46,135,21,22,33,46,147,19,25,40,40,33,140,22,16,18,29,31,25,31,130,20,16,24,29,137,10,22,28,46,21,131,19,16,23,30,127,21,16,32,33,30,31,29,45,33,17,29,31,26,32,32,18,29,27,28,33,15,29,23,29,27,26,49,14,20,32,30,24,27,30,26,25,29,30,30,28,30,28,27,22,31,39,30,32,17,27,26,27,20,30,34,23,45,35,16,23,25,27,23,29,25,32]}