{"time":[3.0389999999999993,3.0619999999999994,3.0819999999999994,3.1209999999999996,3.2299999999999995,3.3649999999999993,3.3779999999999992,3.410999999999999,3.531999999999999,3.660999999999999,3.678999999999999,3.705999999999999,3.743999999999999,3.852999999999999,3.884999999999999,3.9349999999999987,4.143999999999998,4.161999999999998,4.188999999999998,4.297999999999998,4.440999999999998,4.461999999999998,4.492999999999998,4.532999999999998,4.741999999999997,4.761999999999997,4.799999999999997,5.017999999999997,5.027999999999997,5.070999999999997,5.179999999999997,5.327999999999997,5.344999999999997,5.384999999999997,5.535999999999997,5.543999999999997,5.588999999999997,5.740999999999997,5.761999999999997,5.787999999999997,5.8989999999999965,5.931999999999997,5.976999999999997,6.013999999999997,6.045999999999997,6.077999999999997,6.110999999999997,6.1439999999999975,6.174999999999997,6.2079999999999975,6.237999999999998,6.265999999999997,6.293999999999997,6.328999999999997,6.358999999999997,6.389999999999997,6.413999999999997,6.445999999999997,6.477999999999997,6.506999999999997,6.534999999999997,6.565999999999996,6.589999999999996,6.623999999999996,6.652999999999996,6.685999999999996,6.711999999999996,6.733999999999996,6.756999999999996,6.784999999999996,6.808999999999996,6.832999999999996,6.852999999999995,6.885999999999996,6.914999999999996,6.939999999999996,6.969999999999996,6.996999999999996,7.0319999999999965,7.059999999999996,7.090999999999996,7.1219999999999954,7.146999999999996,7.171999999999996,7.194999999999996,7.2259999999999955,7.2549999999999955,7.281999999999996,7.306999999999996,7.339999999999996,7.372999999999997,7.3989999999999965,7.425999999999997,7.453999999999996,7.477999999999996,12.281999999999996,12.310999999999996,12.327999999999996,12.346999999999996,12.372999999999996,12.403999999999996,12.430999999999996,12.455999999999996,12.480999999999996,12.506999999999996,12.528999999999996,12.558999999999996,12.583999999999996,12.606999999999996,12.636999999999995,12.665999999999995,12.687999999999995,12.716999999999995,12.746999999999995,12.771999999999995,12.793999999999995,12.824999999999996,12.848999999999995,12.870999999999995,12.900999999999994,12.928999999999995,12.956999999999995,12.979999999999995],"fps":[14.478764478764479,14.478764478764479,14.478764478764479,14.478764478764479,14.478764478764479,14.478764478764479,14.478764478764479,14.478764478764479,14.478764478764479,14.478764478764479,14.478764478764479,14.478764478764479,14.478764478764479,14.478764478764479,14.478764478764479,14.478764478764479,14.479638009049774,14.479638009049774,14.479638009049774,14.479638009049774,14.479638009049774,14.479638009049774,14.479638009049774,14.479638009049774,14.479638009049774,14.479638009049774,14.479638009049774,14.479638009049774,14.479638009049774,14.479638009049774,13.500482160077146,13.500482160077146,13.500482160077146,13.500482160077146,13.500482160077146,13.500482160077146,13.500482160077146,13.500482160077146,13.500482160077146,13.500482160077146,13.500482160077146,13.500482160077146,13.500482160077146,13.500482160077146,13.500482160077146,13.500482160077146,13.500482160077146,13.500482160077146,13.500482160077146,18.500486854917234,18.500486854917234,18.500486854917234,18.500486854917234,18.500486854917234,18.500486854917234,18.500486854917234,18.500486854917234,18.500486854917234,18.500486854917234,18.500486854917234,18.500486854917234,18.500486854917234,18.500486854917234,18.500486854917234,18.500486854917234,18.500486854917234,18.500486854917234,18.500486854917234,18.500486854917234,18.500486854917234,18.500486854917234,18.500486854917234,18.500486854917234,18.500486854917234,18.500486854917234,18.500486854917234,18.500486854917234,18.500486854917234,18.500486854917234,18.500486854917234,18.500486854917234,18.500486854917234,18.500486854917234,18.500486854917234,18.500486854917234,35.36345776031434,35.36345776031434,35.36345776031434,35.36345776031434,35.36345776031434,35.36345776031434,35.36345776031434,35.36345776031434,35.36345776031434,35.36345776031434,1.9778481012658229,1.9778481012658229,1.9778481012658229,1.9778481012658229,1.9778481012658229,1.9778481012658229,1.9778481012658229,1.9778481012658229,1.9778481012658229,1.9778481012658229,1.9778481012658229,1.9778481012658229,1.9778481012658229,1.9778481012658229,1.9778481012658229,1.9778481012658229,1.9778481012658229,1.9778481012658229,1.9778481012658229,1.9778481012658229,1.9778481012658229,1.9778481012658229,1.9778481012658229,1.9778481012658229,1.9778481012658229,1.9778481012658229,1.9778481012658229,1.9778481012658229],"raf":[210,24,19,39,110,134,13,34,120,130,17,28,37,109,33,49,209,18,28,109,142,21,32,39,210,19,38,218,11,43,109,147,18,39,151,9,44,152,21,26,111,33,45,37,32,33,33,32,32,32,31,28,27,36,29,32,23,33,32,28,28,31,25,33,30,32,26,22,23,28,24,24,20,33,29,25,29,27,35,28,32,30,25,26,22,31,29,27,25,34,32,26,28,27,24,4804,29,17,19,27,31,27,24,26,25,22,30,25,23,30,29,22,30,29,25,22,32,23,23,30,27,28,23]}