{"time":[3.0149999999999997,3.0849999999999995,3.1469999999999994,3.200999999999999,3.265999999999999,3.331999999999999,3.398999999999999,3.4659999999999993,3.531999999999999,3.616999999999999,3.697999999999999,3.782999999999999,3.963999999999999,4.013999999999999,4.061999999999999,4.116,4.165,4.218,4.267,8.428,8.791,8.836,8.886000000000001,8.939000000000002,8.992000000000003,9.044000000000002,9.098000000000003,9.154000000000002,9.206000000000001,9.259000000000002,9.321000000000002,9.378000000000002,9.435000000000002,9.492000000000003,9.551000000000002,9.607000000000001,9.665000000000001,9.722000000000001,9.779000000000002,9.836000000000002,9.893000000000002,9.949000000000002,10.322000000000001,10.449000000000002,10.499000000000002,10.551000000000002,10.606000000000002,10.658000000000001,10.711000000000002,10.767000000000001,10.863000000000001,10.973,11.028,11.082,11.143,11.201,11.309000000000001,11.419,11.475,11.530999999999999,11.586999999999998,11.642999999999997,11.702999999999998,11.809999999999997,11.889999999999997,11.948999999999996,12.004999999999995,12.060999999999995,12.117999999999995,12.251999999999995,12.311999999999996,12.371999999999996,12.427999999999995,12.494999999999996,12.552999999999995,12.610999999999995,12.671999999999995,12.727999999999994,12.786999999999994,12.843999999999994,12.905999999999993,12.964999999999993],"fps":[6.641366223908919,6.641366223908919,6.641366223908919,6.641366223908919,6.641366223908919,6.641366223908919,6.641366223908919,6.641366223908919,6.641366223908919,6.641366223908919,15.917602996254681,15.917602996254681,15.917602996254681,15.917602996254681,15.917602996254681,15.917602996254681,15.917602996254681,15.917602996254681,15.917602996254681,1.9027484143763214,1.9027484143763214,1.9027484143763214,1.9027484143763214,1.9027484143763214,1.9027484143763214,1.9027484143763214,1.9027484143763214,1.9027484143763214,1.9027484143763214,1.9027484143763214,1.9027484143763214,1.9027484143763214,12.909632571996028,12.909632571996028,12.909632571996028,12.909632571996028,12.909632571996028,12.909632571996028,12.909632571996028,12.909632571996028,12.909632571996028,12.909632571996028,12.909632571996028,10.848126232741617,10.848126232741617,10.848126232741617,10.848126232741617,10.848126232741617,10.848126232741617,10.848126232741617,10.848126232741617,10.848126232741617,10.848126232741617,10.848126232741617,10.848126232741617,10.848126232741617,10.848126232741617,10.848126232741617,14.619883040935672,14.619883040935672,14.619883040935672,14.619883040935672,14.619883040935672,14.619883040935672,14.619883040935672,14.619883040935672,14.619883040935672,14.619883040935672,14.619883040935672,14.619883040935672,14.619883040935672,14.619883040935672,14.619883040935672,14.705882352941176,14.705882352941176,14.705882352941176,14.705882352941176,14.705882352941176,14.705882352941176,14.705882352941176,14.705882352941176,14.705882352941176],"raf":[55,70,62,54,65,67,66,67,66,85,81,85,181,50,48,54,49,53,49,4161,363,45,51,52,53,52,54,56,52,53,62,57,57,57,59,56,59,57,56,58,56,56,373,127,50,52,55,52,53,57,96,109,55,55,61,58,107,111,55,56,56,56,60,107,80,59,57,55,57,134,60,60,57,66,59,57,61,57,58,58,61,60]}