{"time":[3.005,3.06,3.125,3.175,3.223,3.2769999999999997,3.34,3.383,3.439,3.493,3.556,3.601,3.656,3.71,3.775,3.8249999999999997,3.8729999999999998,3.928,4.007,4.0409999999999995,4.092,4.191,4.207,4.258,4.37,4.391,4.433,4.5,4.63,4.6419999999999995,4.693999999999999,4.748999999999999,4.905999999999999,4.940999999999999,4.981999999999999,5.044999999999999,5.203999999999999,5.223999999999998,5.273999999999998,5.433999999999998,5.456999999999998,5.499999999999998,5.652999999999998,5.673999999999998,5.7239999999999975,5.780999999999998,5.8409999999999975,6.0029999999999974,6.023999999999997,6.078999999999997,6.140999999999997,6.220999999999997,6.273999999999997,6.329999999999997,6.391999999999998,6.4499999999999975,6.508999999999998,6.567999999999998,6.624999999999998,6.683999999999998,6.741999999999998,6.798999999999999,6.8519999999999985,6.911999999999998,6.965999999999998,7.020999999999998,7.076999999999998,7.134999999999998,7.187999999999998,7.244999999999998,7.300999999999998,7.355999999999998,7.411999999999998,7.470999999999998,7.524999999999999,7.578999999999999,7.635999999999999,7.690999999999999,7.748999999999999,7.800999999999998,7.854999999999999,7.911999999999999,7.969999999999999,8.024999999999999,9.364999999999998,9.390999999999998,9.423999999999998,9.472999999999997,9.523999999999997,9.572999999999997,9.627999999999997,9.689999999999996,9.730999999999996,9.782999999999996,9.836999999999996,9.891999999999996,9.947999999999995,10.000999999999996,10.064999999999996,10.123999999999995,10.165999999999995,10.220999999999995,10.274999999999995,10.341999999999995,10.389999999999995,10.439999999999996,10.493999999999996,10.558999999999996,10.605999999999996,10.661999999999995,10.726999999999995,10.789999999999996,10.829999999999995,10.884999999999994,10.940999999999994,11.005999999999993,11.051999999999992,11.110999999999992,11.174999999999992,11.222999999999992,11.277999999999992,11.351999999999991,11.405999999999992,11.450999999999992,11.507999999999992,11.606999999999992,11.622999999999992,11.677999999999992,11.795999999999992,11.823999999999993,11.862999999999992,11.923999999999992,12.009999999999993,12.039999999999992,12.093999999999992,12.247999999999992,12.272999999999993,12.311999999999992,12.468999999999992,12.489999999999993,12.528999999999993,12.683999999999992,12.706999999999992,12.742999999999991,12.893999999999991,12.906999999999991,12.95299999999999],"fps":[19.083969465648856,19.083969465648856,19.083969465648856,19.083969465648856,19.083969465648856,19.083969465648856,19.083969465648856,19.083969465648856,18.25168107588857,18.25168107588857,18.25168107588857,18.25168107588857,18.25168107588857,18.25168107588857,18.25168107588857,18.25168107588857,18.25168107588857,18.25168107588857,18.25168107588857,18.25168107588857,18.25168107588857,18.25168107588857,18.25168107588857,18.25168107588857,18.25168107588857,18.25168107588857,18.25168107588857,17.907634307257304,17.907634307257304,17.907634307257304,17.907634307257304,17.907634307257304,17.907634307257304,17.907634307257304,17.907634307257304,17.907634307257304,17.907634307257304,17.907634307257304,17.907634307257304,17.907634307257304,17.907634307257304,17.907634307257304,12.998266897746968,12.998266897746968,12.998266897746968,12.998266897746968,12.998266897746968,12.998266897746968,12.998266897746968,12.998266897746968,12.998266897746968,12.998266897746968,12.998266897746968,12.998266897746968,12.998266897746968,12.998266897746968,12.998266897746968,12.998266897746968,12.998266897746968,16.50485436893204,16.50485436893204,16.50485436893204,16.50485436893204,16.50485436893204,16.50485436893204,16.50485436893204,16.50485436893204,16.50485436893204,16.50485436893204,16.50485436893204,16.50485436893204,16.50485436893204,16.50485436893204,16.50485436893204,16.50485436893204,16.50485436893204,16.50485436893204,17.857142857142858,17.857142857142858,17.857142857142858,17.857142857142858,17.857142857142858,17.857142857142858,17.857142857142858,4.184100418410042,4.184100418410042,4.184100418410042,4.184100418410042,4.184100418410042,4.184100418410042,4.184100418410042,4.184100418410042,4.184100418410042,4.184100418410042,4.184100418410042,4.184100418410042,4.184100418410042,4.184100418410042,4.184100418410042,4.184100418410042,4.184100418410042,4.184100418410042,4.184100418410042,4.184100418410042,19.51219512195122,19.51219512195122,19.51219512195122,19.51219512195122,19.51219512195122,19.51219512195122,19.51219512195122,19.51219512195122,19.51219512195122,19.51219512195122,19.51219512195122,19.51219512195122,19.51219512195122,19.51219512195122,19.51219512195122,19.51219512195122,19.51219512195122,19.51219512195122,17.699115044247787,17.699115044247787,17.699115044247787,17.699115044247787,17.699115044247787,17.699115044247787,17.699115044247787,17.699115044247787,17.699115044247787,17.699115044247787,17.699115044247787,17.699115044247787,17.699115044247787,17.699115044247787,17.699115044247787,17.699115044247787,15.065913370998116,15.065913370998116,15.065913370998116,15.065913370998116,15.065913370998116,15.065913370998116,15.065913370998116,15.065913370998116,15.065913370998116],"raf":[53,56,64,50,48,54,64,43,55,54,63,46,54,55,64,50,48,55,79,34,52,98,17,50,112,21,43,66,130,12,52,56,156,35,41,63,159,20,51,159,24,42,154,20,50,58,60,161,21,55,62,81,55,54,61,59,59,58,58,58,58,58,53,60,54,54,57,57,53,58,56,55,55,59,54,54,57,56,57,53,54,57,58,54,1340,26,33,50,50,49,55,63,40,52,54,56,55,54,64,58,42,56,54,67,47,50,55,65,47,56,65,62,40,56,56,65,45,60,63,48,56,74,54,45,57,99,15,56,117,28,39,61,86,31,53,154,25,40,156,21,41,153,23,36,151,13,47]}