{"time":[3.112,3.254,3.297,3.4450000000000003,3.4930000000000003,3.6470000000000002,3.8880000000000003,3.9320000000000004,3.9790000000000005,4.0280000000000005,4.088,4.14,4.189,4.258,4.32,4.368,4.438000000000001,4.500000000000001,4.570000000000001,4.695000000000001,4.742000000000001,4.791000000000001,4.838000000000001,4.894000000000001,4.945000000000001,4.9940000000000015,5.052000000000001,5.101000000000002,5.150000000000002,5.214000000000002,5.271000000000003,5.328000000000003,5.380000000000003,5.443000000000002,10.064000000000004,10.377000000000004,10.423000000000004,10.467000000000004,10.515000000000004,10.559000000000005,10.611000000000004,10.659000000000004,10.706000000000005,10.764000000000005,10.812000000000005,10.861000000000004,10.920000000000003,10.973000000000004,11.025000000000004,11.079000000000004,11.135000000000003,11.194000000000003,11.249000000000002,11.306000000000003,11.360000000000003,11.415000000000003,11.700000000000003,11.821000000000003,11.869000000000003,11.923000000000004,11.982000000000003,12.032000000000004,12.084000000000003,12.172000000000002,12.245000000000003,12.297000000000002,12.350000000000003,12.407000000000004,12.461000000000004,12.514000000000005,12.574000000000005,12.628000000000005,12.684000000000005,12.741000000000005,12.794000000000006,12.851000000000006,12.911000000000007,12.971000000000007],"fps":[6.8359375,7.373271889400922,7.373271889400922,7.373271889400922,7.373271889400922,7.373271889400922,7.373271889400922,7.373271889400922,7.373271889400922,7.373271889400922,7.373271889400922,7.373271889400922,7.373271889400922,11.964107676969093,11.964107676969093,11.964107676969093,11.964107676969093,11.964107676969093,11.964107676969093,11.964107676969093,11.964107676969093,11.964107676969093,11.964107676969093,11.964107676969093,11.964107676969093,11.964107676969093,11.964107676969093,11.964107676969093,11.964107676969093,11.964107676969093,16.781836130306022,16.781836130306022,16.781836130306022,16.781836130306022,0.8343763037129746,0.8343763037129746,0.8343763037129746,0.8343763037129746,0.8343763037129746,0.8343763037129746,0.8343763037129746,0.8343763037129746,0.8343763037129746,0.8343763037129746,0.8343763037129746,0.8343763037129746,0.8343763037129746,0.8343763037129746,0.8343763037129746,14.792899408284024,14.792899408284024,14.792899408284024,14.792899408284024,14.792899408284024,14.792899408284024,14.792899408284024,14.792899408284024,14.792899408284024,14.792899408284024,14.792899408284024,14.792899408284024,14.792899408284024,12.935323383084578,12.935323383084578,12.935323383084578,12.935323383084578,12.935323383084578,12.935323383084578,12.935323383084578,12.935323383084578,12.935323383084578,12.935323383084578,12.935323383084578,12.935323383084578,12.935323383084578,12.935323383084578,12.935323383084578,12.935323383084578],"raf":[248,143,42,148,49,153,241,44,47,50,59,52,49,69,62,48,70,62,70,125,48,48,47,57,50,49,58,49,50,64,56,57,53,62,4622,312,46,44,48,43,53,47,47,58,50,47,59,53,52,54,57,58,55,58,53,55,285,122,47,54,59,50,52,88,73,53,53,56,54,53,60,55,55,57,53,58,59,60]}