{"time":[3.024000000000001,3.0860000000000007,3.145000000000001,3.204000000000001,3.270000000000001,3.329000000000001,3.390000000000001,3.452000000000001,3.513000000000001,3.576000000000001,3.639000000000001,3.700000000000001,3.7630000000000012,3.837000000000001,3.9120000000000013,3.9950000000000014,4.070000000000001,4.136000000000001,4.209000000000001,4.292000000000002,4.370000000000002,4.437000000000002,4.521000000000002,4.6030000000000015,4.669000000000001,4.741000000000001,4.822000000000002,4.903000000000002,4.971000000000002,5.0550000000000015,5.138000000000002,5.207000000000002,5.2890000000000015,5.380000000000002,5.492000000000002,5.584000000000001,5.731000000000002,5.908000000000001,6.123000000000001,6.377000000000001,6.635000000000001,6.897,7.1610000000000005,7.399000000000001,7.455000000000001,7.524000000000001,7.599000000000001,7.665000000000001,7.728000000000001,7.791,7.855,7.920000000000001,7.992000000000001,8.073,8.141,8.22,8.386000000000001,8.508000000000001,8.64,8.778,8.841000000000001,8.907000000000002,8.976000000000003,9.044000000000002,11.507000000000001,11.872000000000002,11.928,11.989,12.051,12.114,12.180000000000001,12.244000000000002,12.309000000000001,12.374,12.440000000000001,12.513000000000002,12.583000000000002,12.652000000000003,12.722000000000003,12.791000000000004,12.861000000000004,12.929000000000004,12.999000000000004],"fps":[15.686274509803921,15.686274509803921,16.175071360608943,16.175071360608943,16.175071360608943,16.175071360608943,16.175071360608943,16.175071360608943,16.175071360608943,16.175071360608943,16.175071360608943,16.175071360608943,16.175071360608943,16.175071360608943,16.175071360608943,16.175071360608943,16.175071360608943,16.175071360608943,15.037593984962406,15.037593984962406,15.037593984962406,15.037593984962406,15.037593984962406,15.037593984962406,15.037593984962406,15.037593984962406,15.037593984962406,15.037593984962406,15.037593984962406,15.037593984962406,15.037593984962406,15.037593984962406,12.962962962962964,12.962962962962964,12.962962962962964,12.962962962962964,12.962962962962964,12.962962962962964,12.962962962962964,6.4338235294117645,6.4338235294117645,6.4338235294117645,6.4338235294117645,3.9138943248532287,3.9138943248532287,3.9138943248532287,3.9138943248532287,3.9138943248532287,3.9138943248532287,3.9138943248532287,3.9138943248532287,3.9138943248532287,3.9138943248532287,3.9138943248532287,3.9138943248532287,3.9138943248532287,3.9138943248532287,12.623985572587918,12.623985572587918,12.623985572587918,12.623985572587918,12.623985572587918,12.623985572587918,12.623985572587918,2.334111370456819,2.334111370456819,2.334111370456819,2.334111370456819,2.334111370456819,2.334111370456819,2.334111370456819,2.334111370456819,2.334111370456819,2.334111370456819,2.334111370456819,10.934393638170974,10.934393638170974,10.934393638170974,10.934393638170974,10.934393638170974,10.934393638170974,10.934393638170974,10.934393638170974],"raf":[63,62,59,59,66,60,61,61,61,63,63,62,62,74,75,83,75,67,72,83,78,67,85,82,65,72,81,81,68,84,84,68,82,91,112,93,146,177,215,254,258,263,263,238,56,69,75,66,63,63,64,65,72,81,68,80,165,122,132,138,63,66,69,68,2463,365,56,62,61,63,66,64,65,65,67,72,70,70,69,70,69,69,70]}