{"time":[3.057,3.117,3.167,3.227,3.2889999999999997,3.3569999999999998,3.417,3.461,3.518,3.5909999999999997,3.651,3.694,3.751,3.81,3.8770000000000002,3.934,3.998,4.046,4.107,4.178,4.234,4.282,4.341,4.42,4.467,4.513,4.5729999999999995,4.672999999999999,4.700999999999999,4.744999999999998,4.801999999999999,4.927999999999999,4.950999999999999,4.993999999999999,5.0539999999999985,5.200999999999999,5.217999999999999,5.264999999999999,5.320999999999999,5.479999999999999,5.500999999999999,5.5459999999999985,5.6019999999999985,5.761999999999999,5.783999999999999,5.8279999999999985,5.884999999999999,6.043999999999999,6.066999999999998,6.107999999999999,6.1709999999999985,6.329999999999998,6.350999999999998,6.393999999999998,6.453999999999998,6.612999999999998,6.633999999999998,6.676999999999998,6.734999999999998,6.891999999999998,6.916999999999998,6.958999999999998,7.115999999999998,7.133999999999998,7.178999999999998,7.235999999999998,7.396999999999998,7.416999999999997,7.459999999999997,7.519999999999997,7.676999999999997,7.700999999999997,7.741999999999997,7.802999999999997,7.961999999999997,7.983999999999997,8.024999999999997,8.088999999999997,8.247999999999998,8.266999999999998,8.308999999999997,8.421999999999997,8.449999999999998,8.493999999999998,8.554999999999998,8.616999999999997,8.687999999999997,8.729999999999997,8.790999999999997,8.848999999999997,8.906999999999996,8.964999999999996,9.020999999999995,9.078999999999995,9.138999999999996,9.199999999999996,9.251999999999995,9.306999999999995,9.361999999999995,9.418999999999995,9.477999999999994,9.535999999999994,11.999999999999995,12.016999999999994,12.062999999999994,12.120999999999993,12.174999999999994,12.226999999999993,12.284999999999993,12.338999999999993,12.398999999999994,12.452999999999994,12.506999999999994,12.560999999999995,12.615999999999994,12.665999999999995,12.718999999999996,12.777999999999995,12.825999999999995,12.880999999999995,12.934999999999995,12.990999999999994],"fps":[16.949152542372882,16.949152542372882,16.949152542372882,16.949152542372882,16.949152542372882,16.949152542372882,16.949152542372882,16.949152542372882,16.949152542372882,16.949152542372882,16.765285996055226,16.765285996055226,16.765285996055226,16.765285996055226,16.765285996055226,16.765285996055226,16.765285996055226,16.765285996055226,16.765285996055226,16.765285996055226,16.765285996055226,16.765285996055226,16.765285996055226,16.765285996055226,16.765285996055226,16.765285996055226,16.765285996055226,16.65034280117532,16.65034280117532,16.65034280117532,16.65034280117532,16.65034280117532,16.65034280117532,16.65034280117532,16.65034280117532,16.65034280117532,16.65034280117532,16.65034280117532,16.65034280117532,16.65034280117532,16.65034280117532,16.65034280117532,16.65034280117532,14.692378328741965,14.692378328741965,14.692378328741965,14.692378328741965,14.692378328741965,14.692378328741965,14.692378328741965,14.692378328741965,14.692378328741965,14.692378328741965,14.692378328741965,14.692378328741965,14.692378328741965,14.692378328741965,14.692378328741965,14.692378328741965,14.15929203539823,14.15929203539823,14.15929203539823,14.15929203539823,14.15929203539823,14.15929203539823,14.15929203539823,14.15929203539823,14.15929203539823,14.15929203539823,14.15929203539823,14.15929203539823,14.15929203539823,14.15929203539823,14.15929203539823,14.018691588785046,14.018691588785046,14.018691588785046,14.018691588785046,14.018691588785046,14.018691588785046,14.018691588785046,14.018691588785046,14.018691588785046,14.018691588785046,14.018691588785046,14.018691588785046,14.018691588785046,14.018691588785046,14.018691588785046,14.018691588785046,14.018691588785046,16.949152542372882,16.949152542372882,16.949152542372882,16.949152542372882,16.949152542372882,16.949152542372882,16.949152542372882,16.949152542372882,16.949152542372882,16.949152542372882,16.949152542372882,3.624382207578254,3.624382207578254,3.624382207578254,3.624382207578254,3.624382207578254,3.624382207578254,3.624382207578254,3.624382207578254,3.624382207578254,3.624382207578254,3.624382207578254,3.624382207578254,3.624382207578254,3.624382207578254,3.624382207578254,3.624382207578254,3.624382207578254,3.624382207578254,3.624382207578254,3.624382207578254],"raf":[68,59,51,59,63,67,61,44,56,73,60,42,58,58,67,58,63,48,61,71,57,47,59,79,47,47,59,100,28,44,57,126,23,43,61,146,17,48,55,159,21,46,56,159,22,44,57,159,23,41,63,160,21,42,60,159,21,44,58,156,25,42,157,18,45,57,161,20,43,61,156,24,42,60,159,22,42,63,159,19,42,113,28,44,61,62,71,43,60,58,58,58,56,58,60,61,53,54,56,57,58,58,2464,17,46,59,53,52,59,53,61,53,54,54,56,49,53,59,48,56,54,55]}