{"time":[3.0919999999999996,3.1119999999999997,3.1569999999999996,3.2129999999999996,3.3739999999999997,3.3949999999999996,3.4389999999999996,3.5939999999999994,3.611999999999999,3.6589999999999994,3.7149999999999994,3.8719999999999994,3.8939999999999992,3.934999999999999,4.093999999999999,4.111,4.157,4.214,4.373,4.3950000000000005,4.437,4.4990000000000006,4.656000000000001,4.678000000000001,4.719000000000001,4.875000000000001,4.8950000000000005,4.937,5.093,5.111,5.156,5.212,5.367999999999999,5.395,5.430999999999999,5.494999999999999,5.6499999999999995,5.661999999999999,5.712999999999999,5.8709999999999996,5.893999999999999,5.935,6.093,6.112,6.1530000000000005,6.298,6.328,6.378,6.432,6.488,6.548,6.608,6.67,6.729,6.787,6.848,6.9079999999999995,6.967,7.023,7.079,7.135,7.193,7.25,7.315,7.377000000000001,7.418000000000001,7.478000000000001,12.085,12.098,12.155000000000001,12.212000000000002,12.270000000000001,12.327000000000002,12.385000000000002,12.436000000000002,12.492,12.543000000000001,12.594000000000001,12.785000000000002,12.796000000000001,12.858,12.904,12.958],"fps":[16.865079365079364,16.865079365079364,16.865079365079364,16.865079365079364,16.865079365079364,16.865079365079364,16.865079365079364,12.612612612612613,12.612612612612613,12.612612612612613,12.612612612612613,12.612612612612613,12.612612612612613,12.612612612612613,12.612612612612613,12.612612612612613,12.612612612612613,12.612612612612613,12.612612612612613,12.612612612612613,12.612612612612613,12.612612612612613,14.137606032045241,14.137606032045241,14.137606032045241,14.137606032045241,14.137606032045241,14.137606032045241,14.137606032045241,14.137606032045241,14.137606032045241,14.137606032045241,14.137606032045241,14.137606032045241,14.137606032045241,14.137606032045241,14.137606032045241,14.910536779324056,14.910536779324056,14.910536779324056,14.910536779324056,14.910536779324056,14.910536779324056,14.910536779324056,14.910536779324056,14.910536779324056,14.910536779324056,14.910536779324056,14.910536779324056,14.910536779324056,14.910536779324056,14.910536779324056,14.866204162537166,14.866204162537166,14.866204162537166,14.866204162537166,14.866204162537166,14.866204162537166,14.866204162537166,14.866204162537166,14.866204162537166,14.866204162537166,14.866204162537166,14.866204162537166,14.866204162537166,14.866204162537166,14.866204162537166,2.770083102493075,2.770083102493075,2.770083102493075,2.770083102493075,2.770083102493075,2.770083102493075,2.770083102493075,2.770083102493075,2.770083102493075,2.770083102493075,2.770083102493075,2.770083102493075,2.770083102493075,2.770083102493075,2.770083102493075,2.770083102493075],"raf":[156,20,45,57,160,21,44,156,17,47,57,156,23,40,159,17,46,57,160,21,42,63,156,23,40,156,21,41,156,18,45,56,156,27,36,65,154,12,51,158,23,41,158,19,42,145,29,51,53,56,61,60,62,59,58,61,60,59,56,56,56,57,57,65,63,41,60,4607,13,56,58,57,59,56,52,55,51,51,192,11,62,46,53]}