{"time":[3.022999999999999,3.090999999999999,3.157999999999999,3.223999999999999,3.308999999999999,3.4309999999999987,3.473999999999999,3.5239999999999987,3.5679999999999987,3.614999999999999,3.665999999999999,3.713999999999999,3.763999999999999,3.810999999999999,3.854999999999999,3.916999999999999,3.9629999999999987,4.009999999999999,4.059999999999999,4.107999999999999,4.156999999999999,7.696,7.7379999999999995,7.773,7.819999999999999,7.866,7.909999999999999,7.9559999999999995,8.001999999999999,8.049,8.096,8.139,8.187,8.232,8.282,8.338,8.388,8.432,8.486,8.536000000000001,8.584000000000001,8.64,8.687000000000001,8.741000000000001,8.788000000000002,8.839000000000002,8.897000000000002,8.945000000000002,9.540000000000003,9.665000000000003,9.706000000000003,9.749000000000002,9.798000000000002,9.847000000000001,9.894000000000002,9.958000000000002,10.029000000000002,10.078000000000001,10.124,10.175,10.231,10.278,10.33,10.382,10.435,10.486,10.540000000000001,10.597000000000001,10.645000000000001,10.704,10.772,10.822000000000001,10.892000000000001,10.954,11.007000000000001,11.055000000000001,11.106000000000002,11.160000000000002,11.213000000000003,11.267000000000003,11.324000000000003,11.376000000000003,11.427000000000003,11.482000000000003,11.534000000000002,11.586000000000002,11.642000000000001,11.697000000000001,11.751000000000001,11.804000000000002,11.859000000000002,11.916000000000002,11.968000000000002,12.019000000000002,12.078000000000001,12.132000000000001,12.185000000000002,12.246000000000002,12.299000000000003,12.355000000000002,12.414000000000001,12.467000000000002,12.523000000000001,12.585,12.64,12.700000000000001,12.755,12.808000000000002,12.865000000000002,12.917000000000002,12.969000000000001],"fps":[15.503875968992247,15.503875968992247,15.503875968992247,15.503875968992247,15.503875968992247,15.503875968992247,15.503875968992247,15.503875968992247,15.503875968992247,15.503875968992247,15.503875968992247,15.503875968992247,15.503875968992247,15.503875968992247,15.503875968992247,15.503875968992247,15.503875968992247,17.324350336862366,17.324350336862366,17.324350336862366,17.324350336862366,1.0857763300760044,1.0857763300760044,1.0857763300760044,1.0857763300760044,1.0857763300760044,1.0857763300760044,1.0857763300760044,1.0857763300760044,1.0857763300760044,1.0857763300760044,1.0857763300760044,1.0857763300760044,1.0857763300760044,1.0857763300760044,1.0857763300760044,1.0857763300760044,1.0857763300760044,1.0857763300760044,1.0857763300760044,1.0857763300760044,1.0857763300760044,1.0857763300760044,21.05263157894737,21.05263157894737,21.05263157894737,21.05263157894737,21.05263157894737,21.05263157894737,21.05263157894737,21.05263157894737,7.936507936507937,7.936507936507937,7.936507936507937,7.936507936507937,7.936507936507937,7.936507936507937,7.936507936507937,7.936507936507937,7.936507936507937,7.936507936507937,7.936507936507937,7.936507936507937,7.936507936507937,7.936507936507937,7.936507936507937,7.936507936507937,7.936507936507937,7.936507936507937,7.936507936507937,18.57282502443793,18.57282502443793,18.57282502443793,18.57282502443793,18.57282502443793,18.57282502443793,18.57282502443793,18.57282502443793,18.57282502443793,18.57282502443793,18.57282502443793,18.57282502443793,18.57282502443793,18.57282502443793,18.57282502443793,18.57282502443793,18.57282502443793,18.57282502443793,18.57282502443793,18.410852713178294,18.410852713178294,18.410852713178294,18.410852713178294,18.410852713178294,18.410852713178294,18.410852713178294,18.410852713178294,18.410852713178294,18.410852713178294,18.410852713178294,18.410852713178294,18.410852713178294,18.410852713178294,18.410852713178294,18.410852713178294,18.410852713178294,18.410852713178294,17.91044776119403,17.91044776119403,17.91044776119403,17.91044776119403],"raf":[51,67,67,67,84,122,44,49,44,47,52,48,49,47,44,63,46,48,48,49,48,3539,42,35,47,46,44,47,46,47,46,44,47,45,50,56,50,44,54,50,49,55,47,54,47,52,57,49,594,126,40,43,49,49,47,64,71,49,46,52,55,48,51,52,53,51,54,57,49,58,68,50,70,63,52,49,50,54,53,54,57,52,51,55,52,52,56,55,54,53,55,57,52,52,59,53,53,62,53,55,59,53,56,62,55,60,56,53,56,53,51]}