{"time":[3.137,3.174,3.293,3.428,3.4579999999999997,3.5789999999999997,3.7219999999999995,3.7579999999999996,3.877,4.021,4.058,4.177,4.3149999999999995,4.340999999999999,4.374,4.417,4.46,4.504,4.539999999999999,4.574999999999999,4.603999999999999,4.631999999999999,4.657999999999999,4.690999999999999,4.723999999999999,4.749999999999999,4.773999999999999,4.804999999999999,4.832999999999998,4.862999999999999,4.921999999999999,4.956999999999999,4.981999999999999,5.005999999999999,5.033999999999999,5.064999999999999,5.090999999999998,5.121999999999998,5.152999999999998,5.181999999999998,5.2079999999999975,5.249999999999997,5.290999999999998,5.318999999999997,5.345999999999997,5.371999999999997,5.403999999999997,5.4339999999999975,5.464999999999997,5.494999999999997,5.524999999999998,5.560999999999997,5.5909999999999975,5.618999999999997,5.647999999999997,5.674999999999997,5.701999999999997,5.733999999999997,5.763999999999998,5.790999999999998,5.825999999999998,5.865999999999998,5.907999999999998,5.936999999999998,5.9659999999999975,5.994999999999997,6.023999999999997,6.053999999999998,6.085999999999998,6.115999999999998,6.145999999999998,6.173999999999998,11.005999999999997,11.039999999999997,11.059999999999997,11.089999999999996,11.120999999999997,11.150999999999996,11.181999999999997,11.215999999999998,11.244999999999997,11.273999999999997,11.305999999999997,11.341999999999997,11.372999999999998,11.397999999999998,11.423999999999998,11.451999999999998,11.477999999999998,11.504999999999997,11.531999999999996,11.558999999999996,11.587999999999996,11.614999999999995,11.643999999999995,11.673999999999994,11.705999999999994,11.733999999999995,11.761999999999995,11.792999999999996,11.820999999999996,11.851999999999997,11.880999999999997,11.909999999999997,11.939999999999996,11.972999999999995,12.003999999999996,12.035999999999996,12.065999999999995,12.094999999999995,12.127999999999995,12.155999999999995,12.189999999999996,12.222999999999995,12.253999999999996,12.638999999999996,12.731999999999996,12.755999999999995,12.781999999999995,12.808999999999994,12.836999999999994,12.863999999999994,12.891999999999994,12.920999999999994,12.947999999999993,12.978999999999994],"fps":[9.99000999000999,9.99000999000999,9.99000999000999,9.99000999000999,9.99000999000999,9.99000999000999,9.99000999000999,9.99000999000999,9.99000999000999,9.727626459143968,9.727626459143968,9.727626459143968,9.727626459143968,9.727626459143968,9.727626459143968,9.727626459143968,9.727626459143968,9.727626459143968,9.727626459143968,9.727626459143968,9.727626459143968,9.727626459143968,9.727626459143968,9.727626459143968,9.727626459143968,9.727626459143968,9.727626459143968,9.727626459143968,9.727626459143968,9.727626459143968,9.727626459143968,9.727626459143968,9.727626459143968,9.727626459143968,24.65483234714004,24.65483234714004,24.65483234714004,24.65483234714004,24.65483234714004,24.65483234714004,24.65483234714004,24.65483234714004,24.65483234714004,24.65483234714004,24.65483234714004,24.65483234714004,24.65483234714004,24.65483234714004,24.65483234714004,24.65483234714004,24.65483234714004,24.65483234714004,24.65483234714004,24.65483234714004,24.65483234714004,24.65483234714004,24.65483234714004,24.65483234714004,24.65483234714004,24.65483234714004,24.65483234714004,24.65483234714004,24.65483234714004,24.65483234714004,24.65483234714004,24.65483234714004,24.65483234714004,32.3846908734053,32.3846908734053,32.3846908734053,32.3846908734053,32.3846908734053,1.0094891984655765,1.0094891984655765,1.0094891984655765,1.0094891984655765,1.0094891984655765,1.0094891984655765,1.0094891984655765,1.0094891984655765,1.0094891984655765,1.0094891984655765,1.0094891984655765,1.0094891984655765,1.0094891984655765,1.0094891984655765,1.0094891984655765,1.0094891984655765,1.0094891984655765,1.0094891984655765,1.0094891984655765,1.0094891984655765,1.0094891984655765,1.0094891984655765,1.0094891984655765,1.0094891984655765,1.0094891984655765,1.0094891984655765,1.0094891984655765,1.0094891984655765,1.0094891984655765,1.0094891984655765,1.0094891984655765,1.0094891984655765,1.0094891984655765,1.0094891984655765,1.0094891984655765,33.980582524271846,33.980582524271846,33.980582524271846,33.980582524271846,33.980582524271846,33.980582524271846,33.980582524271846,33.980582524271846,33.980582524271846,33.980582524271846,33.980582524271846,33.980582524271846,33.980582524271846,33.980582524271846,33.980582524271846,33.980582524271846,33.980582524271846,33.980582524271846,33.980582524271846],"raf":[144,37,119,135,30,122,142,36,119,144,37,119,138,26,34,42,42,44,37,34,29,28,26,33,34,25,24,31,28,31,58,36,24,24,29,31,25,31,32,29,26,41,41,28,27,26,33,30,30,30,30,36,30,28,29,27,27,33,29,28,34,40,42,30,28,29,30,29,33,29,30,28,4833,34,20,29,32,29,32,33,30,28,32,36,32,24,26,28,27,26,28,26,29,27,29,31,32,27,28,31,28,31,29,30,29,33,31,33,29,30,33,28,34,33,30,385,93,24,26,28,27,27,29,28,28,30]}