{"time":[5.927999999999999,5.953999999999999,5.977999999999999,6.009999999999999,6.050999999999999,6.0889999999999995,6.124999999999999,6.160999999999999,6.204999999999998,6.240999999999998,6.279999999999998,6.314999999999998,6.354999999999998,6.387999999999998,6.425999999999998,6.4689999999999985,6.495999999999999,6.5299999999999985,6.568999999999998,6.592999999999998,6.626999999999998,6.660999999999998,6.687999999999998,6.724999999999998,6.755999999999998,6.789999999999997,6.8169999999999975,6.850999999999997,6.882999999999997,6.910999999999997,6.943999999999997,6.9739999999999975,6.998999999999998,7.031999999999998,7.0619999999999985,7.087999999999998,7.121999999999998,7.153999999999998,7.180999999999998,7.211999999999998,7.242999999999998,7.272999999999998,7.318999999999998,7.369999999999998,7.399999999999999,7.432999999999999,7.464999999999999,7.508999999999999,7.536999999999998,7.563999999999998,7.598999999999998,7.631999999999999,7.661999999999999,7.710999999999999,7.754,7.776,7.803999999999999,7.85,7.872999999999999,7.901999999999999,7.940999999999999,7.985999999999999,8.008,8.043,8.072,8.12,8.142,8.179,8.209,8.258,8.286999999999999,8.315,8.352,8.388,8.437,8.456999999999999,8.489999999999998,8.524,8.555,8.6,8.623,8.66,8.689,8.737,8.77,8.802,8.831,8.894,8.921,8.966999999999999,8.995,9.09,9.12,9.184,9.209,9.331999999999999,9.354,9.449,9.472,9.571,9.696,9.721,9.835,9.864,10.082,10.104000000000001,10.219000000000001,10.244000000000002,10.361000000000002,10.484000000000002,10.503000000000002,10.621000000000002,10.752000000000002,10.770000000000003,10.884000000000004,10.913000000000004,11.030000000000005,11.165000000000004,11.186000000000005,11.301000000000005,11.330000000000005,11.445000000000006,11.472000000000005,11.587000000000005,11.719000000000005,11.736000000000004,11.851000000000004,11.882000000000005,11.996000000000006,12.028000000000006,12.249000000000006,12.270000000000007,12.385000000000007,12.519000000000007,12.537000000000008,12.651000000000009,12.684000000000008,12.805000000000009,12.939000000000009,12.98600000000001],"fps":[5.3423031262366445,5.3423031262366445,5.3423031262366445,5.3423031262366445,5.3423031262366445,5.3423031262366445,5.3423031262366445,5.3423031262366445,5.3423031262366445,5.3423031262366445,5.3423031262366445,5.3423031262366445,5.3423031262366445,5.3423031262366445,5.3423031262366445,5.3423031262366445,5.3423031262366445,5.3423031262366445,5.3423031262366445,5.3423031262366445,5.3423031262366445,5.3423031262366445,5.3423031262366445,5.3423031262366445,5.3423031262366445,5.3423031262366445,5.3423031262366445,5.3423031262366445,5.3423031262366445,5.3423031262366445,29.49852507374631,29.49852507374631,29.49852507374631,29.49852507374631,29.49852507374631,29.49852507374631,29.49852507374631,29.49852507374631,29.49852507374631,29.49852507374631,29.49852507374631,29.49852507374631,29.49852507374631,29.49852507374631,29.49852507374631,29.49852507374631,29.49852507374631,29.49852507374631,29.49852507374631,29.49852507374631,29.49852507374631,29.49852507374631,29.49852507374631,29.49852507374631,29.49852507374631,29.49852507374631,29.49852507374631,29.49852507374631,29.49852507374631,29.49852507374631,29.49852507374631,29.750479846449135,29.750479846449135,29.750479846449135,29.750479846449135,29.750479846449135,29.750479846449135,29.750479846449135,29.750479846449135,29.750479846449135,29.750479846449135,29.750479846449135,29.750479846449135,29.750479846449135,29.750479846449135,29.750479846449135,29.750479846449135,29.750479846449135,29.750479846449135,29.750479846449135,29.750479846449135,29.750479846449135,29.750479846449135,29.750479846449135,29.750479846449135,29.750479846449135,29.750479846449135,29.750479846449135,29.750479846449135,29.750479846449135,28.76984126984127,28.76984126984127,28.76984126984127,28.76984126984127,28.76984126984127,28.76984126984127,28.76984126984127,28.76984126984127,28.76984126984127,28.76984126984127,28.76984126984127,28.76984126984127,28.76984126984127,28.76984126984127,12.867647058823529,12.867647058823529,12.867647058823529,12.867647058823529,12.867647058823529,12.867647058823529,12.867647058823529,12.867647058823529,12.867647058823529,12.867647058823529,12.867647058823529,12.867647058823529,12.867647058823529,12.014787430683919,12.014787430683919,12.014787430683919,12.014787430683919,12.014787430683919,12.014787430683919,12.014787430683919,12.014787430683919,12.014787430683919,12.014787430683919,12.014787430683919,12.014787430683919,12.014787430683919,11.992619926199263,11.992619926199263,11.992619926199263,11.992619926199263,11.992619926199263,11.992619926199263,11.992619926199263,11.992619926199263,11.992619926199263,11.992619926199263],"raf":[4082,27,24,31,41,38,36,37,43,36,39,36,39,34,37,43,27,34,39,25,34,33,28,36,32,33,27,34,32,28,34,29,25,33,30,26,34,32,27,31,32,30,50,46,31,32,32,45,27,28,35,32,31,48,43,23,28,45,24,29,38,46,21,36,28,49,22,37,29,49,29,28,38,35,50,20,33,33,32,44,23,37,29,49,32,33,28,63,27,47,27,95,31,64,24,123,23,94,23,99,125,25,114,29,219,22,114,26,117,122,19,118,131,19,114,29,117,134,22,114,30,114,27,115,132,18,114,31,115,31,221,22,114,134,18,115,32,122,133,48]}