{"time":[3.0329999999999995,3.0949999999999993,3.1579999999999995,3.2189999999999994,3.2809999999999993,3.3439999999999994,3.4069999999999996,3.4899999999999998,3.542,3.6069999999999998,3.678,3.7439999999999998,3.815,3.885,3.9549999999999996,4.021999999999999,4.0889999999999995,4.1579999999999995,4.2379999999999995,4.297,4.383,4.456,4.518000000000001,4.5920000000000005,4.672000000000001,4.735,4.8100000000000005,4.894,4.974,5.029,5.1129999999999995,5.1739999999999995,5.239999999999999,5.316999999999999,5.374,5.436,5.522,5.573,5.633,5.699,5.764,5.83,5.8950000000000005,6.027,6.056,6.1,6.254,6.273,6.33,6.396,6.462,6.528,6.592,6.755,6.773,6.8309999999999995,6.997999999999999,7.023,7.0729999999999995,7.138,7.212,7.37,7.383,7.443,7.507,7.672,7.6899999999999995,7.742999999999999,7.808999999999999,7.874,8.04,8.056999999999999,8.11,8.176,8.241,8.404,8.422,8.476,8.542000000000002,8.606000000000002,8.673000000000002,8.739000000000003,8.904000000000002,8.923000000000002,8.975000000000001,9.144000000000002,9.156000000000002,9.215000000000002,9.281000000000002,9.346000000000002,9.410000000000002,9.473000000000003,9.636000000000003,9.656000000000002,9.707000000000003,9.871000000000002,9.889000000000003,9.940000000000003,10.103000000000003,10.122000000000003,10.173000000000004,10.336000000000004,10.356000000000003,10.407000000000004,10.571000000000003,10.589000000000004,10.644000000000004,10.708000000000004,10.773000000000003,10.938000000000002,10.956000000000003,11.009000000000004,11.178000000000004,11.206000000000005,11.248000000000005,11.311000000000005,11.376000000000005,11.440000000000005,11.602000000000006,11.623000000000006,11.675000000000006,11.838000000000006,11.856000000000007,11.910000000000007,11.975000000000007,12.039000000000007,12.201000000000008,12.222000000000008,12.271000000000008,12.333000000000007,12.395000000000007,12.459000000000007,12.574000000000007,12.589000000000008,12.647000000000007,12.708000000000007,12.771000000000008,12.832000000000008,12.898000000000009,12.966000000000008],"fps":[16.472868217054263,16.472868217054263,16.472868217054263,15.56420233463035,15.56420233463035,15.56420233463035,15.56420233463035,15.56420233463035,15.56420233463035,15.56420233463035,15.56420233463035,15.56420233463035,15.56420233463035,15.56420233463035,15.56420233463035,15.56420233463035,15.56420233463035,15.56420233463035,14.720314033366044,14.720314033366044,14.720314033366044,14.720314033366044,14.720314033366044,14.720314033366044,14.720314033366044,14.720314033366044,14.720314033366044,14.720314033366044,14.720314033366044,14.720314033366044,14.720314033366044,14.720314033366044,13.972055888223553,13.972055888223553,13.972055888223553,13.972055888223553,13.972055888223553,13.972055888223553,13.972055888223553,13.972055888223553,13.972055888223553,13.972055888223553,13.972055888223553,13.972055888223553,13.972055888223553,13.972055888223553,13.793103448275861,13.793103448275861,13.793103448275861,13.793103448275861,13.793103448275861,13.793103448275861,13.793103448275861,13.793103448275861,13.793103448275861,13.793103448275861,13.793103448275861,13.793103448275861,13.793103448275861,13.793103448275861,13.793103448275861,13.440860215053764,13.440860215053764,13.440860215053764,13.440860215053764,13.440860215053764,13.440860215053764,13.440860215053764,13.440860215053764,13.440860215053764,13.440860215053764,13.440860215053764,13.440860215053764,13.440860215053764,13.440860215053764,13.539651837524177,13.539651837524177,13.539651837524177,13.539651837524177,13.539651837524177,13.539651837524177,13.539651837524177,13.539651837524177,13.539651837524177,13.539651837524177,13.539651837524177,13.539651837524177,13.539651837524177,13.539651837524177,13.539651837524177,14.925373134328359,14.925373134328359,14.925373134328359,14.925373134328359,14.925373134328359,14.925373134328359,14.925373134328359,14.925373134328359,14.925373134328359,14.925373134328359,14.925373134328359,14.925373134328359,14.925373134328359,14.925373134328359,12.058570198105082,12.058570198105082,12.058570198105082,12.058570198105082,12.058570198105082,12.058570198105082,12.058570198105082,12.058570198105082,12.058570198105082,12.058570198105082,12.058570198105082,12.058570198105082,12.058570198105082,12.058570198105082,13.579049466537342,13.579049466537342,13.579049466537342,13.579049466537342,13.579049466537342,13.579049466537342,13.579049466537342,13.579049466537342,13.579049466537342,13.579049466537342,13.579049466537342,13.579049466537342,13.579049466537342,13.579049466537342,13.579049466537342,13.579049466537342,15.311004784688995,15.311004784688995,15.311004784688995,15.311004784688995,15.311004784688995,15.311004784688995],"raf":[61,62,63,61,63,62,63,86,50,64,71,67,70,70,70,68,66,70,79,59,86,74,61,75,80,62,75,84,80,55,84,61,66,77,57,62,86,52,59,66,65,66,66,131,29,44,155,19,56,67,66,65,64,163,18,59,166,25,50,65,74,159,12,60,64,165,18,53,67,64,166,17,55,65,64,164,19,52,66,66,65,67,164,19,52,169,12,59,68,63,64,64,163,19,51,164,18,51,164,18,51,163,21,51,163,19,54,64,65,165,18,53,169,28,42,63,66,64,161,21,52,165,16,54,65,65,161,21,50,61,63,63,115,15,58,61,64,61,66,67]}