{"time":[3.0069999999999992,3.048999999999999,3.089999999999999,3.134999999999999,3.178999999999999,3.222999999999999,3.313999999999999,3.407999999999999,3.446999999999999,3.486999999999999,3.5299999999999994,3.5729999999999995,3.6149999999999993,3.6599999999999993,3.7029999999999994,3.8179999999999996,3.8659999999999997,3.9079999999999995,3.9479999999999995,3.9889999999999994,4.034,4.075,4.119,4.162999999999999,4.2059999999999995,4.249,4.29,4.335,4.38,4.426,4.468,4.511,4.558,4.601999999999999,4.645999999999999,4.688999999999999,4.734999999999999,4.776,4.822,4.865,4.91,4.955,5.001,5.049,5.093,5.137,5.18,5.225,5.274,5.317,5.364,5.407,5.452,5.497,5.542,5.587,5.630999999999999,5.674999999999999,5.721999999999999,5.764999999999999,5.810999999999999,5.856999999999999,5.8999999999999995,5.946,5.989,6.034,6.0809999999999995,6.127999999999999,6.174999999999999,6.228999999999999,6.278,6.324999999999999,6.3709999999999996,6.4159999999999995,6.462999999999999,6.506999999999999,6.552999999999999,6.598999999999999,6.651999999999999,6.711999999999999,6.773999999999999,6.834999999999999,6.900999999999999,6.959999999999999,7.017999999999999,7.083999999999999,7.150999999999999,7.203999999999999,7.260999999999999,7.318999999999999,7.386999999999999,7.450999999999999,7.504999999999999,7.556999999999999,7.6099999999999985,7.669999999999998,7.735999999999998,7.800999999999998,7.853999999999998,7.905999999999998,7.9579999999999975,8.015999999999998,8.077999999999998,8.127999999999998,8.178999999999998,8.230999999999998,8.303999999999998,8.368999999999998,8.468999999999998,8.592999999999998,8.663999999999998,8.824999999999998,9.017999999999997,9.252999999999997,9.497999999999996,9.740999999999996,9.987999999999996,10.234999999999996,10.477999999999996,10.721999999999996,10.961999999999996,11.114999999999997,11.161999999999997,11.211999999999998,11.273999999999997,11.329999999999997,11.380999999999997,11.431999999999997,11.478999999999997,11.527999999999997,11.574999999999998,11.621999999999998,11.671999999999999,11.719,11.767999999999999,11.816999999999998,11.874999999999998,11.924999999999999,11.972999999999999,12.021999999999998,12.070999999999998,12.119999999999997,12.167999999999997,12.216999999999997,12.264999999999997,12.463999999999997,12.535999999999996,12.581999999999995,12.634999999999996,12.698999999999996,12.767999999999997,12.848999999999997,12.956999999999997],"fps":[13.397129186602871,13.397129186602871,13.397129186602871,19.821605550049554,19.821605550049554,19.821605550049554,19.821605550049554,19.821605550049554,19.821605550049554,19.821605550049554,19.821605550049554,19.821605550049554,19.821605550049554,19.821605550049554,19.821605550049554,19.821605550049554,19.821605550049554,19.821605550049554,19.821605550049554,19.821605550049554,19.821605550049554,19.821605550049554,19.821605550049554,19.455252918287936,19.455252918287936,19.455252918287936,19.455252918287936,19.455252918287936,19.455252918287936,19.455252918287936,19.455252918287936,19.455252918287936,19.455252918287936,19.455252918287936,19.455252918287936,19.455252918287936,19.455252918287936,19.455252918287936,19.455252918287936,19.455252918287936,19.455252918287936,19.455252918287936,19.455252918287936,19.455252918287936,19.455252918287936,19.455252918287936,22.615535889872174,22.615535889872174,22.615535889872174,22.615535889872174,22.615535889872174,22.615535889872174,22.615535889872174,22.615535889872174,22.615535889872174,22.615535889872174,22.615535889872174,22.615535889872174,22.615535889872174,22.615535889872174,22.615535889872174,22.615535889872174,22.615535889872174,22.615535889872174,22.615535889872174,22.615535889872174,22.615535889872174,22.615535889872174,22.615535889872174,21.904761904761905,21.904761904761905,21.904761904761905,21.904761904761905,21.904761904761905,21.904761904761905,21.904761904761905,21.904761904761905,21.904761904761905,21.904761904761905,21.904761904761905,21.904761904761905,21.904761904761905,21.904761904761905,21.904761904761905,21.904761904761905,21.904761904761905,21.904761904761905,21.904761904761905,18.42870999030068,18.42870999030068,18.42870999030068,18.42870999030068,18.42870999030068,18.42870999030068,18.42870999030068,18.42870999030068,18.42870999030068,18.42870999030068,18.42870999030068,18.42870999030068,18.42870999030068,18.42870999030068,18.42870999030068,18.42870999030068,18.42870999030068,18.42870999030068,17.25790987535954,17.25790987535954,17.25790987535954,17.25790987535954,17.25790987535954,17.25790987535954,17.25790987535954,17.25790987535954,6.700167504187605,6.700167504187605,6.700167504187605,6.700167504187605,6.700167504187605,4.084967320261438,4.084967320261438,4.084967320261438,4.084967320261438,4.084967320261438,4.084967320261438,4.084967320261438,4.084967320261438,4.084967320261438,4.084967320261438,4.084967320261438,4.084967320261438,4.084967320261438,4.084967320261438,4.084967320261438,14.340344168260039,14.340344168260039,14.340344168260039,14.340344168260039,14.340344168260039,14.340344168260039,14.340344168260039,14.340344168260039,14.340344168260039,14.340344168260039,14.340344168260039,14.340344168260039,14.340344168260039,14.340344168260039,14.340344168260039,14.340344168260039,14.340344168260039,15.72617946345976,15.72617946345976],"raf":[97,42,41,45,45,43,91,95,38,41,42,43,43,44,43,116,48,41,41,40,45,41,44,44,43,43,41,45,45,46,42,43,48,44,44,42,47,41,45,43,45,45,46,49,43,44,43,45,48,43,48,42,46,44,46,44,44,44,47,43,46,46,44,45,44,45,46,47,48,54,48,47,46,45,47,44,46,48,51,60,62,61,67,58,58,66,67,53,57,58,68,64,55,51,53,60,66,65,53,52,52,59,62,50,50,52,73,65,100,124,71,161,194,235,244,244,246,247,243,244,240,153,47,50,62,56,51,51,47,49,47,47,49,47,49,50,57,50,48,49,49,49,48,49,49,198,73,45,53,64,69,81,108]}