{"time":[3.071000000000001,3.148000000000001,3.222000000000001,3.303000000000001,3.383000000000001,3.444000000000001,3.536000000000001,3.640000000000001,3.737000000000001,3.851000000000001,3.916000000000001,4.120000000000001,4.269000000000001,4.428000000000001,4.489000000000001,4.6530000000000005,4.821000000000001,5.019000000000001,5.079000000000001,5.152000000000001,5.237000000000001,5.337000000000001,5.450000000000001,5.517000000000001,5.584000000000001,5.665000000000002,5.7280000000000015,5.800000000000002,5.865000000000002,5.936000000000002,6.012000000000001,6.081000000000001,6.149000000000001,6.220000000000001,7.9030000000000005,8.297,8.355,8.419,8.5,8.564,8.631,8.700000000000001,8.778,8.848,8.914000000000001,8.987000000000002,9.064000000000002,9.136000000000001,9.207,9.281,9.349,9.432,9.501000000000001,9.574000000000002,9.649000000000001,9.719000000000001,9.801000000000002,9.882000000000001,9.959000000000001,10.032000000000002,10.107000000000001,10.181000000000001,10.256,10.335,10.411000000000001,10.486,10.563,10.64,10.715,10.792,10.863,10.940999999999999,11.018999999999998,11.102999999999998,11.179999999999998,11.250999999999998,11.327999999999998,11.402999999999997,11.481999999999998,11.571999999999997,11.646999999999997,11.719999999999997,11.800999999999997,11.880999999999997,11.958999999999996,12.035999999999996,12.111999999999997,12.187999999999997,12.263999999999998,12.339999999999998,12.415999999999999,12.495,12.575,12.652999999999999,12.733999999999998,12.812999999999999,12.889999999999999,12.966],"fps":[13.295346628679962,13.295346628679962,13.295346628679962,13.295346628679962,13.295346628679962,13.295346628679962,12.94820717131474,12.94820717131474,12.94820717131474,12.94820717131474,12.94820717131474,12.94820717131474,12.94820717131474,12.94820717131474,12.94820717131474,8.057296329453894,8.057296329453894,8.057296329453894,8.057296329453894,8.057296329453894,8.057296329453894,8.057296329453894,8.057296329453894,8.057296329453894,8.057296329453894,9.891196834817013,9.891196834817013,9.891196834817013,9.891196834817013,9.891196834817013,9.891196834817013,9.891196834817013,9.891196834817013,9.891196834817013,4.021447721179625,4.021447721179625,4.021447721179625,4.021447721179625,4.021447721179625,4.021447721179625,4.021447721179625,4.021447721179625,4.021447721179625,4.021447721179625,9.891196834817013,9.891196834817013,9.891196834817013,9.891196834817013,9.891196834817013,9.891196834817013,9.891196834817013,9.891196834817013,9.891196834817013,9.891196834817013,9.891196834817013,9.891196834817013,9.891196834817013,9.891196834817013,13.397129186602871,13.397129186602871,13.397129186602871,13.397129186602871,13.397129186602871,13.397129186602871,13.397129186602871,13.397129186602871,13.397129186602871,13.397129186602871,13.397129186602871,13.397129186602871,13.397129186602871,13.397129186602871,13.20754716981132,13.20754716981132,13.20754716981132,13.20754716981132,13.20754716981132,13.20754716981132,13.20754716981132,13.20754716981132,13.20754716981132,13.20754716981132,13.20754716981132,13.20754716981132,13.20754716981132,12.782694198623402,12.782694198623402,12.782694198623402,12.782694198623402,12.782694198623402,12.782694198623402,12.782694198623402,12.782694198623402,12.782694198623402,12.782694198623402,12.782694198623402,12.782694198623402,12.782694198623402],"raf":[72,77,74,81,80,61,93,103,97,114,65,204,149,159,61,165,167,198,60,73,85,101,113,66,67,81,64,71,65,72,75,70,67,71,1683,395,57,64,81,64,68,68,78,70,66,74,76,72,72,73,68,83,69,73,74,71,81,81,77,73,75,75,74,79,76,76,76,77,75,77,72,77,78,84,77,72,77,74,79,90,75,73,82,79,78,77,76,77,75,76,76,79,81,77,81,80,77,75]}