{"time":[3.138,4.116,4.178999999999999,4.198999999999999,4.232999999999999,4.2639999999999985,4.288999999999999,4.316999999999998,4.344999999999998,4.369999999999998,4.402999999999999,4.730999999999999,4.751999999999999,4.846999999999999,4.923999999999999,5.0059999999999985,5.089999999999998,5.169999999999998,5.253999999999998,5.334999999999998,5.422999999999998,5.499999999999998,5.574999999999998,5.652999999999999,5.732999999999999,5.815999999999999,5.886999999999999,5.966999999999999,6.050999999999998,6.133999999999999,6.212999999999998,6.292999999999998,6.372999999999998,6.4529999999999985,6.532999999999999,6.611999999999998,6.693999999999998,6.776999999999998,6.857999999999999,6.938999999999999,7.020999999999999,7.102999999999999,7.184999999999999,7.265999999999999,7.348999999999999,7.427,7.512,7.595999999999999,7.675999999999999,7.755999999999999,7.837,7.919,7.999,8.08,8.159,8.243,8.328000000000001,8.410000000000002,8.496000000000002,8.580000000000002,8.664000000000001,8.745000000000001,8.827000000000002,8.908000000000001,8.993000000000002,9.074000000000002,9.154000000000002,9.234000000000002,9.315000000000001,9.39,9.467,9.545,9.622,9.703,9.783,9.860999999999999,9.935999999999998,10.015999999999998,10.098999999999998,10.168999999999999,10.258999999999999,10.331999999999999,10.403999999999998,10.481999999999998,10.569999999999997,10.648999999999997,10.717999999999998,10.799999999999999,10.890999999999998,10.965999999999998,11.040999999999997,11.120999999999997,11.203999999999997,11.284999999999997,11.399999999999997,11.494999999999997,11.538999999999998,11.620999999999999,11.701999999999998,11.781999999999998,11.941999999999998,11.964999999999998,12.037999999999998,12.117999999999999,12.302999999999999,12.331999999999999,12.401,12.572,12.598999999999998,12.672999999999998,12.754999999999999,12.835999999999999,12.918,13],"fps":[3.421309872922776,3.421309872922776,1.9212295869356388,1.9212295869356388,1.9212295869356388,1.9212295869356388,1.9212295869356388,1.9212295869356388,1.9212295869356388,1.9212295869356388,1.9212295869356388,1.9212295869356388,1.9212295869356388,1.9212295869356388,1.9212295869356388,1.9212295869356388,1.9212295869356388,1.9212295869356388,14.8975791433892,14.8975791433892,14.8975791433892,14.8975791433892,14.8975791433892,14.8975791433892,14.8975791433892,14.8975791433892,14.8975791433892,14.8975791433892,14.8975791433892,14.8975791433892,14.8975791433892,12.512030798845043,12.512030798845043,12.512030798845043,12.512030798845043,12.512030798845043,12.512030798845043,12.512030798845043,12.512030798845043,12.512030798845043,12.512030798845043,12.512030798845043,12.512030798845043,12.512030798845043,12.31060606060606,12.31060606060606,12.31060606060606,12.31060606060606,12.31060606060606,12.31060606060606,12.31060606060606,12.31060606060606,12.31060606060606,12.31060606060606,12.31060606060606,12.31060606060606,12.31060606060606,12.24105461393597,12.24105461393597,12.24105461393597,12.24105461393597,12.24105461393597,12.24105461393597,12.24105461393597,12.24105461393597,12.24105461393597,12.24105461393597,12.24105461393597,12.24105461393597,12.24105461393597,12.298959318826869,12.298959318826869,12.298959318826869,12.298959318826869,12.298959318826869,12.298959318826869,12.298959318826869,12.298959318826869,12.298959318826869,12.298959318826869,12.298959318826869,12.298959318826869,12.298959318826869,12.807881773399014,12.807881773399014,12.807881773399014,12.807881773399014,12.807881773399014,12.807881773399014,12.807881773399014,12.807881773399014,12.807881773399014,12.807881773399014,12.807881773399014,12.807881773399014,11.857707509881424,11.857707509881424,11.857707509881424,11.857707509881424,11.857707509881424,11.857707509881424,11.857707509881424,11.857707509881424,11.857707509881424,11.857707509881424,11.857707509881424,11.857707509881424,11.142061281337048,11.142061281337048,11.142061281337048,11.142061281337048,11.142061281337048,11.142061281337048,11.142061281337048],"raf":[3139,977,64,20,33,32,24,29,27,26,33,328,21,94,77,84,82,81,83,81,89,77,74,79,79,83,72,79,85,82,79,80,81,79,80,79,83,83,80,81,82,83,81,81,83,78,85,84,81,80,81,81,80,83,78,83,85,83,86,83,85,81,82,80,85,82,79,81,80,75,78,77,77,81,80,78,76,79,83,71,89,73,73,78,87,79,70,83,89,75,75,80,83,81,116,94,44,82,81,80,160,23,73,81,185,28,69,171,27,75,81,81,82,82]}