{"time":[4.803,4.819,4.888,4.961,5.034000000000001,5.099000000000001,5.159000000000001,5.2170000000000005,5.274000000000001,5.329000000000001,5.384,5.438000000000001,5.498,5.55,5.603,5.661,5.715999999999999,5.776999999999999,5.836999999999999,5.8969999999999985,5.958999999999999,6.018999999999998,6.1709999999999985,6.1869999999999985,6.240999999999999,6.3039999999999985,6.364999999999998,6.421999999999999,6.488999999999999,6.551999999999999,6.605999999999999,6.668999999999999,6.7349999999999985,6.801999999999999,6.854999999999999,6.915999999999999,6.973999999999998,7.035999999999999,7.098999999999998,7.1629999999999985,7.220999999999998,7.281999999999998,7.344999999999998,7.408999999999998,7.471999999999998,7.536999999999998,7.602999999999998,7.667999999999998,7.725999999999998,7.786999999999998,7.850999999999998,7.915999999999999,7.979999999999999,8.043999999999999,8.104999999999999,8.165999999999999,8.227999999999998,8.285999999999998,8.351999999999999,8.418999999999999,8.470999999999998,8.533999999999999,8.597999999999999,8.658,8.719,8.780999999999999,8.838999999999999,8.900999999999998,8.964999999999998,9.028999999999998,9.092999999999998,9.152999999999999,9.216999999999999,9.274999999999999,9.335999999999999,9.395999999999999,9.457999999999998,9.517999999999999,9.584999999999999,9.642,9.702,9.763,9.826,9.887,9.948,10.01,10.073,10.134,10.201,10.254000000000001,10.318000000000001,10.384000000000002,10.437000000000003,10.497000000000003,10.558000000000003,10.621000000000004,10.691000000000004,10.751000000000005,10.803000000000004,10.877000000000004,10.935000000000004,10.988000000000005,11.054000000000006,11.126000000000005,11.184000000000005,11.234000000000005,11.295000000000005,11.358000000000006,11.428000000000006,11.485000000000007,11.538000000000007,11.598000000000008,11.660000000000007,11.722000000000007,11.790000000000006,11.851000000000006,11.902000000000006,11.974000000000006,12.034000000000006,12.085000000000006,12.173000000000005,12.217000000000006,12.270000000000007,12.379000000000007,12.401000000000007,12.453000000000007,12.580000000000007,12.602000000000007,12.652000000000008,12.797000000000008,12.818000000000008,12.86800000000001,12.93200000000001,12.99500000000001],"fps":[2.794005588011176,2.794005588011176,2.794005588011176,2.794005588011176,2.794005588011176,2.794005588011176,2.794005588011176,2.794005588011176,2.794005588011176,2.794005588011176,2.794005588011176,2.794005588011176,2.794005588011176,2.794005588011176,2.794005588011176,2.794005588011176,2.794005588011176,2.794005588011176,17.424975798644724,17.424975798644724,17.424975798644724,17.424975798644724,17.424975798644724,17.424975798644724,17.424975798644724,17.424975798644724,17.424975798644724,17.424975798644724,17.424975798644724,17.424975798644724,17.424975798644724,17.424975798644724,17.424975798644724,17.424975798644724,15.701668302257115,15.701668302257115,15.701668302257115,15.701668302257115,15.701668302257115,15.701668302257115,15.701668302257115,15.701668302257115,15.701668302257115,15.701668302257115,15.701668302257115,15.701668302257115,15.701668302257115,15.701668302257115,15.701668302257115,15.701668302257115,15.701668302257115,16.022620169651272,16.022620169651272,16.022620169651272,16.022620169651272,16.022620169651272,16.022620169651272,16.022620169651272,16.022620169651272,16.022620169651272,16.022620169651272,16.022620169651272,16.022620169651272,16.022620169651272,16.022620169651272,16.022620169651272,16.022620169651272,16.022620169651272,16.221374045801525,16.221374045801525,16.221374045801525,16.221374045801525,16.221374045801525,16.221374045801525,16.221374045801525,16.221374045801525,16.221374045801525,16.221374045801525,16.221374045801525,16.221374045801525,16.221374045801525,16.221374045801525,16.221374045801525,16.221374045801525,16.221374045801525,16.252390057361378,16.252390057361378,16.252390057361378,16.252390057361378,16.252390057361378,16.252390057361378,16.252390057361378,16.252390057361378,16.252390057361378,16.252390057361378,16.252390057361378,16.252390057361378,16.252390057361378,16.252390057361378,16.252390057361378,16.252390057361378,16.252390057361378,16.267942583732058,16.267942583732058,16.267942583732058,16.267942583732058,16.267942583732058,16.267942583732058,16.267942583732058,16.267942583732058,16.267942583732058,16.267942583732058,16.267942583732058,16.267942583732058,16.267942583732058,16.267942583732058,16.267942583732058,16.267942583732058,16.267942583732058,16.52089407191448,16.52089407191448,16.52089407191448,16.52089407191448,16.52089407191448,16.52089407191448,16.52089407191448,16.52089407191448,16.52089407191448,16.52089407191448,16.52089407191448,16.52089407191448,16.52089407191448,16.52089407191448,16.52089407191448],"raf":[3300,15,69,73,73,66,59,58,58,55,55,54,59,52,53,58,56,60,60,60,62,60,153,15,54,63,61,58,67,62,54,64,66,66,54,61,57,63,64,63,58,61,62,64,63,65,66,66,57,62,64,65,63,65,60,61,62,59,66,66,53,62,64,60,61,62,59,62,63,64,65,59,64,59,60,61,61,60,67,57,60,61,63,62,61,62,62,62,67,53,63,67,53,60,60,63,70,60,52,74,59,52,67,70,58,50,62,62,70,57,54,60,61,62,68,62,51,71,60,51,88,46,52,108,22,53,126,22,50,145,21,50,64,63]}