{"time":[3.009999999999999,3.0599999999999987,3.1059999999999985,3.1529999999999987,3.2019999999999986,3.3469999999999986,3.3659999999999988,3.4029999999999987,3.4509999999999987,3.4999999999999987,3.6539999999999986,3.6659999999999986,3.7139999999999986,3.760999999999999,3.8179999999999987,3.8669999999999987,4.016999999999999,4.032999999999999,4.071999999999998,4.119999999999998,4.166999999999998,4.215999999999998,4.364999999999998,4.382999999999998,4.422999999999998,4.471999999999999,4.520999999999999,4.568999999999999,4.618999999999999,4.667999999999999,4.715999999999999,4.8709999999999996,4.882999999999999,4.925999999999999,4.972999999999999,5.019999999999999,5.067999999999999,5.1179999999999986,5.166999999999999,5.216999999999999,5.370999999999999,5.382999999999998,5.432999999999998,5.481999999999998,5.628999999999999,5.648999999999998,5.681999999999999,5.830999999999999,5.849999999999999,5.884999999999999,5.935999999999999,5.983999999999999,6.131999999999999,6.148999999999999,6.186999999999999,6.236,6.388999999999999,6.4159999999999995,6.446,6.492,6.542,6.6979999999999995,6.715999999999999,6.752999999999999,6.802999999999999,6.850999999999999,6.8999999999999995,7.06,7.082999999999999,7.116,7.1659999999999995,7.2139999999999995,7.263,7.311,7.358,7.406,7.452999999999999,7.598999999999999,7.614999999999999,7.653999999999999,7.700999999999999,7.847999999999999,7.865999999999999,7.901999999999998,7.949999999999998,7.998999999999999,8.152999999999999,8.165999999999999,8.207999999999998,8.254999999999999,8.302999999999999,8.351999999999999,8.399999999999999,8.448999999999998,8.597999999999997,8.614999999999997,8.653999999999996,8.699999999999996,8.763999999999996,8.797999999999996,8.844999999999997,8.891999999999998,8.940999999999997,8.988999999999997,9.044999999999996,9.090999999999996,9.144999999999996,9.193999999999996,9.245999999999995,9.295999999999996,9.355999999999996,9.398999999999996,9.446999999999996,9.494999999999996,9.543999999999995,9.593999999999996,9.641999999999996,9.691999999999997,9.741999999999997,9.789999999999997,9.838999999999997,9.896999999999997,9.942999999999996,9.992999999999997,10.040999999999997,10.088999999999997,10.140999999999996,10.190999999999997,10.240999999999998,10.295999999999998,10.340999999999998,10.386999999999997,10.434999999999997,10.482999999999997,10.529999999999998,10.575999999999997,10.624999999999996,10.672999999999996],"fps":[14.15929203539823,14.15929203539823,14.15929203539823,17.441860465116278,17.441860465116278,17.441860465116278,17.441860465116278,17.441860465116278,17.441860465116278,17.441860465116278,17.441860465116278,17.441860465116278,17.441860465116278,17.441860465116278,17.441860465116278,17.441860465116278,17.441860465116278,17.441860465116278,17.441860465116278,17.441860465116278,16.781836130306022,16.781836130306022,16.781836130306022,16.781836130306022,16.781836130306022,16.781836130306022,16.781836130306022,16.781836130306022,16.781836130306022,16.781836130306022,16.781836130306022,16.781836130306022,16.781836130306022,16.781836130306022,16.781836130306022,16.781836130306022,16.781836130306022,16.781836130306022,17.982017982017982,17.982017982017982,17.982017982017982,17.982017982017982,17.982017982017982,17.982017982017982,17.982017982017982,17.982017982017982,17.982017982017982,17.982017982017982,17.982017982017982,17.982017982017982,17.982017982017982,17.982017982017982,17.982017982017982,17.982017982017982,15.701668302257115,15.701668302257115,15.701668302257115,15.701668302257115,15.701668302257115,15.701668302257115,15.701668302257115,15.701668302257115,15.701668302257115,15.701668302257115,15.701668302257115,15.701668302257115,15.701668302257115,15.701668302257115,15.701668302257115,15.701668302257115,15.701668302257115,16.553067185978577,16.553067185978577,16.553067185978577,16.553067185978577,16.553067185978577,16.553067185978577,16.553067185978577,16.553067185978577,16.553067185978577,16.553067185978577,16.553067185978577,16.553067185978577,16.553067185978577,16.553067185978577,16.553067185978577,16.553067185978577,16.553067185978577,16.553067185978577,17.25790987535954,17.25790987535954,17.25790987535954,17.25790987535954,17.25790987535954,17.25790987535954,17.25790987535954,17.25790987535954,17.25790987535954,17.25790987535954,17.25790987535954,17.25790987535954,17.25790987535954,17.25790987535954,17.25790987535954,17.25790987535954,17.25790987535954,17.25790987535954,17.25790987535954,17.25790987535954,19.23076923076923,19.23076923076923,19.23076923076923,19.23076923076923,19.23076923076923,19.23076923076923,19.23076923076923,19.23076923076923,19.23076923076923,19.23076923076923,19.23076923076923,19.23076923076923,19.23076923076923,19.23076923076923,19.23076923076923,19.23076923076923,19.23076923076923,19.23076923076923,19.23076923076923,19.23076923076923,19.23076923076923,20.114942528735632,20.114942528735632,20.114942528735632,20.114942528735632,20.114942528735632,20.114942528735632,20.114942528735632,20.114942528735632],"raf":[47,49,47,47,48,146,19,37,47,50,154,12,47,48,56,49,151,15,39,48,47,50,148,18,41,48,49,48,49,49,49,154,12,43,48,46,49,50,49,50,153,12,50,50,146,20,34,148,19,36,50,48,148,17,38,50,153,26,31,46,49,157,17,38,50,47,49,160,23,33,50,48,49,48,48,48,47,145,17,38,47,147,18,36,49,49,153,13,43,48,46,49,48,50,148,17,39,46,64,34,48,46,50,47,56,47,54,48,52,51,59,43,48,50,48,50,48,49,50,49,49,58,45,50,48,48,53,49,50,55,45,46,48,48,47,47,48,49]}