{"time":[3.0860000000000007,3.1440000000000006,3.3100000000000005,3.4500000000000006,3.561000000000001,3.653000000000001,3.758000000000001,3.829000000000001,3.890000000000001,4.018000000000001,4.176000000000001,4.242000000000001,4.298000000000001,4.351000000000001,4.410000000000001,4.530000000000001,4.653000000000001,4.713000000000001,4.782000000000001,4.839000000000001,4.899000000000001,4.972000000000001,5.489000000000002,5.653000000000001,5.697000000000001,5.753000000000001,5.939000000000001,5.998000000000001,6.062000000000001,6.118000000000001,6.183000000000002,6.242000000000002,6.302000000000001,6.377000000000002,6.441000000000002,6.5070000000000014,6.569000000000002,6.808000000000002,6.871000000000001,6.937000000000001,7.018000000000002,7.069000000000002,7.135000000000002,7.206000000000001,7.2890000000000015,7.384000000000001,7.476000000000001,7.5360000000000005,7.607,7.674,7.753,7.841,7.899,7.965,8.032,8.09,8.155,8.229,8.290999999999999,8.349999999999998,8.425999999999998,8.493999999999998,8.566999999999998,8.642999999999999,8.703999999999999,8.758,8.812999999999999,8.866999999999999,8.941999999999998,9.016999999999998,9.103999999999997,9.160999999999998,9.221999999999998,9.279999999999998,9.345999999999998,9.415,9.482999999999999,9.543,9.607999999999999,9.668999999999999,9.754999999999999,9.813999999999998,9.891999999999998,9.969999999999997,10.052999999999997,10.106999999999998,10.170999999999998,10.244999999999997,10.312999999999997,10.390999999999996,10.470999999999997,10.522999999999996,10.581999999999995,10.650999999999996,10.732999999999997,10.820999999999996,10.904999999999996,10.965999999999996,11.023999999999996,11.080999999999996,11.168999999999995,11.253999999999996,11.336999999999996,11.411999999999995,11.491999999999996,11.564999999999996,11.638999999999996,11.712999999999996,11.788999999999996,11.899999999999997,11.956999999999997,12.040999999999997,12.119999999999997,12.199999999999998,12.273999999999997,12.358999999999998,12.419999999999998,12.491999999999997,12.572999999999997,12.675999999999997,12.751999999999997,12.820999999999998,12.903999999999998],"fps":[11.846001974333662,11.846001974333662,11.846001974333662,11.846001974333662,9.319664492078285,9.319664492078285,9.319664492078285,9.319664492078285,9.319664492078285,9.319664492078285,9.319664492078285,9.319664492078285,9.319664492078285,9.319664492078285,9.319664492078285,9.319664492078285,10.978956999085087,10.978956999085087,10.978956999085087,10.978956999085087,10.978956999085087,10.978956999085087,10.978956999085087,10.978956999085087,7.6701821668264625,7.6701821668264625,7.6701821668264625,7.6701821668264625,7.6701821668264625,7.6701821668264625,7.6701821668264625,7.6701821668264625,7.6701821668264625,7.6701821668264625,7.6701821668264625,7.6701821668264625,7.6701821668264625,11.690647482014388,11.690647482014388,11.690647482014388,11.690647482014388,11.690647482014388,11.690647482014388,11.690647482014388,11.690647482014388,11.690647482014388,11.690647482014388,11.690647482014388,11.690647482014388,11.690647482014388,11.690647482014388,13.565891472868216,13.565891472868216,13.565891472868216,13.565891472868216,13.565891472868216,13.565891472868216,13.565891472868216,13.565891472868216,13.565891472868216,13.565891472868216,13.565891472868216,13.565891472868216,13.565891472868216,13.565891472868216,13.565891472868216,13.565891472868216,15.594541910331383,15.594541910331383,15.594541910331383,15.594541910331383,15.594541910331383,15.594541910331383,15.594541910331383,15.594541910331383,15.594541910331383,15.594541910331383,15.594541910331383,15.594541910331383,15.594541910331383,15.594541910331383,15.594541910331383,14.634146341463415,14.634146341463415,14.634146341463415,14.634146341463415,14.634146341463415,14.634146341463415,14.634146341463415,14.634146341463415,14.634146341463415,14.634146341463415,14.634146341463415,14.634146341463415,14.634146341463415,14.634146341463415,13.793103448275861,13.793103448275861,13.793103448275861,13.793103448275861,13.793103448275861,13.793103448275861,13.793103448275861,13.793103448275861,13.793103448275861,13.793103448275861,13.793103448275861,13.793103448275861,13.793103448275861,13.793103448275861,13.333333333333334,13.333333333333334,13.333333333333334,13.333333333333334,13.333333333333334,13.333333333333334,13.333333333333334,13.333333333333334,13.333333333333334,13.333333333333334,13.333333333333334,13.333333333333334,13.333333333333334],"raf":[144,59,165,141,110,92,105,72,60,129,157,67,55,54,59,119,123,60,68,57,61,73,516,164,44,57,185,59,64,57,64,59,60,76,63,66,63,239,62,66,81,52,66,71,83,94,92,61,71,67,79,87,59,66,67,57,65,75,61,59,77,68,72,76,62,53,55,54,76,76,86,56,61,59,66,69,67,61,64,62,85,61,76,79,82,54,65,73,69,77,80,52,60,69,82,88,85,60,57,57,89,84,83,77,78,74,73,74,77,110,57,84,79,80,74,86,60,72,82,103,75,70,83]}