{"time":[3.0660000000000003,3.104,3.132,3.1710000000000003,3.402,3.4370000000000003,3.463,3.504,3.646,3.6879999999999997,3.7129999999999996,3.949,3.988,4.017,4.063000000000001,4.112000000000001,4.156000000000001,4.204000000000001,4.433000000000001,4.470000000000001,4.494000000000001,4.538,4.672000000000001,4.704000000000001,4.73,4.859,4.892,5.033,5.07,5.095000000000001,5.125000000000001,5.255000000000001,5.381000000000001,5.420000000000001,5.446000000000001,5.478000000000001,5.613,5.654000000000001,5.784000000000001,5.812,5.949,5.987,6.013,6.051,6.086,6.2170000000000005,6.2490000000000006,6.386000000000001,6.421000000000001,6.448000000000001,6.488000000000001,6.627000000000002,6.687000000000001,6.731000000000001,6.7780000000000005,6.819000000000001,6.868000000000001,6.9060000000000015,6.949000000000002,6.992000000000002,7.029000000000002,7.061000000000002,7.118000000000002,7.154000000000002,7.1880000000000015,7.226000000000002,7.258000000000002,7.292000000000002,7.326000000000001,7.360000000000001,7.397000000000001,7.448000000000001,7.487000000000001,7.519000000000001,7.554000000000001,7.604000000000001,7.637000000000001,7.671000000000001,7.708000000000001,7.749000000000001,7.782000000000002,7.818000000000001,7.865000000000001,7.903000000000001,7.9380000000000015,7.9780000000000015,8.012000000000002,8.060000000000002,8.104000000000003,8.146000000000003,8.180000000000003,8.219000000000003,8.256000000000004,8.288000000000004],"fps":[10.820559062218214,10.820559062218214,10.820559062218214,10.820559062218214,10.820559062218214,10.820559062218214,10.820559062218214,10.820559062218214,10.820559062218214,10.820559062218214,10.820559062218214,12.832263978001833,12.832263978001833,12.832263978001833,12.832263978001833,12.832263978001833,12.832263978001833,12.832263978001833,12.832263978001833,12.832263978001833,12.832263978001833,12.832263978001833,12.832263978001833,12.832263978001833,12.832263978001833,12.832263978001833,12.832263978001833,14.746543778801843,14.746543778801843,14.746543778801843,14.746543778801843,14.746543778801843,14.746543778801843,14.746543778801843,14.746543778801843,14.746543778801843,14.746543778801843,14.746543778801843,14.746543778801843,14.746543778801843,14.746543778801843,14.746543778801843,14.746543778801843,15.732546705998033,15.732546705998033,15.732546705998033,15.732546705998033,15.732546705998033,15.732546705998033,15.732546705998033,15.732546705998033,15.732546705998033,15.732546705998033,15.732546705998033,15.732546705998033,15.732546705998033,15.732546705998033,15.732546705998033,15.732546705998033,15.732546705998033,15.732546705998033,17.80415430267062,17.80415430267062,17.80415430267062,17.80415430267062,17.80415430267062,17.80415430267062,17.80415430267062,17.80415430267062,17.80415430267062,17.80415430267062,17.80415430267062,17.80415430267062,17.80415430267062,17.80415430267062,17.80415430267062,17.80415430267062,17.80415430267062,17.80415430267062,17.80415430267062,17.80415430267062,17.80415430267062,17.80415430267062,17.80415430267062,17.80415430267062,17.80415430267062,17.80415430267062,17.80415430267062,25.911708253358924,25.911708253358924,25.911708253358924,25.911708253358924,25.911708253358924,25.911708253358924],"raf":[135,38,28,40,230,36,25,42,142,41,25,236,39,29,46,49,44,49,228,38,25,42,134,32,26,129,33,142,36,25,30,130,126,39,26,33,134,41,130,28,137,38,26,38,35,131,32,137,35,28,39,139,60,45,47,40,49,39,42,44,37,32,57,35,35,37,32,35,34,34,36,51,39,32,35,51,33,34,36,41,33,36,47,38,37,38,34,48,44,42,35,39,36,32]}