{"time":[3.0309999999999993,3.0549999999999993,3.080999999999999,3.124999999999999,3.335999999999999,3.354999999999999,3.396999999999999,3.440999999999999,3.649999999999999,3.671999999999999,3.703999999999999,3.751999999999999,3.8619999999999988,3.909999999999999,3.956999999999999,4.166999999999999,4.188999999999999,4.222999999999999,4.373999999999999,4.3889999999999985,4.431999999999999,4.482999999999999,4.592999999999999,4.747999999999999,4.771999999999999,4.807999999999999,4.959999999999999,4.971999999999999,5.006999999999999,5.056999999999999,5.266999999999999,5.288999999999999,5.318999999999999,5.366999999999999,5.476999999999999,5.616,5.638,5.67,5.7219999999999995,5.9319999999999995,5.9559999999999995,5.992999999999999,6.145,6.154999999999999,6.194999999999999,6.305,6.38,6.405,6.426,6.466,6.503,6.541,6.573,6.614000000000001,6.648000000000001,6.6850000000000005,6.720000000000001,6.751,6.787,6.817,6.847,6.881,6.907,6.943,6.970999999999999,7.001999999999999,7.032999999999999,7.062999999999999,7.0939999999999985,7.124999999999998,7.160999999999998,7.186999999999998,7.219999999999998,7.248999999999998,7.279999999999998,7.311999999999998,7.359999999999998,7.387999999999997,7.414999999999997,7.446999999999997,7.485999999999997,7.515999999999997,7.5509999999999975,7.585999999999998,7.621999999999997,7.653999999999997,7.688999999999997,7.716999999999997,7.751999999999997,7.786999999999997,7.815999999999997,7.8569999999999975,7.890999999999997,7.931999999999998,7.964999999999998,8.002999999999998,8.031999999999998,8.069999999999999,8.105999999999998,8.136999999999999,8.175999999999998,8.207999999999998],"fps":[14.164305949008499,14.164305949008499,14.164305949008499,14.164305949008499,14.164305949008499,14.164305949008499,14.164305949008499,14.164305949008499,14.164305949008499,14.164305949008499,14.164305949008499,14.164305949008499,14.164305949008499,13.712047012732615,13.712047012732615,13.712047012732615,13.712047012732615,13.712047012732615,13.712047012732615,13.712047012732615,13.712047012732615,13.712047012732615,13.712047012732615,13.712047012732615,13.712047012732615,13.712047012732615,12.392755004766444,12.392755004766444,12.392755004766444,12.392755004766444,12.392755004766444,12.392755004766444,12.392755004766444,12.392755004766444,12.392755004766444,12.392755004766444,12.392755004766444,12.392755004766444,12.392755004766444,12.392755004766444,12.392755004766444,14.52081316553727,14.52081316553727,14.52081316553727,14.52081316553727,14.52081316553727,14.52081316553727,14.52081316553727,14.52081316553727,14.52081316553727,14.52081316553727,14.52081316553727,14.52081316553727,14.52081316553727,14.52081316553727,14.52081316553727,14.52081316553727,14.52081316553727,14.52081316553727,14.52081316553727,14.52081316553727,14.52081316553727,14.52081316553727,14.52081316553727,14.52081316553727,23.785926660059467,23.785926660059467,23.785926660059467,23.785926660059467,23.785926660059467,23.785926660059467,23.785926660059467,23.785926660059467,23.785926660059467,23.785926660059467,23.785926660059467,23.785926660059467,23.785926660059467,23.785926660059467,23.785926660059467,23.785926660059467,23.785926660059467,23.785926660059467,23.785926660059467,23.785926660059467,23.785926660059467,23.785926660059467,23.785926660059467,23.785926660059467,23.785926660059467,23.785926660059467,23.785926660059467,23.785926660059467,23.785926660059467,23.785926660059467,29.97002997002997,29.97002997002997,29.97002997002997,29.97002997002997,29.97002997002997,29.97002997002997,29.97002997002997],"raf":[141,24,26,45,210,20,41,44,210,21,32,48,110,49,47,209,22,35,150,15,44,50,110,155,24,36,152,12,35,50,210,22,30,49,109,139,22,32,52,211,23,37,152,10,40,111,74,26,20,41,37,38,32,40,34,37,35,33,35,30,29,34,26,36,29,30,32,29,31,32,35,27,32,30,30,32,48,28,27,32,39,30,35,35,36,32,35,28,35,35,29,41,34,41,34,37,29,38,37,30,39,32]}