{"time":[3.025,3.074,3.125,3.177,3.2520000000000002,3.31,3.365,3.427,3.491,3.561,3.643,3.7249999999999996,3.8099999999999996,3.8909999999999996,3.9759999999999995,4.0729999999999995,4.1739999999999995,4.289999999999999,4.408999999999999,8.768999999999998,9.223999999999998,9.268999999999998,9.320999999999998,9.375999999999998,9.433999999999997,9.484999999999998,9.538999999999998,9.654999999999998,9.709999999999997,9.763999999999998,9.818999999999997,9.873999999999997,10.264999999999997,10.377999999999997,10.476999999999997,10.529999999999998,10.581999999999997,10.631999999999998,10.684999999999999,10.741999999999999,10.838,10.941999999999998,10.993999999999998,11.047999999999998,11.101999999999999,11.157999999999998,11.265999999999998,11.374999999999998,11.428999999999998,11.485999999999999,11.540999999999999,11.596999999999998,11.650999999999998,11.715999999999998,11.774999999999997,11.853999999999997,11.976999999999997,12.033999999999997,12.089999999999996,12.145999999999995,12.203999999999995,12.264999999999995,12.323999999999995,12.398999999999994,12.470999999999993,12.528999999999993,12.590999999999992,12.647999999999993,12.704999999999993,12.765999999999993,12.825999999999993,12.883999999999993,12.946999999999994],"fps":[12.487992315081652,12.487992315081652,12.487992315081652,12.487992315081652,12.487992315081652,12.487992315081652,12.487992315081652,12.487992315081652,12.487992315081652,12.487992315081652,12.487992315081652,12.487992315081652,12.487992315081652,12.487992315081652,15.22359657469077,15.22359657469077,15.22359657469077,15.22359657469077,15.22359657469077,1.0431879824744419,1.0431879824744419,1.0431879824744419,1.0431879824744419,1.0431879824744419,1.0431879824744419,1.0431879824744419,1.0431879824744419,1.0431879824744419,1.0431879824744419,1.0431879824744419,10.466222645099904,10.466222645099904,10.466222645099904,10.466222645099904,10.466222645099904,10.466222645099904,10.466222645099904,10.466222645099904,10.466222645099904,10.466222645099904,9.82318271119843,9.82318271119843,9.82318271119843,9.82318271119843,9.82318271119843,9.82318271119843,9.82318271119843,9.82318271119843,9.82318271119843,9.82318271119843,9.82318271119843,9.82318271119843,9.82318271119843,9.82318271119843,9.82318271119843,14.763779527559056,14.763779527559056,14.763779527559056,14.763779527559056,14.763779527559056,14.763779527559056,14.763779527559056,14.763779527559056,14.763779527559056,14.763779527559056,14.763779527559056,14.763779527559056,14.763779527559056,14.763779527559056,14.763779527559056,14.763779527559056,15.533980582524272,15.533980582524272],"raf":[51,50,50,52,75,58,55,62,64,70,82,82,86,80,85,97,102,116,118,4360,455,45,52,56,58,51,54,116,54,55,55,54,391,114,99,52,52,50,53,57,96,104,53,54,54,55,108,109,55,56,55,56,55,64,59,79,123,58,56,55,58,61,60,75,71,59,61,57,58,61,60,57,63]}