{"time":[3.0019999999999993,3.0809999999999995,3.1619999999999995,3.2389999999999994,3.3159999999999994,3.3909999999999996,3.4679999999999995,3.5419999999999994,3.619999999999999,3.6919999999999993,3.7689999999999992,3.8439999999999994,3.9189999999999996,3.9969999999999994,4.0729999999999995,4.151,4.226999999999999,4.305,4.378,4.454,4.529999999999999,4.608,4.691,4.76,4.837,4.912,4.987,5.064,5.141,5.215,5.2909999999999995,5.374,5.443,5.518999999999999,5.593999999999999,5.677,5.758,5.826,5.911,5.991,6.052,6.1259999999999994,6.2059999999999995,6.265999999999999,6.347999999999999,6.423999999999999,6.479999999999999,6.560999999999999,6.623999999999999,6.692999999999999,6.774999999999999,6.840999999999998,6.905999999999999,6.977999999999999,7.065999999999999,7.123999999999999,7.189999999999999,7.259999999999999,7.375999999999999,7.406999999999998,7.474999999999998,7.613999999999998,7.640999999999998,7.697999999999999,7.857999999999999,7.873999999999999,7.937999999999999,8.008999999999999,8.108999999999998,8.259999999999998,8.274999999999999,8.335999999999999,8.505999999999998,8.524,8.588999999999999,8.660999999999998,8.833999999999998,8.856999999999998,8.911999999999997,9.079999999999997,9.106999999999996,9.158999999999995,9.325999999999995,9.340999999999996,9.405999999999995,9.477999999999994,9.647999999999994,9.673999999999994,9.727999999999994,9.896999999999995,9.923999999999994,9.974999999999994,10.146999999999995,10.174999999999995,10.227999999999996,10.395999999999995,10.423999999999996,10.473999999999997,10.544999999999996,10.609999999999996,10.783999999999995,10.807999999999995,10.864999999999995,11.037999999999995,11.057999999999995,11.120999999999995,11.192999999999994,11.363999999999994,11.390999999999993,11.444999999999993,11.543999999999993,11.590999999999994,11.657999999999994,11.729999999999993,11.802999999999994,11.874999999999993,11.948999999999993,12.019999999999992,12.091999999999992,12.164999999999992,12.236999999999991,12.309999999999992,12.389999999999992,12.458999999999993,12.530999999999992,12.600999999999992,12.674999999999992,12.756999999999993],"fps":[16.831683168316832,16.831683168316832,13.011152416356877,13.011152416356877,13.011152416356877,13.011152416356877,13.011152416356877,13.011152416356877,13.011152416356877,13.011152416356877,13.011152416356877,13.011152416356877,13.011152416356877,13.011152416356877,13.011152416356877,13.011152416356877,13.157894736842104,13.157894736842104,13.157894736842104,13.157894736842104,13.157894736842104,13.157894736842104,13.157894736842104,13.157894736842104,13.157894736842104,13.157894736842104,13.157894736842104,13.157894736842104,13.157894736842104,13.157894736842104,13.157894736842104,13.157894736842104,13.157894736842104,13.157894736842104,13.157894736842104,13.157894736842104,13.157894736842104,13.157894736842104,13.157894736842104,13.157894736842104,13.157894736842104,13.157894736842104,13.157894736842104,13.157894736842104,13.245033112582782,13.245033112582782,13.245033112582782,13.245033112582782,13.245033112582782,13.245033112582782,13.245033112582782,13.245033112582782,13.245033112582782,13.245033112582782,13.245033112582782,13.245033112582782,13.245033112582782,13.245033112582782,13.618677042801556,13.618677042801556,13.618677042801556,13.618677042801556,13.618677042801556,13.618677042801556,13.618677042801556,13.618677042801556,13.618677042801556,13.618677042801556,13.618677042801556,13.618677042801556,13.618677042801556,13.618677042801556,12.389380530973451,12.389380530973451,12.389380530973451,12.389380530973451,12.389380530973451,12.389380530973451,12.389380530973451,12.389380530973451,12.389380530973451,12.389380530973451,12.389380530973451,12.389380530973451,12.389380530973451,12.389380530973451,12.259194395796847,12.259194395796847,12.259194395796847,12.259194395796847,12.259194395796847,12.259194395796847,12.259194395796847,12.259194395796847,12.259194395796847,12.259194395796847,12.259194395796847,12.259194395796847,12.259194395796847,12.259194395796847,12.313104661389621,12.313104661389621,12.313104661389621,12.313104661389621,12.313104661389621,12.313104661389621,12.313104661389621,12.313104661389621,12.313104661389621,12.313104661389621,12.313104661389621,12.313104661389621,12.313104661389621,12.313104661389621,13.738959764474975,13.738959764474975,13.738959764474975,13.738959764474975,13.738959764474975,13.738959764474975,13.738959764474975,13.738959764474975,13.738959764474975,13.738959764474975,13.738959764474975,13.738959764474975,13.738959764474975,13.738959764474975],"raf":[76,79,81,77,76,76,76,75,77,73,77,74,76,77,77,77,76,78,74,75,76,78,83,69,77,75,76,77,76,75,75,84,68,77,74,91,73,68,86,80,60,74,81,60,81,76,57,81,63,69,81,66,66,71,89,58,66,69,116,32,67,139,27,57,160,16,65,71,99,151,15,62,169,18,65,72,174,22,55,168,28,51,167,15,65,72,170,26,54,170,27,50,173,27,54,167,28,50,71,65,175,23,57,174,19,63,73,170,27,54,100,46,69,70,74,72,75,69,73,72,73,73,79,69,73,70,75,80]}