{"time":[3.021000000000001,3.089000000000001,3.157000000000001,3.225000000000001,3.291000000000001,3.3570000000000007,3.4260000000000006,3.4950000000000006,3.5610000000000004,3.6300000000000003,3.6980000000000004,3.7670000000000003,3.8390000000000004,3.9060000000000006,3.9740000000000006,4.040000000000001,4.105000000000001,4.1800000000000015,4.251000000000001,4.322000000000001,4.421000000000001,4.498000000000001,4.577000000000001,4.656000000000001,4.734000000000001,4.821000000000001,4.916,4.993,5.069,5.155,5.247,5.3229999999999995,5.398999999999999,5.485999999999999,5.565999999999999,5.643999999999999,5.720999999999999,5.797999999999999,5.887,5.999,6.114,6.301,6.543,6.846,7.216,7.578,7.948,8.312000000000001,8.673000000000002,9.039000000000001,9.401000000000002,9.764000000000001,10.129000000000001,10.467,10.530000000000001,10.615000000000002,10.679000000000002,10.750000000000002,10.821000000000002,10.906000000000002,10.979000000000003,11.060000000000002,11.125000000000002,11.190000000000001,11.255,11.321000000000002,11.387000000000002,11.453000000000003,11.517000000000003,11.582000000000003,11.749000000000002,11.834000000000003,11.901000000000003,11.983000000000004,12.084000000000005,12.200000000000005,12.313000000000004,12.431000000000004,12.566000000000004],"fps":[13.34604385128694,13.34604385128694,13.34604385128694,13.34604385128694,13.34604385128694,13.34604385128694,13.34604385128694,13.34604385128694,14.880952380952381,14.880952380952381,14.880952380952381,14.880952380952381,14.880952380952381,14.880952380952381,14.880952380952381,14.880952380952381,14.880952380952381,14.880952380952381,14.880952380952381,14.880952380952381,14.880952380952381,14.880952380952381,13.793103448275861,13.793103448275861,13.793103448275861,13.793103448275861,13.793103448275861,13.793103448275861,13.793103448275861,13.793103448275861,13.793103448275861,13.793103448275861,13.793103448275861,13.793103448275861,13.793103448275861,12.18369259606373,12.18369259606373,12.18369259606373,12.18369259606373,12.18369259606373,12.18369259606373,12.18369259606373,12.18369259606373,6.6500415627597675,6.6500415627597675,6.6500415627597675,2.7247956403269753,2.7247956403269753,2.7247956403269753,2.749770852428964,2.749770852428964,2.749770852428964,2.7522935779816513,2.7522935779816513,2.7522935779816513,2.7522935779816513,2.7522935779816513,2.7522935779816513,2.7522935779816513,2.7522935779816513,2.7522935779816513,2.7522935779816513,2.7522935779816513,10.367577756833176,10.367577756833176,10.367577756833176,10.367577756833176,10.367577756833176,10.367577756833176,10.367577756833176,10.367577756833176,10.367577756833176,10.367577756833176,10.367577756833176,10.367577756833176,11.881188118811881,11.881188118811881,11.881188118811881,11.881188118811881],"raf":[69,67,69,67,66,67,68,69,67,68,69,68,72,67,68,66,65,75,71,72,99,76,79,80,77,87,95,77,76,86,92,76,76,87,80,78,77,77,90,111,115,187,243,303,370,361,370,364,362,365,362,364,364,338,63,85,65,70,72,84,74,80,66,64,65,66,66,66,65,65,166,85,67,83,100,116,113,118,135]}