{"time":[3.0129999999999986,3.0199999999999987,3.0459999999999985,3.0739999999999985,3.0979999999999985,3.1269999999999984,3.2529999999999983,3.2699999999999982,3.287999999999998,3.318999999999998,3.3499999999999983,3.3739999999999983,3.403999999999998,3.530999999999998,3.5529999999999977,3.6629999999999976,3.6719999999999975,3.6969999999999974,3.7259999999999973,3.7529999999999974,3.8829999999999973,3.9029999999999974,3.9189999999999974,3.944999999999997,3.976999999999997,4.0029999999999974,4.128999999999998,4.152999999999998,4.262999999999998,4.270999999999998,4.300999999999998,4.329999999999998,4.354999999999999,4.491999999999999,4.502999999999999,4.528,4.555,4.593999999999999,4.6209999999999996,4.654,4.784,4.803,4.82,4.849,4.8790000000000004,4.91,4.937,5.069,5.086,5.103000000000001,5.132000000000001,5.164000000000001,5.1930000000000005,5.220000000000001,5.357000000000001,5.370000000000001,5.393000000000001,5.424,5.458,5.489,5.519,5.652,5.6690000000000005,5.689,5.719,5.753,5.785,5.819,5.951,5.968999999999999,5.986999999999999,6.0249999999999995,6.050999999999999,6.089999999999999,6.119999999999999,6.251999999999999,6.268999999999999,6.286,6.318,6.353999999999999,6.387,6.4239999999999995,6.451999999999999,6.474999999999999,6.500999999999999,6.533999999999999,6.557999999999999,6.591999999999999,6.619999999999998,6.649999999999999,6.6789999999999985,6.707999999999998,6.739999999999998,6.772999999999999,6.807999999999999,6.833999999999999,6.873999999999999,6.9049999999999985,6.931999999999999,6.965999999999998,6.995999999999999,7.032999999999999,7.054999999999999,7.088999999999999,7.118999999999999,7.152999999999999,7.185999999999999,7.214999999999999,7.241999999999999,7.2909999999999995,7.318999999999999,7.339999999999999,7.368999999999999,7.401999999999999,7.432999999999999,7.462999999999999,7.494999999999999,7.523999999999999,7.557999999999999,7.588999999999999,7.618999999999999,7.649999999999999,7.682999999999999,7.712999999999999,7.744999999999999,7.7749999999999995,7.808999999999999,7.839999999999999,7.870999999999999,7.902999999999999,7.9529999999999985,7.974999999999999,8.002999999999998,8.035999999999998,8.068999999999997,8.119999999999997,8.135999999999997,8.160999999999998],"fps":[16.765285996055226,16.765285996055226,16.765285996055226,16.765285996055226,16.765285996055226,16.765285996055226,16.765285996055226,16.765285996055226,16.765285996055226,23.46041055718475,23.46041055718475,23.46041055718475,23.46041055718475,23.46041055718475,23.46041055718475,23.46041055718475,23.46041055718475,23.46041055718475,23.46041055718475,23.46041055718475,23.46041055718475,23.46041055718475,23.46041055718475,23.46041055718475,23.46041055718475,23.46041055718475,23.46041055718475,23.46041055718475,23.46041055718475,23.46041055718475,23.46041055718475,21.76063303659743,21.76063303659743,21.76063303659743,21.76063303659743,21.76063303659743,21.76063303659743,21.76063303659743,21.76063303659743,21.76063303659743,21.76063303659743,21.76063303659743,21.76063303659743,21.76063303659743,21.76063303659743,21.76063303659743,21.76063303659743,21.76063303659743,21.76063303659743,21.76063303659743,21.76063303659743,21.76063303659743,21.76063303659743,21.76063303659743,22.395326192794546,22.395326192794546,22.395326192794546,22.395326192794546,22.395326192794546,22.395326192794546,22.395326192794546,22.395326192794546,22.395326192794546,22.395326192794546,22.395326192794546,22.395326192794546,22.395326192794546,22.395326192794546,22.395326192794546,22.395326192794546,22.395326192794546,22.395326192794546,22.395326192794546,22.395326192794546,22.395326192794546,22.395326192794546,22.395326192794546,22.395326192794546,22.395326192794546,22.395326192794546,25.21823472356935,25.21823472356935,25.21823472356935,25.21823472356935,25.21823472356935,25.21823472356935,25.21823472356935,25.21823472356935,25.21823472356935,25.21823472356935,25.21823472356935,25.21823472356935,25.21823472356935,25.21823472356935,25.21823472356935,25.21823472356935,25.21823472356935,25.21823472356935,25.21823472356935,25.21823472356935,25.21823472356935,25.21823472356935,25.21823472356935,25.21823472356935,25.21823472356935,25.21823472356935,25.21823472356935,25.21823472356935,25.21823472356935,25.21823472356935,25.21823472356935,25.21823472356935,25.21823472356935,32.544378698224854,32.544378698224854,32.544378698224854,32.544378698224854,32.544378698224854,32.544378698224854,32.544378698224854,32.544378698224854,32.544378698224854,32.544378698224854,32.544378698224854,32.544378698224854,32.544378698224854,32.544378698224854,32.544378698224854,32.544378698224854,32.544378698224854,32.544378698224854,32.544378698224854,32.544378698224854,32.544378698224854,32.544378698224854,32.544378698224854,32.544378698224854,32.544378698224854],"raf":[110,8,25,28,24,29,126,18,18,30,31,24,30,127,22,110,9,26,29,27,129,21,16,25,32,27,126,23,110,8,31,28,26,136,11,27,25,39,27,33,131,19,16,30,30,30,28,131,17,18,28,32,29,27,137,13,23,32,34,31,29,133,17,21,29,34,33,34,131,18,18,39,25,40,29,132,17,17,32,36,34,36,29,22,26,33,24,34,28,30,30,28,32,33,35,26,40,31,28,33,30,37,22,34,30,35,32,30,27,48,28,21,30,32,31,30,31,30,33,31,30,32,32,30,32,30,34,32,31,32,49,22,28,34,33,50,16,25]}