{"time":[3.0699999999999985,3.0819999999999985,3.1029999999999984,3.1419999999999986,3.1769999999999987,3.3099999999999987,3.332999999999999,3.348999999999999,3.379999999999999,3.513999999999999,3.5319999999999987,3.5519999999999987,3.582999999999999,3.613999999999999,3.7489999999999988,3.7659999999999987,3.7839999999999985,3.8229999999999986,3.8589999999999987,3.9929999999999986,4.016999999999999,4.031999999999998,4.062999999999998,4.101999999999998,4.2399999999999975,4.249999999999997,4.281999999999997,4.318999999999997,4.455999999999998,4.4659999999999975,4.500999999999998,4.536999999999997,4.575999999999997,4.615999999999997,4.754999999999997,4.765999999999997,4.799999999999997,4.838999999999997,4.879999999999997,4.919999999999997,5.064999999999997,5.081999999999997,5.107999999999997,5.150999999999997,5.289999999999997,5.299999999999997,5.329999999999997,5.374999999999997,5.416999999999997,5.556999999999997,5.565999999999997,5.603999999999997,5.649999999999998,5.793999999999998,5.814999999999998,5.831999999999998,5.868999999999998,6.010999999999998,6.032999999999999,6.051999999999999,6.097999999999999,6.137999999999999,6.276999999999999,6.2989999999999995,6.3149999999999995,6.356999999999999,6.492999999999999,6.515,6.537999999999999,6.5729999999999995,6.619,6.76,6.782,6.799,6.831,6.864000000000001,6.899000000000001,7.034000000000001,7.049,7.072,7.112,7.1450000000000005,7.281000000000001,7.299,7.316000000000001,7.357000000000001,7.397000000000001,7.437000000000001,7.581000000000001,7.615000000000001,7.634000000000001,7.673000000000001,7.711000000000001,7.808000000000002,7.833000000000002,7.848000000000002,7.893000000000002,7.942000000000002,7.983000000000002,8.033000000000003,8.061000000000003,8.102000000000004,8.145000000000003,8.181000000000003,8.218000000000004,8.255000000000004,8.282000000000004,8.316000000000004,8.352000000000004,8.380000000000004,8.415000000000004,8.447000000000005,8.477000000000004,8.516000000000004,8.549000000000003,8.571000000000003,8.602000000000004,8.628000000000004,8.661000000000003,8.683000000000003,8.718000000000004,8.759000000000004,8.774000000000004,8.801000000000004,8.829000000000004,8.859000000000004,8.888000000000003,8.915000000000003,8.945000000000002,8.977000000000002,9.007000000000001,9.034,9.062000000000001,9.092,9.120000000000001,9.15],"fps":[18.365472910927455,18.365472910927455,18.365472910927455,18.365472910927455,18.365472910927455,18.365472910927455,18.365472910927455,18.365472910927455,18.365472910927455,18.365472910927455,18.365472910927455,18.365472910927455,18.365472910927455,18.365472910927455,18.365472910927455,18.365472910927455,18.365472910927455,18.365472910927455,21.868787276341948,21.868787276341948,21.868787276341948,21.868787276341948,21.868787276341948,21.868787276341948,21.868787276341948,21.868787276341948,21.868787276341948,21.868787276341948,21.868787276341948,21.868787276341948,21.868787276341948,21.868787276341948,21.868787276341948,21.868787276341948,21.868787276341948,21.868787276341948,21.868787276341948,21.868787276341948,19.58863858961802,19.58863858961802,19.58863858961802,19.58863858961802,19.58863858961802,19.58863858961802,19.58863858961802,19.58863858961802,19.58863858961802,19.58863858961802,19.58863858961802,19.58863858961802,19.58863858961802,19.58863858961802,19.58863858961802,19.58863858961802,19.58863858961802,19.58863858961802,19.58863858961802,16.784452296819786,16.784452296819786,16.784452296819786,16.784452296819786,16.784452296819786,16.784452296819786,16.784452296819786,16.784452296819786,16.784452296819786,16.784452296819786,16.784452296819786,16.784452296819786,16.784452296819786,16.784452296819786,16.784452296819786,16.784452296819786,16.784452296819786,16.784452296819786,16.784452296819786,16.784452296819786,19.569471624266146,19.569471624266146,19.569471624266146,19.569471624266146,19.569471624266146,19.569471624266146,19.569471624266146,19.569471624266146,19.569471624266146,19.569471624266146,19.569471624266146,19.569471624266146,19.569471624266146,19.569471624266146,19.569471624266146,19.569471624266146,19.569471624266146,19.569471624266146,19.569471624266146,19.569471624266146,19.569471624266146,19.569471624266146,19.569471624266146,22.373540856031127,22.373540856031127,22.373540856031127,22.373540856031127,22.373540856031127,22.373540856031127,22.373540856031127,22.373540856031127,22.373540856031127,22.373540856031127,22.373540856031127,22.373540856031127,22.373540856031127,22.373540856031127,22.373540856031127,22.373540856031127,22.373540856031127,22.373540856031127,22.373540856031127,22.373540856031127,22.373540856031127,22.373540856031127,22.373540856031127,22.373540856031127,22.373540856031127,22.373540856031127,22.373540856031127,22.373540856031127,22.373540856031127,22.373540856031127,22.373540856031127,22.373540856031127,22.373540856031127,32.03883495145631,32.03883495145631,32.03883495145631],"raf":[136,12,22,38,35,133,23,16,31,134,19,19,31,32,134,17,18,40,35,135,23,15,31,39,138,10,32,37,137,11,36,34,39,40,140,10,35,39,40,40,145,17,26,43,140,9,30,45,43,139,9,40,45,143,22,17,37,142,21,19,46,40,139,22,16,43,135,22,23,35,47,140,22,18,32,32,36,134,16,22,40,34,135,19,16,42,39,41,144,34,18,40,38,96,25,16,45,49,40,49,29,40,44,35,37,37,28,33,37,27,35,33,29,40,32,22,31,26,33,22,35,41,15,26,28,30,29,27,31,33,29,26,28,30,28,31]}