{"time":[3.0249999999999995,3.0649999999999995,3.2039999999999997,3.231,3.251,3.29,3.33,3.368,3.5069999999999997,3.5309999999999997,3.5509999999999997,3.5879999999999996,3.631,3.6719999999999997,3.8129999999999997,3.8309999999999995,3.8589999999999995,3.8969999999999994,3.934999999999999,4.071999999999999,4.097999999999999,4.116999999999999,4.1579999999999995,4.199,4.335,4.348,4.381,4.421,4.558,4.5809999999999995,4.6,4.643999999999999,4.6819999999999995,4.821,4.848,4.865,4.904,5.042,5.064,5.089,5.128,5.166,5.312,5.331,5.3580000000000005,5.396000000000001,5.4350000000000005,5.5760000000000005,5.598000000000001,5.619000000000001,5.6610000000000005,5.699000000000001,5.837000000000001,5.864000000000001,5.881000000000001,5.920000000000001,6.059000000000001,6.081000000000001,6.101000000000001,6.142000000000001,6.181000000000001,6.220000000000001,6.3580000000000005,6.381,6.4030000000000005,6.437,6.479,6.518,6.656,6.681,6.702,6.742,6.785,6.924,6.948,6.9670000000000005,7.0120000000000005,7.050000000000001,7.184000000000001,7.197000000000001,7.228000000000001,7.2700000000000005,7.404000000000001,7.431000000000001,7.448000000000001,7.4940000000000015,7.534000000000002,7.677000000000001,7.698000000000001,7.719000000000001,7.759000000000001,7.794000000000001,7.832000000000002,7.972000000000001,7.997000000000002,8.015000000000002,8.060000000000002,8.095000000000002,8.132000000000003,8.273000000000003,8.298000000000004,8.316000000000004,8.356000000000003,8.394000000000004,8.433000000000003,8.516000000000004,8.531000000000004,8.563000000000004,8.599000000000004,8.643000000000004,8.681000000000004,8.722000000000005,8.762000000000004,8.808000000000003,8.848000000000003,8.890000000000002,8.932000000000002,8.974000000000002,9.023000000000001,9.062000000000001,9.102,9.143,9.186,9.223,9.264000000000001,9.317000000000002,9.348000000000003,9.387000000000002,9.427000000000001,9.469000000000001,9.509,9.549,9.591999999999999,9.633,9.672999999999998,9.712999999999997,9.752999999999997,9.794999999999996,9.838999999999997,9.879999999999997,9.920999999999998,9.959999999999997,9.998999999999997,10.038999999999996,10.083999999999996,10.121999999999996,10.158999999999997,10.198999999999996],"fps":[18.7192118226601,18.7192118226601,18.7192118226601,18.7192118226601,18.7192118226601,18.7192118226601,18.7192118226601,18.7192118226601,18.91891891891892,18.91891891891892,18.91891891891892,18.91891891891892,18.91891891891892,18.91891891891892,18.91891891891892,18.91891891891892,18.91891891891892,18.91891891891892,18.91891891891892,18.91891891891892,18.91891891891892,18.91891891891892,18.91891891891892,18.91891891891892,18.91891891891892,18.91891891891892,18.91891891891892,18.91891891891892,19.029495718363464,19.029495718363464,19.029495718363464,19.029495718363464,19.029495718363464,19.029495718363464,19.029495718363464,19.029495718363464,19.029495718363464,19.029495718363464,19.029495718363464,19.029495718363464,19.029495718363464,19.029495718363464,19.029495718363464,19.029495718363464,19.029495718363464,19.029495718363464,19.029495718363464,18.664047151277014,18.664047151277014,18.664047151277014,18.664047151277014,18.664047151277014,18.664047151277014,18.664047151277014,18.664047151277014,18.664047151277014,18.664047151277014,18.664047151277014,18.664047151277014,18.664047151277014,18.664047151277014,18.664047151277014,18.664047151277014,18.664047151277014,18.664047151277014,18.664047151277014,18.664047151277014,18.664047151277014,19.444444444444443,19.444444444444443,19.444444444444443,19.444444444444443,19.444444444444443,19.444444444444443,19.444444444444443,19.444444444444443,19.444444444444443,19.444444444444443,19.444444444444443,19.444444444444443,19.444444444444443,19.444444444444443,19.444444444444443,19.444444444444443,19.444444444444443,19.444444444444443,19.444444444444443,18.59099804305284,18.59099804305284,18.59099804305284,18.59099804305284,18.59099804305284,18.59099804305284,18.59099804305284,18.59099804305284,18.59099804305284,18.59099804305284,18.59099804305284,18.59099804305284,18.59099804305284,18.59099804305284,18.59099804305284,18.59099804305284,18.59099804305284,18.59099804305284,18.59099804305284,18.59099804305284,18.59099804305284,18.59099804305284,18.59099804305284,22.90836653386454,22.90836653386454,22.90836653386454,22.90836653386454,22.90836653386454,22.90836653386454,22.90836653386454,22.90836653386454,22.90836653386454,22.90836653386454,22.90836653386454,22.90836653386454,22.90836653386454,22.90836653386454,22.90836653386454,22.90836653386454,22.90836653386454,22.90836653386454,22.90836653386454,22.90836653386454,22.90836653386454,22.90836653386454,22.90836653386454,22.90836653386454,22.90836653386454,24.224806201550386,24.224806201550386,24.224806201550386,24.224806201550386,24.224806201550386,24.224806201550386,24.224806201550386,24.224806201550386,24.224806201550386,24.224806201550386,24.224806201550386,24.224806201550386,24.224806201550386],"raf":[43,41,139,26,21,38,41,37,139,24,20,37,43,41,141,18,28,38,38,137,26,19,42,41,136,12,34,39,137,23,20,43,38,139,27,17,40,137,23,24,39,38,146,19,27,39,38,141,22,21,43,37,138,27,18,38,139,22,20,42,38,39,138,23,22,34,43,38,138,25,21,41,43,138,24,20,45,37,134,13,32,41,135,26,18,45,40,144,20,21,40,36,37,140,25,18,46,34,37,141,25,18,41,38,39,83,14,32,37,43,38,41,41,46,39,42,43,41,49,39,40,41,44,37,41,52,31,39,40,43,40,40,42,41,40,41,41,40,44,41,42,38,40,39,46,37,37,40]}