{"time":[3.049,3.1149999999999998,3.195,3.259,3.318,3.396,3.459,3.52,3.61,3.659,3.7209999999999996,3.8349999999999995,3.8589999999999995,3.9289999999999994,4.061999999999999,4.092999999999999,4.138999999999999,4.215999999999999,4.382,4.409,4.462,4.632,4.659,4.71,4.88,4.909,4.958,5.027,5.196,5.225,5.271,5.439,5.458,5.515000000000001,5.628000000000001,5.659000000000001,5.716000000000001,5.888000000000001,5.909000000000001,5.972,6.042000000000001,6.211,6.2250000000000005,6.2860000000000005,6.458,6.476,6.536,6.704,6.725,6.779999999999999,6.951999999999999,6.974999999999999,7.0299999999999985,7.200999999999999,7.224999999999999,7.2799999999999985,7.451999999999998,7.474999999999998,7.528999999999998,7.699999999999998,7.724999999999999,7.777999999999999,7.946999999999998,7.974999999999998,8.020999999999997,8.188999999999997,8.208999999999996,8.264999999999995,8.433999999999996,8.457999999999995,8.509999999999994,8.677999999999994,8.691999999999993,8.752999999999993,8.923999999999992,8.941999999999993,8.998999999999993,9.168999999999993,9.190999999999994,9.245999999999993,9.420999999999994,9.441999999999995,9.497999999999994,9.666999999999994,9.690999999999994,9.742999999999993,9.809999999999993,9.978999999999994,10.007999999999994,10.055999999999994,10.223999999999993,10.241999999999994,10.299999999999994,10.467999999999993,10.491999999999992,10.543999999999992,10.713999999999992,10.741999999999992,10.790999999999991,10.860999999999992,10.926999999999992,11.093999999999992,11.107999999999992,11.166999999999991,11.233999999999991,11.403999999999991,11.424999999999992,11.478999999999992,11.646999999999991,11.674999999999992,11.722999999999992,11.889999999999992,11.907999999999992,11.965999999999992,12.030999999999992,12.096999999999992,12.161999999999992,12.330999999999992,12.357999999999992,12.407999999999992,12.529999999999992,12.573999999999993,12.624999999999993,12.688999999999993,12.755999999999993,12.823999999999993,12.895999999999992,12.967999999999991],"fps":[14.395393474088293,14.395393474088293,14.395393474088293,14.395393474088293,14.395393474088293,14.395393474088293,14.395393474088293,14.395393474088293,14.395393474088293,14.395393474088293,14.395393474088293,14.218009478672986,14.218009478672986,14.218009478672986,14.218009478672986,14.218009478672986,14.218009478672986,14.218009478672986,14.218009478672986,14.218009478672986,14.218009478672986,14.218009478672986,14.218009478672986,14.218009478672986,12.440191387559809,12.440191387559809,12.440191387559809,12.440191387559809,12.440191387559809,12.440191387559809,12.440191387559809,12.440191387559809,12.440191387559809,12.440191387559809,12.440191387559809,12.440191387559809,12.440191387559809,12.896825396825397,12.896825396825397,12.896825396825397,12.896825396825397,12.896825396825397,12.896825396825397,12.896825396825397,12.896825396825397,12.896825396825397,12.896825396825397,12.896825396825397,12.896825396825397,12.896825396825397,12.218045112781954,12.218045112781954,12.218045112781954,12.218045112781954,12.218045112781954,12.218045112781954,12.218045112781954,12.218045112781954,12.218045112781954,12.218045112781954,12.218045112781954,12.218045112781954,12.218045112781954,12.70772238514174,12.70772238514174,12.70772238514174,12.70772238514174,12.70772238514174,12.70772238514174,12.70772238514174,12.70772238514174,12.70772238514174,12.70772238514174,12.70772238514174,12.70772238514174,12.70772238514174,12.6953125,12.6953125,12.6953125,12.6953125,12.6953125,12.6953125,12.6953125,12.6953125,12.6953125,12.6953125,12.6953125,12.6953125,11.881188118811881,11.881188118811881,11.881188118811881,11.881188118811881,11.881188118811881,11.881188118811881,11.881188118811881,11.881188118811881,11.881188118811881,11.881188118811881,11.881188118811881,11.881188118811881,11.881188118811881,11.981566820276498,11.981566820276498,11.981566820276498,11.981566820276498,11.981566820276498,11.981566820276498,11.981566820276498,11.981566820276498,11.981566820276498,11.981566820276498,11.981566820276498,11.981566820276498,11.981566820276498,11.981566820276498,13.958125623130607,13.958125623130607,13.958125623130607,13.958125623130607,13.958125623130607,13.958125623130607,13.958125623130607,13.958125623130607,13.958125623130607,13.958125623130607,13.958125623130607,13.958125623130607,13.958125623130607],"raf":[57,66,81,63,59,78,64,60,91,48,62,114,24,70,133,31,47,76,166,27,53,170,27,51,170,29,49,70,168,30,45,169,19,56,113,32,57,171,21,63,70,169,15,60,173,17,60,168,21,55,172,23,56,170,24,56,172,23,54,170,26,52,169,28,47,167,20,57,169,24,52,167,14,62,170,18,57,170,23,54,175,21,57,168,25,52,67,169,29,48,167,18,58,169,23,53,169,28,49,71,65,167,14,59,67,170,21,55,167,28,49,167,17,59,64,66,65,169,27,50,123,43,52,63,68,67,73,72]}