{"time":[3.064,3.153,3.2560000000000002,3.415,3.545,3.682,3.876,4.042,4.207,4.375,4.644,4.8100000000000005,4.972,5.0360000000000005,5.2010000000000005,5.471,5.635,5.798,5.864,6.13,6.3,6.468999999999999,6.6419999999999995,6.866,6.939,7.017,7.093,7.169,7.2459999999999996,7.3229999999999995,7.3999999999999995,7.481,7.564,7.641,7.714,7.798,7.883,7.984,8.108,8.181000000000001,8.252,8.328000000000001,8.406,8.48,8.56,8.631,8.708,8.791,8.868],"fps":[11.505273250239693,11.505273250239693,11.505273250239693,11.142061281337048,11.142061281337048,11.142061281337048,11.142061281337048,11.142061281337048,11.142061281337048,11.142061281337048,5.695687550854353,5.695687550854353,5.695687550854353,5.695687550854353,5.695687550854353,5.695687550854353,5.695687550854353,6.0606060606060606,6.0606060606060606,6.0606060606060606,6.0606060606060606,6.0606060606060606,6.0606060606060606,5.623242736644799,5.623242736644799,5.623242736644799,5.623242736644799,5.623242736644799,5.623242736644799,5.623242736644799,5.623242736644799,5.623242736644799,5.623242736644799,5.623242736644799,5.623242736644799,5.623242736644799,12.782694198623402,12.782694198623402,12.782694198623402,12.782694198623402,12.782694198623402,12.782694198623402,12.782694198623402,12.782694198623402,12.782694198623402,12.782694198623402,12.782694198623402,12.782694198623402,12.782694198623402],"raf":[78,90,102,159,130,137,194,166,165,168,269,166,163,63,165,271,163,164,65,266,170,169,173,224,74,77,76,77,76,77,77,82,82,77,73,84,85,101,124,73,71,77,77,75,79,72,76,83,77]}