{"time":[3.029999999999999,3.078999999999999,3.145999999999999,3.207999999999999,3.2539999999999987,3.324999999999999,3.400999999999999,3.528999999999999,3.576999999999999,3.6279999999999992,3.7319999999999993,3.7809999999999993,3.983999999999999,4.122999999999999,4.164,4.274,4.423,4.67,4.812,4.851,4.9959999999999996,5.058,5.311,5.358,5.403,5.547,5.702,5.85,5.893,6.133,6.375,6.424,6.4670000000000005,6.61,6.765000000000001,7.009,7.058000000000001,7.106000000000001,7.253000000000001,7.301000000000001,7.446000000000001,7.495000000000001,7.649000000000001,7.796000000000001,7.841000000000001,8.004000000000001,8.096000000000002,8.176000000000002,8.240000000000002,8.295000000000002,8.353000000000002,8.406000000000002,8.466000000000003,8.523000000000003,8.578000000000003,8.639000000000003,8.689000000000004,8.745000000000003,8.799000000000003,8.849000000000004,8.923000000000004,8.978000000000003,9.028000000000004,9.095000000000004,9.159000000000004,9.242000000000004,9.324000000000005,9.451000000000006,9.500000000000005,9.552000000000005,9.605000000000006,9.657000000000005],"fps":[14.734774066797643,14.734774066797643,16.917293233082706,16.917293233082706,16.917293233082706,16.917293233082706,16.917293233082706,16.917293233082706,16.917293233082706,16.917293233082706,16.917293233082706,16.917293233082706,16.917293233082706,16.917293233082706,11.776251226692835,11.776251226692835,11.776251226692835,11.776251226692835,11.776251226692835,11.776251226692835,11.776251226692835,11.776251226692835,6.980802792321117,6.980802792321117,6.980802792321117,6.980802792321117,6.980802792321117,6.980802792321117,6.980802792321117,6.980802792321117,7.511737089201878,7.511737089201878,7.511737089201878,7.511737089201878,7.511737089201878,7.511737089201878,7.511737089201878,7.511737089201878,7.511737089201878,7.511737089201878,9.345794392523365,9.345794392523365,9.345794392523365,9.345794392523365,9.345794392523365,9.345794392523365,9.345794392523365,9.345794392523365,9.345794392523365,9.345794392523365,9.345794392523365,9.345794392523365,11.753183153770813,11.753183153770813,11.753183153770813,11.753183153770813,11.753183153770813,11.753183153770813,11.753183153770813,11.753183153770813,11.753183153770813,11.753183153770813,11.753183153770813,11.753183153770813,11.753183153770813,11.753183153770813,11.753183153770813,11.753183153770813,15.473887814313347,15.473887814313347,15.473887814313347,15.473887814313347],"raf":[60,49,67,62,46,71,76,128,48,51,105,48,203,139,42,110,149,246,142,40,144,62,253,47,45,144,155,148,43,240,243,48,44,142,156,243,49,49,146,48,145,50,154,146,45,165,90,80,65,54,58,53,61,56,56,60,51,55,55,49,75,54,51,66,65,82,83,126,50,51,54,51]}