{"time":[3.0849999999999995,3.2379999999999995,3.3889999999999993,3.5409999999999995,3.5989999999999993,3.6599999999999993,3.9129999999999994,4.068,4.116,4.369,4.52,4.566,4.818,4.968999999999999,5.015,5.2669999999999995,5.4159999999999995,5.465,5.721,5.873,5.921,6.175000000000001,6.325000000000001,6.374000000000001,6.529000000000002,6.687000000000002,6.743000000000002,6.896000000000002,6.961000000000002,7.112000000000002,7.176000000000002,7.239000000000002,7.299000000000001,7.367000000000001,7.447000000000001,7.512000000000001,7.585000000000002,7.644000000000002,7.708000000000002,7.771000000000002,7.832000000000002,7.910000000000002,7.976000000000002,8.034000000000002,8.115000000000002,8.176000000000002,8.236000000000002,8.315000000000003,8.392000000000003,8.447000000000003,8.528000000000002,8.592000000000002,8.651000000000002,8.729000000000001,8.801,8.876,8.972,9.032,9.093,9.264,9.392999999999999,9.536,9.594,9.751999999999999,9.960999999999999,10.012999999999998,10.170999999999998,10.427999999999997,10.583999999999998,10.635999999999997,10.795999999999998,10.950999999999997,11.106999999999998,11.262999999999998,11.419999999999998,11.574999999999998,11.729999999999997,11.886999999999997,11.941999999999997,12.098999999999997,12.255999999999997,12.411999999999997,12.573999999999998,12.631999999999998,12.787999999999998,12.947999999999999],"fps":[8.936550491510276,8.936550491510276,8.936550491510276,7.722007722007722,7.722007722007722,7.722007722007722,7.722007722007722,7.722007722007722,7.722007722007722,7.722007722007722,7.722007722007722,7.804878048780488,7.804878048780488,7.804878048780488,7.804878048780488,7.804878048780488,7.804878048780488,7.804878048780488,6.0606060606060606,6.0606060606060606,6.0606060606060606,6.0606060606060606,6.0606060606060606,6.0606060606060606,6.0606060606060606,6.0606060606060606,7.835455435847209,7.835455435847209,7.835455435847209,7.835455435847209,7.835455435847209,7.835455435847209,7.835455435847209,7.835455435847209,7.835455435847209,7.835455435847209,7.835455435847209,7.835455435847209,7.835455435847209,12.645914396887159,12.645914396887159,12.645914396887159,12.645914396887159,12.645914396887159,12.645914396887159,12.645914396887159,12.645914396887159,12.645914396887159,12.645914396887159,12.645914396887159,12.645914396887159,12.645914396887159,12.645914396887159,12.645914396887159,14.563106796116505,14.563106796116505,14.563106796116505,14.563106796116505,14.563106796116505,14.563106796116505,14.563106796116505,14.563106796116505,14.563106796116505,14.563106796116505,8.620689655172415,8.620689655172415,8.620689655172415,8.620689655172415,8.620689655172415,8.620689655172415,8.620689655172415,8.620689655172415,6.980802792321117,6.980802792321117,6.980802792321117,6.980802792321117,6.980802792321117,6.980802792321117,6.980802792321117,6.980802792321117,6.962576153176675,6.962576153176675,6.962576153176675,6.962576153176675,6.962576153176675,6.962576153176675],"raf":[157,153,151,153,57,61,253,155,48,253,151,47,251,151,47,252,149,48,257,151,48,254,151,48,155,158,56,153,66,150,64,63,60,68,80,65,73,60,63,63,61,78,66,58,81,61,60,79,78,54,82,64,59,77,72,75,96,61,60,171,129,143,58,158,209,53,157,258,155,52,160,155,156,156,157,155,155,158,54,157,157,156,162,58,156,160]}