{"time":[3.2329999999999997,3.2829999999999995,3.4239999999999995,3.5749999999999993,3.8209999999999993,3.865999999999999,3.9209999999999994,4.164,4.306,4.346,4.49,4.643,4.6819999999999995,4.826,4.9799999999999995,5.223,5.266,5.312,5.367,5.523,5.590999999999999,5.637999999999999,5.685999999999999,5.731999999999999,5.781999999999999,5.8309999999999995,5.8759999999999994,5.928999999999999,5.975999999999999,6.054999999999999,6.119999999999999,6.166999999999999,6.2349999999999985,6.305999999999998,6.3519999999999985,6.402999999999999,6.449999999999998,6.496999999999998,6.549999999999998,6.611999999999998,6.713999999999999,6.762999999999999,6.811999999999999,6.861999999999999,6.916999999999999,6.964999999999999,7.017999999999999,7.065999999999999,7.115999999999999,11.971999999999998,12.398999999999997,12.436999999999998,12.482999999999997,12.532999999999998,12.579999999999998,12.628999999999998,12.675999999999998,12.724999999999998,12.780999999999997,12.831999999999997,12.886999999999997,12.936999999999998,12.987999999999998],"fps":[6.965174129353234,8.79765395894428,8.79765395894428,8.79765395894428,8.79765395894428,8.79765395894428,8.79765395894428,8.79765395894428,6.8359375,6.8359375,6.8359375,6.8359375,6.8359375,6.8359375,6.8359375,6.8359375,6.8359375,8.946322067594433,8.946322067594433,8.946322067594433,8.946322067594433,8.946322067594433,8.946322067594433,8.946322067594433,8.946322067594433,8.946322067594433,8.946322067594433,8.946322067594433,8.946322067594433,8.946322067594433,8.946322067594433,8.946322067594433,8.946322067594433,8.946322067594433,16.361886429258902,16.361886429258902,16.361886429258902,16.361886429258902,16.361886429258902,16.361886429258902,16.361886429258902,16.361886429258902,16.361886429258902,16.361886429258902,16.361886429258902,16.361886429258902,16.361886429258902,16.361886429258902,16.361886429258902,2.668564312399929,2.668564312399929,2.668564312399929,2.668564312399929,2.668564312399929,2.668564312399929,2.668564312399929,2.668564312399929,2.668564312399929,2.668564312399929,2.668564312399929,2.668564312399929,2.668564312399929,12.807881773399014],"raf":[239,50,142,150,246,46,54,243,143,39,144,153,39,144,154,243,43,47,54,156,69,46,48,47,50,48,46,53,46,80,64,48,67,71,46,51,48,46,53,62,102,49,49,51,54,48,53,49,49,4857,426,39,45,50,47,49,47,49,56,51,55,50,51]}