{"time":[3.158,3.322,3.388,3.5629999999999997,3.6409999999999996,3.7669999999999995,3.8309999999999995,3.8939999999999997,3.9799999999999995,4.109999999999999,4.193999999999999,4.259999999999999,4.329999999999999,4.395999999999999,4.477999999999999,4.559999999999999,4.612999999999999,4.680999999999998,4.7429999999999986,4.804999999999999,4.8679999999999986,4.9289999999999985,4.993999999999999,5.059999999999999,5.112999999999999,5.190999999999999,5.244999999999999,5.316999999999999,5.376999999999999,5.434999999999999,5.511999999999999,5.598999999999998,5.661999999999998,5.751999999999998,5.911999999999998,6.038999999999998,6.094999999999998,6.236999999999998,6.294999999999998,6.449999999999998,6.6019999999999985,6.659999999999998,6.7269999999999985,6.882999999999998,7.036999999999998,7.087999999999998,7.2429999999999986,7.392999999999999,7.6469999999999985,7.796999999999999,7.847999999999999,7.896999999999999,8.154,8.308,8.355,8.51,8.661,8.815,8.863,8.921,9.075,9.130999999999998,9.386,9.54,9.604999999999999,9.858999999999998,10.012999999999998,10.061999999999998,10.117999999999997,10.275999999999996,10.427999999999995,10.580999999999996,10.736999999999997,10.803999999999997,10.960999999999997,11.116999999999997,11.392999999999997,11.491999999999997,11.577999999999998,11.706999999999997,11.778999999999996,11.838999999999997,11.905999999999997,11.978999999999997,12.043999999999997,12.126999999999997,12.213999999999997,12.292999999999997,12.346999999999998,12.416999999999998,12.491999999999997,12.546999999999997,12.618999999999996,12.691999999999997,12.758999999999997,12.826999999999996,12.891999999999996,12.961999999999996],"fps":[8.787346221441124,8.787346221441124,8.787346221441124,8.787346221441124,8.787346221441124,8.787346221441124,8.787346221441124,8.787346221441124,8.787346221441124,8.904719501335707,8.904719501335707,8.904719501335707,8.904719501335707,8.904719501335707,8.904719501335707,8.904719501335707,8.904719501335707,8.904719501335707,8.904719501335707,8.904719501335707,8.904719501335707,8.904719501335707,8.904719501335707,8.904719501335707,14.955134596211366,14.955134596211366,14.955134596211366,14.955134596211366,14.955134596211366,14.955134596211366,14.955134596211366,14.955134596211366,14.955134596211366,14.955134596211366,14.955134596211366,14.955134596211366,14.955134596211366,11.565836298932384,11.565836298932384,11.565836298932384,11.565836298932384,11.565836298932384,11.565836298932384,11.565836298932384,11.565836298932384,11.565836298932384,8.946322067594433,8.946322067594433,8.946322067594433,8.946322067594433,8.946322067594433,8.946322067594433,8.946322067594433,6.566604127579738,6.566604127579738,6.566604127579738,6.566604127579738,6.566604127579738,6.566604127579738,6.566604127579738,6.566604127579738,6.566604127579738,8.356545961002785,8.356545961002785,8.356545961002785,8.356545961002785,8.356545961002785,8.356545961002785,8.356545961002785,8.356545961002785,7.677543186180422,7.677543186180422,7.677543186180422,7.677543186180422,7.677543186180422,7.677543186180422,7.677543186180422,6.572769953051643,6.572769953051643,6.572769953051643,6.572769953051643,6.572769953051643,6.572769953051643,6.572769953051643,6.572769953051643,6.572769953051643,6.572769953051643,6.572769953051643,6.572769953051643,6.572769953051643,6.572769953051643,13.270142180094787,13.270142180094787,13.270142180094787,13.270142180094787,13.270142180094787,13.270142180094787,13.270142180094787],"raf":[172,164,65,176,77,126,64,63,91,125,84,67,69,66,82,82,53,68,63,61,63,62,64,66,53,79,54,71,60,58,78,86,63,90,160,127,57,141,58,156,151,58,67,157,153,52,154,150,254,150,51,49,257,155,47,154,151,154,48,58,154,58,253,154,65,254,155,48,56,158,152,153,156,68,156,157,275,100,85,129,72,61,67,72,65,83,87,79,55,70,74,56,71,73,67,68,65,70]}