{"time":[3.0920000000000005,3.1540000000000004,3.2290000000000005,3.2950000000000004,3.3820000000000006,3.4590000000000005,3.5260000000000007,3.6240000000000006,3.6990000000000007,3.7760000000000007,3.8600000000000008,3.959000000000001,4.033000000000001,4.181000000000001,4.331000000000001,4.553000000000002,4.709000000000001,4.795000000000002,5.081000000000001,5.263000000000002,5.388000000000002,5.558000000000002,5.831000000000001,6.002000000000002,6.168000000000002,6.340000000000002,6.643000000000002,6.806000000000002,6.870000000000002,7.043000000000002,7.2120000000000015,7.491000000000001,7.661000000000001,7.833000000000001,7.909000000000001,8.186,8.350999999999999,8.514,8.574,8.738,9.001,9.161,9.32,9.381,9.546,9.706,9.774,9.835999999999999,9.996999999999998,10.164999999999997,10.240999999999998,10.318999999999997,10.382999999999997,10.472999999999997,10.540999999999997,10.612999999999996,10.681999999999997,10.751999999999997,10.829999999999997,10.909999999999997,10.976999999999997,11.060999999999996,11.141999999999996,11.240999999999996,11.303999999999997,11.367999999999997,11.447999999999997,11.526999999999997,11.607999999999997,11.670999999999998,11.747999999999998,11.828999999999997,11.906999999999996,11.974999999999996,12.053999999999997,12.122999999999998,12.211999999999998,12.326999999999998,12.388999999999998,12.495999999999997,12.562999999999997,12.749999999999996,12.893999999999997,12.958999999999996],"fps":[10.784313725490197,10.784313725490197,10.784313725490197,10.784313725490197,10.784313725490197,10.784313725490197,10.784313725490197,10.784313725490197,10.784313725490197,10.784313725490197,12.720156555772995,12.720156555772995,12.720156555772995,12.720156555772995,12.720156555772995,12.720156555772995,12.720156555772995,12.720156555772995,6.552006552006552,6.552006552006552,6.552006552006552,6.552006552006552,6.552006552006552,6.552006552006552,5.514705882352941,5.514705882352941,5.514705882352941,5.514705882352941,5.514705882352941,5.514705882352941,5.747126436781609,5.747126436781609,5.747126436781609,5.747126436781609,5.747126436781609,5.747126436781609,5.267778753292362,5.267778753292362,5.267778753292362,5.267778753292362,5.267778753292362,5.267778753292362,5.267778753292362,6.796116504854369,6.796116504854369,6.796116504854369,6.796116504854369,6.796116504854369,6.796116504854369,6.796116504854369,6.796116504854369,6.796116504854369,8.991008991008991,8.991008991008991,8.991008991008991,8.991008991008991,8.991008991008991,8.991008991008991,8.991008991008991,8.991008991008991,8.991008991008991,8.991008991008991,8.991008991008991,8.991008991008991,8.991008991008991,8.991008991008991,13.133208255159476,13.133208255159476,13.133208255159476,13.133208255159476,13.133208255159476,13.133208255159476,13.133208255159476,13.133208255159476,13.133208255159476,13.133208255159476,13.133208255159476,13.133208255159476,13.133208255159476,12.404580152671755,12.404580152671755,12.404580152671755,12.404580152671755,12.404580152671755],"raf":[95,62,77,64,88,76,67,99,74,78,83,99,74,149,149,222,156,87,285,183,125,169,273,171,167,171,304,163,63,173,170,278,170,172,76,277,166,163,59,164,263,160,159,62,164,161,68,62,160,168,76,79,63,90,68,72,69,70,78,81,67,83,81,99,63,65,80,78,81,63,77,81,78,68,79,70,88,115,62,108,66,187,144,65]}