{"time":[3.0939999999999994,3.111999999999999,3.1599999999999993,3.2189999999999994,3.2789999999999995,3.4369999999999994,3.4619999999999993,3.5019999999999993,3.656999999999999,3.678999999999999,3.7249999999999988,3.7829999999999986,3.9409999999999985,3.9619999999999984,4.0059999999999985,4.064999999999999,4.222999999999999,4.245999999999999,4.288999999999999,4.346999999999999,4.5059999999999985,4.528999999999998,4.568999999999998,4.724999999999998,4.744999999999997,4.788999999999997,4.847999999999997,5.006999999999997,5.027999999999997,5.069999999999997,5.226999999999997,5.2449999999999966,5.293999999999997,5.349999999999997,5.505999999999997,5.528999999999996,5.568999999999996,5.724999999999996,5.744999999999996,5.785999999999996,5.940999999999996,5.961999999999996,6.002999999999997,6.158999999999996,6.178999999999996,6.222999999999995,6.279999999999996,6.440999999999995,6.461999999999995,6.502999999999996,6.658999999999995,6.6779999999999955,6.723999999999996,6.780999999999996,6.9389999999999965,6.961999999999996,7.002999999999997,7.158999999999996,7.177999999999996,7.2209999999999965,7.377999999999997,7.394999999999997,7.441999999999997,7.500999999999997,7.660999999999997,7.677999999999997,7.724999999999997,7.783999999999997,7.862999999999997,7.910999999999997,7.953999999999997,8.008999999999997,8.065999999999997,8.125999999999998,8.183999999999997,8.243999999999998,8.304999999999998,8.364999999999998,8.427999999999999,8.499999999999998,8.542999999999997,8.601999999999997,8.659999999999997,8.716999999999997,8.777999999999997],"fps":[12.455516014234876,12.455516014234876,12.455516014234876,12.455516014234876,12.455516014234876,13.605442176870747,13.605442176870747,13.605442176870747,13.605442176870747,13.605442176870747,13.605442176870747,13.605442176870747,13.605442176870747,13.605442176870747,13.605442176870747,13.605442176870747,13.605442176870747,13.605442176870747,13.605442176870747,13.605442176870747,14.044943820224718,14.044943820224718,14.044943820224718,14.044943820224718,14.044943820224718,14.044943820224718,14.044943820224718,14.044943820224718,14.044943820224718,14.044943820224718,14.044943820224718,14.044943820224718,14.044943820224718,14.044943820224718,13.986013986013987,13.986013986013987,13.986013986013987,13.986013986013987,13.986013986013987,13.986013986013987,13.986013986013987,13.986013986013987,13.986013986013987,13.986013986013987,13.986013986013987,13.986013986013987,13.986013986013987,13.986013986013987,13.986013986013987,13.986013986013987,13.88888888888889,13.88888888888889,13.88888888888889,13.88888888888889,13.88888888888889,13.88888888888889,13.88888888888889,13.88888888888889,13.88888888888889,13.88888888888889,13.88888888888889,13.88888888888889,13.88888888888889,13.88888888888889,13.972055888223553,13.972055888223553,13.972055888223553,13.972055888223553,13.972055888223553,13.972055888223553,13.972055888223553,13.972055888223553,13.972055888223553,13.972055888223553,13.972055888223553,13.972055888223553,13.972055888223553,13.972055888223553,13.972055888223553,13.972055888223553,13.972055888223553,13.972055888223553,13.972055888223553,17.992424242424242,17.992424242424242],"raf":[156,17,49,58,60,158,25,40,155,22,47,57,158,21,44,59,158,23,43,58,159,23,40,156,20,45,58,159,22,41,157,18,49,57,156,22,41,155,21,41,154,21,42,155,20,46,56,161,20,42,155,19,46,58,158,22,41,156,19,43,157,17,47,60,159,17,47,59,79,48,44,55,57,59,59,60,60,61,63,72,43,58,58,57,61]}