{"time":[3.001999999999999,3.018999999999999,3.0409999999999986,3.0689999999999986,3.2069999999999985,3.2349999999999985,3.2519999999999984,3.2799999999999985,3.3139999999999983,3.3529999999999984,3.4809999999999985,3.5019999999999984,3.5219999999999985,3.5609999999999986,3.5969999999999986,3.7309999999999985,3.7509999999999986,3.7689999999999984,3.8039999999999985,3.9389999999999983,3.951999999999998,3.980999999999998,4.020999999999998,4.052999999999998,4.191999999999998,4.201999999999998,4.239999999999998,4.272999999999999,4.414999999999999,4.434999999999999,4.458999999999999,4.498999999999999,4.5379999999999985,4.676999999999999,4.701999999999999,4.717999999999999,4.756999999999999,4.895999999999999,4.918999999999999,4.934999999999999,4.969999999999999,5.004999999999999,5.140999999999999,5.150999999999999,5.176999999999999,5.212999999999998,5.245999999999999,5.285999999999999,5.418999999999999,5.434999999999999,5.457999999999998,5.496999999999998,5.535999999999998,5.668999999999998,5.684999999999998,5.709999999999998,5.749999999999998,5.786999999999998,5.9209999999999985,5.934999999999999,5.967999999999999,6.004999999999999,6.038999999999999,6.181999999999999,6.200999999999999,6.221999999999999,6.264999999999999,6.301999999999999,6.443999999999999,6.467999999999999,6.486999999999999,6.520999999999999,6.559999999999999,6.696999999999999,6.717999999999999,6.733999999999999,6.7669999999999995,6.8,6.833,6.9670000000000005,6.985,7.003,7.039,7.074,7.107,7.136,7.274,7.285,7.314,7.351,7.49,7.501,7.531000000000001,7.567,7.599,7.635,7.77,7.784,7.808,7.85,7.887,7.946,7.968,7.985,8.022,8.053,8.090000000000002,8.116000000000001,8.148000000000001,8.186000000000002,8.218000000000002,8.250000000000002,8.281000000000002,8.314000000000002,8.345000000000002,8.378000000000002,8.409000000000002,8.440000000000003,8.489000000000003,8.518000000000002,8.537000000000003,8.570000000000002,8.602000000000002,8.635000000000002,8.668000000000001,8.698,8.728,8.764,8.795,8.824,8.859,8.892,8.924,8.952,8.987,9.019,9.049,9.08,9.117,9.149000000000001,9.182,9.218,9.268,9.285,9.32],"fps":[21.159153633854647,21.159153633854647,21.159153633854647,21.159153633854647,20.87475149105368,20.87475149105368,20.87475149105368,20.87475149105368,20.87475149105368,20.87475149105368,20.87475149105368,20.87475149105368,20.87475149105368,20.87475149105368,20.87475149105368,20.87475149105368,20.87475149105368,20.87475149105368,20.87475149105368,20.87475149105368,20.87475149105368,20.87475149105368,20.87475149105368,20.87475149105368,20.87475149105368,20.87475149105368,21.27659574468085,21.27659574468085,21.27659574468085,21.27659574468085,21.27659574468085,21.27659574468085,21.27659574468085,21.27659574468085,21.27659574468085,21.27659574468085,21.27659574468085,21.27659574468085,21.27659574468085,21.27659574468085,21.27659574468085,21.27659574468085,21.27659574468085,21.27659574468085,21.27659574468085,21.27659574468085,19.90049751243781,19.90049751243781,19.90049751243781,19.90049751243781,19.90049751243781,19.90049751243781,19.90049751243781,19.90049751243781,19.90049751243781,19.90049751243781,19.90049751243781,19.90049751243781,19.90049751243781,19.90049751243781,19.90049751243781,19.90049751243781,19.90049751243781,19.90049751243781,19.90049751243781,19.90049751243781,19.627085377821395,19.627085377821395,19.627085377821395,19.627085377821395,19.627085377821395,19.627085377821395,19.627085377821395,19.627085377821395,19.627085377821395,19.627085377821395,19.627085377821395,19.627085377821395,19.627085377821395,19.627085377821395,19.627085377821395,19.627085377821395,19.627085377821395,19.627085377821395,19.627085377821395,19.627085377821395,19.801980198019802,19.801980198019802,19.801980198019802,19.801980198019802,19.801980198019802,19.801980198019802,19.801980198019802,19.801980198019802,19.801980198019802,19.801980198019802,19.801980198019802,19.801980198019802,19.801980198019802,19.801980198019802,19.801980198019802,19.801980198019802,19.801980198019802,19.801980198019802,19.801980198019802,19.801980198019802,19.801980198019802,19.801980198019802,19.801980198019802,19.801980198019802,19.801980198019802,19.801980198019802,25.84493041749503,25.84493041749503,25.84493041749503,25.84493041749503,25.84493041749503,25.84493041749503,25.84493041749503,25.84493041749503,25.84493041749503,25.84493041749503,25.84493041749503,25.84493041749503,25.84493041749503,25.84493041749503,25.84493041749503,25.84493041749503,25.84493041749503,25.84493041749503,25.84493041749503,25.84493041749503,25.84493041749503,25.84493041749503,25.84493041749503,25.84493041749503,25.84493041749503,25.84493041749503,25.84493041749503,25.84493041749503,25.84493041749503,25.84493041749503,25.84493041749503,30.87649402390438,30.87649402390438],"raf":[130,17,22,29,137,28,17,28,34,40,127,21,21,39,35,134,21,17,35,135,13,29,41,31,139,10,39,32,142,20,24,41,38,139,25,17,38,139,23,17,34,37,134,11,25,36,33,40,133,16,23,39,39,133,16,25,40,38,133,14,33,38,33,143,20,20,43,37,142,24,19,34,40,137,20,17,33,32,33,134,18,18,37,34,33,29,139,10,29,38,138,11,31,35,32,36,135,15,24,42,36,60,21,18,36,31,38,25,32,38,32,32,31,33,32,32,31,32,48,29,19,34,31,34,32,30,30,36,32,28,36,32,32,29,34,33,29,31,37,32,34,35,50,17,35]}