{"time":[3.097,3.121,3.144,3.2550000000000003,3.394,3.4210000000000003,3.4450000000000003,3.555,3.698,3.721,3.758,3.968,3.987,4.029,4.248,4.271,4.311,4.425,4.577,4.604,4.64,4.85,4.8709999999999996,4.912,5.021,5.161,5.186999999999999,5.215999999999999,5.435999999999999,5.453999999999999,5.487999999999999,5.698999999999999,5.720999999999999,5.754999999999999,5.934999999999999,5.953999999999999,5.990999999999999,6.039999999999999,6.086999999999999,6.136999999999999,6.161999999999999,6.194999999999999,6.225999999999999,6.259999999999999,6.290999999999999,6.317999999999999,6.349999999999999,6.3809999999999985,6.408999999999998,6.440999999999998,6.469999999999998,6.495999999999998,6.5269999999999975,6.554999999999997,6.582999999999997,6.610999999999996,6.636999999999996,6.669999999999996,6.691999999999997,6.7209999999999965,6.753999999999997,6.769999999999997,6.800999999999997,6.822999999999997,6.851999999999997,6.879999999999996,6.904999999999997,6.935999999999996,6.9629999999999965,6.992999999999997,7.020999999999996,7.053999999999997,7.086999999999997,7.109999999999997,7.144999999999997,7.168999999999997,7.200999999999997,7.231999999999997,7.2579999999999965,7.292999999999997,7.322999999999997,7.3539999999999965,7.385999999999997,7.416999999999996,7.4469999999999965,7.474999999999996,7.5079999999999965,7.541999999999996,7.572999999999996,7.601999999999996,7.634999999999996,7.666999999999996,7.699999999999997,7.7289999999999965],"fps":[12.636899747262005,12.636899747262005,12.636899747262005,12.636899747262005,12.636899747262005,12.636899747262005,12.636899747262005,13.738959764474975,13.738959764474975,13.738959764474975,13.738959764474975,13.738959764474975,13.738959764474975,13.738959764474975,13.738959764474975,13.738959764474975,13.738959764474975,13.738959764474975,10.76320939334638,10.76320939334638,10.76320939334638,10.76320939334638,10.76320939334638,10.76320939334638,10.76320939334638,10.76320939334638,10.76320939334638,10.76320939334638,10.76320939334638,10.76320939334638,10.76320939334638,11.58645276292335,11.58645276292335,11.58645276292335,11.58645276292335,11.58645276292335,11.58645276292335,11.58645276292335,11.58645276292335,11.58645276292335,11.58645276292335,11.58645276292335,11.58645276292335,11.58645276292335,11.58645276292335,11.58645276292335,11.58645276292335,11.58645276292335,11.58645276292335,11.58645276292335,11.58645276292335,11.58645276292335,11.58645276292335,11.58645276292335,11.58645276292335,11.58645276292335,11.58645276292335,11.58645276292335,11.58645276292335,27.37047898338221,27.37047898338221,27.37047898338221,27.37047898338221,27.37047898338221,27.37047898338221,27.37047898338221,27.37047898338221,27.37047898338221,27.37047898338221,27.37047898338221,27.37047898338221,27.37047898338221,27.37047898338221,27.37047898338221,27.37047898338221,27.37047898338221,27.37047898338221,27.37047898338221,27.37047898338221,27.37047898338221,27.37047898338221,27.37047898338221,27.37047898338221,27.37047898338221,27.37047898338221,27.37047898338221,27.37047898338221,27.37047898338221,27.37047898338221,27.37047898338221,27.37047898338221,27.37047898338221,27.37047898338221,33.76365441906653],"raf":[139,23,24,110,139,27,25,109,143,23,37,210,20,41,219,24,40,113,152,27,36,210,21,41,109,140,26,30,219,18,34,211,22,34,181,18,37,49,47,51,24,34,30,35,30,27,32,31,28,32,29,26,31,29,28,27,26,33,23,29,32,16,32,21,29,28,25,31,27,31,27,33,34,22,35,24,33,30,26,35,31,30,32,31,30,28,33,35,30,29,33,32,33,29]}