{"time":[3.4099999999999997,3.5489999999999995,3.6039999999999996,3.6619999999999995,3.7199999999999993,3.7789999999999995,3.8529999999999993,3.922999999999999,3.983999999999999,4.042999999999999,4.108999999999999,4.171999999999999,4.236999999999999,4.297999999999999,4.367999999999999,4.433999999999999,4.492999999999999,4.558,4.624,4.691999999999999,4.754,4.818,4.880999999999999,4.946,5.0089999999999995,5.074,5.135,5.196,5.2669999999999995,5.329,5.395,5.457,5.521,5.582,5.648,5.707,5.77,5.832,5.895,5.965,6.028,6.095999999999999,6.158999999999999,6.2269999999999985,6.289999999999998,6.353999999999998,6.415999999999999,6.478999999999998,6.5379999999999985,6.600999999999998,6.664999999999998,6.728999999999998,6.7959999999999985,6.858999999999998,6.925999999999998,6.989999999999998,7.057999999999998,7.120999999999998,7.182999999999998,7.249999999999998,7.316999999999998,7.384999999999998,7.447999999999998,7.515999999999997,7.5829999999999975,7.653999999999997,7.721999999999997,7.792999999999997,7.871999999999996,7.9389999999999965,8.009999999999996,8.074999999999996,8.158999999999995,8.236999999999995,8.305999999999996,8.376999999999995,8.453999999999995,8.515999999999995,8.589999999999995,8.655999999999995,8.720999999999995,8.804999999999994,8.870999999999995,8.940999999999995,9.003999999999996,9.087999999999996,9.155999999999995,9.238999999999995,9.329999999999995,9.436999999999994,9.497999999999994,9.562999999999994,9.654999999999994,9.791999999999994,10.032999999999994,10.196999999999994,10.356999999999994,10.518999999999995,10.682999999999995,10.737999999999994,11.000999999999994,11.072999999999993,11.132999999999994,11.202999999999994,11.270999999999994,11.333999999999994,11.403999999999995,11.470999999999995,11.537999999999995,11.600999999999996,11.666999999999996,11.736999999999997,11.943999999999997,12.019999999999998,12.086999999999998,12.174999999999997,12.253999999999998,12.356999999999998,12.454999999999998,12.519999999999998,12.584999999999997,12.650999999999998],"fps":[9.861932938856016,9.861932938856016,9.861932938856016,9.861932938856016,9.861932938856016,9.861932938856016,7.920792079207921,7.920792079207921,7.920792079207921,7.920792079207921,7.920792079207921,7.920792079207921,7.920792079207921,7.920792079207921,7.920792079207921,7.920792079207921,7.920792079207921,7.920792079207921,7.920792079207921,7.920792079207921,7.920792079207921,7.920792079207921,15.54907677356657,15.54907677356657,15.54907677356657,15.54907677356657,15.54907677356657,15.54907677356657,15.54907677356657,15.54907677356657,15.54907677356657,15.54907677356657,15.54907677356657,15.54907677356657,15.54907677356657,15.54907677356657,15.54907677356657,15.54907677356657,15.79466929911155,15.79466929911155,15.79466929911155,15.79466929911155,15.79466929911155,15.79466929911155,15.79466929911155,15.79466929911155,15.79466929911155,15.79466929911155,15.79466929911155,15.79466929911155,15.79466929911155,15.79466929911155,15.79466929911155,15.79466929911155,15.518913676042677,15.518913676042677,15.518913676042677,15.518913676042677,15.518913676042677,15.518913676042677,15.518913676042677,15.518913676042677,15.518913676042677,15.518913676042677,15.518913676042677,15.518913676042677,15.518913676042677,15.518913676042677,15.518913676042677,14.807502467917079,14.807502467917079,14.807502467917079,14.807502467917079,14.807502467917079,14.807502467917079,14.807502467917079,14.807502467917079,14.807502467917079,14.807502467917079,14.807502467917079,14.807502467917079,14.807502467917079,14.807502467917079,13.958125623130607,13.958125623130607,13.958125623130607,13.958125623130607,13.958125623130607,13.958125623130607,13.958125623130607,13.958125623130607,13.958125623130607,13.958125623130607,13.958125623130607,10.082493125572869,10.082493125572869,10.082493125572869,10.082493125572869,10.082493125572869,10.082493125572869,10.082493125572869,6.724303554274736,6.724303554274736,6.724303554274736,6.724303554274736,6.724303554274736,6.724303554274736,6.724303554274736,6.724303554274736,6.724303554274736,6.724303554274736,6.724303554274736,6.724303554274736,6.724303554274736,12.833168805528134,12.833168805528134,12.833168805528134,12.833168805528134,12.833168805528134,12.833168805528134,12.833168805528134,12.833168805528134],"raf":[506,138,55,58,58,60,73,70,61,59,66,64,65,60,70,66,60,65,65,68,62,65,63,65,62,65,61,61,71,63,65,62,65,60,66,59,63,62,63,70,63,68,63,68,63,64,62,63,60,62,64,64,68,62,67,64,68,63,62,67,68,67,64,67,68,70,68,72,78,67,72,65,83,78,69,71,78,61,74,66,65,84,66,71,62,84,68,83,91,107,62,64,92,137,241,164,160,162,164,55,263,73,60,70,67,64,69,67,67,64,65,70,207,76,67,88,79,103,98,66,64,66]}