{"time":[3.0110000000000006,3.1100000000000008,3.2230000000000008,3.4020000000000006,3.6420000000000003,3.958,4.231,4.2989999999999995,4.364999999999999,4.435,4.505,4.575,4.6450000000000005,4.7170000000000005,4.808000000000001,4.9,4.974,5.054,5.15,5.273000000000001,5.384,5.502000000000001,5.618,5.7330000000000005,5.853000000000001,5.985,6.1160000000000005,7.618,7.747,7.885,8.018,8.153,8.282,8.524000000000001,8.585,8.65,8.717,8.796000000000001,8.866000000000001,8.942000000000002,9.014000000000001,9.085,9.157,9.231,9.308,9.381,9.461,9.535,9.61,9.687,9.764,9.84,9.919,9.997,10.076,10.153,10.23,10.305,10.382,10.461,10.536,10.613,10.687999999999999,10.765999999999998,10.847999999999999,10.93,11.007,11.086,11.167,11.248,11.411,11.487,11.565,11.644,11.722,11.799,11.879,12.17,12.243,12.319,12.402000000000001,12.48,12.563,12.75,12.825,12.902,12.981],"fps":[11.142061281337048,11.764705882352942,11.764705882352942,11.764705882352942,11.764705882352942,11.764705882352942,4.464285714285714,4.464285714285714,4.464285714285714,4.464285714285714,4.464285714285714,4.464285714285714,4.464285714285714,4.464285714285714,4.464285714285714,4.464285714285714,4.464285714285714,4.464285714285714,4.464285714285714,12.476007677543187,12.476007677543187,12.476007677543187,12.476007677543187,12.476007677543187,12.476007677543187,12.476007677543187,12.476007677543187,3.411513859275053,3.411513859275053,3.411513859275053,3.411513859275053,3.411513859275053,3.411513859275053,3.411513859275053,3.411513859275053,7.751937984496124,7.751937984496124,7.751937984496124,7.751937984496124,7.751937984496124,7.751937984496124,7.751937984496124,7.751937984496124,7.751937984496124,7.751937984496124,7.751937984496124,7.751937984496124,7.751937984496124,7.751937984496124,13.500482160077146,13.500482160077146,13.500482160077146,13.500482160077146,13.500482160077146,13.500482160077146,13.500482160077146,13.500482160077146,13.500482160077146,13.500482160077146,13.500482160077146,13.500482160077146,13.500482160077146,12.987012987012987,12.987012987012987,12.987012987012987,12.987012987012987,12.987012987012987,12.987012987012987,12.987012987012987,12.987012987012987,12.987012987012987,12.987012987012987,12.987012987012987,12.987012987012987,11.60541586073501,11.60541586073501,11.60541586073501,11.60541586073501,11.60541586073501,11.60541586073501,11.60541586073501,11.60541586073501,11.60541586073501,8.754863813229573,8.754863813229573,8.754863813229573,8.754863813229573],"raf":[97,99,112,179,241,315,273,68,66,70,70,70,71,71,91,92,74,80,96,123,111,118,116,115,120,132,131,1502,130,137,133,135,130,241,62,64,67,79,70,76,72,72,71,74,77,73,80,74,76,76,77,76,79,78,79,78,76,75,77,79,76,76,75,78,82,82,77,79,81,81,163,76,78,79,78,77,80,292,72,76,83,78,83,187,75,78,78]}