{"time":[3.018,3.1599999999999997,3.1819999999999995,3.1999999999999993,3.410999999999999,3.431999999999999,3.461999999999999,3.5719999999999987,3.6049999999999986,3.8149999999999986,3.8319999999999985,3.8669999999999987,4.078999999999999,4.097999999999999,4.130999999999999,4.241,4.284999999999999,4.428999999999999,4.4479999999999995,4.475,4.588,4.618,4.732,4.871,4.898000000000001,4.9190000000000005,5.032000000000001,5.171000000000001,5.198000000000001,5.218000000000001,5.327000000000001,5.371,5.416,5.627000000000001,5.649000000000001,5.665000000000001,5.876000000000001,5.8980000000000015,5.919000000000001,6.131000000000001,6.1480000000000015,6.182000000000001,6.400000000000001,6.415000000000001,6.454000000000001,6.569000000000001,6.703000000000001,6.715000000000001,6.750000000000001,6.961000000000001,6.982000000000001,7.013000000000001,7.125000000000001,7.166000000000001,7.242000000000001,7.282000000000001,7.307000000000001,7.341000000000001,7.378000000000001,7.410000000000001,7.442000000000001,7.473000000000001,7.501,7.532,7.557,7.586,7.612,7.638,7.6659999999999995,7.693,7.717,7.741,7.771,7.794,7.8229999999999995,7.851999999999999,7.879999999999999,7.900999999999999,7.926999999999999,7.950999999999999,7.975999999999999,8.002999999999998,8.027999999999999,8.049999999999999,8.076999999999998,8.105999999999998,8.129999999999997,8.163999999999998,8.178999999999998,8.208999999999998,8.235999999999997,8.263999999999998,8.282999999999998,8.303999999999998,8.329999999999998,8.356999999999998,8.377999999999998,8.405999999999999,8.431,8.454999999999998,8.477999999999998,8.498999999999999,8.527,8.552,8.575999999999999,8.610999999999999,8.636,8.661,8.687,8.716999999999999,8.739999999999998,8.768999999999998,8.793999999999999,8.823999999999998,8.850999999999997,8.877999999999997,8.906999999999996,8.932999999999996,8.960999999999997,8.988999999999997,9.012999999999996,9.041999999999996,9.069999999999997,9.098999999999997],"fps":[15.899581589958158,15.899581589958158,15.968063872255488,15.968063872255488,15.968063872255488,15.968063872255488,15.968063872255488,15.968063872255488,15.968063872255488,15.968063872255488,15.968063872255488,15.968063872255488,15.968063872255488,15.968063872255488,15.968063872255488,12.275731822474032,12.275731822474032,12.275731822474032,12.275731822474032,12.275731822474032,12.275731822474032,12.275731822474032,12.275731822474032,12.275731822474032,12.275731822474032,12.275731822474032,12.275731822474032,12.275731822474032,12.275731822474032,12.275731822474032,13.799448022079117,13.799448022079117,13.799448022079117,13.799448022079117,13.799448022079117,13.799448022079117,13.799448022079117,13.799448022079117,13.799448022079117,13.799448022079117,13.799448022079117,13.799448022079117,11.183597390493942,11.183597390493942,11.183597390493942,11.183597390493942,11.183597390493942,11.183597390493942,11.183597390493942,11.183597390493942,11.183597390493942,11.183597390493942,11.183597390493942,11.183597390493942,11.183597390493942,11.183597390493942,11.183597390493942,11.183597390493942,11.183597390493942,16.831683168316832,16.831683168316832,16.831683168316832,16.831683168316832,16.831683168316832,16.831683168316832,16.831683168316832,16.831683168316832,16.831683168316832,16.831683168316832,16.831683168316832,16.831683168316832,16.831683168316832,16.831683168316832,16.831683168316832,16.831683168316832,16.831683168316832,16.831683168316832,16.831683168316832,16.831683168316832,16.831683168316832,16.831683168316832,16.831683168316832,16.831683168316832,16.831683168316832,16.831683168316832,16.831683168316832,16.831683168316832,16.831683168316832,16.831683168316832,16.831683168316832,16.831683168316832,16.831683168316832,16.831683168316832,16.831683168316832,16.831683168316832,16.831683168316832,16.831683168316832,16.831683168316832,38.23529411764706,38.23529411764706,38.23529411764706,38.23529411764706,38.23529411764706,38.23529411764706,38.23529411764706,38.23529411764706,38.23529411764706,38.23529411764706,38.23529411764706,38.23529411764706,38.23529411764706,38.23529411764706,38.23529411764706,38.23529411764706,38.23529411764706,38.23529411764706,38.23529411764706,38.23529411764706,38.23529411764706,38.23529411764706,38.23529411764706,38.23529411764706,38.23529411764706,38.23529411764706],"raf":[30,143,21,18,211,22,29,110,33,211,17,34,212,20,32,110,44,144,20,26,114,30,113,140,27,20,113,139,28,19,110,43,45,211,22,16,212,21,21,212,17,35,218,14,39,115,134,12,36,210,21,32,111,42,75,40,25,34,38,32,31,31,28,31,26,28,26,26,28,27,25,23,30,23,29,29,28,22,25,25,24,28,25,21,28,28,24,34,15,30,27,28,19,21,26,27,21,28,25,24,23,21,28,26,23,35,25,25,26,30,24,28,25,30,27,28,28,26,28,28,24,29,28,29]}