{"time":[3.0159999999999987,3.0489999999999986,3.0859999999999985,3.2159999999999984,3.2329999999999983,3.250999999999998,3.2859999999999983,3.3219999999999983,3.3529999999999984,3.4909999999999983,3.4999999999999982,3.5239999999999982,3.552999999999998,3.578999999999998,3.6129999999999978,3.6469999999999976,3.6709999999999976,3.8089999999999975,3.8329999999999975,3.9429999999999974,3.9509999999999974,3.9819999999999975,4.006999999999998,4.038999999999998,4.070999999999998,4.195999999999998,4.216999999999998,4.233999999999998,4.264999999999998,4.303999999999998,4.430999999999997,4.4499999999999975,4.466999999999998,4.493999999999998,4.525999999999998,4.556999999999998,4.694999999999998,4.716999999999998,4.733999999999998,4.760999999999998,4.7959999999999985,4.823999999999998,4.958999999999998,4.983999999999998,5.091999999999998,5.100999999999998,5.132999999999998,5.166999999999998,5.199999999999998,5.336999999999998,5.349999999999998,5.375999999999998,5.415999999999998,5.451999999999997,5.5829999999999975,5.599999999999998,5.621999999999998,5.660999999999998,5.6919999999999975,5.828999999999997,5.849999999999997,5.868999999999997,5.903999999999997,5.935999999999997,6.075999999999997,6.099999999999997,6.115999999999997,6.158999999999997,6.295999999999998,6.315999999999997,6.336999999999997,6.379999999999997,6.4179999999999975,6.537999999999998,6.5669999999999975,6.587999999999997,6.625999999999998,6.662999999999998,6.692999999999998,6.725999999999998,6.753999999999998,6.789999999999997,6.822999999999998,6.853999999999997,6.8859999999999975,6.9179999999999975,6.9579999999999975,6.988999999999997,7.019999999999997,7.049999999999997,7.0989999999999975,7.115999999999998,7.149999999999998,7.182999999999998,7.214999999999998,7.246999999999998,7.276999999999998,7.308999999999998,7.333999999999999,7.369999999999998,7.399999999999999,7.421999999999999,7.446999999999999,7.477999999999999,7.506999999999999,7.530999999999999,7.560999999999999,7.590999999999999,7.618999999999999,7.645999999999999,7.678999999999999,7.709999999999999,7.739999999999999,7.765999999999999,7.802999999999999,7.829999999999999,7.857999999999999,7.8889999999999985,7.914999999999998,7.943999999999998,7.975999999999998,8.009999999999998,8.037999999999998,8.062999999999999,8.097999999999999,8.129,8.158,8.183],"fps":[20.77431539187913,20.77431539187913,20.77431539187913,20.77431539187913,20.77431539187913,20.77431539187913,20.77431539187913,20.77431539187913,20.77431539187913,21.31782945736434,21.31782945736434,21.31782945736434,21.31782945736434,21.31782945736434,21.31782945736434,21.31782945736434,21.31782945736434,21.31782945736434,21.31782945736434,21.31782945736434,21.31782945736434,21.31782945736434,21.31782945736434,21.31782945736434,21.31782945736434,21.31782945736434,21.31782945736434,21.31782945736434,21.31782945736434,21.31782945736434,21.31782945736434,21.31782945736434,21.31782945736434,23.952095808383234,23.952095808383234,23.952095808383234,23.952095808383234,23.952095808383234,23.952095808383234,23.952095808383234,23.952095808383234,23.952095808383234,23.952095808383234,23.952095808383234,23.952095808383234,23.952095808383234,23.952095808383234,23.952095808383234,23.952095808383234,23.952095808383234,23.952095808383234,23.952095808383234,23.952095808383234,23.952095808383234,19.28374655647383,19.28374655647383,19.28374655647383,19.28374655647383,19.28374655647383,19.28374655647383,19.28374655647383,19.28374655647383,19.28374655647383,19.28374655647383,19.28374655647383,19.28374655647383,19.28374655647383,19.28374655647383,19.28374655647383,19.28374655647383,19.28374655647383,19.28374655647383,19.28374655647383,19.28374655647383,19.28374655647383,20.87475149105368,20.87475149105368,20.87475149105368,20.87475149105368,20.87475149105368,20.87475149105368,20.87475149105368,20.87475149105368,20.87475149105368,20.87475149105368,20.87475149105368,20.87475149105368,20.87475149105368,20.87475149105368,20.87475149105368,20.87475149105368,20.87475149105368,20.87475149105368,20.87475149105368,20.87475149105368,20.87475149105368,20.87475149105368,20.87475149105368,20.87475149105368,20.87475149105368,20.87475149105368,20.87475149105368,20.87475149105368,20.87475149105368,20.87475149105368,20.87475149105368,20.87475149105368,31.936127744510976,31.936127744510976,31.936127744510976,31.936127744510976,31.936127744510976,31.936127744510976,31.936127744510976,31.936127744510976,31.936127744510976,31.936127744510976,31.936127744510976,31.936127744510976,31.936127744510976,31.936127744510976,31.936127744510976,31.936127744510976,31.936127744510976,31.936127744510976,31.936127744510976,31.936127744510976,31.936127744510976],"raf":[31,32,38,129,18,17,35,37,30,138,8,25,28,26,34,34,24,138,25,110,7,31,25,33,31,125,21,17,31,39,127,19,17,27,32,32,137,22,17,27,35,28,135,25,108,9,33,33,34,136,13,26,41,35,131,18,21,40,30,137,21,19,35,32,140,25,16,42,137,21,21,42,38,120,29,22,38,37,30,33,27,37,32,32,31,33,39,31,31,30,50,17,33,34,31,32,31,31,25,37,29,22,25,31,29,25,31,28,29,27,32,31,30,26,39,25,28,31,27,29,31,34,29,25,34,31,29,26]}