{"time":[3.114,3.169,3.19,3.326,3.365,3.6510000000000002,3.959,4.065,4.259,4.351,4.642,4.845000000000001,4.924,5.107,5.205,5.491,5.619,5.733,5.866,6,6.119,6.247999999999999,6.337999999999999,6.4399999999999995,6.5329999999999995,6.619999999999999,6.7139999999999995,6.794,6.880999999999999,6.975999999999999,7.0569999999999995,7.137,7.266,7.405,7.478000000000001,7.602,7.7410000000000005,7.978000000000001,8.146,8.280000000000001,8.447000000000001,8.72,8.989,9.154,9.321,9.387,9.656,9.822000000000001,9.991000000000001,10.158000000000001,10.429000000000002,10.597000000000001,10.766000000000002,11.034000000000002,11.114000000000003,11.283000000000003,11.451000000000002,11.721000000000002,11.889000000000001,12.056000000000001,12.223,12.430000000000001,12.506000000000002,12.583000000000002,12.664000000000001,12.741000000000001,12.822000000000001,12.901000000000002,12.982000000000001],"fps":[1.794871794871795,1.794871794871795,1.794871794871795,1.794871794871795,1.794871794871795,1.794871794871795,1.794871794871795,1.794871794871795,6.980802792321117,6.980802792321117,6.980802792321117,6.980802792321117,6.980802792321117,6.980802792321117,6.980802792321117,5.686433793663688,5.686433793663688,5.686433793663688,5.686433793663688,5.686433793663688,5.686433793663688,5.686433793663688,5.686433793663688,5.686433793663688,8.637236084452976,8.637236084452976,8.637236084452976,8.637236084452976,8.637236084452976,8.637236084452976,8.637236084452976,8.637236084452976,8.637236084452976,8.637236084452976,8.637236084452976,10.280373831775702,10.280373831775702,10.280373831775702,10.280373831775702,10.280373831775702,10.280373831775702,5.366726296958855,5.366726296958855,5.366726296958855,5.366726296958855,5.366726296958855,5.366726296958855,5.449591280653951,5.449591280653951,5.449591280653951,5.449591280653951,5.449591280653951,5.449591280653951,4.9504950495049505,4.9504950495049505,4.9504950495049505,4.9504950495049505,4.9504950495049505,4.9504950495049505,5.870841487279844,5.870841487279844,5.870841487279844,5.870841487279844,5.870841487279844,5.870841487279844,5.870841487279844,5.870841487279844,5.870841487279844,5.870841487279844],"raf":[2936,55,21,137,38,286,308,106,195,92,290,203,79,183,99,285,128,114,133,134,119,129,90,102,93,88,94,79,88,95,80,80,129,140,72,125,139,236,168,134,167,274,268,167,165,66,269,166,170,166,271,168,169,268,81,168,168,270,168,167,168,206,76,77,81,77,81,79,81]}