{"time":[3.022,3.183,3.339,3.4979999999999998,3.6569999999999996,3.7129999999999996,3.8729999999999998,4.145,4.302,4.356999999999999,4.513999999999999,4.773,4.928,5.084,5.239999999999999,5.395999999999999,5.554999999999999,5.6099999999999985,5.8679999999999986,6.024999999999999,6.182999999999999,6.239999999999999,6.3999999999999995,6.608,6.669,6.739999999999999,6.802999999999999,6.882999999999999,6.948999999999999,7.011999999999999,7.083999999999999,7.149999999999999,7.219999999999999,7.282999999999999,7.348999999999998,7.4289999999999985,7.511999999999999,7.578999999999999,7.644999999999999,7.733999999999999,7.824999999999999,7.925999999999999,8.042],"fps":[10.185185185185185,10.185185185185185,10.185185185185185,6.842619745845552,6.842619745845552,6.842619745845552,6.842619745845552,6.842619745845552,6.842619745845552,6.842619745845552,6.889763779527559,6.889763779527559,6.889763779527559,6.889763779527559,6.889763779527559,6.889763779527559,5.763688760806916,5.763688760806916,5.763688760806916,5.763688760806916,5.763688760806916,5.763688760806916,5.763688760806916,6.647673314339981,6.647673314339981,6.647673314339981,6.647673314339981,6.647673314339981,6.647673314339981,6.647673314339981,6.647673314339981,6.647673314339981,6.647673314339981,6.647673314339981,6.647673314339981,6.647673314339981,6.647673314339981,6.647673314339981,14.46480231436837,14.46480231436837,14.46480231436837,14.46480231436837,14.46480231436837],"raf":[54,161,157,158,159,57,159,273,157,55,156,259,155,156,156,156,159,55,258,157,159,57,159,208,61,72,62,80,67,62,72,66,70,63,67,79,83,67,66,89,92,100,116]}