{"time":[3.0949999999999998,3.218,3.242,3.261,3.2920000000000003,3.5020000000000002,3.5250000000000004,3.5450000000000004,3.5860000000000003,3.7,3.742,3.882,3.908,3.929,3.9699999999999998,4.079,4.218999999999999,4.241,4.2669999999999995,4.313,4.426,4.567,4.591,4.613,4.66,4.873,4.891,4.916,4.948,5.058000000000001,5.1850000000000005,5.208,5.227,5.257000000000001,5.368,5.397,5.424,5.634,5.657,5.674,5.714,5.8260000000000005,5.957000000000001,5.974000000000001,6.000000000000001,6.043000000000001,6.255000000000001,6.274000000000001,6.304000000000001,6.351000000000001,6.462000000000001,6.601000000000001,6.625000000000001,6.646000000000001,6.687000000000001,6.796000000000001,6.934000000000001,6.958000000000001,6.979000000000001,7.021000000000001,7.130000000000001,7.272000000000001,7.291000000000001,7.322000000000001,7.363000000000001,7.404000000000002,7.444000000000002,7.484000000000002,7.517000000000002,7.549000000000002,7.5820000000000025,7.613000000000002,7.640000000000002,7.669000000000002,7.695000000000002,7.720000000000002,7.746000000000002,7.767000000000002,7.804000000000002,7.827000000000002,7.856000000000002,7.887000000000001,7.9140000000000015,7.940000000000001,7.974000000000001,7.997000000000001,8.024000000000001,8.058000000000002,8.083000000000002,8.111000000000002,8.151000000000002,8.175,8.206000000000001,8.226,8.262,8.291,8.313,8.338000000000001,8.373000000000001,8.4,8.428,8.464,8.485000000000001,8.515,8.539,8.568,8.593,8.623,8.649999999999999,8.674999999999999,8.710999999999999,8.737999999999998,8.766999999999998,8.790999999999997,8.817999999999996,8.852999999999996,8.875999999999996,8.913999999999996,8.935999999999996,8.975999999999996,9.002999999999995,9.031999999999995,9.059999999999995,9.084999999999996,9.119999999999996,9.141999999999996],"fps":[16.798418972332016,16.798418972332016,16.798418972332016,16.798418972332016,16.798418972332016,16.798418972332016,16.798418972332016,16.798418972332016,16.798418972332016,16.798418972332016,16.798418972332016,16.798418972332016,16.798418972332016,16.798418972332016,16.798418972332016,16.798418972332016,14.234875444839858,14.234875444839858,14.234875444839858,14.234875444839858,14.234875444839858,14.234875444839858,14.234875444839858,14.234875444839858,14.234875444839858,14.234875444839858,14.234875444839858,14.234875444839858,14.234875444839858,14.234875444839858,14.234875444839858,14.234875444839858,15.873015873015873,15.873015873015873,15.873015873015873,15.873015873015873,15.873015873015873,15.873015873015873,15.873015873015873,15.873015873015873,15.873015873015873,15.873015873015873,15.873015873015873,15.873015873015873,15.873015873015873,15.873015873015873,13.605442176870747,13.605442176870747,13.605442176870747,13.605442176870747,13.605442176870747,13.605442176870747,13.605442176870747,13.605442176870747,13.605442176870747,13.605442176870747,13.605442176870747,13.605442176870747,13.605442176870747,13.605442176870747,13.605442176870747,14.763779527559056,14.763779527559056,14.763779527559056,14.763779527559056,14.763779527559056,14.763779527559056,14.763779527559056,14.763779527559056,14.763779527559056,14.763779527559056,14.763779527559056,14.763779527559056,14.763779527559056,14.763779527559056,14.763779527559056,14.763779527559056,14.763779527559056,14.763779527559056,14.763779527559056,14.763779527559056,14.763779527559056,14.763779527559056,14.763779527559056,14.763779527559056,14.763779527559056,14.763779527559056,14.763779527559056,14.763779527559056,14.763779527559056,14.763779527559056,14.763779527559056,14.763779527559056,14.763779527559056,14.763779527559056,33.36604514229637,33.36604514229637,33.36604514229637,33.36604514229637,33.36604514229637,33.36604514229637,33.36604514229637,33.36604514229637,33.36604514229637,33.36604514229637,33.36604514229637,33.36604514229637,33.36604514229637,33.36604514229637,33.36604514229637,33.36604514229637,33.36604514229637,33.36604514229637,33.36604514229637,33.36604514229637,33.36604514229637,33.36604514229637,33.36604514229637,33.36604514229637,33.36604514229637,33.36604514229637,33.36604514229637,33.36604514229637,33.36604514229637,33.36604514229637,33.36604514229637],"raf":[118,123,24,19,32,209,23,22,40,113,42,140,26,22,40,110,139,23,26,45,113,141,24,22,48,212,18,26,31,110,128,22,19,30,111,30,27,209,24,16,41,111,131,17,26,44,212,18,31,47,111,138,24,22,40,110,137,24,22,41,109,142,19,32,41,41,39,41,32,32,33,32,26,30,25,25,26,21,38,23,28,32,26,27,33,23,27,35,24,28,41,23,31,20,36,29,22,26,34,27,29,35,21,31,23,29,26,30,26,25,37,26,29,24,27,35,24,37,22,41,26,29,28,26,35,21]}