{"time":[3.024000000000001,3.083000000000001,3.149000000000001,3.2110000000000007,3.286000000000001,3.3240000000000007,3.3690000000000007,3.480000000000001,3.524000000000001,3.5700000000000007,3.662000000000001,3.7110000000000007,3.892000000000001,3.9410000000000007,3.9850000000000008,4.223000000000001,4.257000000000001,4.2940000000000005,4.357,4.517,4.557,4.615,4.855,4.891,4.931,5.154,5.1899999999999995,5.242999999999999,5.481,5.523,5.585999999999999,5.725,5.7909999999999995,6.028,6.0729999999999995,6.13,6.264,6.438000000000001,6.582000000000001,6.605,6.671,6.807,6.981000000000001,7.023000000000001,7.0840000000000005,7.319000000000001,7.357000000000001,7.410000000000001,7.645000000000001,7.674000000000001,7.733000000000001,7.862000000000002,8.032000000000002,8.179000000000002,8.219000000000001,8.294,8.433,8.491,8.557,8.628,8.685,8.743,8.803,8.860000000000001,8.919,8.98,9.039,9.11,9.155999999999999,9.211999999999998,9.274999999999999,9.335999999999999,9.391999999999998,9.453999999999997,9.509999999999996,9.569999999999997,9.627999999999997,9.688999999999997,9.741999999999997,9.806999999999997,9.873999999999997,9.928999999999997,9.978999999999997,10.045999999999998],"fps":[16.53696498054475,16.53696498054475,15.399422521655438,15.399422521655438,15.399422521655438,15.399422521655438,15.399422521655438,15.399422521655438,15.399422521655438,15.399422521655438,15.399422521655438,15.399422521655438,15.399422521655438,15.399422521655438,15.399422521655438,12.093023255813954,12.093023255813954,12.093023255813954,12.093023255813954,12.093023255813954,12.093023255813954,12.093023255813954,12.093023255813954,12.093023255813954,12.093023255813954,12.093023255813954,12.093023255813954,11.776251226692835,11.776251226692835,11.776251226692835,11.776251226692835,11.776251226692835,11.776251226692835,11.776251226692835,11.776251226692835,11.776251226692835,8.81488736532811,8.81488736532811,8.81488736532811,8.81488736532811,8.81488736532811,8.81488736532811,8.81488736532811,8.81488736532811,8.81488736532811,8.530805687203792,8.530805687203792,8.530805687203792,8.530805687203792,8.530805687203792,8.530805687203792,8.530805687203792,8.530805687203792,8.530805687203792,8.530805687203792,8.530805687203792,9.85663082437276,9.85663082437276,9.85663082437276,9.85663082437276,9.85663082437276,9.85663082437276,9.85663082437276,9.85663082437276,9.85663082437276,9.85663082437276,9.85663082437276,9.85663082437276,9.85663082437276,9.85663082437276,9.85663082437276,9.85663082437276,9.85663082437276,16.683022571148186,16.683022571148186,16.683022571148186,16.683022571148186,16.683022571148186,16.683022571148186,16.683022571148186,16.683022571148186,16.683022571148186,16.683022571148186,16.683022571148186],"raf":[58,59,66,62,75,39,44,112,44,45,94,47,181,49,45,238,34,37,62,161,40,58,239,36,41,224,34,53,239,42,62,139,67,236,45,58,133,175,144,22,67,136,174,42,60,235,38,54,234,29,59,129,171,147,40,76,139,57,65,72,56,58,61,56,60,60,60,70,46,56,64,61,56,61,56,60,59,60,54,64,68,54,51,66]}