{"time":[3.0320000000000005,3.1110000000000007,3.174000000000001,3.2390000000000008,3.311000000000001,3.3890000000000007,3.448000000000001,3.5140000000000007,3.6430000000000007,3.7770000000000006,3.8390000000000004,3.9550000000000005,4.011,4.143,4.287,4.544,4.688,4.7509999999999994,4.808,4.869,4.927,4.989,5.048,5.114,5.1739999999999995,5.239999999999999,5.308999999999999,5.369999999999999,5.430999999999999,5.4959999999999996,5.558,5.6579999999999995,5.818,5.877999999999999,5.936999999999999,6.0009999999999994,6.066,6.13,6.191,6.292,7.707,7.7589999999999995,7.813999999999999,7.869999999999999,7.927,7.989999999999999,8.319999999999999,8.376999999999999,8.431999999999999,8.492999999999999,8.552999999999999,8.626999999999999,8.687999999999999,9.011,9.068999999999999,9.132,9.195,9.263,9.326,9.394,9.457,9.527000000000001,9.591000000000001,9.661000000000001,9.724000000000002,9.791000000000002,10.235000000000003,10.381000000000004,10.441000000000004,10.507000000000005,10.568000000000005,10.634000000000006,10.700000000000006,10.815000000000007,10.912000000000006,10.980000000000006,11.044000000000006,11.113000000000007,11.178000000000006,11.247000000000007,11.312000000000006,11.381000000000007,11.449000000000007,11.521000000000006,11.586000000000006,11.658000000000005,11.724000000000006,11.793000000000006,11.863000000000007,11.932000000000007,12.000000000000007,12.069000000000008,12.135000000000009,12.205000000000009,12.27100000000001,12.34200000000001,12.41100000000001,12.48400000000001,12.553000000000011,12.626000000000012,12.704000000000011,12.77600000000001,12.84700000000001,12.92100000000001],"fps":[11.988011988011989,11.988011988011989,11.988011988011989,11.988011988011989,11.988011988011989,11.988011988011989,14.563106796116505,14.563106796116505,14.563106796116505,14.563106796116505,14.563106796116505,14.563106796116505,14.563106796116505,14.563106796116505,14.563106796116505,8.20419325432999,8.20419325432999,8.20419325432999,8.20419325432999,8.20419325432999,8.20419325432999,8.20419325432999,8.20419325432999,8.20419325432999,8.20419325432999,8.20419325432999,8.20419325432999,8.20419325432999,8.20419325432999,8.20419325432999,14.807502467917079,14.807502467917079,14.807502467917079,14.807502467917079,14.807502467917079,14.807502467917079,14.807502467917079,14.807502467917079,14.807502467917079,14.807502467917079,4.653327128897161,4.653327128897161,4.653327128897161,4.653327128897161,4.653327128897161,4.653327128897161,4.653327128897161,4.653327128897161,4.653327128897161,4.653327128897161,4.653327128897161,4.653327128897161,4.653327128897161,9.969325153374234,9.969325153374234,9.969325153374234,9.969325153374234,9.969325153374234,9.969325153374234,9.969325153374234,9.969325153374234,9.969325153374234,9.969325153374234,9.969325153374234,9.969325153374234,9.969325153374234,10.620915032679738,10.620915032679738,10.620915032679738,10.620915032679738,10.620915032679738,10.620915032679738,10.620915032679738,10.620915032679738,10.620915032679738,10.620915032679738,10.620915032679738,10.620915032679738,10.620915032679738,12.833168805528134,12.833168805528134,12.833168805528134,12.833168805528134,12.833168805528134,12.833168805528134,12.833168805528134,12.833168805528134,12.833168805528134,12.833168805528134,12.833168805528134,12.833168805528134,12.833168805528134,12.833168805528134,12.833168805528134,14.662756598240469,14.662756598240469,14.662756598240469,14.662756598240469,14.662756598240469,14.662756598240469,14.662756598240469,14.662756598240469,14.662756598240469,14.662756598240469],"raf":[62,78,63,66,71,78,59,67,129,133,63,115,57,132,143,258,143,63,57,61,59,61,60,65,60,67,68,61,61,65,62,100,160,61,58,66,65,62,61,101,1415,53,54,56,57,63,330,57,57,59,60,74,61,323,58,64,62,68,63,68,63,70,64,71,63,66,444,146,60,66,61,67,65,115,98,67,64,69,65,70,64,69,68,72,65,72,66,69,70,69,68,69,67,69,66,71,69,73,69,73,79,71,71,74]}