{"time":[3.1000000000000005,3.1860000000000004,3.2850000000000006,3.380000000000001,3.472000000000001,3.576000000000001,3.674000000000001,3.7720000000000007,3.8700000000000006,3.9640000000000004,4.054,4.148000000000001,4.226000000000001,4.309000000000001,4.389000000000001,4.4700000000000015,4.552000000000001,4.650000000000001,4.734000000000001,4.821000000000001,4.924,5.017,5.099,5.19,5.300000000000001,5.404000000000001,5.4670000000000005,5.613,5.667000000000001,5.746,5.838,5.934,6.088,6.134,6.21,6.303,6.4,6.517,6.601,6.676,6.7700000000000005,6.86,6.947,7.032,7.111,7.194999999999999,7.281999999999999,7.363999999999999,7.451999999999999,7.5489999999999995,7.635,7.726999999999999,7.818999999999999,7.917999999999999,8.016,8.123,8.19,8.283999999999999,8.380999999999998,8.470999999999998,8.560999999999998,8.650999999999998,8.745999999999999,8.841,8.934999999999999,9.031999999999998,9.109999999999998,9.202999999999998,9.299999999999997,9.399999999999997,9.473999999999997,9.564999999999996,9.658999999999995,9.751999999999995,9.840999999999996,9.927999999999995,10.013999999999996,10.098999999999997,10.181999999999997,10.264999999999997,10.347999999999997,10.430999999999997,10.517999999999997,10.606999999999998,10.695999999999998,10.785999999999998,10.873999999999997,10.966999999999997,11.063999999999997,11.155999999999997,11.244999999999997,11.335999999999997,11.429999999999996,11.522999999999996,11.613999999999995,11.700999999999995,11.792999999999996,11.888999999999996,11.981999999999996,12.073999999999996,12.163999999999996,12.252999999999997,12.343999999999996,12.427999999999995,12.508999999999995,12.593999999999996,12.673999999999996,12.751999999999995,12.835999999999995,12.915999999999995],"fps":[15.79466929911155,10.261194029850746,10.261194029850746,10.261194029850746,10.261194029850746,10.261194029850746,10.261194029850746,10.261194029850746,10.261194029850746,10.261194029850746,10.261194029850746,10.261194029850746,10.566762728146013,10.566762728146013,10.566762728146013,10.566762728146013,10.566762728146013,10.566762728146013,10.566762728146013,10.566762728146013,10.566762728146013,10.566762728146013,10.566762728146013,10.566762728146013,11.1731843575419,11.1731843575419,11.1731843575419,11.1731843575419,11.1731843575419,11.1731843575419,11.1731843575419,11.1731843575419,11.1731843575419,11.1731843575419,11.1731843575419,10.978043912175648,10.978043912175648,10.978043912175648,10.978043912175648,10.978043912175648,10.978043912175648,10.978043912175648,10.978043912175648,10.978043912175648,10.978043912175648,10.978043912175648,10.978043912175648,11.299435028248588,11.299435028248588,11.299435028248588,11.299435028248588,11.299435028248588,11.299435028248588,11.299435028248588,11.299435028248588,11.299435028248588,11.299435028248588,11.299435028248588,10.826771653543307,10.826771653543307,10.826771653543307,10.826771653543307,10.826771653543307,10.826771653543307,10.826771653543307,10.826771653543307,10.826771653543307,10.826771653543307,10.826771653543307,10.794896957801766,10.794896957801766,10.794896957801766,10.794896957801766,10.794896957801766,10.794896957801766,10.794896957801766,10.794896957801766,10.794896957801766,10.794896957801766,10.794896957801766,10.794896957801766,11.627906976744185,11.627906976744185,11.627906976744185,11.627906976744185,11.627906976744185,11.627906976744185,11.627906976744185,11.627906976744185,11.627906976744185,11.627906976744185,11.627906976744185,11.627906976744185,10.989010989010989,10.989010989010989,10.989010989010989,10.989010989010989,10.989010989010989,10.989010989010989,10.989010989010989,10.989010989010989,10.989010989010989,10.989010989010989,10.989010989010989,10.989010989010989,11.204481792717086,11.204481792717086,11.204481792717086,11.204481792717086,11.204481792717086],"raf":[116,85,100,95,92,103,99,97,99,94,90,103,69,83,79,81,82,99,83,88,103,92,82,91,111,103,64,145,54,79,93,99,150,46,76,93,98,118,82,75,94,91,87,85,80,82,88,82,88,97,86,92,91,100,98,106,67,96,95,90,91,90,95,94,95,97,78,92,97,100,76,89,94,94,89,87,85,85,83,84,83,83,86,90,89,89,89,96,93,92,89,91,95,93,91,87,91,96,94,92,90,89,91,83,81,86,80,77,85,80]}