{"time":[3.022,3.15,3.167,3.1849999999999996,3.2139999999999995,3.2519999999999993,3.3839999999999995,3.3999999999999995,3.4189999999999996,3.4509999999999996,3.4869999999999997,3.5169999999999995,3.5499999999999994,3.6759999999999993,3.6999999999999993,3.717999999999999,3.747999999999999,3.7899999999999987,3.9239999999999986,3.9329999999999985,3.9639999999999986,3.9939999999999984,4.032999999999999,4.066999999999998,4.196999999999998,4.216999999999998,4.232999999999998,4.267999999999998,4.306999999999998,4.341999999999998,4.476999999999998,4.500999999999998,4.516999999999998,4.5509999999999975,4.688999999999997,4.6999999999999975,4.727999999999997,4.764999999999997,4.798999999999997,4.848999999999997,4.885999999999997,5.022999999999996,5.032999999999996,5.066999999999996,5.1089999999999955,5.141999999999996,5.190999999999996,5.3299999999999965,5.349999999999996,5.376999999999996,5.415999999999996,5.452999999999996,5.484999999999996,5.517999999999996,5.6569999999999965,5.666999999999996,5.692999999999996,5.733999999999996,5.867999999999997,5.975999999999996,5.983999999999996,6.010999999999997,6.051999999999997,6.0799999999999965,6.122999999999997,6.154999999999997,6.1889999999999965,6.327999999999997,6.349999999999997,6.366999999999997,6.4019999999999975,6.538999999999998,6.565999999999998,6.588999999999998,6.619999999999997,6.763999999999998,6.783999999999997,6.805999999999997,6.838999999999998,6.881999999999998,6.913999999999998,6.955999999999998,6.983999999999997,7.0189999999999975,7.0509999999999975,7.0829999999999975,7.117999999999998,7.144999999999998,7.1839999999999975,7.219999999999997,7.248999999999997,7.280999999999997,7.330999999999997,7.349999999999997,7.379999999999997,7.406999999999997,7.440999999999997,7.471999999999997,7.498999999999997,7.528999999999997,7.554999999999997,7.582999999999997,7.609999999999997,7.637999999999996,7.6729999999999965,7.695999999999996,7.723999999999996,7.750999999999996,7.776999999999996,7.811999999999996,7.838999999999996,7.861999999999996,7.893999999999996,7.9199999999999955,7.948999999999995,7.998999999999995,8.016999999999996,8.038999999999996,8.062999999999995,8.099999999999996,8.128999999999996,8.161999999999995,8.185999999999995,8.216999999999995,12.985999999999995],"fps":[22.86282306163022,22.86282306163022,22.86282306163022,22.86282306163022,22.86282306163022,22.373540856031127,22.373540856031127,22.373540856031127,22.373540856031127,22.373540856031127,22.373540856031127,22.373540856031127,22.373540856031127,22.373540856031127,22.373540856031127,22.373540856031127,22.373540856031127,22.373540856031127,22.373540856031127,22.373540856031127,22.373540856031127,22.373540856031127,22.373540856031127,22.373540856031127,22.373540856031127,22.373540856031127,22.373540856031127,21.632251720747295,21.632251720747295,21.632251720747295,21.632251720747295,21.632251720747295,21.632251720747295,21.632251720747295,21.632251720747295,21.632251720747295,21.632251720747295,21.632251720747295,21.632251720747295,21.632251720747295,21.632251720747295,21.632251720747295,21.632251720747295,21.632251720747295,21.632251720747295,21.632251720747295,21.632251720747295,18.85014137606032,18.85014137606032,18.85014137606032,18.85014137606032,18.85014137606032,18.85014137606032,18.85014137606032,18.85014137606032,18.85014137606032,18.85014137606032,18.85014137606032,18.85014137606032,18.85014137606032,18.85014137606032,18.85014137606032,18.85014137606032,18.85014137606032,18.85014137606032,18.85014137606032,18.85014137606032,18.85014137606032,20.58823529411765,20.58823529411765,20.58823529411765,20.58823529411765,20.58823529411765,20.58823529411765,20.58823529411765,20.58823529411765,20.58823529411765,20.58823529411765,20.58823529411765,20.58823529411765,20.58823529411765,20.58823529411765,20.58823529411765,20.58823529411765,20.58823529411765,20.58823529411765,20.58823529411765,20.58823529411765,20.58823529411765,20.58823529411765,20.58823529411765,20.58823529411765,20.58823529411765,20.58823529411765,25.24271844660194,25.24271844660194,25.24271844660194,25.24271844660194,25.24271844660194,25.24271844660194,25.24271844660194,25.24271844660194,25.24271844660194,25.24271844660194,25.24271844660194,25.24271844660194,25.24271844660194,25.24271844660194,25.24271844660194,25.24271844660194,25.24271844660194,25.24271844660194,25.24271844660194,25.24271844660194,25.24271844660194,25.24271844660194,25.24271844660194,25.24271844660194,25.24271844660194,25.24271844660194,25.24271844660194,25.24271844660194,25.24271844660194,25.24271844660194,5.351409204423832],"raf":[31,127,17,19,29,37,132,16,19,32,36,30,34,125,25,17,30,42,134,9,32,30,39,33,130,20,16,36,39,34,135,24,16,35,138,10,28,38,33,51,36,137,11,33,43,33,48,139,20,27,40,37,31,33,139,10,26,42,134,107,8,28,40,28,45,30,34,139,22,17,36,137,27,23,30,145,19,22,33,43,34,41,28,35,31,33,34,27,39,37,28,33,50,18,30,28,34,31,26,30,27,27,28,27,36,22,29,27,26,34,27,23,32,27,30,49,17,23,24,37,28,37,20,31,4769]}