{"time":[3.020999999999999,3.077999999999999,3.144999999999999,3.178999999999999,3.231999999999999,3.286999999999999,3.339999999999999,3.389999999999999,3.4399999999999986,3.4919999999999987,3.5409999999999986,3.5919999999999987,3.639999999999999,3.6929999999999987,3.7419999999999987,8.099999999999998,8.125999999999998,8.162999999999998,8.213999999999999,8.267999999999999,8.319999999999999,8.371999999999998,8.419999999999998,8.466999999999999,8.512999999999998,8.554999999999998,8.598999999999998,8.641999999999998,8.685999999999998,8.729999999999999,8.774999999999999,8.822,8.867999999999999,8.915,8.963999999999999,9.009999999999998,9.064999999999998,9.108999999999998,9.155999999999999,9.209,9.257,9.309,9.356,9.405,9.453,9.501999999999999,9.555,9.602,9.657,9.702,9.757,9.807,9.859,9.907,10.098,10.127,10.155000000000001,10.207,10.255,10.304,10.352,10.4,10.459,10.504,10.556,10.603,10.652,10.703,10.75,10.803,10.850000000000001,10.900000000000002,10.952000000000002,11.001000000000001,11.053,11.105,11.156,11.203000000000001,11.252,11.307,11.354000000000001,11.403,11.454,11.504000000000001,11.556000000000001,11.607000000000001,11.659,11.708,11.759,11.811,11.86,11.91,11.959,12.006,12.063,12.112,12.162,12.211,12.261000000000001,12.31,12.366,12.417,12.466,12.514999999999999,12.562999999999999,12.611999999999998,12.662999999999998,12.711999999999998,12.763999999999998,12.813999999999998,12.865999999999998,12.916999999999998,12.965999999999998],"fps":[13.077593722755013,13.077593722755013,13.077593722755013,13.077593722755013,13.077593722755013,13.077593722755013,20.05730659025788,20.05730659025788,20.05730659025788,20.05730659025788,20.05730659025788,20.05730659025788,20.05730659025788,20.05730659025788,20.05730659025788,1.8907563025210083,1.8907563025210083,1.8907563025210083,1.8907563025210083,1.8907563025210083,1.8907563025210083,1.8907563025210083,1.8907563025210083,1.8907563025210083,1.8907563025210083,1.8907563025210083,1.8907563025210083,1.8907563025210083,1.8907563025210083,1.8907563025210083,1.8907563025210083,1.8907563025210083,1.8907563025210083,1.8907563025210083,1.8907563025210083,1.8907563025210083,1.8907563025210083,21.782178217821784,21.782178217821784,21.782178217821784,21.782178217821784,21.782178217821784,21.782178217821784,21.782178217821784,21.782178217821784,21.782178217821784,21.782178217821784,21.782178217821784,21.782178217821784,21.782178217821784,21.782178217821784,21.782178217821784,21.782178217821784,21.782178217821784,21.782178217821784,17.699115044247787,17.699115044247787,17.699115044247787,17.699115044247787,17.699115044247787,17.699115044247787,17.699115044247787,17.699115044247787,17.699115044247787,17.699115044247787,17.699115044247787,17.699115044247787,17.699115044247787,17.699115044247787,17.699115044247787,17.699115044247787,17.699115044247787,17.699115044247787,17.699115044247787,17.699115044247787,17.699115044247787,20.408163265306122,20.408163265306122,20.408163265306122,20.408163265306122,20.408163265306122,20.408163265306122,20.408163265306122,20.408163265306122,20.408163265306122,20.408163265306122,20.408163265306122,20.408163265306122,20.408163265306122,20.408163265306122,20.408163265306122,20.408163265306122,20.408163265306122,20.408163265306122,20.408163265306122,20.408163265306122,19.880715705765407,19.880715705765407,19.880715705765407,19.880715705765407,19.880715705765407,19.880715705765407,19.880715705765407,19.880715705765407,19.880715705765407,19.880715705765407,19.880715705765407,19.880715705765407,19.880715705765407,19.880715705765407,19.880715705765407,19.880715705765407,19.880715705765407],"raf":[49,57,67,33,53,55,53,50,50,52,49,51,48,54,48,4358,27,37,51,53,52,52,48,48,45,43,43,44,43,45,44,47,47,46,49,47,55,44,46,53,48,53,47,48,49,49,52,47,56,44,55,50,52,49,190,29,28,52,48,49,48,50,57,45,52,47,49,52,46,53,48,49,52,49,53,51,51,48,48,56,46,49,52,49,52,51,52,50,51,51,49,50,50,46,57,49,50,50,50,48,56,51,49,49,49,48,51,50,51,51,52,50,49]}