{"time":[3.048999999999999,3.104999999999999,3.156999999999999,3.205999999999999,3.263999999999999,3.314999999999999,3.372999999999999,3.440999999999999,3.488999999999999,3.544999999999999,3.594999999999999,3.6489999999999987,3.703999999999999,3.756999999999999,3.8109999999999986,3.8659999999999988,3.9189999999999987,3.9709999999999988,4.0299999999999985,4.078999999999999,4.131999999999999,4.184999999999999,4.233999999999999,4.291999999999999,4.344999999999999,4.395999999999999,4.452999999999999,4.504,4.563,4.625,4.679,4.732,4.787,4.841,4.892,4.946000000000001,4.9990000000000006,5.053000000000001,5.106000000000001,5.158,5.213,5.264,5.317,5.373,5.426,5.479,5.538,5.589,5.644,5.699,5.754,5.808999999999999,5.868999999999999,5.925999999999999,5.983,6.034999999999999,6.089999999999999,6.148999999999999,6.208999999999999,6.2639999999999985,6.326999999999998,6.392999999999998,6.454999999999998,6.527999999999999,6.591999999999999,6.655999999999999,6.717999999999999,6.771999999999999,6.840999999999999,6.904999999999999,6.9559999999999995,7.015,7.071,7.127,7.1899999999999995,7.254,7.3069999999999995,7.377999999999999,7.437999999999999,7.490999999999999,7.562999999999999,7.623999999999999,7.674999999999999,7.740999999999999,7.808999999999998,7.9049999999999985,7.956999999999998,8.043999999999999,8.177999999999999,8.229,8.282,8.404,8.459,8.602,8.759,8.807,8.858,9.014000000000001,9.064000000000002,9.320000000000002,9.372000000000002,9.420000000000002,9.584000000000001,9.633000000000001,9.687000000000001,9.744000000000002,9.798000000000002,9.854000000000001,9.908000000000001,9.984000000000002,10.059000000000001,10.115,10.175,10.242,10.425,10.542000000000002,10.594000000000001,10.646,10.697000000000001,10.753,10.807,10.866,10.924,10.979999999999999,11.043,11.101999999999999,11.158999999999999,12.861999999999998],"fps":[15.414258188824663,15.414258188824663,15.414258188824663,15.414258188824663,19.138755980861244,19.138755980861244,19.138755980861244,19.138755980861244,19.138755980861244,19.138755980861244,19.138755980861244,19.138755980861244,19.138755980861244,19.138755980861244,19.138755980861244,19.138755980861244,19.138755980861244,19.138755980861244,19.138755980861244,19.138755980861244,19.138755980861244,19.138755980861244,19.138755980861244,18.48249027237354,18.48249027237354,18.48249027237354,18.48249027237354,18.48249027237354,18.48249027237354,18.48249027237354,18.48249027237354,18.48249027237354,18.48249027237354,18.48249027237354,18.48249027237354,18.48249027237354,18.48249027237354,18.48249027237354,18.48249027237354,18.48249027237354,18.48249027237354,18.48249027237354,18.536585365853657,18.536585365853657,18.536585365853657,18.536585365853657,18.536585365853657,18.536585365853657,18.536585365853657,18.536585365853657,18.536585365853657,18.536585365853657,18.536585365853657,18.536585365853657,18.536585365853657,18.536585365853657,18.536585365853657,18.536585365853657,18.536585365853657,18.536585365853657,17.80415430267062,17.80415430267062,17.80415430267062,17.80415430267062,17.80415430267062,17.80415430267062,17.80415430267062,17.80415430267062,17.80415430267062,17.80415430267062,17.80415430267062,17.80415430267062,17.80415430267062,17.80415430267062,17.80415430267062,17.80415430267062,17.80415430267062,16.19047619047619,16.19047619047619,16.19047619047619,16.19047619047619,16.19047619047619,16.19047619047619,16.19047619047619,16.19047619047619,16.19047619047619,16.19047619047619,16.19047619047619,16.19047619047619,16.19047619047619,16.19047619047619,13.645224171539962,13.645224171539962,13.645224171539962,13.645224171539962,13.645224171539962,13.645224171539962,13.645224171539962,13.645224171539962,13.645224171539962,13.645224171539962,9.83284169124877,9.83284169124877,9.83284169124877,9.83284169124877,9.83284169124877,9.83284169124877,9.83284169124877,9.83284169124877,9.83284169124877,9.83284169124877,9.83284169124877,9.83284169124877,9.83284169124877,12.94820717131474,12.94820717131474,12.94820717131474,12.94820717131474,12.94820717131474,12.94820717131474,12.94820717131474,12.94820717131474,12.94820717131474,12.94820717131474,12.94820717131474,12.94820717131474,12.94820717131474,5.334427574887156],"raf":[52,56,51,50,57,51,58,68,48,56,51,54,55,52,54,55,53,53,58,50,53,52,49,58,54,50,57,51,60,62,54,52,55,54,51,54,53,54,53,52,55,51,53,56,53,53,59,51,55,56,54,56,59,57,57,52,55,59,60,55,64,65,63,73,63,64,62,54,69,64,51,59,56,56,64,64,52,71,61,52,72,61,51,66,68,96,52,87,134,52,52,122,55,143,157,48,51,156,50,256,52,49,163,49,55,56,54,56,55,75,75,57,60,66,183,117,52,52,51,57,53,59,58,56,63,60,56,1703]}