{"time":[3.627,11.486],"fps":[0.9784735812133072,0.1272264631043257],"raf":[1022,7860]}