{"time":[3.0129999999999995,3.0739999999999994,3.1399999999999992,3.1989999999999994,3.2609999999999992,3.3239999999999994,3.3849999999999993,3.4519999999999995,3.5099999999999993,3.5729999999999995,3.6339999999999995,3.6929999999999996,3.7549999999999994,3.8249999999999993,3.8859999999999992,3.9499999999999993,4.007999999999999,4.068999999999999,4.132999999999999,4.195999999999999,4.254999999999999,4.316999999999999,4.377999999999999,4.441999999999999,4.501999999999999,4.5619999999999985,4.618999999999999,4.680999999999999,4.742999999999999,4.803999999999999,4.874999999999999,4.934999999999999,4.9849999999999985,5.057999999999999,5.119999999999999,5.166999999999999,5.227999999999999,5.290999999999999,5.3519999999999985,5.423999999999999,5.4849999999999985,5.531999999999998,5.592999999999998,5.652999999999998,5.725999999999998,5.784999999999998,5.838999999999999,5.900999999999999,5.975999999999999,6.033999999999999,6.086999999999999,6.151999999999999,6.2299999999999995,6.284999999999999,6.334999999999999,6.4319999999999995,6.467999999999999,6.518999999999999,6.632,6.651,6.704,6.845,6.867999999999999,6.919,7.074,7.101,7.144,7.205,7.367,7.385,7.436999999999999,7.6,7.617999999999999,7.6659999999999995,7.728999999999999,7.7909999999999995,7.853999999999999,8.016,8.034,8.086,8.249,8.268,8.316,8.38,8.442,8.502,8.665000000000001,8.685,8.73,8.797,8.858,8.923,9.08,9.101,9.147,9.209,9.273,9.334999999999999,9.497,9.518,9.565000000000001,9.625000000000002,9.687000000000001,9.848,9.868,9.916,9.976,10.040000000000001,10.101,10.261000000000001,10.284,10.33,10.389,10.549999999999999,10.566999999999998,10.62,10.783999999999999,10.800999999999998,10.854,11.014999999999999,11.033999999999999,11.082999999999998,11.142999999999999,11.204999999999998,11.366999999999999,11.385,11.435,11.604000000000001,11.618,11.673,11.734,11.895,11.918,11.965,12.028,12.089,12.153,12.314,12.334,12.385,12.546,12.567,12.615,12.674,12.741,12.801,12.964,12.984],"fps":[16.901408450704224,16.901408450704224,16.901408450704224,16.901408450704224,16.901408450704224,16.901408450704224,16.901408450704224,16.113744075829384,16.113744075829384,16.113744075829384,16.113744075829384,16.113744075829384,16.113744075829384,16.113744075829384,16.113744075829384,16.113744075829384,16.113744075829384,16.113744075829384,16.113744075829384,16.113744075829384,16.113744075829384,16.113744075829384,16.113744075829384,16.113744075829384,16.175071360608943,16.175071360608943,16.175071360608943,16.175071360608943,16.175071360608943,16.175071360608943,16.175071360608943,16.175071360608943,16.175071360608943,16.175071360608943,16.175071360608943,16.175071360608943,16.175071360608943,16.175071360608943,16.175071360608943,16.175071360608943,16.175071360608943,16.52089407191448,16.52089407191448,16.52089407191448,16.52089407191448,16.52089407191448,16.52089407191448,16.52089407191448,16.52089407191448,16.52089407191448,16.52089407191448,16.52089407191448,16.52089407191448,16.52089407191448,16.52089407191448,16.52089407191448,16.52089407191448,16.52089407191448,15.454545454545455,15.454545454545455,15.454545454545455,15.454545454545455,15.454545454545455,15.454545454545455,15.454545454545455,15.454545454545455,15.454545454545455,15.454545454545455,15.454545454545455,15.454545454545455,15.454545454545455,15.454545454545455,15.454545454545455,14.492753623188406,14.492753623188406,14.492753623188406,14.492753623188406,14.492753623188406,14.492753623188406,14.492753623188406,14.492753623188406,14.492753623188406,14.492753623188406,14.492753623188406,14.492753623188406,14.492753623188406,14.492753623188406,13.7524557956778,13.7524557956778,13.7524557956778,13.7524557956778,13.7524557956778,13.7524557956778,13.7524557956778,13.7524557956778,13.7524557956778,13.7524557956778,13.7524557956778,13.7524557956778,13.7524557956778,13.7524557956778,13.7524557956778,14.970059880239521,14.970059880239521,14.970059880239521,14.970059880239521,14.970059880239521,14.970059880239521,14.970059880239521,14.970059880239521,14.970059880239521,14.970059880239521,14.970059880239521,14.970059880239521,14.970059880239521,14.970059880239521,12.76207839562443,12.76207839562443,12.76207839562443,12.76207839562443,12.76207839562443,12.76207839562443,12.76207839562443,12.76207839562443,12.76207839562443,12.76207839562443,12.76207839562443,12.76207839562443,12.76207839562443,12.76207839562443,12.76207839562443,13.501350135013501,13.501350135013501,13.501350135013501,13.501350135013501,13.501350135013501,13.501350135013501,13.501350135013501,13.501350135013501,13.501350135013501,13.501350135013501,13.501350135013501,13.501350135013501,13.501350135013501,13.501350135013501,13.501350135013501,14.018691588785046,14.018691588785046],"raf":[59,61,66,60,62,62,61,67,58,63,61,59,64,68,62,63,58,62,65,61,60,61,61,64,61,59,58,61,62,61,71,61,49,75,60,47,61,63,61,73,60,47,61,60,74,58,54,63,75,58,52,66,78,54,50,98,35,51,113,19,54,140,23,51,155,27,43,62,161,18,52,163,18,49,63,61,63,162,19,51,164,18,48,65,61,61,162,20,46,66,61,65,158,20,47,61,65,61,162,21,47,61,61,162,19,48,60,64,61,160,23,46,60,160,18,52,164,17,53,161,19,49,60,62,163,17,51,168,14,55,62,160,23,48,63,62,63,160,21,50,161,21,49,59,66,60,164,19]}