{"time":[3.016999999999998,3.084999999999998,3.116999999999998,3.197999999999998,3.2329999999999983,3.270999999999998,3.428999999999998,3.466999999999998,3.4959999999999978,3.5809999999999977,3.6169999999999978,3.6509999999999976,3.8779999999999974,3.9169999999999976,3.9439999999999977,3.9799999999999978,4.110999999999998,4.245999999999998,4.283999999999998,4.309999999999998,4.345999999999997,4.383999999999998,4.613999999999998,4.649999999999998,4.678999999999998,4.716999999999998,4.854999999999998,4.883999999999998,4.913999999999998,4.956999999999998,5.084999999999998,5.224999999999998,5.266999999999998,5.296999999999998,5.426999999999998,5.466999999999998,5.610999999999998,5.649999999999998,5.676999999999998,5.807999999999998,5.840999999999998,5.977999999999998,6.016999999999998,6.0429999999999975,6.071999999999997,6.222999999999997,6.2529999999999974,6.285999999999998,6.320999999999998,6.357999999999998,6.390999999999998,6.431999999999999,6.465999999999998,6.500999999999999,6.5379999999999985,6.570999999999999,6.608999999999999,6.647999999999999,6.680999999999999,6.716999999999999,6.754999999999999,6.790999999999999,6.828999999999999,6.865999999999999,6.902999999999999,6.954999999999998,6.999999999999998,7.032999999999999,7.0779999999999985,7.113999999999998,7.149999999999998,7.1999999999999975,7.237999999999998,7.318999999999998,7.365999999999998,7.402999999999998,7.439999999999998,7.475999999999997,7.5109999999999975,7.546999999999997,7.586999999999997,7.684999999999997,7.732999999999997,7.765999999999997,7.801999999999997,7.842999999999997,7.878999999999997,7.919999999999997,11.252999999999997,11.497999999999996,11.523999999999996,11.555999999999996,11.599999999999996,11.640999999999996,11.680999999999996,11.716999999999995,11.746999999999995,11.782999999999994,11.823999999999995,11.852999999999994,11.884999999999994,11.919999999999995,11.951999999999995,11.986999999999995,12.021999999999995,12.054999999999994,12.086999999999994,12.122999999999994,12.161999999999994,12.195999999999994,12.235999999999994,12.273999999999994,12.310999999999995,12.348999999999995,12.587999999999996,12.648999999999996,12.681999999999995,12.716999999999995,12.751999999999995,12.789999999999996,12.830999999999996,12.867999999999997,12.927999999999997,12.965999999999998],"fps":[24.582104228121928,24.582104228121928,24.582104228121928,24.582104228121928,24.582104228121928,24.582104228121928,24.582104228121928,24.582104228121928,24.582104228121928,24.582104228121928,24.582104228121928,19.90049751243781,19.90049751243781,19.90049751243781,19.90049751243781,19.90049751243781,19.90049751243781,19.90049751243781,19.90049751243781,19.90049751243781,19.90049751243781,19.90049751243781,19.90049751243781,19.90049751243781,12.658227848101266,12.658227848101266,12.658227848101266,12.658227848101266,12.658227848101266,12.658227848101266,12.658227848101266,12.658227848101266,12.658227848101266,12.658227848101266,12.658227848101266,12.658227848101266,12.658227848101266,12.658227848101266,12.658227848101266,13.286093888396811,13.286093888396811,13.286093888396811,13.286093888396811,13.286093888396811,13.286093888396811,13.286093888396811,13.286093888396811,13.286093888396811,13.286093888396811,13.286093888396811,13.286093888396811,13.286093888396811,13.286093888396811,13.286093888396811,13.286093888396811,13.286093888396811,13.286093888396811,13.286093888396811,13.286093888396811,13.286093888396811,13.286093888396811,13.286093888396811,22.526934378060727,22.526934378060727,22.526934378060727,22.526934378060727,22.526934378060727,22.526934378060727,22.526934378060727,22.526934378060727,22.526934378060727,22.526934378060727,22.526934378060727,22.526934378060727,22.526934378060727,22.526934378060727,22.526934378060727,22.526934378060727,22.526934378060727,22.526934378060727,22.526934378060727,22.526934378060727,22.526934378060727,22.526934378060727,22.526934378060727,22.682445759368836,22.682445759368836,22.682445759368836,0.8797653958944281,0.8797653958944281,0.8797653958944281,0.8797653958944281,0.8797653958944281,0.8797653958944281,0.8797653958944281,0.8797653958944281,0.8797653958944281,0.8797653958944281,0.8797653958944281,0.8797653958944281,0.8797653958944281,0.8797653958944281,0.8797653958944281,0.8797653958944281,0.8797653958944281,0.8797653958944281,0.8797653958944281,0.8797653958944281,0.8797653958944281,0.8797653958944281,0.8797653958944281,22.504892367906066,22.504892367906066,22.504892367906066,22.504892367906066,22.504892367906066,22.504892367906066,22.504892367906066,22.504892367906066,22.504892367906066,22.504892367906066,22.504892367906066,22.504892367906066,22.504892367906066],"raf":[34,68,33,80,36,37,159,37,29,85,36,35,226,39,27,37,130,135,38,26,37,37,230,36,29,38,138,29,30,43,128,140,42,30,131,40,143,39,27,131,33,137,39,26,29,151,31,32,36,36,33,41,34,35,38,32,38,39,33,36,38,37,37,37,37,52,45,33,45,36,36,50,38,82,47,36,38,35,35,36,41,97,49,33,35,41,37,40,3333,246,25,33,43,41,40,36,30,37,40,30,32,34,32,36,35,32,32,36,39,34,40,39,36,39,238,61,34,34,35,38,41,38,60,37]}