{"time":[3.159,3.2329999999999997,3.3019999999999996,3.3799999999999994,3.4689999999999994,4.002999999999999,4.139999999999999,4.198999999999999,4.261999999999999,4.330999999999999,4.392999999999999,4.465999999999999,4.528,4.5969999999999995,4.661,4.7509999999999994,4.824,4.8919999999999995,4.959999999999999,5.034999999999999,5.103999999999999,5.174999999999999,5.238999999999999,5.310999999999999,5.378999999999999,5.451999999999999,5.534999999999999,5.602999999999999,5.671999999999999,5.750999999999999,5.833999999999999,5.901999999999998,5.965999999999998,6.036999999999998,6.103999999999998,6.176999999999999,6.246999999999999,6.317999999999999,6.384999999999999,6.4609999999999985,6.526999999999998,6.598999999999998,6.663999999999999,6.7349999999999985,6.800999999999998,6.875999999999999,6.942999999999999,7.016999999999999,7.0859999999999985,7.159999999999998,7.232999999999999,7.300999999999998,7.384999999999998,7.450999999999998,7.520999999999998,7.589999999999998,7.6629999999999985,7.730999999999998,7.804999999999998,7.8729999999999976,7.946999999999997,8.016999999999998,8.101999999999999,8.174999999999999,8.249999999999998,8.320999999999998,8.402999999999999,8.475999999999999,8.555,8.638,8.734,8.801,8.887,8.967,9.044,9.122,9.217,9.291,9.373000000000001,9.451,9.528,9.608,9.701,9.767000000000001,9.874,9.951,10.056000000000001,10.138000000000002,10.324000000000002,10.465000000000002,10.619000000000002,10.786000000000001,11.056000000000001,11.223,11.39,11.455,11.631,11.708,11.786,11.866,11.94,12.01,12.088,12.164,12.238999999999999,12.315,12.392999999999999,12.466999999999999,12.698999999999998,12.787999999999998,12.858999999999998,12.937999999999999],"fps":[5.314437555358724,5.314437555358724,5.314437555358724,5.314437555358724,5.314437555358724,5.314437555358724,5.314437555358724,6.730769230769231,6.730769230769231,6.730769230769231,6.730769230769231,6.730769230769231,6.730769230769231,6.730769230769231,6.730769230769231,6.730769230769231,6.730769230769231,6.730769230769231,6.730769230769231,6.730769230769231,6.730769230769231,6.730769230769231,14.423076923076923,14.423076923076923,14.423076923076923,14.423076923076923,14.423076923076923,14.423076923076923,14.423076923076923,14.423076923076923,14.423076923076923,14.423076923076923,14.423076923076923,14.423076923076923,14.423076923076923,14.423076923076923,13.88888888888889,13.88888888888889,13.88888888888889,13.88888888888889,13.88888888888889,13.88888888888889,13.88888888888889,13.88888888888889,13.88888888888889,13.88888888888889,13.88888888888889,13.88888888888889,13.88888888888889,13.88888888888889,13.88888888888889,14.231499051233397,14.231499051233397,14.231499051233397,14.231499051233397,14.231499051233397,14.231499051233397,14.231499051233397,14.231499051233397,14.231499051233397,14.231499051233397,14.231499051233397,14.231499051233397,14.231499051233397,14.231499051233397,13.72549019607843,13.72549019607843,13.72549019607843,13.72549019607843,13.72549019607843,13.72549019607843,13.72549019607843,13.72549019607843,13.72549019607843,13.72549019607843,13.72549019607843,13.72549019607843,13.72549019607843,12.357414448669202,12.357414448669202,12.357414448669202,12.357414448669202,12.357414448669202,12.357414448669202,12.357414448669202,12.357414448669202,12.357414448669202,12.357414448669202,12.357414448669202,10.073260073260073,10.073260073260073,10.073260073260073,10.073260073260073,10.073260073260073,10.073260073260073,10.073260073260073,6.003430531732419,6.003430531732419,6.003430531732419,6.003430531732419,6.003430531732419,6.003430531732419,6.003430531732419,6.003430531732419,6.003430531732419,6.003430531732419,6.003430531732419,6.003430531732419,11.235955056179776,11.235955056179776,11.235955056179776,11.235955056179776],"raf":[240,75,68,78,89,534,137,59,63,70,61,73,62,69,65,89,73,68,68,75,69,71,64,72,68,73,83,68,69,79,83,69,63,72,66,73,70,71,67,76,66,73,65,71,65,76,67,74,74,68,73,68,84,66,71,68,73,68,74,69,73,70,85,73,75,71,82,73,79,83,96,67,86,81,76,78,96,73,82,78,78,80,92,66,106,77,105,82,186,141,154,168,269,167,167,65,176,77,78,80,74,71,78,76,74,76,78,75,231,89,72,78]}