{"time":[3.3440000000000003,3.4190000000000005,3.4670000000000005,3.5160000000000005,3.7570000000000006,3.8330000000000006,3.9140000000000006,4.013000000000001,4.089,4.171,4.266,4.35,4.427,4.508,4.581,4.662000000000001,4.739000000000001,5.401000000000001,5.548000000000001,5.611000000000001,5.681000000000001,5.747000000000001,5.820000000000001,5.920000000000001,6.023000000000001,6.094,6.164000000000001,6.238,6.311000000000001,6.386000000000001,6.459000000000001,6.538000000000001,6.612000000000001,6.691000000000001,6.766000000000001,6.839000000000001,6.918000000000001,6.992000000000001,7.069000000000001,7.142000000000001,7.222000000000001,7.298000000000001,7.377000000000001,7.457000000000001,7.529000000000001,7.607000000000001,7.681000000000001,7.762000000000001,7.836000000000001,7.916000000000001,7.991000000000001,8.072000000000001,8.145000000000001,8.224000000000002,8.304000000000002,8.380000000000003,8.458000000000002,8.534000000000002,8.620000000000003,8.701000000000002,8.787000000000003,8.883000000000003,8.960000000000003,9.039000000000003,9.116000000000003,9.201000000000004,9.275000000000004,9.369000000000003,9.447000000000003,9.538000000000002,9.616000000000001,9.713000000000001,9.799000000000001,9.877,9.972000000000001,10.066,10.148000000000001,10.224000000000002,10.321000000000002,10.400000000000002,10.483000000000002,10.582000000000003,10.662000000000003,10.757000000000003,10.850000000000003,10.953000000000003,11.081000000000003,11.310000000000002,11.430000000000001,11.600000000000001,11.886000000000001,12.064000000000002,12.239000000000003,12.411000000000003,12.688000000000002,12.860000000000003],"fps":[2.7987685418415897,2.7987685418415897,2.7987685418415897,2.7987685418415897,2.7987685418415897,2.7987685418415897,6.91699604743083,6.91699604743083,6.91699604743083,6.91699604743083,6.91699604743083,6.91699604743083,6.91699604743083,6.91699604743083,6.91699604743083,6.91699604743083,6.91699604743083,7.397444519166107,7.397444519166107,7.397444519166107,7.397444519166107,7.397444519166107,7.397444519166107,7.397444519166107,7.397444519166107,7.397444519166107,7.397444519166107,7.397444519166107,7.397444519166107,7.397444519166107,12.287334593572778,12.287334593572778,12.287334593572778,12.287334593572778,12.287334593572778,12.287334593572778,12.287334593572778,12.287334593572778,12.287334593572778,12.287334593572778,12.287334593572778,12.287334593572778,12.287334593572778,12.287334593572778,13.08411214953271,13.08411214953271,13.08411214953271,13.08411214953271,13.08411214953271,13.08411214953271,13.08411214953271,13.08411214953271,13.08411214953271,13.08411214953271,13.08411214953271,13.08411214953271,13.08411214953271,12.922465208747514,12.922465208747514,12.922465208747514,12.922465208747514,12.922465208747514,12.922465208747514,12.922465208747514,12.922465208747514,12.922465208747514,12.922465208747514,12.922465208747514,12.922465208747514,11.964107676969093,11.964107676969093,11.964107676969093,11.964107676969093,11.964107676969093,11.964107676969093,11.964107676969093,11.964107676969093,11.964107676969093,11.964107676969093,11.964107676969093,11.964107676969093,11.494252873563218,11.494252873563218,11.494252873563218,11.494252873563218,11.494252873563218,11.494252873563218,11.494252873563218,11.494252873563218,7.8508341511285575,7.8508341511285575,7.8508341511285575,7.8508341511285575,7.8508341511285575,4.599816007359705,4.599816007359705],"raf":[442,76,47,50,240,76,81,99,77,81,95,85,76,81,73,81,77,662,147,63,70,67,72,100,103,72,69,74,73,75,73,79,74,79,75,73,79,75,77,72,80,76,79,80,72,78,74,82,73,81,74,81,74,78,80,77,77,77,85,81,86,96,77,79,78,84,74,94,78,91,78,97,86,78,95,94,82,76,97,80,83,98,80,95,93,104,127,231,120,169,285,178,176,172,276,172]}