{"time":[3.0160000000000005,3.2400000000000007,3.2620000000000005,3.3820000000000006,3.5250000000000004,3.563,3.684,3.825,3.863,3.983,4.125,4.163,4.285,4.33,4.559,4.596,4.7170000000000005,4.859000000000001,4.896000000000001,5.017000000000001,5.158000000000001,5.1960000000000015,5.319000000000002,5.460000000000002,5.496000000000001,5.528000000000001,5.573000000000001,5.616000000000001,5.6960000000000015,5.725000000000001,5.761000000000001,5.797000000000001,5.829000000000001,5.867000000000001,5.892000000000001,5.928000000000001,5.956,5.986000000000001,6.013000000000001,6.0440000000000005,6.072,6.102,6.1290000000000004,6.170000000000001,6.212000000000001,6.24,6.265000000000001,6.2940000000000005,6.322,6.352,6.385000000000001,6.420000000000001,6.449000000000001,6.479000000000001,6.516000000000001,6.548000000000001,6.579000000000001,6.625000000000001,6.654000000000001,6.688000000000001,6.716,6.763,6.796,6.828,6.8580000000000005,6.892,6.938000000000001,6.979000000000001,7.014000000000001,7.044000000000001,7.078000000000001,7.126000000000001,7.1560000000000015,7.191000000000002,7.221000000000002,7.2650000000000015,7.312000000000001,7.3450000000000015,7.374000000000001,7.421000000000001,7.4620000000000015,7.495000000000002,7.538000000000002,7.579000000000002,7.613000000000002,7.644000000000002,7.6800000000000015,7.726000000000002,7.756000000000002,7.790000000000002,7.820000000000002,7.865000000000002,7.895000000000002,7.930000000000002,7.962000000000002,8.020000000000003,8.061000000000003,8.113000000000003,8.169000000000002,8.212000000000002,8.277000000000001,8.305000000000001,8.429000000000002,8.461000000000002,8.551000000000002,8.578000000000001,8.761000000000001,8.795000000000002,8.917000000000002,8.945000000000002,9.171000000000003,9.212000000000003,9.336000000000004,9.367000000000004,9.499000000000004,9.722000000000005,9.762000000000004,9.884000000000004,10.023000000000003,10.062000000000003,10.185000000000002,10.322000000000003,10.361000000000002,10.490000000000002,10.529000000000002,10.753000000000002,10.795000000000002,10.918000000000001,10.961,11.189,11.228,11.352,11.395,11.622,11.661999999999999,11.786,11.927,11.962,12.084999999999999,12.133,12.267,12.493,12.528,12.658000000000001,12.699000000000002,12.925000000000002,12.962000000000003],"fps":[10.784313725490197,10.784313725490197,10.784313725490197,10.784313725490197,10.784313725490197,10.784313725490197,10.784313725490197,10.784313725490197,10.784313725490197,10.784313725490197,9.017132551848512,9.017132551848512,9.017132551848512,9.017132551848512,9.017132551848512,9.017132551848512,9.017132551848512,9.017132551848512,9.017132551848512,9.017132551848512,9.671179883945841,9.671179883945841,9.671179883945841,9.671179883945841,9.671179883945841,9.671179883945841,9.671179883945841,9.671179883945841,9.671179883945841,9.671179883945841,9.671179883945841,9.671179883945841,9.671179883945841,9.671179883945841,9.671179883945841,9.671179883945841,9.671179883945841,9.671179883945841,9.671179883945841,9.671179883945841,9.671179883945841,9.671179883945841,9.671179883945841,22.74975272007913,22.74975272007913,22.74975272007913,22.74975272007913,22.74975272007913,22.74975272007913,22.74975272007913,22.74975272007913,22.74975272007913,22.74975272007913,22.74975272007913,22.74975272007913,22.74975272007913,22.74975272007913,22.74975272007913,22.74975272007913,22.74975272007913,22.74975272007913,22.74975272007913,22.74975272007913,22.74975272007913,22.74975272007913,22.74975272007913,22.74975272007913,22.74975272007913,22.74975272007913,22.74975272007913,22.74975272007913,22.74975272007913,22.74975272007913,29.382957884427032,29.382957884427032,29.382957884427032,29.382957884427032,29.382957884427032,29.382957884427032,29.382957884427032,29.382957884427032,29.382957884427032,29.382957884427032,29.382957884427032,29.382957884427032,29.382957884427032,29.382957884427032,29.382957884427032,29.382957884427032,29.382957884427032,29.382957884427032,29.382957884427032,29.382957884427032,29.382957884427032,29.382957884427032,29.382957884427032,29.382957884427032,29.382957884427032,29.382957884427032,25.465230166503428,25.465230166503428,25.465230166503428,25.465230166503428,25.465230166503428,25.465230166503428,25.465230166503428,25.465230166503428,25.465230166503428,25.465230166503428,25.465230166503428,25.465230166503428,25.465230166503428,11.565836298932384,11.565836298932384,11.565836298932384,11.565836298932384,11.565836298932384,11.565836298932384,11.565836298932384,11.565836298932384,11.565836298932384,11.565836298932384,9.746588693957115,9.746588693957115,9.746588693957115,9.746588693957115,9.746588693957115,9.746588693957115,9.746588693957115,9.746588693957115,9.746588693957115,9.746588693957115,9.68054211035818,9.68054211035818,9.68054211035818,9.68054211035818,9.68054211035818,9.68054211035818,9.68054211035818,9.68054211035818,9.68054211035818,8.19672131147541,8.19672131147541,8.19672131147541,8.19672131147541,8.19672131147541,8.19672131147541],"raf":[32,224,23,120,142,38,121,142,37,120,142,38,122,45,228,37,122,141,37,122,141,37,124,140,36,32,45,43,80,29,37,35,33,37,25,36,29,29,27,31,29,29,27,41,42,28,25,30,27,30,33,35,29,30,37,33,30,47,28,34,29,46,33,33,29,34,46,41,35,30,34,48,30,35,30,45,46,33,29,47,41,34,42,41,34,31,37,45,31,33,30,45,31,35,31,58,42,51,57,42,65,28,124,33,90,26,183,34,122,28,226,41,124,32,131,223,40,122,139,39,124,137,39,128,39,225,41,123,43,228,39,125,42,227,40,124,141,35,124,48,133,226,36,129,41,226,37]}