{"time":[3.0319999999999996,3.1779999999999995,3.1989999999999994,3.2349999999999994,3.4459999999999993,3.4659999999999993,3.503999999999999,3.6149999999999993,3.7629999999999995,3.7819999999999996,3.8249999999999997,3.936,3.985,4.196,4.215999999999999,4.262999999999999,4.373999999999999,4.526999999999998,4.547999999999998,4.583999999999998,4.796999999999998,4.814999999999998,4.855999999999998,4.966999999999998,5.125999999999998,5.148999999999997,5.185999999999997,5.396999999999998,5.415999999999998,5.456999999999998,5.5699999999999985,5.618999999999999,5.830999999999999,5.848999999999998,5.886999999999999,5.997999999999998,6.148999999999998,6.164999999999998,6.205999999999999,6.317999999999999,6.464999999999999,6.481999999999999,6.523999999999999,6.6339999999999995,6.683,6.894,6.915,6.953,7.081,7.127000000000001,7.178000000000001,7.229000000000001,7.277000000000001,7.327000000000001,7.3790000000000004,7.430000000000001,7.4830000000000005,7.543,7.595,7.651,7.710999999999999,7.7589999999999995,7.813,7.864999999999999,7.925999999999999,7.976999999999999,8.04],"fps":[10.978043912175648,10.978043912175648,10.978043912175648,10.978043912175648,10.978043912175648,10.978043912175648,10.978043912175648,10.978043912175648,10.978043912175648,10.978043912175648,10.978043912175648,11.811023622047244,11.811023622047244,11.811023622047244,11.811023622047244,11.811023622047244,11.811023622047244,11.811023622047244,11.811023622047244,11.811023622047244,11.811023622047244,11.811023622047244,11.811023622047244,11.639185257032008,11.639185257032008,11.639185257032008,11.639185257032008,11.639185257032008,11.639185257032008,11.639185257032008,11.639185257032008,11.639185257032008,11.639185257032008,11.639185257032008,11.639185257032008,11.639185257032008,11.639185257032008,11.639185257032008,11.639185257032008,11.639185257032008,11.639185257032008,11.639185257032008,11.639185257032008,11.639185257032008,11.639185257032008,11.639185257032008,11.639185257032008,11.639185257032008,12.003693444136658,12.003693444136658,12.003693444136658,12.003693444136658,12.003693444136658,12.003693444136658,12.003693444136658,12.003693444136658,12.003693444136658,12.003693444136658,12.003693444136658,12.003693444136658,12.003693444136658,12.003693444136658,12.003693444136658,12.003693444136658,12.003693444136658,12.003693444136658,12.003693444136658],"raf":[112,146,21,36,212,19,38,112,147,19,43,111,49,211,20,47,111,153,21,36,214,17,41,111,159,23,37,211,19,42,112,50,211,18,38,111,151,16,41,112,147,17,42,111,48,211,21,38,128,46,51,51,49,50,51,51,53,60,52,57,59,49,53,53,61,51,62]}