{"time":[4.8629999999999995,4.877999999999999,4.924999999999999,4.972999999999999,5.019999999999999,5.068999999999999,5.116999999999999,5.156999999999999,5.191999999999999,5.235999999999999,5.276999999999999,5.320999999999999,5.361999999999999,5.403999999999999,5.443999999999999,5.486999999999999,5.529999999999999,5.579,5.628,5.6530000000000005,5.7,5.7410000000000005,5.784000000000001,5.828,5.872,5.914,5.960999999999999,6.010999999999999,6.047999999999999,6.092999999999999,6.134999999999999,6.174999999999999,6.222999999999999,6.267999999999999,6.312999999999999,6.443999999999999,6.460999999999999,6.491,6.534999999999999,6.576999999999999,6.623999999999999,6.669999999999999,6.716999999999999,6.764999999999999,6.812999999999999,6.861999999999999,6.911,6.962,7.011,7.059,7.109,7.158,7.21,7.26,7.311,7.365,7.418,7.47,7.521999999999999,7.574999999999999,7.626999999999999,7.676999999999999,7.7269999999999985,7.7799999999999985,7.831999999999998,7.882999999999998,7.933999999999998,7.985999999999998,8.036999999999997,8.087999999999997,8.138999999999998,8.191999999999998,8.242999999999999,8.293999999999999,8.345999999999998,8.395999999999999,8.447,8.497,8.548,8.601,8.651000000000002,8.702000000000002,8.755000000000003,8.806000000000003,8.857000000000003,8.909000000000002,8.959000000000003,9.011000000000003,9.062000000000003,9.113000000000003,9.164000000000003,9.218000000000004,9.267000000000003,9.319000000000003,9.371000000000002,9.420000000000002,9.468000000000002,9.517000000000001,9.567000000000002,9.616000000000001,9.666000000000002,9.715000000000002,9.763000000000002,9.814000000000002,9.863000000000001,9.912,9.962000000000002,10.013000000000002,10.061000000000002,10.113000000000001,10.162,10.211,10.26,10.313,10.361,10.427000000000001,10.457,10.511000000000001,10.56,10.606,10.656,10.703000000000001,10.756000000000002,10.805000000000001,10.855000000000002,10.908000000000003,10.964000000000002,11.025000000000002,11.067000000000002,11.119000000000002,11.168000000000001,11.229000000000001,11.278,11.318,11.368,11.43,11.477,11.515,11.577,11.627,11.669,11.731,11.777,11.821,11.884,11.927,11.975,12.027,12.088999999999999,12.130999999999998,12.184999999999999,12.235,12.296,12.344,12.386,12.444999999999999,12.517999999999999,12.543999999999999,12.588999999999999,12.637999999999998,12.684999999999999,12.732999999999999,12.780999999999999,12.828999999999999,12.938999999999998,12.959999999999999,12.991],"fps":[3.7645448323066395,3.7645448323066395,3.7645448323066395,3.7645448323066395,3.7645448323066395,3.7645448323066395,3.7645448323066395,3.7645448323066395,3.7645448323066395,3.7645448323066395,3.7645448323066395,3.7645448323066395,3.7645448323066395,3.7645448323066395,3.7645448323066395,3.7645448323066395,3.7645448323066395,3.7645448323066395,3.7645448323066395,3.7645448323066395,3.7645448323066395,3.7645448323066395,3.7645448323066395,3.7645448323066395,23.785926660059467,23.785926660059467,23.785926660059467,23.785926660059467,23.785926660059467,23.785926660059467,23.785926660059467,23.785926660059467,23.785926660059467,23.785926660059467,23.785926660059467,23.785926660059467,23.785926660059467,23.785926660059467,23.785926660059467,23.785926660059467,23.785926660059467,23.785926660059467,23.785926660059467,23.785926660059467,23.785926660059467,23.785926660059467,21.153846153846153,21.153846153846153,21.153846153846153,21.153846153846153,21.153846153846153,21.153846153846153,21.153846153846153,21.153846153846153,21.153846153846153,21.153846153846153,21.153846153846153,21.153846153846153,21.153846153846153,21.153846153846153,21.153846153846153,21.153846153846153,21.153846153846153,21.153846153846153,21.153846153846153,21.153846153846153,19.569471624266146,19.569471624266146,19.569471624266146,19.569471624266146,19.569471624266146,19.569471624266146,19.569471624266146,19.569471624266146,19.569471624266146,19.569471624266146,19.569471624266146,19.569471624266146,19.569471624266146,19.569471624266146,19.569471624266146,19.569471624266146,19.569471624266146,19.569471624266146,19.569471624266146,19.569471624266146,19.49317738791423,19.49317738791423,19.49317738791423,19.49317738791423,19.49317738791423,19.49317738791423,19.49317738791423,19.49317738791423,19.49317738791423,19.49317738791423,19.49317738791423,19.49317738791423,19.49317738791423,19.49317738791423,19.49317738791423,19.49317738791423,19.49317738791423,19.49317738791423,19.49317738791423,19.49317738791423,19.940179461615156,19.940179461615156,19.940179461615156,19.940179461615156,19.940179461615156,19.940179461615156,19.940179461615156,19.940179461615156,19.940179461615156,19.940179461615156,19.940179461615156,19.940179461615156,19.940179461615156,19.940179461615156,19.940179461615156,19.940179461615156,19.940179461615156,19.940179461615156,19.940179461615156,19.940179461615156,19.98001998001998,19.98001998001998,19.98001998001998,19.98001998001998,19.98001998001998,19.98001998001998,19.98001998001998,19.98001998001998,19.98001998001998,19.98001998001998,19.98001998001998,19.98001998001998,19.98001998001998,19.98001998001998,19.98001998001998,19.98001998001998,19.98001998001998,19.98001998001998,19.98001998001998,19.98001998001998,19.76284584980237,19.76284584980237,19.76284584980237,19.76284584980237,19.76284584980237,19.76284584980237,19.76284584980237,19.76284584980237,19.76284584980237,19.76284584980237,19.76284584980237,19.76284584980237,19.76284584980237,19.76284584980237,19.76284584980237,19.76284584980237,19.76284584980237,19.76284584980237,19.76284584980237,19.76284584980237,19.704433497536947],"raf":[2467,15,48,48,47,49,48,39,36,43,42,43,41,42,40,43,44,49,48,26,46,41,43,44,44,42,48,50,36,45,42,41,48,44,45,131,18,29,45,41,48,46,46,50,46,49,50,50,50,47,50,50,51,50,53,52,53,52,53,52,53,50,50,52,52,52,50,53,50,51,50,53,51,52,51,50,51,51,52,51,51,50,53,52,50,52,51,51,52,51,51,53,49,52,52,49,48,50,49,50,49,50,47,52,48,49,51,50,48,52,49,49,50,52,48,67,29,54,49,46,50,49,52,48,51,53,55,62,41,52,49,62,48,40,50,62,47,39,61,50,42,62,46,44,63,43,49,52,61,43,53,50,62,47,42,59,73,26,46,48,47,49,47,48,110,21,31]}