{"time":[3.0209999999999986,3.0589999999999984,3.0949999999999984,3.1299999999999986,3.1649999999999987,3.1989999999999985,3.2339999999999987,3.2699999999999987,3.3039999999999985,3.3419999999999983,3.3769999999999984,3.4119999999999986,3.4479999999999986,3.4839999999999987,3.5179999999999985,3.5529999999999986,3.5879999999999987,3.6239999999999988,3.663999999999999,3.698999999999999,3.734999999999999,3.770999999999999,3.807999999999999,3.846999999999999,3.883999999999999,3.928999999999999,3.964999999999999,4.003999999999999,4.052999999999999,4.142999999999999,4.192999999999999,4.243999999999999,4.290999999999999,4.340999999999998,4.379999999999998,4.427999999999998,4.459999999999998,4.497999999999998,4.544999999999998,4.5939999999999985,4.636999999999999,4.685999999999999,4.726999999999999,4.771999999999999,4.816999999999999,4.859999999999999,4.895999999999999,4.941999999999999,4.972999999999999,5.008999999999999,5.047999999999998,5.0939999999999985,5.142999999999999,5.182999999999999,5.231999999999999,5.276999999999999,5.311999999999999,5.3469999999999995,5.393,5.426,5.463,5.5040000000000004,5.548,5.596,5.68,5.726,5.791,5.861000000000001,5.996,6.026000000000001,6.118,6.182,6.382000000000001,6.409000000000001,6.535000000000001,6.663000000000001,6.889000000000001,6.926000000000001,7.053000000000001,7.179000000000001,7.407000000000001,7.4430000000000005,7.57,7.697,7.924,7.96,8.087,8.216,8.343,8.571,8.61,8.737,8.863,9.09,9.126,9.254,9.379999999999999,9.606,9.643,9.772,9.915000000000001,10.076,10.121,10.165000000000001,10.214,10.279,10.314,10.351,10.388000000000002,10.427000000000001,10.459000000000001,10.492,10.524000000000001,10.556000000000001,10.587000000000002,10.646,10.693000000000001,10.723,10.753,10.786,10.818999999999999,10.854999999999999,10.889,10.927,11.038,11.076,11.109,11.143,11.177000000000001,11.213000000000001,11.249,11.283000000000001,11.319,11.361,11.409,11.443000000000001,11.481000000000002,11.516000000000002,11.552000000000001,11.588000000000001,11.624,11.663,11.713000000000001,11.759,11.799,11.834999999999999,11.872,11.91,11.947000000000001,11.984000000000002],"fps":[29.850746268656717,29.850746268656717,29.850746268656717,29.850746268656717,29.850746268656717,29.850746268656717,29.850746268656717,29.850746268656717,29.850746268656717,29.850746268656717,29.850746268656717,29.850746268656717,29.850746268656717,29.850746268656717,27.64067127344521,27.64067127344521,27.64067127344521,27.64067127344521,27.64067127344521,27.64067127344521,27.64067127344521,27.64067127344521,27.64067127344521,27.64067127344521,27.64067127344521,27.64067127344521,27.64067127344521,27.64067127344521,27.64067127344521,27.64067127344521,27.64067127344521,27.64067127344521,27.64067127344521,27.64067127344521,27.64067127344521,27.64067127344521,27.64067127344521,27.64067127344521,23.369036027263874,23.369036027263874,23.369036027263874,23.369036027263874,23.369036027263874,23.369036027263874,23.369036027263874,23.369036027263874,23.369036027263874,23.369036027263874,23.369036027263874,23.369036027263874,23.369036027263874,23.369036027263874,23.369036027263874,23.369036027263874,23.369036027263874,23.369036027263874,23.369036027263874,23.369036027263874,23.369036027263874,23.369036027263874,23.369036027263874,23.369036027263874,23.928215353938185,23.928215353938185,23.928215353938185,23.928215353938185,23.928215353938185,23.928215353938185,23.928215353938185,23.928215353938185,23.928215353938185,23.928215353938185,23.928215353938185,23.928215353938185,23.928215353938185,11.659192825112108,11.659192825112108,11.659192825112108,11.659192825112108,11.659192825112108,11.659192825112108,11.659192825112108,11.659192825112108,7.729468599033816,7.729468599033816,7.729468599033816,7.729468599033816,7.729468599033816,7.729468599033816,7.729468599033816,7.729468599033816,7.699711260827719,7.699711260827719,7.699711260827719,7.699711260827719,7.699711260827719,7.699711260827719,7.699711260827719,7.699711260827719,7.729468599033816,7.729468599033816,7.729468599033816,7.729468599033816,7.729468599033816,7.729468599033816,7.729468599033816,7.729468599033816,7.729468599033816,7.729468599033816,7.729468599033816,7.729468599033816,7.729468599033816,7.729468599033816,7.729468599033816,7.729468599033816,7.729468599033816,7.729468599033816,7.729468599033816,7.729468599033816,19.723865877712033,19.723865877712033,19.723865877712033,19.723865877712033,19.723865877712033,19.723865877712033,19.723865877712033,19.723865877712033,19.723865877712033,19.723865877712033,19.723865877712033,19.723865877712033,19.723865877712033,19.723865877712033,19.723865877712033,19.723865877712033,19.723865877712033,19.723865877712033,19.723865877712033,19.723865877712033,19.723865877712033,19.723865877712033,19.723865877712033,19.723865877712033,19.723865877712033,24.65483234714004,24.65483234714004,24.65483234714004,24.65483234714004,24.65483234714004,24.65483234714004],"raf":[42,38,36,35,34,34,35,36,34,39,34,36,37,35,33,36,34,36,41,35,36,35,37,40,36,45,36,39,53,87,50,51,47,49,39,48,32,39,46,49,43,49,42,44,45,43,36,46,32,36,39,45,49,40,49,45,35,36,45,33,37,41,44,48,84,47,64,70,135,31,91,64,200,28,126,127,226,38,126,127,227,36,128,127,226,36,128,128,127,228,39,127,126,227,37,127,126,226,37,129,144,160,46,43,50,65,34,38,37,38,32,33,33,31,32,58,47,30,31,32,33,36,35,38,111,37,33,35,34,35,36,34,36,43,47,34,38,36,35,37,35,40,49,47,40,35,38,37,37,37]}