{"time":[6.684000000000001,6.725000000000001,6.767000000000001,6.842000000000001,6.915000000000002,6.983000000000001,7.040000000000002,7.094000000000002,7.1510000000000025,7.209000000000002,7.265000000000002,7.314000000000003,7.373000000000003,7.432000000000003,7.491000000000003,7.544000000000003,7.598000000000003,7.656000000000003,7.709000000000003,7.770000000000003,7.828000000000003,7.883000000000003,7.939000000000003,7.995000000000003,8.053000000000003,8.107000000000003,8.166000000000002,8.386000000000003,8.425000000000002,8.460000000000003,8.517000000000003,8.575000000000003,8.640000000000002,8.700000000000003,8.759000000000002,8.855000000000002,8.948000000000002,8.984000000000002,9.043000000000001,9.097000000000001,9.164000000000001,9.225000000000001,9.337000000000002,9.427000000000001,9.463000000000001,9.520000000000001,9.580000000000002,9.641000000000002,9.752000000000002,9.843000000000002,9.881000000000002,9.939000000000002,9.996000000000002,10.058000000000002,10.164000000000001,10.208000000000002,10.255000000000003,10.318000000000003,10.375000000000004,10.647000000000004,10.691000000000004,10.739000000000004,10.805000000000005,10.866000000000005,10.931000000000004,10.995000000000005,11.067000000000004,11.130000000000004,11.194000000000004,11.260000000000005,11.329000000000006,11.392000000000007,11.457000000000006,11.520000000000007,11.585000000000006,11.647000000000006,11.717000000000006,11.779000000000005,11.844000000000005,11.909000000000004,11.975000000000005,12.041000000000006,12.105000000000006,12.169000000000006,12.234000000000005,12.298000000000005,12.364000000000006,12.429000000000006,12.496000000000006,12.560000000000006,12.618000000000006,12.688000000000006,12.756000000000006,12.821000000000005,12.886000000000005,12.950000000000005],"fps":[2.1331058020477816,2.1331058020477816,2.1331058020477816,2.1331058020477816,2.1331058020477816,2.1331058020477816,2.1331058020477816,2.1331058020477816,2.1331058020477816,2.1331058020477816,2.1331058020477816,2.1331058020477816,2.1331058020477816,2.1331058020477816,2.1331058020477816,2.1331058020477816,2.1331058020477816,2.1331058020477816,17.5609756097561,17.5609756097561,17.5609756097561,17.5609756097561,17.5609756097561,17.5609756097561,17.5609756097561,17.5609756097561,17.5609756097561,17.5609756097561,17.5609756097561,17.5609756097561,17.5609756097561,17.5609756097561,17.5609756097561,17.5609756097561,15.238095238095237,15.238095238095237,15.238095238095237,15.238095238095237,15.238095238095237,15.238095238095237,15.238095238095237,15.238095238095237,15.238095238095237,15.238095238095237,15.238095238095237,15.238095238095237,15.238095238095237,15.238095238095237,15.238095238095237,13.850415512465373,13.850415512465373,13.850415512465373,13.850415512465373,13.850415512465373,13.850415512465373,13.850415512465373,13.850415512465373,13.850415512465373,13.850415512465373,13.850415512465373,13.850415512465373,13.850415512465373,13.850415512465373,13.671875,13.671875,13.671875,13.671875,13.671875,13.671875,13.671875,13.671875,13.671875,13.671875,13.671875,13.671875,13.671875,13.671875,13.671875,13.671875,15.340364333652925,15.340364333652925,15.340364333652925,15.340364333652925,15.340364333652925,15.340364333652925,15.340364333652925,15.340364333652925,15.340364333652925,15.340364333652925,15.340364333652925,15.340364333652925,15.340364333652925,15.340364333652925,15.340364333652925,15.340364333652925,15.36983669548511],"raf":[4120,40,42,76,72,68,58,54,57,57,57,49,58,59,60,52,54,58,54,61,57,56,55,57,58,54,58,220,40,34,58,58,65,60,59,95,93,37,59,54,66,62,111,90,37,57,59,62,111,90,38,58,58,62,105,45,47,63,57,271,45,48,65,62,64,64,72,64,63,67,68,63,66,63,64,63,69,63,66,63,66,67,63,64,66,63,66,65,67,64,59,70,68,65,64,65]}