{"time":[3.0209999999999995,3.0379999999999994,3.0929999999999995,3.1579999999999995,3.3219999999999996,3.3379999999999996,3.3909999999999996,3.4559999999999995,3.6169999999999995,3.6389999999999993,3.688999999999999,3.858999999999999,3.887999999999999,3.931999999999999,3.995999999999999,4.060999999999999,4.1259999999999994,4.191999999999999,4.257,4.42,4.439,4.492,4.654,4.672,4.723999999999999,4.885999999999999,4.904999999999999,4.9559999999999995,5.119999999999999,5.137999999999999,5.191999999999999,5.255999999999999,5.419,5.438999999999999,5.488999999999999,5.649999999999999,5.671999999999999,5.721999999999999,5.883999999999999,5.9049999999999985,5.955999999999999,6.119999999999998,6.137999999999998,6.192999999999998,6.255999999999998,6.418999999999998,6.437999999999998,6.494999999999998,6.558999999999998,6.621999999999998,6.785999999999998,6.803999999999998,6.8569999999999975,6.921999999999998,7.009999999999998,7.054999999999998,7.109999999999998,7.171999999999998,7.240999999999998,7.309999999999998,7.374999999999998,7.439999999999999,7.506999999999999,7.571999999999999,7.648999999999999,7.703999999999999,7.765999999999999,7.831999999999999,7.893999999999999,7.9559999999999995,8.020999999999999,8.081,8.144,8.208,8.271,8.340000000000002,8.394000000000002,8.458000000000002,8.519000000000002,8.585000000000003,8.647000000000002,8.713000000000003,8.775000000000002],"fps":[10.820559062218214,10.820559062218214,10.820559062218214,10.820559062218214,10.820559062218214,10.820559062218214,10.820559062218214,14.354066985645932,14.354066985645932,14.354066985645932,14.354066985645932,14.354066985645932,14.354066985645932,14.354066985645932,14.354066985645932,14.354066985645932,14.354066985645932,14.354066985645932,14.354066985645932,14.354066985645932,14.354066985645932,13.526570048309178,13.526570048309178,13.526570048309178,13.526570048309178,13.526570048309178,13.526570048309178,13.526570048309178,13.526570048309178,13.526570048309178,13.526570048309178,13.526570048309178,13.526570048309178,13.526570048309178,13.526570048309178,12.089810017271157,12.089810017271157,12.089810017271157,12.089810017271157,12.089810017271157,12.089810017271157,12.089810017271157,12.089810017271157,12.089810017271157,12.089810017271157,12.089810017271157,12.089810017271157,12.089810017271157,12.089810017271157,12.089810017271157,13.204225352112676,13.204225352112676,13.204225352112676,13.204225352112676,13.204225352112676,13.204225352112676,13.204225352112676,13.204225352112676,13.204225352112676,13.204225352112676,13.204225352112676,13.204225352112676,13.204225352112676,13.204225352112676,13.204225352112676,13.204225352112676,13.204225352112676,16.252390057361378,16.252390057361378,16.252390057361378,16.252390057361378,16.252390057361378,16.252390057361378,16.252390057361378,16.252390057361378,16.252390057361378,16.252390057361378,16.252390057361378,16.252390057361378,16.252390057361378,16.252390057361378,16.252390057361378,16.252390057361378],"raf":[164,16,55,65,164,16,53,66,160,22,51,169,29,44,64,65,66,65,65,163,19,53,162,18,52,162,19,51,164,18,54,64,163,20,50,161,22,50,163,20,51,164,18,56,62,163,19,57,64,63,164,18,53,66,87,45,55,62,69,69,65,66,66,65,77,56,61,66,62,62,65,60,63,64,64,68,55,63,62,65,62,67,62]}