{"time":[3.0389999999999993,3.084999999999999,3.224999999999999,3.245999999999999,3.273999999999999,3.314999999999999,3.457999999999999,3.4799999999999986,3.5079999999999987,3.5519999999999987,3.6939999999999986,3.7129999999999987,3.7459999999999987,3.7879999999999985,3.8299999999999983,3.9709999999999983,3.995999999999998,4.022999999999998,4.068999999999998,4.211999999999998,4.228999999999998,4.267999999999998,4.313999999999998,4.457999999999998,4.479999999999999,4.506999999999999,4.549999999999999,4.692999999999999,4.712999999999998,4.736999999999998,4.780999999999998,4.9259999999999975,4.945999999999997,4.973999999999997,5.012999999999996,5.154999999999997,5.179999999999997,5.202999999999997,5.247999999999997,5.3909999999999965,5.411999999999996,5.439999999999996,5.482999999999996,5.623999999999996,5.645999999999996,5.675999999999997,5.719999999999996,5.763999999999996,5.905999999999996,5.929999999999996,5.955999999999996,5.993999999999996,6.034999999999997,6.176999999999997,6.195999999999997,6.225999999999997,6.266999999999998,6.404999999999998,6.429999999999998,6.455999999999998,6.504999999999998,6.641999999999998,6.662999999999998,6.689999999999998,6.7319999999999975,6.873999999999998,6.895999999999998,6.924999999999998,6.966999999999998,7.111999999999997,7.128999999999998,7.164999999999997,7.209999999999997,7.253999999999997,7.296999999999997,7.445999999999997,7.462999999999997,7.490999999999997,7.536999999999997,7.670999999999998,7.694999999999998,7.719999999999998,7.756999999999998,7.801999999999998,7.845999999999997,7.9899999999999975,8.012999999999998,8.038999999999998,8.080999999999998,8.221999999999998,8.245999999999997,8.271999999999997,8.315999999999997,8.388999999999998,8.428999999999997,8.457999999999997,8.500999999999996,8.545999999999996,8.585999999999995,8.629999999999995,8.676999999999996,8.717999999999996,8.764999999999997,8.809999999999997,8.855999999999996,8.900999999999996,8.950999999999997,8.995999999999997,9.030999999999997,9.077999999999998,9.119999999999997,9.165999999999997,9.207999999999997,9.251999999999997,9.295999999999998,9.342999999999998,9.379999999999999,9.434,9.471,9.518,9.562000000000001,9.605,9.648,9.693999999999999,9.736999999999998,9.780999999999999,9.822999999999999,9.866999999999999,9.912999999999998],"fps":[16,16,16,16,16,16,16,16,16,16,16,16,16,16,16,17.509727626459146,17.509727626459146,17.509727626459146,17.509727626459146,17.509727626459146,17.509727626459146,17.509727626459146,17.509727626459146,17.509727626459146,17.509727626459146,17.509727626459146,17.509727626459146,17.509727626459146,17.509727626459146,17.509727626459146,17.509727626459146,17.509727626459146,17.509727626459146,17.92828685258964,17.92828685258964,17.92828685258964,17.92828685258964,17.92828685258964,17.92828685258964,17.92828685258964,17.92828685258964,17.92828685258964,17.92828685258964,17.92828685258964,17.92828685258964,17.92828685258964,17.92828685258964,17.92828685258964,17.92828685258964,17.92828685258964,17.92828685258964,17.664376840039253,17.664376840039253,17.664376840039253,17.664376840039253,17.664376840039253,17.664376840039253,17.664376840039253,17.664376840039253,17.664376840039253,17.664376840039253,17.664376840039253,17.664376840039253,17.664376840039253,17.664376840039253,17.664376840039253,17.664376840039253,17.664376840039253,17.664376840039253,16.100178890876567,16.100178890876567,16.100178890876567,16.100178890876567,16.100178890876567,16.100178890876567,16.100178890876567,16.100178890876567,16.100178890876567,16.100178890876567,16.100178890876567,16.100178890876567,16.100178890876567,16.100178890876567,16.100178890876567,16.100178890876567,16.100178890876567,16.100178890876567,16.100178890876567,16.100178890876567,18.001800180018,18.001800180018,18.001800180018,18.001800180018,18.001800180018,18.001800180018,18.001800180018,18.001800180018,18.001800180018,18.001800180018,18.001800180018,18.001800180018,18.001800180018,18.001800180018,18.001800180018,18.001800180018,18.001800180018,18.001800180018,18.001800180018,18.001800180018,18.001800180018,18.001800180018,18.001800180018,18.001800180018,23.300970873786408,23.300970873786408,23.300970873786408,23.300970873786408,23.300970873786408,23.300970873786408,23.300970873786408,23.300970873786408,23.300970873786408,23.300970873786408,23.300970873786408,23.300970873786408,23.300970873786408,23.300970873786408,23.300970873786408,23.300970873786408],"raf":[46,46,139,22,27,42,142,22,28,45,142,18,33,43,42,140,26,27,45,144,17,38,46,144,22,28,43,142,20,25,43,145,20,29,38,142,25,25,44,142,22,27,43,142,21,31,43,45,141,24,26,38,43,140,19,30,41,138,25,27,48,137,21,27,42,142,23,29,42,144,17,36,45,44,44,148,17,29,45,134,25,24,37,45,45,143,23,26,42,142,24,25,43,74,39,30,43,44,40,44,47,42,46,45,47,44,50,45,35,48,41,47,42,44,43,48,36,54,38,46,45,42,43,47,42,44,43,44,45]}