{"time":[3.0610000000000017,3.1270000000000016,3.2000000000000015,3.2720000000000016,3.3390000000000017,3.4040000000000017,3.475000000000002,3.540000000000002,3.6050000000000018,3.6740000000000017,3.7390000000000017,3.8200000000000016,3.8740000000000014,3.9400000000000013,4.022000000000001,4.088000000000001,4.151000000000001,4.231000000000001,4.304000000000001,4.3530000000000015,4.431000000000002,4.505000000000002,4.562000000000002,4.644000000000002,4.705000000000002,4.766000000000002,4.847000000000002,4.907000000000002,4.973000000000002,5.0630000000000015,5.121000000000001,5.178000000000002,5.285000000000002,5.3210000000000015,5.378000000000002,5.514000000000002,5.538000000000002,5.596000000000002,5.753000000000002,5.771000000000002,5.8290000000000015,5.998000000000001,6.022000000000001,6.077000000000001,6.181000000000001,6.221000000000001,6.286000000000001,6.355000000000001,6.524000000000001,6.538000000000001,6.605000000000001,6.776000000000002,6.804000000000001,6.851000000000001,6.922000000000001,7.099,7.122,7.175,7.343999999999999,7.3709999999999996,7.42,7.587,7.604,7.664,7.835,7.854,7.907,8.076,8.105,8.156,8.327,8.354,8.401,8.57,8.587,8.647,8.82,8.837,8.894,9.065,9.087,9.138,9.307,9.321,9.383,9.454999999999998,9.622999999999998,9.637999999999998,9.697999999999999,9.865999999999998,9.886999999999999,9.942999999999998,10.089999999999998,10.119999999999997,10.181999999999997,10.245999999999997,10.321999999999997,10.405999999999997,10.460999999999997,10.537999999999997,10.607999999999997,10.677999999999997,10.752999999999997,10.821999999999997,10.891999999999998,10.959999999999997,11.036999999999997],"fps":[14.326647564469914,14.326647564469914,14.326647564469914,14.326647564469914,14.326647564469914,14.326647564469914,14.326647564469914,14.326647564469914,14.326647564469914,14.326647564469914,14.326647564469914,14.492753623188406,14.492753623188406,14.492753623188406,14.492753623188406,14.492753623188406,14.492753623188406,14.492753623188406,14.492753623188406,14.492753623188406,14.492753623188406,14.492753623188406,14.492753623188406,14.492753623188406,14.492753623188406,14.492753623188406,14.677103718199609,14.677103718199609,14.677103718199609,14.677103718199609,14.677103718199609,14.677103718199609,14.677103718199609,14.677103718199609,14.677103718199609,14.677103718199609,14.677103718199609,14.677103718199609,14.677103718199609,14.677103718199609,14.677103718199609,13.032145960034752,13.032145960034752,13.032145960034752,13.032145960034752,13.032145960034752,13.032145960034752,13.032145960034752,13.032145960034752,13.032145960034752,13.032145960034752,13.032145960034752,13.032145960034752,13.032145960034752,13.032145960034752,12.715712988192552,12.715712988192552,12.715712988192552,12.715712988192552,12.715712988192552,12.715712988192552,12.715712988192552,12.715712988192552,12.715712988192552,12.715712988192552,12.715712988192552,12.715712988192552,12.715712988192552,12.935323383084578,12.935323383084578,12.935323383084578,12.935323383084578,12.935323383084578,12.935323383084578,12.935323383084578,12.935323383084578,12.935323383084578,12.935323383084578,12.935323383084578,12.935323383084578,12.935323383084578,12.572533849129593,12.572533849129593,12.572533849129593,12.572533849129593,12.572533849129593,12.572533849129593,12.572533849129593,12.572533849129593,12.572533849129593,12.572533849129593,12.572533849129593,12.572533849129593,12.572533849129593,12.452107279693486,12.452107279693486,12.452107279693486,12.452107279693486,12.452107279693486,12.452107279693486,12.452107279693486,12.452107279693486,12.452107279693486,12.452107279693486,12.452107279693486,12.452107279693486,12.452107279693486],"raf":[68,66,73,72,68,64,72,65,64,70,64,87,49,66,84,63,64,79,73,49,77,74,58,81,61,61,82,59,66,91,58,56,108,36,57,136,23,59,156,18,59,169,23,55,104,41,65,69,168,14,67,171,28,47,71,178,22,53,169,27,49,167,17,61,170,19,53,170,28,51,171,27,47,169,17,60,173,18,56,172,21,52,169,13,62,72,168,15,60,168,21,56,148,30,62,64,75,85,55,76,70,71,74,70,69,68,78]}