{"time":[3.0169999999999986,3.0459999999999985,3.0679999999999983,3.1489999999999982,3.217999999999998,3.245999999999998,3.2699999999999982,3.3659999999999983,3.3969999999999985,3.6069999999999984,3.6299999999999986,3.6499999999999986,3.7639999999999985,3.8949999999999987,3.9129999999999985,3.9369999999999985,4.048999999999999,4.177999999999999,4.195999999999999,4.219999999999999,4.332999999999999,4.468999999999999,4.4959999999999996,4.512,4.625,4.657,4.7700000000000005,4.803000000000001,4.914000000000001,5.045000000000001,5.062000000000001,5.091000000000001,5.203000000000001,5.338000000000001,5.362000000000001,5.383000000000001,5.596000000000001,5.612000000000001,5.642000000000001,5.754000000000001,5.893000000000002,5.913000000000001,5.940000000000001,6.053000000000002,6.094000000000002,6.132000000000002,6.176000000000002,6.215000000000002,6.250000000000002,6.284000000000002,6.320000000000001,6.352000000000001,6.3900000000000015,6.423000000000002,6.456000000000002,6.496000000000002,6.529000000000003,6.555000000000002,6.592000000000002,6.626000000000002,6.661000000000002,6.700000000000002,6.7360000000000015,6.771000000000002,6.806000000000002,6.842000000000001,6.878000000000001,6.916000000000001,6.951000000000001,6.985000000000001,7.0230000000000015,7.058000000000002,7.099000000000002,7.140000000000002,7.174000000000002,7.214000000000002,7.251000000000002,7.290000000000002,7.3290000000000015,7.379000000000001,7.3980000000000015,10.309000000000001,10.329,10.349,10.388,10.422,10.456000000000001,10.486,10.522,10.561,10.59,10.629,10.661999999999999,10.697999999999999,10.727999999999998,10.759999999999998,10.791999999999998,10.827999999999998,10.863999999999997,10.897999999999998,10.931999999999999,10.966999999999999,10.999999999999998,11.041999999999998,11.073999999999998,11.110999999999999,11.148,11.183,11.219,11.254999999999999,11.293999999999999,11.331,11.366,11.405999999999999,11.443999999999999,11.482,11.52,11.556,11.594999999999999,11.764,11.795,11.812,11.847,11.883,11.917,11.959,11.998,12.036999999999999,12.075,12.114999999999998,12.178999999999998,12.193999999999999,12.229,12.264999999999999,12.302,12.341,12.376,12.415,12.494,12.511,12.54,12.581,12.618,12.651,12.692,12.73,12.817,12.845,12.862,12.901,12.939,12.973],"fps":[26.548672566371682,26.548672566371682,26.548672566371682,26.548672566371682,26.548672566371682,26.548672566371682,26.548672566371682,26.548672566371682,26.548672566371682,18.181818181818183,18.181818181818183,18.181818181818183,18.181818181818183,18.181818181818183,18.181818181818183,18.181818181818183,18.181818181818183,18.181818181818183,18.181818181818183,18.181818181818183,18.181818181818183,18.181818181818183,18.181818181818183,18.181818181818183,14.734774066797643,14.734774066797643,14.734774066797643,14.734774066797643,14.734774066797643,14.734774066797643,14.734774066797643,14.734774066797643,14.734774066797643,14.734774066797643,14.734774066797643,14.734774066797643,14.734774066797643,14.734774066797643,13.7524557956778,13.7524557956778,13.7524557956778,13.7524557956778,13.7524557956778,13.7524557956778,13.7524557956778,13.7524557956778,13.7524557956778,13.7524557956778,13.7524557956778,13.7524557956778,13.7524557956778,13.7524557956778,13.7524557956778,13.7524557956778,13.7524557956778,13.7524557956778,13.7524557956778,13.7524557956778,13.7524557956778,13.7524557956778,21.611001964636543,21.611001964636543,21.611001964636543,21.611001964636543,21.611001964636543,21.611001964636543,21.611001964636543,21.611001964636543,21.611001964636543,21.611001964636543,21.611001964636543,21.611001964636543,21.611001964636543,21.611001964636543,21.611001964636543,21.611001964636543,21.611001964636543,21.611001964636543,21.611001964636543,21.611001964636543,21.611001964636543,5.756578947368421,5.756578947368421,5.756578947368421,5.756578947368421,5.756578947368421,5.756578947368421,5.756578947368421,5.756578947368421,5.756578947368421,5.756578947368421,5.756578947368421,5.756578947368421,5.756578947368421,5.756578947368421,5.756578947368421,5.756578947368421,5.756578947368421,5.756578947368421,5.756578947368421,5.756578947368421,5.756578947368421,5.756578947368421,5.756578947368421,5.756578947368421,5.756578947368421,5.756578947368421,5.756578947368421,5.756578947368421,5.756578947368421,5.756578947368421,29.354207436399218,29.354207436399218,29.354207436399218,29.354207436399218,29.354207436399218,29.354207436399218,29.354207436399218,29.354207436399218,29.354207436399218,29.354207436399218,29.354207436399218,29.354207436399218,29.354207436399218,29.354207436399218,29.354207436399218,29.354207436399218,29.354207436399218,29.354207436399218,29.354207436399218,29.354207436399218,29.354207436399218,29.354207436399218,29.354207436399218,29.354207436399218,23.762376237623762,23.762376237623762,23.762376237623762,23.762376237623762,23.762376237623762,23.762376237623762,23.762376237623762,23.762376237623762,23.762376237623762,23.762376237623762,23.762376237623762,23.762376237623762,23.762376237623762,23.762376237623762,23.762376237623762,23.762376237623762,23.762376237623762],"raf":[87,29,22,82,68,28,24,96,32,209,23,20,115,130,18,25,111,129,19,23,113,136,27,17,112,32,113,33,111,132,16,29,112,135,24,23,211,17,30,111,139,20,27,113,42,37,44,39,35,34,37,32,37,33,33,40,33,27,36,34,35,39,36,35,35,36,37,38,34,34,38,35,41,42,33,41,37,39,38,50,19,2911,20,20,39,34,34,31,35,39,29,40,32,36,31,32,31,37,35,34,34,35,33,42,32,38,36,35,36,37,38,37,35,41,37,39,37,36,39,169,31,17,35,37,33,43,39,38,38,40,64,16,34,36,37,39,36,39,79,17,28,41,37,33,41,38,87,28,17,40,37,35]}