{"time":[3.104,3.337,3.5700000000000003,3.809,4.043,4.2780000000000005,4.5120000000000005,4.688000000000001,4.724,4.772,4.8260000000000005,4.871,4.917000000000001,4.953,4.995,5.035,5.075,5.136,5.188,5.226999999999999,5.270999999999999,5.321999999999999,5.387999999999999,5.473999999999999,5.626999999999999,5.663999999999999,5.7029999999999985,5.746999999999998,5.786999999999998,5.831999999999998,5.870999999999998,5.916999999999998,5.957999999999998,5.998999999999999,6.042999999999998,6.086999999999998,6.128999999999998,6.171999999999998,11.326999999999998,11.369999999999997,11.403999999999998,11.441999999999998,11.481999999999998,11.519999999999998,11.558999999999997,11.598999999999997,11.639999999999997,11.680999999999997,11.720999999999997,11.764999999999997,11.806999999999997,11.850999999999997,11.893999999999997,11.938999999999997,11.986999999999997,12.036999999999997,12.082999999999997,12.127999999999997,12.175999999999997,12.220999999999997,12.267999999999997,12.312999999999997,12.355999999999996,12.401999999999996,12.446999999999996,12.494999999999996,12.539999999999996],"fps":[6.717850287907869,6.717850287907869,4.262574595055414,4.262574595055414,4.262574595055414,4.262574595055414,4.262574595055414,4.47227191413238,4.47227191413238,4.47227191413238,4.47227191413238,4.47227191413238,4.47227191413238,4.47227191413238,4.47227191413238,4.47227191413238,4.47227191413238,4.47227191413238,4.47227191413238,4.47227191413238,4.47227191413238,4.47227191413238,4.47227191413238,4.47227191413238,4.47227191413238,4.47227191413238,18.7192118226601,18.7192118226601,18.7192118226601,18.7192118226601,18.7192118226601,18.7192118226601,18.7192118226601,18.7192118226601,18.7192118226601,18.7192118226601,18.7192118226601,18.7192118226601,2.1337126600284493,2.1337126600284493,2.1337126600284493,2.1337126600284493,2.1337126600284493,2.1337126600284493,2.1337126600284493,2.1337126600284493,2.1337126600284493,2.1337126600284493,2.1337126600284493,2.1337126600284493,2.1337126600284493,2.1337126600284493,2.1337126600284493,2.1337126600284493,2.1337126600284493,2.1337126600284493,2.1337126600284493,2.1337126600284493,2.1337126600284493,2.1337126600284493,2.1337126600284493,2.1337126600284493,23.300970873786408,23.300970873786408,23.300970873786408,23.300970873786408,23.300970873786408],"raf":[235,233,233,239,234,235,234,176,37,48,53,46,45,37,41,40,40,61,52,39,44,51,66,86,154,36,39,45,40,44,40,45,41,41,45,43,42,43,5155,43,34,38,40,38,39,40,42,40,40,44,42,44,43,46,47,50,47,44,48,46,46,45,44,45,46,47,45]}