{"time":[3.0159999999999996,3.0799999999999996,3.1459999999999995,3.2149999999999994,3.2979999999999996,3.3659999999999997,3.4319999999999995,3.5059999999999993,3.5649999999999995,3.6229999999999993,3.6879999999999993,3.749999999999999,3.814999999999999,3.8979999999999992,3.942999999999999,4.0009999999999994,4.084999999999999,4.148999999999999,4.203999999999999,4.269999999999999,4.339999999999999,4.415999999999999,4.461999999999999,4.525999999999999,4.588999999999999,4.653999999999999,4.715999999999999,4.808999999999999,4.848999999999999,4.9079999999999995,4.983999999999999,5.098999999999999,5.148,5.201,5.380999999999999,5.507999999999999,5.533999999999999,5.589999999999999,5.682999999999999,5.845999999999999,5.881999999999999,5.939999999999999,6.0699999999999985,6.134999999999999,6.373999999999999,6.413999999999999,6.455999999999999,6.6789999999999985,6.714999999999998,6.752999999999998,6.9769999999999985,7.014999999999999,7.064999999999999,7.299999999999999,7.347999999999999,7.396999999999999,7.5329999999999995,7.696,7.731,7.792,7.9239999999999995,7.9879999999999995,8.116999999999999,8.268999999999998,8.298999999999998,8.355999999999998,8.580999999999998,8.613999999999997,8.657999999999998,8.790999999999997,8.854999999999997,9.090999999999998,9.232999999999997,9.271999999999997,9.335999999999997,9.488999999999997,9.553999999999997,9.616999999999997,9.682999999999998,9.753999999999998,9.815999999999997,9.877999999999997,9.940999999999997,10.007999999999997,10.072999999999997,10.139999999999997,10.203999999999997,10.268999999999997,10.331999999999997,10.417999999999997,10.462999999999997,10.527999999999997,10.592999999999996,10.657999999999996,10.719999999999995,10.789999999999996,10.851999999999995,10.907999999999994,10.978999999999994,11.044999999999995,11.110999999999995,11.175999999999995,11.239999999999995,11.307999999999995,11.370999999999995,11.436999999999996,11.500999999999996,11.563999999999997],"fps":[15.355086372360844,15.355086372360844,15.355086372360844,15.355086372360844,15.355086372360844,15.355086372360844,15.355086372360844,15.355086372360844,15.355086372360844,15.355086372360844,15.355086372360844,15.355086372360844,15.355086372360844,14.77832512315271,14.77832512315271,14.77832512315271,14.77832512315271,14.77832512315271,14.77832512315271,14.77832512315271,14.77832512315271,14.77832512315271,14.77832512315271,14.77832512315271,14.77832512315271,14.77832512315271,14.77832512315271,14.77832512315271,14.77832512315271,15.857284440039644,15.857284440039644,15.857284440039644,15.857284440039644,15.857284440039644,15.857284440039644,15.857284440039644,15.857284440039644,15.857284440039644,15.857284440039644,15.857284440039644,15.857284440039644,11.627906976744185,11.627906976744185,11.627906976744185,11.627906976744185,11.627906976744185,11.627906976744185,11.627906976744185,11.627906976744185,11.627906976744185,8.678881388621022,8.678881388621022,8.678881388621022,8.678881388621022,8.678881388621022,8.678881388621022,8.678881388621022,8.678881388621022,8.678881388621022,8.678881388621022,8.678881388621022,10.869565217391305,10.869565217391305,10.869565217391305,10.869565217391305,10.869565217391305,10.869565217391305,10.869565217391305,10.869565217391305,10.869565217391305,10.869565217391305,9.074410163339383,9.074410163339383,9.074410163339383,9.074410163339383,9.074410163339383,9.074410163339383,9.074410163339383,9.074410163339383,9.074410163339383,9.074410163339383,9.074410163339383,9.074410163339383,9.074410163339383,9.074410163339383,13.34604385128694,13.34604385128694,13.34604385128694,13.34604385128694,13.34604385128694,13.34604385128694,13.34604385128694,13.34604385128694,13.34604385128694,13.34604385128694,13.34604385128694,13.34604385128694,13.34604385128694,13.34604385128694,13.34604385128694,13.34604385128694,15.429122468659594,15.429122468659594,15.429122468659594,15.429122468659594,15.429122468659594,15.429122468659594,15.429122468659594],"raf":[67,65,66,69,83,67,67,73,60,58,65,61,65,84,45,57,84,64,56,65,71,75,47,64,62,66,61,94,39,59,76,116,49,53,180,126,26,56,93,164,35,58,130,66,238,41,42,222,36,39,223,38,51,235,47,50,135,164,35,61,132,64,128,153,29,58,224,34,44,133,63,236,143,38,64,154,64,63,66,71,62,64,62,67,64,67,64,66,63,85,46,64,65,66,61,70,62,56,72,66,65,66,64,67,64,66,64,62]}