{"time":[3.0499999999999994,3.1169999999999995,3.1759999999999997,3.239,3.2969999999999997,3.3579999999999997,3.4229999999999996,3.4829999999999997,3.542,3.606,3.665,3.729,3.7880000000000003,3.846,3.9090000000000003,3.9690000000000003,4.0280000000000005,4.0920000000000005,4.1530000000000005,4.216,4.275,4.337000000000001,4.402000000000001,4.463000000000001,4.533000000000001,4.604000000000001,4.666000000000001,4.735000000000001,4.806000000000001,4.868000000000001,4.936000000000001,5.017000000000001,5.086000000000001,5.157000000000001,5.2170000000000005,5.287000000000001,5.3580000000000005,5.433000000000001,5.500000000000001,5.573000000000001,5.650000000000001,5.709000000000001,5.7730000000000015,5.855000000000001,5.916000000000001,6.005000000000002,6.143000000000002,6.201000000000001,6.377000000000002,6.513000000000002,6.568000000000001,6.820000000000001,6.9780000000000015,7.0310000000000015,7.191000000000002,7.251000000000001,7.508000000000001,7.566000000000001,7.621,7.881,8.043000000000001,8.100000000000001,8.360000000000001,8.417000000000002,8.580000000000002,8.638000000000002,8.704000000000002,8.766000000000002,8.830000000000002,8.900000000000002,8.966000000000003,9.026000000000003,9.093000000000004,9.159000000000004,9.243000000000004,9.317000000000004,9.386000000000005,9.469000000000005,9.646000000000004,9.766000000000004,9.897000000000004,9.954000000000004,10.017000000000005,10.076000000000004,10.142000000000005,10.206000000000005,10.268000000000004,10.333000000000004,10.405000000000003],"fps":[15.968063872255488,15.968063872255488,15.968063872255488,15.968063872255488,15.968063872255488,15.968063872255488,15.968063872255488,15.968063872255488,15.968063872255488,15.968063872255488,15.968063872255488,16.33045148895293,16.33045148895293,16.33045148895293,16.33045148895293,16.33045148895293,16.33045148895293,16.33045148895293,16.33045148895293,16.33045148895293,16.33045148895293,16.33045148895293,16.33045148895293,16.33045148895293,16.33045148895293,16.33045148895293,16.33045148895293,15.92039800995025,15.92039800995025,15.92039800995025,15.92039800995025,15.92039800995025,15.92039800995025,15.92039800995025,15.92039800995025,15.92039800995025,15.92039800995025,15.92039800995025,15.92039800995025,15.92039800995025,15.92039800995025,15.92039800995025,14.436958614051973,14.436958614051973,14.436958614051973,14.436958614051973,14.436958614051973,14.436958614051973,14.436958614051973,14.436958614051973,14.436958614051973,8.604206500956023,8.604206500956023,8.604206500956023,8.604206500956023,8.604206500956023,8.604206500956023,8.604206500956023,8.604206500956023,7.532956685499058,7.532956685499058,7.532956685499058,7.532956685499058,7.532956685499058,7.532956685499058,7.532956685499058,7.532956685499058,7.532956685499058,7.532956685499058,9.82318271119843,9.82318271119843,9.82318271119843,9.82318271119843,9.82318271119843,9.82318271119843,9.82318271119843,9.82318271119843,9.82318271119843,9.82318271119843,9.82318271119843,9.82318271119843,11.374407582938389,11.374407582938389,11.374407582938389,11.374407582938389,11.374407582938389,11.374407582938389,11.374407582938389,11.374407582938389],"raf":[58,66,60,62,58,61,65,60,59,64,60,64,59,57,63,60,59,64,61,63,59,63,64,61,71,71,62,68,72,61,69,80,69,71,61,69,71,75,68,72,77,59,65,81,62,88,138,58,176,136,55,252,158,54,160,60,257,58,55,260,161,57,260,57,164,57,66,62,64,70,66,61,66,66,84,74,69,83,178,120,130,58,63,58,66,64,62,65,72]}