{"time":[3.003,3.052,3.102,3.155,3.2049999999999996,3.2539999999999996,3.3039999999999994,3.3559999999999994,3.4069999999999996,3.4589999999999996,3.5089999999999995,3.5579999999999994,3.6099999999999994,3.6649999999999996,3.7169999999999996,3.768,3.819,3.872,3.925,3.9779999999999998,4.029999999999999,4.085999999999999,4.137,4.1899999999999995,4.241999999999999,4.295999999999999,4.35,4.401,4.452,4.505,4.554,4.604,4.657,4.706,4.756,4.807,4.861000000000001,4.913,4.9670000000000005,5.019,5.07,5.12,5.171,5.224,5.287,5.345,5.403,5.465999999999999,5.537999999999999,5.597999999999999,5.658999999999999,5.725999999999999,5.785999999999999,5.848999999999998,5.916999999999998,5.979999999999998,6.037999999999998,6.104999999999998,6.162999999999998,6.219999999999998,6.285999999999998,6.345999999999997,6.402999999999998,6.471999999999998,6.529999999999998,6.586999999999998,6.649999999999998,6.7159999999999975,6.779999999999998,6.843999999999998,6.920999999999998,7.030999999999998,7.163999999999998,7.3329999999999975,7.438999999999997,7.5669999999999975,7.905999999999998,8.152999999999999,8.402999999999999,8.650999999999998,8.897999999999998,9.150999999999998,9.396999999999998,9.644999999999998,9.893999999999998,10.140999999999998,10.389999999999999,10.639999999999999,10.886999999999999,11.134999999999998,11.294999999999998,11.350999999999997,11.418999999999997,11.470999999999997,11.525999999999996,11.584999999999996,11.655999999999995,11.706999999999995,11.759999999999996,11.810999999999996,11.864999999999997,11.917999999999997,11.968999999999998,12.019999999999998,12.070999999999998,12.119999999999997,12.167999999999997,12.309999999999997,12.379999999999997,12.429999999999998,12.498999999999999,12.579999999999998,12.663999999999998,12.744999999999997],"fps":[12.987012987012987,12.987012987012987,12.987012987012987,12.987012987012987,12.987012987012987,12.987012987012987,12.987012987012987,12.987012987012987,12.987012987012987,12.987012987012987,12.987012987012987,12.987012987012987,12.987012987012987,19.801980198019802,19.801980198019802,19.801980198019802,19.801980198019802,19.801980198019802,19.801980198019802,19.801980198019802,19.801980198019802,19.801980198019802,19.801980198019802,19.801980198019802,19.801980198019802,19.801980198019802,19.801980198019802,19.801980198019802,19.801980198019802,19.801980198019802,19.801980198019802,19.801980198019802,19.801980198019802,19.193857965451055,19.193857965451055,19.193857965451055,19.193857965451055,19.193857965451055,19.193857965451055,19.193857965451055,19.193857965451055,19.193857965451055,19.193857965451055,19.193857965451055,19.193857965451055,19.193857965451055,19.193857965451055,19.193857965451055,19.193857965451055,19.193857965451055,19.193857965451055,17.664376840039253,17.664376840039253,17.664376840039253,17.664376840039253,17.664376840039253,17.664376840039253,17.664376840039253,17.664376840039253,17.664376840039253,17.664376840039253,17.664376840039253,17.664376840039253,17.664376840039253,17.664376840039253,17.664376840039253,17.664376840039253,17.664376840039253,16.129032258064516,16.129032258064516,16.129032258064516,16.129032258064516,16.129032258064516,16.129032258064516,16.129032258064516,16.129032258064516,7.104795737122558,7.104795737122558,7.104795737122558,7.104795737122558,7.104795737122558,4.016064257028113,4.016064257028113,4.016064257028113,4.016064257028113,4.016064257028113,4.032258064516129,4.032258064516129,4.032258064516129,4.032258064516129,4.032258064516129,4.032258064516129,5.830903790087463,5.830903790087463,5.830903790087463,5.830903790087463,5.830903790087463,5.830903790087463,5.830903790087463,5.830903790087463,5.830903790087463,5.830903790087463,5.830903790087463,5.830903790087463,5.830903790087463,5.830903790087463,5.830903790087463,5.830903790087463,5.830903790087463,16.81503461918892,16.81503461918892,16.81503461918892,16.81503461918892,16.81503461918892],"raf":[48,50,49,53,50,50,49,52,51,53,49,49,52,55,52,52,51,52,53,53,53,55,51,53,53,53,55,50,51,53,49,50,53,50,50,50,54,52,54,53,50,50,52,53,62,58,59,63,72,59,61,67,61,62,69,62,58,67,58,57,67,59,57,69,58,57,64,65,64,65,77,109,133,169,106,129,338,247,251,247,248,252,246,248,249,247,250,249,247,248,161,55,69,51,55,59,71,51,53,51,54,53,52,51,50,49,49,142,70,50,69,80,84,82]}