{"time":[3.0109999999999992,3.0309999999999993,3.0739999999999994,3.111999999999999,3.254999999999999,3.278999999999999,3.305999999999999,3.346999999999999,3.491999999999999,3.511999999999999,3.5389999999999993,3.5789999999999993,3.7199999999999993,3.7439999999999993,3.7639999999999993,3.805999999999999,3.845999999999999,3.982999999999999,3.994999999999999,4.031999999999999,4.074999999999999,4.1129999999999995,4.254,4.278,4.3,4.3389999999999995,4.379,4.521,4.545,4.564,4.608,4.656,4.6979999999999995,4.837999999999999,4.861999999999999,4.884999999999999,4.925999999999999,4.965999999999999,5.105999999999999,5.128999999999999,5.1549999999999985,5.192999999999999,5.230999999999999,5.371999999999999,5.393999999999999,5.419999999999999,5.462999999999999,5.598999999999999,5.610999999999999,5.644999999999999,5.683999999999998,5.723999999999998,5.7639999999999985,5.916999999999998,5.927999999999998,5.963999999999998,6.003999999999998,6.044999999999998,6.1869999999999985,6.2109999999999985,6.233999999999998,6.275999999999998,6.315999999999998,6.456999999999998,6.477999999999998,6.505999999999998,6.547999999999997,6.689999999999998,6.710999999999998,6.737999999999998,6.778999999999998,6.9209999999999985,6.943999999999998,6.966999999999998,7.012999999999998,7.153999999999998,7.177999999999998,7.203999999999998,7.244999999999998,7.385999999999998,7.410999999999999,7.435999999999999,7.475999999999999,7.515999999999999,7.659999999999999,7.677999999999999,7.705999999999999,7.746999999999999,7.886999999999999,7.910999999999999,7.932999999999999,7.975999999999999,8.014999999999999,8.158,8.177999999999999,8.206,8.245,8.386,8.411,8.434,8.476999999999999,8.518999999999998,8.653999999999998,8.676999999999998,8.701999999999998,8.743999999999998,8.793999999999999,8.823999999999998,8.864999999999998,8.905999999999999,8.947999999999999,8.992999999999999,9.031999999999998,9.077999999999998,9.127999999999998,9.163999999999998,9.208999999999998,9.250999999999998,9.298999999999998,9.351999999999999,9.393999999999998,9.425999999999998,9.468999999999998,9.508999999999997,9.550999999999997,9.594999999999997,9.638999999999998,9.679999999999998,9.719999999999997,9.758999999999997,9.801999999999996,9.843999999999996,9.887999999999996,9.928999999999997,9.972999999999997,10.013999999999998,10.058999999999997,10.099999999999998,10.143999999999998,10.185999999999998,10.226999999999999,10.278999999999998],"fps":[19.607843137254903,19.607843137254903,19.607843137254903,19.607843137254903,19.607843137254903,19.607843137254903,19.607843137254903,19.607843137254903,19.607843137254903,19.607843137254903,19.607843137254903,19.607843137254903,19.607843137254903,19.607843137254903,19.607843137254903,19.607843137254903,19.607843137254903,16.725352112676056,16.725352112676056,16.725352112676056,16.725352112676056,16.725352112676056,16.725352112676056,16.725352112676056,16.725352112676056,16.725352112676056,16.725352112676056,16.725352112676056,16.725352112676056,16.725352112676056,16.725352112676056,16.725352112676056,16.725352112676056,16.725352112676056,16.725352112676056,16.725352112676056,16.725352112676056,16.725352112676056,18.699910952804988,18.699910952804988,18.699910952804988,18.699910952804988,18.699910952804988,18.699910952804988,18.699910952804988,18.699910952804988,18.699910952804988,18.699910952804988,18.699910952804988,18.699910952804988,18.699910952804988,18.699910952804988,18.699910952804988,18.699910952804988,18.699910952804988,18.699910952804988,18.699910952804988,18.699910952804988,18.501387604070306,18.501387604070306,18.501387604070306,18.501387604070306,18.501387604070306,18.501387604070306,18.501387604070306,18.501387604070306,18.501387604070306,18.501387604070306,18.501387604070306,18.501387604070306,18.501387604070306,18.501387604070306,18.501387604070306,18.501387604070306,18.501387604070306,18.501387604070306,18.501387604070306,18.682399213372666,18.682399213372666,18.682399213372666,18.682399213372666,18.682399213372666,18.682399213372666,18.682399213372666,18.682399213372666,18.682399213372666,18.682399213372666,18.682399213372666,18.682399213372666,18.682399213372666,18.682399213372666,18.682399213372666,18.682399213372666,18.682399213372666,18.682399213372666,17.964071856287426,17.964071856287426,17.964071856287426,17.964071856287426,17.964071856287426,17.964071856287426,17.964071856287426,17.964071856287426,17.964071856287426,17.964071856287426,17.964071856287426,17.964071856287426,17.964071856287426,17.964071856287426,17.964071856287426,17.964071856287426,17.964071856287426,17.964071856287426,17.964071856287426,17.964071856287426,17.964071856287426,20.937188434695912,20.937188434695912,20.937188434695912,20.937188434695912,20.937188434695912,20.937188434695912,20.937188434695912,20.937188434695912,20.937188434695912,20.937188434695912,20.937188434695912,20.937188434695912,20.937188434695912,20.937188434695912,20.937188434695912,20.937188434695912,20.937188434695912,20.937188434695912,20.937188434695912,20.937188434695912,20.937188434695912,20.937188434695912,20.937188434695912,20.937188434695912,23.55250245338567,23.55250245338567],"raf":[25,20,42,38,143,24,27,42,144,20,27,40,141,25,19,42,41,136,13,36,43,39,140,25,21,39,40,143,23,20,43,49,41,140,24,24,41,39,140,23,26,38,39,141,21,26,43,136,13,33,39,40,40,153,11,36,40,41,142,24,24,41,40,141,21,28,42,142,21,27,42,142,22,23,46,142,23,26,41,142,24,25,40,40,144,18,28,41,140,24,23,43,39,142,20,28,40,140,25,23,44,41,135,24,24,43,49,30,42,40,42,46,39,45,50,37,44,43,47,53,42,32,43,41,41,45,44,40,40,40,43,41,44,41,44,41,45,41,45,41,42,51]}