{"time":[3.007,3.145,3.157,3.192,3.403,3.423,3.466,3.58,3.7190000000000003,3.74,3.774,3.989,4.007,4.037999999999999,4.1499999999999995,4.191999999999999,4.404999999999999,4.422999999999999,4.458999999999999,4.6709999999999985,4.689999999999999,4.733999999999998,4.847999999999998,4.892999999999998,5.104999999999998,5.123999999999998,5.171999999999998,5.286999999999998,5.341999999999998,5.458999999999998,5.615999999999998,5.639999999999998,5.680999999999998,5.791999999999998,5.946999999999998,5.972999999999998,5.998999999999998,6.109999999999998,6.1599999999999975,6.371999999999997,6.389999999999997,6.432999999999997,6.544999999999997,6.702999999999998,6.722999999999997,6.754999999999997,6.868999999999997,6.910999999999997,7.0319999999999965,7.0719999999999965,7.118999999999996,7.160999999999996,7.199999999999996,7.2419999999999956,7.273999999999996,7.3109999999999955,7.347999999999995,7.378999999999995,7.417999999999995,7.451999999999995,7.4809999999999945,7.519999999999994,7.547999999999994,7.579999999999994,7.612999999999994,7.645999999999995,7.676999999999994,7.708999999999994,7.737999999999994,7.770999999999995,7.806999999999994,7.851999999999994,7.880999999999994,7.918999999999994,7.954999999999994,7.992999999999994,8.030999999999993,8.063999999999993,8.109999999999992,8.147999999999993,8.185999999999993,8.223999999999993,8.258999999999993,8.298999999999992,8.336999999999993,8.376999999999992,8.412999999999991,8.451999999999991,8.49099999999999,8.525999999999991,8.56899999999999,8.60799999999999,8.64299999999999,8.68699999999999,8.72599999999999],"fps":[5.02680965147453,5.02680965147453,5.02680965147453,5.02680965147453,9.950248756218905,9.950248756218905,9.950248756218905,9.950248756218905,9.950248756218905,9.950248756218905,9.950248756218905,9.950248756218905,9.950248756218905,9.950248756218905,9.950248756218905,9.950248756218905,11.952191235059761,11.952191235059761,11.952191235059761,11.952191235059761,11.952191235059761,11.952191235059761,11.952191235059761,11.952191235059761,11.952191235059761,11.952191235059761,11.952191235059761,11.952191235059761,11.952191235059761,12.357414448669202,12.357414448669202,12.357414448669202,12.357414448669202,12.357414448669202,12.357414448669202,12.357414448669202,12.357414448669202,12.357414448669202,12.357414448669202,12.357414448669202,12.357414448669202,12.357414448669202,11.959521619135234,11.959521619135234,11.959521619135234,11.959521619135234,11.959521619135234,11.959521619135234,11.959521619135234,11.959521619135234,11.959521619135234,11.959521619135234,11.959521619135234,11.959521619135234,11.959521619135234,11.959521619135234,11.959521619135234,11.959521619135234,11.959521619135234,11.959521619135234,11.959521619135234,11.959521619135234,19.960079840319363,19.960079840319363,19.960079840319363,19.960079840319363,19.960079840319363,19.960079840319363,19.960079840319363,19.960079840319363,19.960079840319363,19.960079840319363,19.960079840319363,19.960079840319363,19.960079840319363,19.960079840319363,19.960079840319363,19.960079840319363,19.960079840319363,19.960079840319363,19.960079840319363,19.960079840319363,19.960079840319363,19.960079840319363,19.960079840319363,19.960079840319363,19.960079840319363,19.960079840319363,19.960079840319363,19.960079840319363,27.42409402546523,27.42409402546523,27.42409402546523,27.42409402546523,27.42409402546523],"raf":[111,138,12,35,211,20,43,114,139,21,34,215,18,31,112,42,215,17,36,211,19,45,113,45,212,19,48,115,56,116,158,23,41,112,155,25,26,111,50,212,18,44,112,157,20,33,113,43,120,41,46,42,39,42,32,37,38,31,38,35,28,39,28,32,33,33,31,32,30,32,36,45,29,38,37,37,38,33,47,37,38,38,35,40,38,40,36,39,40,35,42,40,34,44,39]}