{"time":[3.0389999999999997,3.1029999999999998,3.1679999999999997,3.2299999999999995,3.2889999999999997,3.352,3.4099999999999997,3.4699999999999998,3.5389999999999997,3.602,3.673,3.737,3.806,3.87,3.938,4,4.07,4.1370000000000005,4.202000000000001,4.272000000000001,4.332000000000001,4.398000000000001,4.460000000000001,4.526000000000001,4.588000000000001,4.652000000000001,4.714000000000001,4.779000000000002,4.841000000000002,4.904000000000002,4.974000000000002,5.038000000000002,5.103000000000002,5.1670000000000025,5.235000000000002,5.299000000000002,5.3720000000000026,5.439000000000003,5.504000000000003,5.579000000000003,5.651000000000003,5.743000000000003,5.814000000000003,5.8930000000000025,5.9570000000000025,6.0340000000000025,6.0980000000000025,6.181000000000003,6.261000000000003,6.321000000000002,6.394000000000003,6.468000000000003,6.543000000000003,6.603000000000002,6.678000000000003,6.751000000000003,6.828000000000003,6.889000000000003,6.982000000000003,7.046000000000003,7.111000000000003,7.264000000000003,7.398000000000003,7.508000000000004,7.5690000000000035,7.821000000000003,7.9840000000000035,8.144000000000004,8.303000000000004,8.567000000000004,8.725000000000003,8.783000000000003,8.946000000000003,9.104000000000003,9.499000000000002,9.656000000000002,9.814000000000002,9.973000000000003,10.196000000000003,10.277000000000003,10.339000000000002,10.403000000000002,10.469000000000003,10.534000000000002,10.718000000000002,10.845000000000002,10.957000000000003,11.018000000000002,11.083000000000002,11.146000000000003,11.209000000000003,11.283000000000003],"fps":[12.5968992248062,12.5968992248062,12.5968992248062,12.5968992248062,12.5968992248062,12.5968992248062,12.5968992248062,12.5968992248062,12.5968992248062,12.5968992248062,12.5968992248062,15.810276679841897,15.810276679841897,15.810276679841897,15.810276679841897,15.810276679841897,15.810276679841897,15.810276679841897,15.810276679841897,15.810276679841897,15.810276679841897,15.810276679841897,15.810276679841897,15.810276679841897,15.810276679841897,15.810276679841897,15.810276679841897,15.340364333652925,15.340364333652925,15.340364333652925,15.340364333652925,15.340364333652925,15.340364333652925,15.340364333652925,15.340364333652925,15.340364333652925,15.340364333652925,15.340364333652925,15.340364333652925,15.340364333652925,15.340364333652925,15.340364333652925,14.506769825918763,14.506769825918763,14.506769825918763,14.506769825918763,14.506769825918763,14.506769825918763,14.506769825918763,14.506769825918763,14.506769825918763,14.506769825918763,14.506769825918763,14.506769825918763,14.506769825918763,14.506769825918763,13.806706114398422,13.806706114398422,13.806706114398422,13.806706114398422,13.806706114398422,13.806706114398422,13.806706114398422,13.806706114398422,13.806706114398422,13.806706114398422,8.650519031141869,8.650519031141869,8.650519031141869,8.650519031141869,8.650519031141869,8.650519031141869,8.650519031141869,6.25,6.25,6.25,6.25,6.25,4.574565416285453,4.574565416285453,4.574565416285453,4.574565416285453,4.574565416285453,4.574565416285453,4.574565416285453,4.574565416285453,4.574565416285453,4.574565416285453,4.574565416285453,4.574565416285453,11.846001974333662,11.846001974333662],"raf":[58,63,65,62,59,63,59,59,70,62,72,63,70,64,67,63,70,66,65,70,61,65,63,65,62,64,63,65,61,63,70,65,65,63,69,65,71,67,66,74,72,93,70,80,63,77,65,82,80,60,74,74,74,60,75,73,77,62,92,64,66,152,134,110,62,251,163,160,160,263,158,58,163,158,396,156,158,159,224,80,63,63,67,64,184,127,112,61,66,63,63,73]}