{"time":[4.487,5.121,5.138000000000001,5.172000000000001,5.214,5.268000000000001,5.313000000000001,5.515000000000001,5.559,5.604,5.658,5.706,5.758,5.805,6.351,6.441,6.478,6.5169999999999995,6.563999999999999,6.606999999999999,6.653999999999999,6.696999999999999,6.752999999999999,6.795999999999999,6.8389999999999995,6.885,6.928999999999999,6.973999999999999,7.021999999999999,7.068999999999999,7.123999999999999,7.182999999999999,7.225999999999999,7.2749999999999995,7.318999999999999,7.364999999999999,7.420999999999999,7.467999999999999,7.521999999999999,7.571999999999999,7.616999999999999,7.671999999999999,7.717999999999999,7.767999999999999,7.8199999999999985,7.863999999999998,7.914999999999998,7.961999999999998,8.009999999999998,8.061999999999998,8.107999999999997,8.156999999999996,8.204999999999997,8.254999999999997,8.303999999999997,8.357999999999997,8.404999999999998,8.457999999999998,8.504999999999999,8.555,8.602,8.653,8.708,8.753,8.802,8.852,8.901,8.952,8.999,9.045,9.100999999999999,9.146999999999998,9.198999999999998,9.245999999999999,9.293999999999999,9.345999999999998,9.395999999999999,9.443999999999999,9.497,9.55,9.613000000000001,9.660000000000002,9.708000000000002,9.761000000000003,9.811000000000003,9.860000000000003,9.914000000000003,9.962000000000003,10.012000000000004,10.062000000000005,10.111000000000004,10.164000000000005,10.215000000000005,10.267000000000005,10.320000000000006,10.367000000000006,10.420000000000007,10.473000000000008,10.523000000000009,10.579000000000008,10.633000000000008,10.698000000000008,10.763000000000007,10.813000000000008,10.881000000000007,10.930000000000007,10.980000000000008,11.040000000000008,11.099000000000007,11.149000000000008,11.197000000000008,11.246000000000008,11.318000000000007,11.380000000000006,11.426000000000005,11.474000000000006,11.533000000000005,11.582000000000004,11.632000000000005,11.693000000000005,11.751000000000005,11.800000000000004,11.862000000000004,11.929000000000004,11.977000000000004,12.026000000000003,12.093000000000004,12.192000000000004,12.239000000000004,12.287000000000004,12.335000000000004,12.433000000000005,12.540000000000004,12.657000000000005,12.705000000000005,12.818000000000005,12.864000000000004,12.913000000000004],"fps":[1.998800719568259,1.998800719568259,1.998800719568259,1.998800719568259,1.998800719568259,1.998800719568259,1.998800719568259,6.815968841285297,6.815968841285297,6.815968841285297,6.815968841285297,6.815968841285297,6.815968841285297,6.815968841285297,6.815968841285297,6.815968841285297,6.815968841285297,9.970089730807578,9.970089730807578,9.970089730807578,9.970089730807578,9.970089730807578,9.970089730807578,9.970089730807578,9.970089730807578,9.970089730807578,9.970089730807578,9.970089730807578,9.970089730807578,9.970089730807578,9.970089730807578,9.970089730807578,9.970089730807578,9.970089730807578,9.970089730807578,9.970089730807578,9.970089730807578,9.970089730807578,20.916334661354583,20.916334661354583,20.916334661354583,20.916334661354583,20.916334661354583,20.916334661354583,20.916334661354583,20.916334661354583,20.916334661354583,20.916334661354583,20.916334661354583,20.916334661354583,20.916334661354583,20.916334661354583,20.916334661354583,20.916334661354583,20.916334661354583,20.916334661354583,20.916334661354583,20.916334661354583,20.916334661354583,20.329138431752177,20.329138431752177,20.329138431752177,20.329138431752177,20.329138431752177,20.329138431752177,20.329138431752177,20.329138431752177,20.329138431752177,20.329138431752177,20.329138431752177,20.329138431752177,20.329138431752177,20.329138431752177,20.329138431752177,20.329138431752177,20.329138431752177,20.329138431752177,20.329138431752177,20.329138431752177,20.329138431752177,19.8300283286119,19.8300283286119,19.8300283286119,19.8300283286119,19.8300283286119,19.8300283286119,19.8300283286119,19.8300283286119,19.8300283286119,19.8300283286119,19.8300283286119,19.8300283286119,19.8300283286119,19.8300283286119,19.8300283286119,19.8300283286119,19.8300283286119,19.8300283286119,19.8300283286119,19.8300283286119,19.627085377821395,19.627085377821395,19.627085377821395,19.627085377821395,19.627085377821395,19.627085377821395,19.627085377821395,19.627085377821395,19.627085377821395,19.627085377821395,19.627085377821395,19.627085377821395,19.627085377821395,19.627085377821395,19.627085377821395,19.627085377821395,19.627085377821395,19.627085377821395,19.627085377821395,17.907634307257304,17.907634307257304,17.907634307257304,17.907634307257304,17.907634307257304,17.907634307257304,17.907634307257304,17.907634307257304,17.907634307257304,17.907634307257304,17.907634307257304,17.907634307257304,17.907634307257304,17.907634307257304,17.907634307257304,14.836795252225519,14.836795252225519,14.836795252225519,14.836795252225519],"raf":[4488,633,18,33,42,55,44,202,45,44,54,48,52,47,546,91,36,40,46,43,47,43,56,45,41,46,44,45,48,48,54,59,44,48,44,47,56,47,53,50,45,55,46,50,52,44,52,47,48,52,46,48,49,49,51,52,48,52,47,50,48,50,55,45,49,51,48,51,47,46,56,46,52,48,47,52,50,50,52,53,63,46,48,53,50,49,54,48,50,50,49,52,51,52,53,48,52,53,50,56,54,65,65,50,68,49,50,62,57,50,49,49,71,62,47,48,58,50,50,61,57,50,62,66,49,48,68,98,47,48,48,99,106,117,48,113,47,48]}