{"time":[3.112,3.126,3.186,3.354,3.376,3.427,3.599,3.625,3.675,3.743,3.9099999999999997,3.9259999999999997,3.9909999999999997,4.063,4.130999999999999,4.196,4.2589999999999995,4.428999999999999,4.441999999999999,4.502999999999999,4.670999999999999,4.691999999999999,4.744999999999999,4.914999999999999,4.941999999999999,4.9879999999999995,5.053999999999999,5.117999999999999,5.183999999999999,5.246999999999999,5.311999999999999,5.377,5.542,5.559,5.6160000000000005,5.679,5.744000000000001,5.809000000000001,5.875000000000001,6.042000000000001,6.059000000000001,6.115000000000001,6.179000000000001,6.243000000000001,6.309000000000001,6.472000000000001,6.491000000000001,6.544000000000001,6.609000000000002,6.676000000000002,6.840000000000002,6.858000000000001,6.9140000000000015,6.9780000000000015,7.044000000000001,7.207000000000002,7.225000000000001,7.2810000000000015,7.453000000000001,7.475000000000001,7.528000000000001,7.593000000000002,7.659000000000002,7.824000000000002,7.842000000000001,7.895000000000001,7.961000000000001,8.026000000000002,8.191,8.208,8.262,8.325000000000001,8.391000000000002,8.458000000000002,8.623000000000001,8.642000000000001,8.696000000000002,8.758000000000001,8.929,8.941,9.005,9.07,9.136000000000001,9.202000000000002,9.266000000000002,9.331000000000001,9.394000000000002,9.458000000000002,9.624000000000002,9.642000000000003,9.695000000000004,9.758000000000004,9.825000000000005,9.891000000000005,10.056000000000004,10.075000000000005,10.127000000000004,10.193000000000005,10.258000000000004,10.424000000000005,10.441000000000004,10.493000000000004,10.559000000000005,10.625000000000005,10.776000000000005,10.792000000000005,10.845000000000006,10.909000000000006,10.971000000000005,11.038000000000006,11.106000000000005,11.177000000000005,11.247000000000005,11.313000000000006,11.377000000000006,11.447000000000006,11.510000000000007,11.591000000000006,11.641000000000007,11.702000000000007,11.768000000000008,11.834000000000009,11.899000000000008,11.973000000000008,12.032000000000007,12.094000000000007,12.156000000000006,12.220000000000006,12.285000000000005,12.349000000000006,12.414000000000005,12.480000000000006,12.544000000000006,12.608000000000006,12.674000000000007,12.741000000000007],"fps":[11.47227533460803,11.47227533460803,11.47227533460803,11.47227533460803,11.47227533460803,11.47227533460803,11.47227533460803,11.47227533460803,11.47227533460803,12.464046021093,12.464046021093,12.464046021093,12.464046021093,12.464046021093,12.464046021093,12.464046021093,12.464046021093,12.464046021093,12.464046021093,12.464046021093,12.464046021093,12.464046021093,12.974051896207586,12.974051896207586,12.974051896207586,12.974051896207586,12.974051896207586,12.974051896207586,12.974051896207586,12.974051896207586,12.974051896207586,12.974051896207586,12.974051896207586,12.974051896207586,12.974051896207586,12.974051896207586,12.974051896207586,14.111006585136407,14.111006585136407,14.111006585136407,14.111006585136407,14.111006585136407,14.111006585136407,14.111006585136407,14.111006585136407,14.111006585136407,14.111006585136407,14.111006585136407,14.111006585136407,14.111006585136407,12.5968992248062,12.5968992248062,12.5968992248062,12.5968992248062,12.5968992248062,12.5968992248062,12.5968992248062,12.5968992248062,12.5968992248062,12.5968992248062,12.5968992248062,12.5968992248062,12.5968992248062,12.5968992248062,13.986013986013987,13.986013986013987,13.986013986013987,13.986013986013987,13.986013986013987,13.986013986013987,13.986013986013987,13.986013986013987,13.986013986013987,13.986013986013987,13.986013986013987,13.986013986013987,13.986013986013987,13.986013986013987,12.879484820607177,12.879484820607177,12.879484820607177,12.879484820607177,12.879484820607177,12.879484820607177,12.879484820607177,12.879484820607177,12.879484820607177,12.879484820607177,12.879484820607177,12.879484820607177,12.879484820607177,12.879484820607177,12.879484820607177,12.879484820607177,14.19698314108252,14.19698314108252,14.19698314108252,14.19698314108252,14.19698314108252,14.19698314108252,14.19698314108252,14.19698314108252,14.19698314108252,14.19698314108252,14.19698314108252,14.19698314108252,14.19698314108252,14.19698314108252,14.19698314108252,14.19698314108252,15.209125475285171,15.209125475285171,15.209125475285171,15.209125475285171,15.209125475285171,15.209125475285171,15.209125475285171,15.209125475285171,15.209125475285171,15.209125475285171,15.209125475285171,15.209125475285171,15.209125475285171,15.209125475285171,15.209125475285171,15.209125475285171,15.267175572519085,15.267175572519085,15.267175572519085,15.267175572519085,15.267175572519085,15.267175572519085,15.267175572519085,15.267175572519085,15.267175572519085,15.267175572519085],"raf":[168,14,60,168,22,51,172,27,49,69,167,15,65,72,68,65,63,171,12,61,168,21,54,169,27,46,67,64,65,63,65,65,165,17,57,63,66,64,66,167,17,56,65,64,65,163,20,52,65,67,165,17,56,65,65,164,17,56,172,22,53,65,66,166,17,53,66,66,164,18,53,63,66,67,165,19,54,63,170,12,64,66,66,65,65,64,64,64,165,18,54,63,66,67,164,19,53,66,65,165,18,52,65,67,150,16,54,64,61,67,70,69,70,66,64,71,62,82,49,61,66,66,66,74,60,60,62,64,66,63,66,65,64,65,66,67]}