{"time":[3.0980000000000003,3.361,3.516,3.673,3.73,3.892,4.159,4.317,4.477,4.535,4.6000000000000005,4.665000000000001,4.738000000000001,4.800000000000002,4.879000000000001,4.9460000000000015,5.0070000000000014,5.080000000000002,5.1640000000000015,5.261000000000002,5.360000000000002,5.462000000000002,5.524000000000003,5.584000000000002,5.652000000000002,5.714000000000002,5.793000000000002,5.857000000000002,5.925000000000002,5.9940000000000015,6.059000000000002,10.446000000000002,10.846000000000002,10.902000000000001,10.96,11.019,11.087,11.158999999999999,11.444999999999999,11.504999999999999,11.571,11.635,11.699,11.805,11.92,11.987,12.054,12.121,12.192,12.282,12.383000000000001,12.449000000000002,12.519000000000002,12.585000000000003,12.656000000000002,12.725000000000003,12.796000000000003,12.871000000000002,12.944000000000003],"fps":[6.451612903225806,6.451612903225806,6.451612903225806,6.151142355008787,6.151142355008787,6.151142355008787,6.151142355008787,6.151142355008787,6.151142355008787,6.151142355008787,6.151142355008787,6.151142355008787,8.450704225352112,8.450704225352112,8.450704225352112,8.450704225352112,8.450704225352112,8.450704225352112,8.450704225352112,8.450704225352112,8.450704225352112,8.450704225352112,8.450704225352112,8.450704225352112,8.450704225352112,8.450704225352112,13.270142180094787,13.270142180094787,13.270142180094787,13.270142180094787,13.270142180094787,1.0745755426606491,1.0745755426606491,1.0745755426606491,1.0745755426606491,1.0745755426606491,1.0745755426606491,1.0745755426606491,1.0745755426606491,7.554296506137866,7.554296506137866,7.554296506137866,7.554296506137866,7.554296506137866,7.554296506137866,7.554296506137866,7.554296506137866,7.554296506137866,7.554296506137866,7.554296506137866,7.554296506137866,7.554296506137866,12.807881773399014,12.807881773399014,12.807881773399014,12.807881773399014,12.807881773399014,12.807881773399014,12.807881773399014],"raf":[168,263,155,157,58,161,267,158,160,59,65,65,72,63,78,68,60,73,84,98,98,102,62,60,68,63,78,64,68,69,66,4386,400,56,59,58,69,71,286,60,66,64,64,106,115,67,67,68,70,90,101,66,71,65,71,71,69,75,73]}