{"time":[3.0159999999999982,3.0359999999999983,3.0639999999999983,3.097999999999998,3.129999999999998,3.163999999999998,3.219999999999998,3.250999999999998,3.267999999999998,3.314999999999998,3.342999999999998,3.435999999999998,3.4509999999999983,3.4789999999999983,3.544999999999998,3.5759999999999983,3.6559999999999984,3.7529999999999983,3.7679999999999985,3.7919999999999985,3.8209999999999984,3.8539999999999983,4.056999999999999,4.083999999999999,4.100999999999999,4.212999999999999,4.243999999999999,4.461999999999999,4.483999999999999,4.503999999999999,4.715999999999998,4.7349999999999985,4.758999999999999,4.870999999999999,4.999999999999998,5.017999999999998,5.036999999999998,5.248999999999998,5.267999999999998,5.294999999999998,5.410999999999998,5.4419999999999975,5.553999999999998,5.682999999999998,5.700999999999998,5.725999999999998,5.837999999999998,5.866999999999998,5.983999999999998,6.115999999999998,6.133999999999998,6.161999999999997,6.273999999999997,6.410999999999998,6.4339999999999975,6.462999999999997,6.5749999999999975,6.618999999999997,6.8329999999999975,6.849999999999998,6.878999999999998,6.9899999999999975,7.0349999999999975,7.1839999999999975,7.2239999999999975,7.261999999999998,7.304999999999998,7.344999999999998,7.386999999999998,7.422999999999997,7.458999999999997,7.492999999999997,7.522999999999997,7.558999999999997,7.583999999999997,7.617999999999997,7.649999999999997,7.683999999999997,7.713999999999997,7.745999999999997,7.775999999999997,7.802999999999997,7.833999999999997,7.867999999999997,7.900999999999997,7.916999999999997,7.936999999999997,7.965999999999997,7.991999999999996,8.015999999999996,8.044999999999996,8.074999999999996,8.101999999999995,8.130999999999995,8.154999999999994,8.194999999999993,8.220999999999993,8.245999999999993,8.277999999999993,8.306999999999993,8.331999999999994,8.363999999999994,8.392999999999994,8.418999999999993,8.449999999999994,8.483999999999995,8.505999999999995,8.532999999999994,8.567999999999994,8.597999999999994,8.622999999999994,8.651999999999994,8.685999999999995,8.712999999999994,8.750999999999994,12.890999999999995,12.916999999999994,12.933999999999994,12.958999999999994,12.982999999999993],"fps":[31.40333660451423,31.40333660451423,31.40333660451423,31.40333660451423,31.40333660451423,31.40333660451423,31.40333660451423,31.40333660451423,31.40333660451423,31.40333660451423,31.40333660451423,31.40333660451423,31.40333660451423,31.40333660451423,31.40333660451423,31.40333660451423,31.40333660451423,31.40333660451423,31.40333660451423,31.40333660451423,31.40333660451423,31.40333660451423,21.79598953792502,21.79598953792502,21.79598953792502,21.79598953792502,21.79598953792502,21.79598953792502,21.79598953792502,21.79598953792502,21.79598953792502,21.79598953792502,21.79598953792502,21.79598953792502,21.79598953792502,21.79598953792502,21.79598953792502,12.583892617449665,12.583892617449665,12.583892617449665,12.583892617449665,12.583892617449665,12.583892617449665,12.583892617449665,12.583892617449665,12.583892617449665,12.583892617449665,12.583892617449665,12.583892617449665,12.583892617449665,12.583892617449665,12.583892617449665,14.634146341463415,14.634146341463415,14.634146341463415,14.634146341463415,14.634146341463415,14.634146341463415,14.634146341463415,14.634146341463415,14.634146341463415,14.634146341463415,14.634146341463415,14.634146341463415,14.634146341463415,14.634146341463415,13.579049466537342,13.579049466537342,13.579049466537342,13.579049466537342,13.579049466537342,13.579049466537342,13.579049466537342,13.579049466537342,13.579049466537342,13.579049466537342,13.579049466537342,13.579049466537342,13.579049466537342,13.579049466537342,13.579049466537342,13.579049466537342,13.579049466537342,13.579049466537342,13.579049466537342,13.579049466537342,13.579049466537342,13.579049466537342,13.579049466537342,13.579049466537342,13.579049466537342,13.579049466537342,13.579049466537342,13.579049466537342,13.579049466537342,13.579049466537342,13.579049466537342,13.579049466537342,13.579049466537342,32.901296111665005,32.901296111665005,32.901296111665005,32.901296111665005,32.901296111665005,32.901296111665005,32.901296111665005,32.901296111665005,32.901296111665005,32.901296111665005,32.901296111665005,32.901296111665005,32.901296111665005,32.901296111665005,32.901296111665005,32.901296111665005,3.4904013961605584,3.4904013961605584,3.4904013961605584,3.4904013961605584,3.4904013961605584],"raf":[46,20,27,34,32,34,57,31,17,46,28,94,14,29,66,31,79,97,15,25,28,34,202,27,18,111,32,217,22,20,212,19,25,111,129,18,20,211,19,28,116,31,111,129,18,26,113,29,115,132,19,27,112,137,24,28,112,44,214,18,29,110,45,150,39,38,43,40,42,36,38,32,30,37,24,34,32,35,29,32,30,27,32,33,33,16,21,28,27,23,29,31,26,29,25,39,27,24,33,29,24,32,29,26,32,33,22,28,34,30,25,30,34,26,39,4140,25,17,25,24]}