{"time":[3.0170000000000003,3.2490000000000006,3.4810000000000008,3.714000000000001,3.948000000000001,4.180000000000001,4.413,4.644,4.878,5.11,5.341,5.575,5.806,6.0360000000000005,6.082000000000001,6.115000000000001,6.260000000000001,6.309000000000001,6.365000000000001,6.416000000000001,6.452000000000001,6.484000000000001,6.532000000000001,6.566000000000001,6.603000000000001,6.633000000000001,6.6770000000000005,6.710000000000001,6.7490000000000006,6.7860000000000005,6.829000000000001,6.871,6.913,6.958,7.056,7.115,7.168,7.234,7.282,7.324,7.373,7.432,7.471,7.522,7.565,7.605,7.6530000000000005,7.698,7.738,7.788,7.832,7.8709999999999996,7.92,7.965,8.007,8.049999999999999,8.101999999999999,8.147999999999998,8.188999999999998,8.239999999999998,8.281999999999998,8.324999999999998,8.372999999999998,8.447999999999997,8.514999999999997,8.580999999999998,8.652999999999997,8.780999999999997,8.938999999999997,9.043999999999997,9.157999999999998,9.218999999999998,9.349999999999998,9.482999999999997,9.714999999999996,9.947999999999997,10.177999999999997,10.408999999999997,10.641999999999998,10.874999999999998,11.106999999999998,11.338999999999997,11.569999999999997,11.800999999999997,12.032999999999996,12.261999999999995,12.492999999999995,12.724999999999994,12.957999999999995],"fps":[6.5913370998116765,6.5913370998116765,5.998286203941731,5.998286203941731,5.998286203941731,5.998286203941731,5.998286203941731,4.299226139294927,4.299226139294927,4.299226139294927,4.299226139294927,4.299226139294927,4.3029259896729775,4.3029259896729775,4.3029259896729775,4.3029259896729775,4.3029259896729775,4.3029259896729775,4.3029259896729775,4.3029259896729775,4.3029259896729775,4.3029259896729775,4.3029259896729775,4.3029259896729775,4.3029259896729775,4.3029259896729775,4.3029259896729775,4.3029259896729775,4.3029259896729775,4.3029259896729775,17.59530791788856,17.59530791788856,17.59530791788856,17.59530791788856,17.59530791788856,17.59530791788856,17.59530791788856,17.59530791788856,17.59530791788856,17.59530791788856,17.59530791788856,17.59530791788856,17.59530791788856,17.59530791788856,17.59530791788856,17.59530791788856,17.59530791788856,17.59530791788856,17.59530791788856,17.59530791788856,19.940179461615156,19.940179461615156,19.940179461615156,19.940179461615156,19.940179461615156,19.940179461615156,19.940179461615156,19.940179461615156,19.940179461615156,19.940179461615156,19.940179461615156,19.940179461615156,19.940179461615156,19.940179461615156,19.940179461615156,19.940179461615156,19.940179461615156,19.940179461615156,16.260162601626018,16.260162601626018,16.260162601626018,16.260162601626018,16.260162601626018,16.260162601626018,16.260162601626018,6.937561942517344,6.937561942517344,6.937561942517344,6.937561942517344,6.937561942517344,4.310344827586207,4.310344827586207,4.310344827586207,4.310344827586207,4.310344827586207,4.329004329004329,4.329004329004329,4.329004329004329,4.329004329004329],"raf":[231,232,232,234,233,232,233,231,234,232,231,234,231,230,47,33,144,49,57,50,36,33,47,34,37,30,44,33,39,38,42,43,41,49,94,60,52,66,47,42,49,60,38,51,43,40,49,44,40,51,43,39,50,44,42,44,51,46,41,52,41,43,49,74,67,66,72,129,157,105,115,60,131,133,232,233,230,231,233,234,232,232,230,232,232,229,230,233,232]}