{"time":[3.0209999999999986,3.0549999999999984,3.100999999999998,3.1409999999999982,3.177999999999998,3.207999999999998,3.253999999999998,3.281999999999998,3.313999999999998,3.3429999999999978,3.374999999999998,3.4199999999999977,3.4479999999999977,3.482999999999998,3.5089999999999977,3.5539999999999976,3.5819999999999976,3.6169999999999978,3.643999999999998,3.692999999999998,3.724999999999998,3.769999999999998,3.796999999999998,3.878999999999998,3.9079999999999977,3.9699999999999975,3.9959999999999973,4.116999999999997,4.140999999999997,4.225999999999997,4.315999999999997,4.3409999999999975,4.444999999999998,4.561999999999998,4.5909999999999975,4.713999999999998,4.838999999999998,4.873999999999998,4.994999999999997,5.025999999999997,5.249999999999997,5.274999999999998,5.395999999999997,5.523999999999997,5.557999999999997,5.680999999999997,5.817999999999998,5.8409999999999975,5.961999999999998,5.995999999999998,6.217999999999998,6.256999999999998,6.379999999999998,6.517999999999998,6.541999999999998,6.663999999999998,6.805999999999998,6.840999999999998,6.965999999999998,7.008999999999999,7.229999999999999,7.257999999999998,7.379999999999998,7.5219999999999985,7.557999999999998,7.686999999999998,7.725999999999997,7.771999999999998,7.811999999999998,7.842999999999997,7.879999999999997,7.914999999999997,7.9499999999999975,7.9819999999999975,8.007999999999997,8.038999999999998,8.066999999999998,8.097999999999999,8.126999999999999,8.194999999999999,8.223999999999998,8.248999999999999,8.277,8.303999999999998,8.329999999999998,8.357999999999999,8.387999999999998,8.420999999999998,8.448999999999998,8.477999999999998,8.506999999999998,8.575999999999999,8.607,8.636,8.665999999999999,8.697,8.726999999999999,8.758999999999999,8.791999999999998,8.840999999999998,8.869999999999997,8.899999999999997,8.930999999999997,8.961999999999998,8.992999999999999,9.022999999999998,9.057999999999998,9.106999999999998,9.156999999999998,9.188999999999998,9.218999999999998,9.251999999999997,9.283999999999997,9.321999999999997,9.355999999999998,9.387999999999998],"fps":[32.19512195121951,32.19512195121951,32.19512195121951,32.19512195121951,32.19512195121951,32.19512195121951,32.19512195121951,32.19512195121951,32.19512195121951,32.19512195121951,28.155339805825243,28.155339805825243,28.155339805825243,28.155339805825243,28.155339805825243,28.155339805825243,28.155339805825243,28.155339805825243,28.155339805825243,28.155339805825243,28.155339805825243,28.155339805825243,28.155339805825243,28.155339805825243,28.155339805825243,28.155339805825243,28.155339805825243,28.155339805825243,28.155339805825243,28.155339805825243,28.155339805825243,28.155339805825243,20.560747663551403,20.560747663551403,20.560747663551403,20.560747663551403,20.560747663551403,20.560747663551403,20.560747663551403,20.560747663551403,20.560747663551403,20.560747663551403,20.560747663551403,10.194624652455978,10.194624652455978,10.194624652455978,10.194624652455978,10.194624652455978,10.194624652455978,10.194624652455978,10.194624652455978,10.194624652455978,10.194624652455978,10.194624652455978,10.805500982318271,10.805500982318271,10.805500982318271,10.805500982318271,10.805500982318271,10.805500982318271,10.805500982318271,10.805500982318271,10.805500982318271,10.805500982318271,9.84251968503937,9.84251968503937,9.84251968503937,9.84251968503937,9.84251968503937,9.84251968503937,9.84251968503937,9.84251968503937,9.84251968503937,9.84251968503937,9.84251968503937,9.84251968503937,9.84251968503937,9.84251968503937,9.84251968503937,9.84251968503937,9.84251968503937,9.84251968503937,9.84251968503937,9.84251968503937,9.84251968503937,9.84251968503937,9.84251968503937,9.84251968503937,9.84251968503937,9.84251968503937,9.84251968503937,26.522593320235757,26.522593320235757,26.522593320235757,26.522593320235757,26.522593320235757,26.522593320235757,26.522593320235757,26.522593320235757,26.522593320235757,26.522593320235757,26.522593320235757,26.522593320235757,26.522593320235757,26.522593320235757,26.522593320235757,26.522593320235757,26.522593320235757,26.522593320235757,26.522593320235757,26.522593320235757,26.522593320235757,26.522593320235757,26.522593320235757,26.522593320235757,26.522593320235757],"raf":[29,34,46,41,36,30,46,28,33,28,32,46,27,35,27,44,28,35,27,49,32,45,27,82,30,62,25,121,25,84,90,25,104,117,29,123,126,34,122,30,224,25,122,127,34,124,136,23,121,35,221,41,121,138,24,122,142,35,125,43,222,27,122,142,36,129,40,46,39,32,36,36,35,31,27,30,28,32,28,68,30,24,28,27,27,28,30,32,28,29,30,68,32,29,29,32,30,32,32,49,29,30,31,31,31,30,36,48,51,31,31,32,33,37,34,32]}