{"time":[3.0109999999999997,3.0729999999999995,3.1329999999999996,3.1639999999999997,3.215,3.2649999999999997,3.3149999999999995,3.3629999999999995,3.4109999999999996,3.4589999999999996,3.506,3.553,3.601,3.66,3.6990000000000003,3.745,3.7920000000000003,3.841,3.8880000000000003,3.9490000000000003,3.986,4.035,4.083,4.143,4.183,4.229,4.274,4.358,4.383,4.423,4.471,4.518,4.628,4.65,4.686,4.829,4.85,4.89,5.034999999999999,5.049999999999999,5.091999999999999,5.203999999999999,5.249999999999999,5.462999999999999,5.482999999999999,5.519999999999999,5.732999999999999,5.748999999999999,5.789999999999999,5.905999999999999,5.949999999999998,6.1629999999999985,6.182999999999998,6.221999999999998,6.335999999999998,6.482999999999998,6.498999999999998,6.541999999999998,6.652999999999998,6.6999999999999975,6.912999999999998,6.932999999999997,6.974999999999997,7.085999999999997,7.133999999999997,7.346999999999997,7.365999999999997,7.411999999999997,7.522999999999997,7.674999999999997,7.6999999999999975,7.734999999999998,7.946999999999997,7.966999999999997,8.001999999999997,8.212999999999997,8.231999999999998,8.274999999999997,8.385999999999997,8.434999999999997,8.553999999999997,8.601999999999997,8.649999999999997,8.698999999999996,8.745999999999997,8.786999999999997,8.830999999999998,8.874999999999998,8.922999999999998,8.969999999999999,9.017,9.065999999999999,9.116,9.155,9.202,9.249,9.295,9.34,9.384,9.44,9.501,9.530999999999999,9.578999999999999,9.629,9.677,9.725,9.779,9.825,9.872,9.922,9.97,10.026,10.068],"fps":[17.733990147783253,17.733990147783253,19.980970504281636,19.980970504281636,19.980970504281636,19.980970504281636,19.980970504281636,19.980970504281636,19.980970504281636,19.980970504281636,19.980970504281636,19.980970504281636,19.980970504281636,19.980970504281636,19.980970504281636,19.980970504281636,19.980970504281636,19.980970504281636,19.980970504281636,19.980970504281636,19.980970504281636,19.980970504281636,19.980970504281636,20.792079207920793,20.792079207920793,20.792079207920793,20.792079207920793,20.792079207920793,20.792079207920793,20.792079207920793,20.792079207920793,20.792079207920793,20.792079207920793,20.792079207920793,20.792079207920793,20.792079207920793,20.792079207920793,20.792079207920793,20.792079207920793,20.792079207920793,20.792079207920793,16.96512723845429,16.96512723845429,16.96512723845429,16.96512723845429,16.96512723845429,16.96512723845429,16.96512723845429,16.96512723845429,16.96512723845429,16.96512723845429,16.96512723845429,16.96512723845429,11.787819253438114,11.787819253438114,11.787819253438114,11.787819253438114,11.787819253438114,11.787819253438114,11.787819253438114,11.787819253438114,11.787819253438114,11.787819253438114,11.787819253438114,11.787819253438114,10.676156583629894,10.676156583629894,10.676156583629894,10.676156583629894,10.676156583629894,10.676156583629894,10.676156583629894,10.676156583629894,10.676156583629894,10.676156583629894,10.676156583629894,10.676156583629894,10.676156583629894,12.512030798845043,12.512030798845043,12.512030798845043,12.512030798845043,12.512030798845043,12.512030798845043,12.512030798845043,12.512030798845043,12.512030798845043,12.512030798845043,12.512030798845043,12.512030798845043,12.512030798845043,12.512030798845043,12.512030798845043,12.512030798845043,12.512030798845043,12.512030798845043,12.512030798845043,12.512030798845043,12.512030798845043,19.924098671726757,19.924098671726757,19.924098671726757,19.924098671726757,19.924098671726757,19.924098671726757,19.924098671726757,19.924098671726757,19.924098671726757,19.924098671726757,19.924098671726757,19.924098671726757,19.924098671726757,19.924098671726757],"raf":[44,63,60,30,51,50,50,48,48,49,46,47,48,59,40,45,48,49,46,61,38,48,48,61,39,46,45,85,24,40,48,47,110,22,36,144,20,41,144,15,42,113,45,213,20,38,212,17,40,116,45,213,20,39,113,147,16,43,112,47,212,20,43,110,49,212,19,46,111,152,25,35,212,20,35,212,19,42,111,49,119,48,49,49,46,41,45,43,49,46,48,48,50,39,48,47,46,44,45,55,61,30,48,50,49,47,55,46,47,49,48,57,41]}