{"time":[3.0569999999999995,3.1239999999999997,3.1809999999999996,3.2389999999999994,3.2989999999999995,3.3729999999999993,3.430999999999999,3.4859999999999993,3.5469999999999993,3.6139999999999994,3.6749999999999994,3.7309999999999994,3.8059999999999996,3.8659999999999997,3.9189999999999996,3.9899999999999998,4.047,4.104,4.204,4.265,4.322,4.417,4.545,4.668,4.719,4.946000000000001,4.998,5.155,5.306,5.456,5.507000000000001,5.656000000000001,5.91,6.058,6.104,6.264,6.321000000000001,6.380000000000001,6.430000000000001,6.486000000000001,6.548000000000001,6.614000000000001,6.666,6.734,6.8,6.915,7.06,7.109999999999999,7.167,7.22,7.2749999999999995,7.332999999999999,7.425999999999999,9.963,10.008999999999999,10.056,10.116,10.474,10.524000000000001,10.572000000000001,10.622000000000002,10.680000000000001,10.734000000000002,10.794000000000002,10.849000000000002,10.908000000000001,10.968000000000002,11.025000000000002,11.085000000000003,11.145000000000003,11.206000000000003,11.265000000000002,11.329000000000002,11.393000000000002,11.452000000000002,11.515000000000002,11.576000000000002,11.638000000000002,11.703000000000001,11.952000000000002,12.094000000000001,12.15,12.209,12.269,12.327,12.39,12.447000000000001,12.538,12.626,12.681999999999999,12.743999999999998,12.806999999999999,12.868999999999998,12.937999999999999,12.996999999999998],"fps":[17.307692307692307,17.307692307692307,17.307692307692307,17.307692307692307,17.307692307692307,17.307692307692307,17.307692307692307,17.307692307692307,17.307692307692307,15.873015873015873,15.873015873015873,15.873015873015873,15.873015873015873,15.873015873015873,15.873015873015873,15.873015873015873,15.873015873015873,15.873015873015873,15.873015873015873,15.873015873015873,15.873015873015873,15.873015873015873,15.873015873015873,13.270142180094787,13.270142180094787,13.270142180094787,13.270142180094787,13.270142180094787,13.270142180094787,13.270142180094787,13.270142180094787,13.270142180094787,7.2522159548751,7.2522159548751,7.2522159548751,7.2522159548751,7.2522159548751,7.2522159548751,7.2522159548751,7.2522159548751,7.2522159548751,7.2522159548751,7.2522159548751,7.2522159548751,7.2522159548751,12.935323383084578,12.935323383084578,12.935323383084578,12.935323383084578,12.935323383084578,12.935323383084578,12.935323383084578,12.935323383084578,2.6246719160104988,2.6246719160104988,2.6246719160104988,2.6246719160104988,2.6246719160104988,2.6246719160104988,2.6246719160104988,2.6246719160104988,2.6246719160104988,2.6246719160104988,2.6246719160104988,2.6246719160104988,2.6246719160104988,12.935323383084578,12.935323383084578,12.935323383084578,12.935323383084578,12.935323383084578,12.935323383084578,12.935323383084578,12.935323383084578,12.935323383084578,12.935323383084578,12.935323383084578,12.935323383084578,12.935323383084578,12.935323383084578,12.422360248447205,12.422360248447205,12.422360248447205,12.422360248447205,12.422360248447205,12.422360248447205,12.422360248447205,12.422360248447205,12.422360248447205,12.422360248447205,12.422360248447205,12.422360248447205,12.422360248447205,12.422360248447205,12.422360248447205],"raf":[64,66,57,58,61,73,58,55,62,66,61,56,76,59,53,72,57,56,100,61,57,95,128,124,50,227,52,157,151,151,50,149,254,148,46,160,58,58,50,57,61,67,52,67,66,115,145,50,57,53,56,57,94,2536,47,46,60,358,51,47,51,57,54,61,55,58,60,57,60,61,61,59,63,65,58,63,61,62,66,248,143,55,59,61,57,63,57,91,88,56,62,63,62,69,60]}