{"time":[6.845999999999998,6.870999999999999,6.887999999999999,6.903999999999999,6.928999999999999,6.951,6.978999999999999,7.004,7.031,7.058,7.0969999999999995,7.1209999999999996,7.137,7.162999999999999,7.188999999999999,7.223999999999999,7.254,7.271,7.288,7.313000000000001,7.345000000000001,7.371,7.388000000000001,7.405000000000001,7.432000000000001,7.456000000000001,7.501000000000001,7.512000000000001,7.5390000000000015,7.564000000000002,7.586000000000002,7.613000000000002,7.638000000000003,7.674000000000002,7.704000000000002,7.721000000000003,7.744000000000002,7.771000000000003,7.805000000000002,7.821000000000002,7.843000000000003,7.880000000000003,7.898000000000002,7.922000000000002,7.968000000000003,7.978000000000002,8.003000000000002,8.028000000000002,8.052000000000001,8.078000000000001,8.112000000000002,8.138000000000002,8.160000000000002,8.181000000000003,8.206000000000003,8.251000000000003,8.262000000000002,8.288000000000002,8.314000000000002,8.336000000000002,8.364000000000003,8.387000000000002,8.426000000000002,8.437000000000001,8.466000000000001,8.49,8.514,8.543,8.59,8.604,8.620999999999999,8.642999999999999,8.681,8.697999999999999,8.727999999999998,8.789999999999997,8.842999999999998,8.853999999999997,8.882999999999997,8.893999999999997,8.957999999999997,9.044999999999996,9.070999999999996,9.092999999999996,9.103999999999996,9.188999999999997,9.254999999999997,9.270999999999997,9.286999999999997,9.317999999999998,9.425999999999998,9.547999999999998,9.569999999999999,9.588,9.603,9.713,9.736999999999998,9.876999999999999,9.886999999999999,9.910999999999998,9.935999999999998,10.043999999999999,10.072,10.199,10.22,10.239,10.260000000000002,10.470000000000002,10.487000000000002,10.509000000000002,10.534000000000002,10.643000000000002,10.673000000000002,10.801000000000002,10.820000000000002,10.837000000000002,10.872000000000002,11.084000000000001,11.104000000000001,11.125000000000002,11.158000000000001,11.366000000000001,11.387000000000002,11.404000000000002,11.441000000000003,11.650000000000002,11.670000000000002,11.692000000000002,11.722000000000001,11.931000000000001,11.954,11.975000000000001,12.020000000000001,12.13,12.269,12.287,12.308000000000002,12.352000000000002,12.461000000000002,12.492000000000003,12.538000000000002,12.751000000000001,12.770000000000001,12.793000000000001,12.832,12.942],"fps":[5.068790731354091,5.068790731354091,5.068790731354091,5.068790731354091,5.068790731354091,5.068790731354091,5.068790731354091,5.068790731354091,5.068790731354091,5.068790731354091,5.068790731354091,5.068790731354091,5.068790731354091,5.068790731354091,5.068790731354091,5.068790731354091,5.068790731354091,5.068790731354091,5.068790731354091,5.068790731354091,5.068790731354091,5.068790731354091,5.068790731354091,5.068790731354091,5.068790731354091,5.068790731354091,5.068790731354091,5.068790731354091,5.068790731354091,5.068790731354091,5.068790731354091,5.068790731354091,5.068790731354091,5.068790731354091,5.068790731354091,5.068790731354091,5.068790731354091,5.068790731354091,5.068790731354091,5.068790731354091,5.068790731354091,39.65183752417795,39.65183752417795,39.65183752417795,39.65183752417795,39.65183752417795,39.65183752417795,39.65183752417795,39.65183752417795,39.65183752417795,39.65183752417795,39.65183752417795,39.65183752417795,39.65183752417795,39.65183752417795,39.65183752417795,39.65183752417795,39.65183752417795,39.65183752417795,39.65183752417795,39.65183752417795,39.65183752417795,39.65183752417795,39.65183752417795,39.65183752417795,39.65183752417795,39.65183752417795,39.65183752417795,39.65183752417795,39.65183752417795,39.65183752417795,39.65183752417795,39.65183752417795,39.65183752417795,39.65183752417795,39.65183752417795,39.65183752417795,39.65183752417795,36.88933200398804,36.88933200398804,36.88933200398804,36.88933200398804,36.88933200398804,36.88933200398804,36.88933200398804,36.88933200398804,36.88933200398804,36.88933200398804,36.88933200398804,36.88933200398804,36.88933200398804,36.88933200398804,36.88933200398804,36.88933200398804,36.88933200398804,36.88933200398804,36.88933200398804,36.88933200398804,19.90049751243781,19.90049751243781,19.90049751243781,19.90049751243781,19.90049751243781,19.90049751243781,19.90049751243781,19.90049751243781,19.90049751243781,19.90049751243781,19.90049751243781,19.90049751243781,19.90049751243781,19.90049751243781,19.90049751243781,19.90049751243781,19.90049751243781,19.90049751243781,19.90049751243781,15.88628762541806,15.88628762541806,15.88628762541806,15.88628762541806,15.88628762541806,15.88628762541806,15.88628762541806,15.88628762541806,15.88628762541806,15.88628762541806,15.88628762541806,15.88628762541806,15.88628762541806,15.88628762541806,15.88628762541806,15.88628762541806,15.281757402101242,15.281757402101242,15.281757402101242,15.281757402101242,15.281757402101242,15.281757402101242,15.281757402101242,15.281757402101242,15.281757402101242,15.281757402101242,15.281757402101242,15.281757402101242,15.281757402101242],"raf":[4821,26,16,16,25,22,28,25,27,27,39,24,16,26,27,34,31,17,16,25,32,26,17,17,28,24,44,11,28,24,22,27,25,36,31,16,23,27,34,16,22,37,18,24,46,10,25,25,24,26,34,26,23,20,26,44,11,26,26,22,28,24,39,10,29,24,25,29,46,14,17,22,38,17,30,62,53,11,29,12,63,88,25,22,11,85,66,16,17,30,108,122,23,17,15,110,25,139,11,24,24,108,28,127,22,19,20,210,17,22,25,109,31,127,20,17,35,211,20,21,33,209,20,17,37,209,21,21,30,210,22,21,45,111,138,18,22,43,109,32,45,213,19,23,39,110]}