{"time":[3.787,4.305,4.372,4.4159999999999995,4.438999999999999,4.469999999999999,4.504999999999999,4.538999999999999,4.570999999999999,4.6179999999999986,4.860999999999999,4.889999999999999,4.943999999999999,5.006999999999999,5.065999999999999,5.295999999999999,5.361999999999999,5.401999999999999,5.459,5.518999999999999,5.577999999999999,5.637,5.728999999999999,5.765999999999999,5.8229999999999995,5.882999999999999,6.406999999999999,6.449999999999999,6.512999999999999,6.583999999999999,6.667999999999998,6.731999999999998,6.798999999999999,6.879999999999999,6.958999999999999,7.032999999999999,7.083999999999999,7.164999999999999,7.225999999999999,7.289999999999999,7.3549999999999995,7.438,7.516,7.571,7.6339999999999995,7.701,7.7669999999999995,7.848,7.8999999999999995,7.967,8.051,8.116,8.171999999999999,8.238,8.344999999999999,8.382,8.443999999999999,8.594999999999999,8.633,8.694999999999999,8.807999999999998,8.873999999999999,9.014999999999999,9.178999999999998,9.236999999999998,9.29,9.459999999999999,9.498999999999999,9.547999999999998,9.676999999999998,9.736999999999998,9.957999999999998,9.998999999999999,10.033,10.264,10.401,10.433,10.496,10.633000000000001,10.791,10.815,10.866,11.093,11.132,11.177999999999999,11.299,11.365,11.594,11.632,11.686,11.816,11.978000000000002,12.120000000000001,12.16,12.329,12.366000000000001,12.414000000000001,12.542000000000002,12.605000000000002,12.843000000000002,12.989000000000003],"fps":[1.6766467065868262,1.6766467065868262,1.6766467065868262,1.6766467065868262,1.6766467065868262,1.6766467065868262,1.6766467065868262,1.6766467065868262,1.6766467065868262,1.6766467065868262,9.31098696461825,9.31098696461825,9.31098696461825,9.31098696461825,9.31098696461825,9.31098696461825,9.31098696461825,9.31098696461825,9.31098696461825,9.31098696461825,9.31098696461825,9.31098696461825,9.31098696461825,9.31098696461825,9.31098696461825,14.677103718199609,14.677103718199609,14.677103718199609,14.677103718199609,14.677103718199609,14.677103718199609,14.677103718199609,14.677103718199609,14.677103718199609,8.372093023255815,8.372093023255815,8.372093023255815,8.372093023255815,8.372093023255815,8.372093023255815,8.372093023255815,8.372093023255815,8.372093023255815,8.372093023255815,8.372093023255815,8.372093023255815,8.372093023255815,8.372093023255815,8.372093023255815,14.866204162537166,14.866204162537166,14.866204162537166,14.866204162537166,14.866204162537166,14.866204162537166,14.866204162537166,14.866204162537166,14.866204162537166,14.866204162537166,14.866204162537166,14.866204162537166,14.866204162537166,12.404580152671755,12.404580152671755,12.404580152671755,12.404580152671755,12.404580152671755,12.404580152671755,12.404580152671755,12.404580152671755,12.404580152671755,12.404580152671755,12.404580152671755,10.805500982318271,10.805500982318271,10.805500982318271,10.805500982318271,10.805500982318271,10.805500982318271,10.805500982318271,10.805500982318271,10.805500982318271,8.49056603773585,8.49056603773585,8.49056603773585,8.49056603773585,8.49056603773585,8.49056603773585,8.49056603773585,8.49056603773585,8.49056603773585,8.49056603773585,9.746588693957115,9.746588693957115,9.746588693957115,9.746588693957115,9.746588693957115,9.746588693957115,9.746588693957115,9.746588693957115,9.746588693957115],"raf":[3788,518,67,43,23,32,35,33,32,47,244,28,54,63,60,230,65,40,58,60,58,60,92,37,57,60,523,43,63,72,83,65,67,81,78,74,51,82,60,65,65,82,79,55,64,65,66,81,52,67,84,64,57,66,107,36,62,151,38,62,115,66,140,163,59,53,169,39,50,128,61,220,41,35,230,138,31,63,138,157,24,52,227,38,47,121,66,229,38,53,130,163,141,41,169,36,48,128,64,238,146]}