{"time":[3.023,3.092,3.1550000000000002,3.22,3.286,3.35,3.415,3.48,3.546,3.61,3.6759999999999997,3.743,3.808,3.877,3.9429999999999996,4.010999999999999,4.076999999999999,4.143999999999999,4.210999999999999,4.281999999999999,4.347999999999999,4.414999999999999,4.481999999999999,4.550999999999999,4.619999999999999,4.6899999999999995,4.768999999999999,4.843999999999999,4.914999999999999,4.985999999999999,5.056999999999999,5.126999999999999,5.197999999999999,5.267999999999999,5.341999999999999,5.410999999999999,5.482999999999999,5.567999999999999,5.647999999999999,5.723999999999998,5.8039999999999985,5.892999999999999,5.985999999999999,6.066999999999999,6.145999999999999,6.227999999999999,6.310999999999999,6.3919999999999995,6.4719999999999995,6.553,6.636,6.734,6.813,8.824,8.887,8.96,9.030000000000001,9.098,9.163,9.228,9.292,9.358,9.432,9.5,9.569,9.642000000000001,9.715000000000002,9.787,9.99,10.071,10.141,10.221,10.306000000000001,10.403,10.505,10.621,10.736,10.835,10.904000000000002],"fps":[12.476007677543187,12.476007677543187,12.476007677543187,12.476007677543187,12.476007677543187,12.476007677543187,12.476007677543187,12.476007677543187,12.476007677543187,13.618677042801556,13.618677042801556,13.618677042801556,13.618677042801556,13.618677042801556,13.618677042801556,13.618677042801556,13.618677042801556,13.618677042801556,13.618677042801556,13.618677042801556,13.618677042801556,13.618677042801556,13.618677042801556,13.618677042801556,14.866204162537166,14.866204162537166,14.866204162537166,14.866204162537166,14.866204162537166,14.866204162537166,14.866204162537166,14.866204162537166,14.866204162537166,14.866204162537166,14.866204162537166,14.866204162537166,14.866204162537166,14.866204162537166,13.618677042801556,13.618677042801556,13.618677042801556,13.618677042801556,13.618677042801556,13.618677042801556,13.618677042801556,13.618677042801556,13.618677042801556,13.618677042801556,13.618677042801556,13.618677042801556,13.618677042801556,11.970534069981584,11.970534069981584,0.9569377990430622,0.9569377990430622,0.9569377990430622,0.9569377990430622,0.9569377990430622,0.9569377990430622,0.9569377990430622,0.9569377990430622,0.9569377990430622,0.9569377990430622,0.9569377990430622,0.9569377990430622,0.9569377990430622,0.9569377990430622,0.9569377990430622,12.864493996569468,12.864493996569468,12.864493996569468,12.864493996569468,12.864493996569468,12.864493996569468,12.864493996569468,12.864493996569468,12.864493996569468,12.864493996569468,12.864493996569468],"raf":[70,69,64,64,66,64,66,64,67,64,65,67,65,69,66,68,66,67,67,72,65,67,67,69,69,70,79,75,71,71,71,70,71,70,74,69,72,85,80,77,79,89,93,82,78,82,83,81,80,81,84,97,79,2011,63,74,69,68,65,64,64,66,74,69,68,73,73,72,203,81,70,80,86,96,102,116,115,99,69]}