{"time":[3.0469999999999997,3.094,3.2439999999999998,3.292,3.4339999999999997,3.4799999999999995,3.6219999999999994,3.7629999999999995,3.7999999999999994,3.9439999999999995,4.084,4.125,4.164,4.311999999999999,4.4559999999999995,4.598,4.637,4.678999999999999,4.9239999999999995,4.975,5.015,5.156,5.401,5.441,5.4799999999999995,5.5249999999999995,5.672,5.9159999999999995,5.957999999999999,5.997999999999999,6.0409999999999995,6.286,6.340999999999999,6.382,6.523,6.665,6.808,6.951,6.991,7.034,7.191,7.241,7.284999999999999,7.331999999999999,7.384999999999999,7.440999999999999,7.491999999999999,7.543999999999999,7.597999999999999,7.647999999999999,7.701999999999999,7.755999999999999,7.810999999999999,7.866999999999999,7.920999999999999,7.975,8.046999999999999,8.107999999999999,8.159999999999998,8.226999999999999,8.310999999999998,8.390999999999998,8.473999999999998,8.520999999999999,8.578,8.625,8.675,8.725000000000001,8.794000000000002,8.858000000000002,8.905000000000003,8.953000000000003,9.012000000000002,9.062000000000003,9.125000000000004,9.208000000000004,9.253000000000004,9.299000000000003,9.347000000000003,9.480000000000004,9.540000000000004,9.591000000000005,9.706000000000005,9.758000000000004,9.803000000000004,9.933000000000005,9.980000000000006,10.134000000000006,10.280000000000006,10.324000000000007,10.530000000000006,10.678000000000006,10.720000000000006,10.774000000000006,11.018000000000006,11.163000000000006,11.204000000000006,11.260000000000005,11.408000000000005,11.551000000000005,11.697000000000006,11.740000000000006,11.786000000000005,11.834000000000005,12.086000000000006,12.141000000000005,12.194000000000006,12.343000000000005,12.393000000000006,12.546000000000006,12.701000000000006,12.745000000000006,12.799000000000007,12.950000000000006,12.995000000000006],"fps":[9.643201542912246,9.643201542912246,9.643201542912246,9.643201542912246,9.643201542912246,9.643201542912246,9.643201542912246,9.643201542912246,9.643201542912246,9.643201542912246,9.633911368015415,9.633911368015415,9.633911368015415,9.633911368015415,9.633911368015415,9.633911368015415,9.633911368015415,9.633911368015415,9.633911368015415,9.633911368015415,9.633911368015415,10.27077497665733,10.27077497665733,10.27077497665733,10.27077497665733,10.27077497665733,10.27077497665733,10.27077497665733,10.27077497665733,10.27077497665733,10.27077497665733,8.841732979664014,8.841732979664014,8.841732979664014,8.841732979664014,8.841732979664014,8.841732979664014,8.841732979664014,8.841732979664014,8.841732979664014,8.841732979664014,8.841732979664014,8.841732979664014,11.483253588516746,11.483253588516746,11.483253588516746,11.483253588516746,11.483253588516746,11.483253588516746,11.483253588516746,11.483253588516746,11.483253588516746,11.483253588516746,11.483253588516746,11.483253588516746,11.483253588516746,11.483253588516746,11.483253588516746,11.483253588516746,11.483253588516746,11.483253588516746,16.997167138810198,16.997167138810198,16.997167138810198,16.997167138810198,16.997167138810198,16.997167138810198,16.997167138810198,16.997167138810198,16.997167138810198,16.997167138810198,16.997167138810198,16.997167138810198,16.997167138810198,16.997167138810198,16.997167138810198,16.997167138810198,16.997167138810198,16.997167138810198,16.52892561983471,16.52892561983471,16.52892561983471,16.52892561983471,16.52892561983471,16.52892561983471,16.52892561983471,16.52892561983471,16.52892561983471,16.52892561983471,16.52892561983471,10.476190476190476,10.476190476190476,10.476190476190476,10.476190476190476,10.476190476190476,10.476190476190476,10.476190476190476,10.476190476190476,10.476190476190476,8.81488736532811,8.81488736532811,8.81488736532811,8.81488736532811,8.81488736532811,8.81488736532811,8.81488736532811,8.81488736532811,8.81488736532811,8.81488736532811,8.81488736532811,9.565217391304348,9.565217391304348,9.565217391304348,9.565217391304348,9.565217391304348],"raf":[144,47,150,48,142,46,142,141,38,143,141,40,40,147,144,142,39,42,245,51,40,141,246,40,38,45,147,244,42,41,42,246,54,41,141,142,143,144,39,43,157,50,44,47,53,56,51,53,53,50,55,53,55,56,54,55,72,60,52,67,85,79,83,48,56,47,50,50,69,64,48,48,58,50,63,83,45,46,49,132,61,50,115,52,45,131,46,154,147,43,206,148,42,54,245,144,42,55,148,143,146,43,46,48,252,55,53,149,50,153,155,44,54,151,46]}