{"time":[3.139,3.1599999999999997,3.203,3.312,3.4709999999999996,3.4929999999999994,3.5379999999999994,3.6509999999999994,3.8089999999999993,3.825999999999999,3.887999999999999,3.997999999999999,4.0619999999999985,4.231999999999998,4.2429999999999986,4.302999999999998,4.418999999999998,4.477999999999998,4.635999999999998,4.658999999999998,4.692999999999998,4.903999999999998,4.925999999999998,4.964999999999998,5.081999999999998,5.1309999999999985,5.1789999999999985,5.3889999999999985,5.409999999999998,5.442999999999999,5.6549999999999985,5.676999999999999,5.7109999999999985,5.907999999999999,5.925999999999998,5.961999999999998,6.009999999999998,6.059999999999998,6.108999999999998,6.147999999999998,6.188999999999998,6.228999999999998,6.268999999999998,6.307999999999998,6.347999999999998,6.3889999999999985,6.429999999999999,6.4689999999999985,6.509999999999999,6.548999999999999,6.586999999999999,6.626999999999999,6.664999999999999,6.702999999999999,6.744999999999999,6.804999999999999,6.842999999999999,6.877999999999999,6.924999999999999,6.970999999999999,7.020999999999999,7.067999999999999,7.112999999999999,7.160999999999999,7.208999999999999,7.244999999999998,7.291999999999998,7.340999999999998,7.385999999999998,7.429999999999998,7.475999999999998,7.519999999999998,7.562999999999998,7.608999999999998,7.653999999999998,7.698999999999998,7.746999999999998,7.794999999999998],"fps":[10.119595216191353,10.119595216191353,10.119595216191353,10.119595216191353,10.119595216191353,10.119595216191353,12.987012987012987,12.987012987012987,12.987012987012987,12.987012987012987,12.987012987012987,12.987012987012987,12.987012987012987,12.987012987012987,12.987012987012987,12.987012987012987,12.987012987012987,12.987012987012987,10.938924339106654,10.938924339106654,10.938924339106654,10.938924339106654,10.938924339106654,10.938924339106654,10.938924339106654,10.938924339106654,10.938924339106654,10.938924339106654,10.938924339106654,10.938924339106654,11.776251226692835,11.776251226692835,11.776251226692835,11.776251226692835,11.776251226692835,11.776251226692835,11.776251226692835,11.776251226692835,11.776251226692835,11.776251226692835,11.776251226692835,11.776251226692835,11.776251226692835,11.776251226692835,11.776251226692835,11.776251226692835,11.776251226692835,11.776251226692835,11.776251226692835,11.776251226692835,11.776251226692835,11.776251226692835,21.782178217821784,21.782178217821784,21.782178217821784,21.782178217821784,21.782178217821784,21.782178217821784,21.782178217821784,21.782178217821784,21.782178217821784,21.782178217821784,21.782178217821784,21.782178217821784,21.782178217821784,21.782178217821784,21.782178217821784,21.782178217821784,21.782178217821784,21.782178217821784,21.782178217821784,21.782178217821784,21.782178217821784,21.782178217821784,21.782178217821784,22.243713733075435,22.243713733075435,22.243713733075435],"raf":[210,21,43,109,159,22,46,112,158,17,62,110,64,170,11,61,115,59,158,23,34,211,22,40,116,50,47,211,20,33,212,22,35,196,18,36,48,50,49,40,40,40,40,39,40,41,41,39,42,39,37,40,38,38,42,60,38,35,47,46,51,47,44,48,48,36,48,48,45,45,45,44,44,45,45,45,49,47]}