{"time":[3.018,3.07,3.118,3.1719999999999997,3.2239999999999998,3.2739999999999996,3.3269999999999995,3.3839999999999995,3.4329999999999994,3.486999999999999,3.5429999999999993,3.592999999999999,3.646999999999999,3.695999999999999,3.7449999999999988,3.7989999999999986,3.8519999999999985,3.9039999999999986,3.9609999999999985,4.0139999999999985,4.063999999999998,4.119999999999998,4.1709999999999985,4.221999999999999,4.277999999999999,4.330999999999999,4.386999999999999,4.440999999999999,4.490999999999999,4.793999999999999,4.901999999999998,4.946999999999998,4.995999999999999,5.041999999999999,5.121999999999999,5.203999999999999,5.299999999999999,5.345999999999999,5.396999999999999,5.446,5.497,5.55,5.6,5.704,5.779,5.828,5.88,5.931,5.98,6.034000000000001,6.125000000000001,6.189000000000001,6.242000000000001,6.293000000000001,6.345000000000001,6.405,6.457,6.513,6.566,6.617999999999999,6.672999999999999,6.728999999999999,6.780999999999999,6.837999999999999,6.889999999999999,6.943999999999999,6.998999999999999,7.048999999999999,7.099999999999999,7.158999999999999,7.213999999999999,7.266999999999999,7.324999999999998,7.375999999999999,7.432999999999999,7.485999999999999,7.539999999999999,7.5969999999999995,7.651999999999999,7.7059999999999995,7.7669999999999995,7.819999999999999,7.874,7.933999999999999,7.999,8.049999999999999,8.117999999999999,8.184,8.264999999999999,8.347999999999999,8.43,8.483,8.535,8.588000000000001,8.647,8.696,8.749,8.807,8.858,8.915000000000001,8.975000000000001,9.028000000000002,9.085000000000003,9.142000000000003,9.195000000000004,9.254000000000003,9.307000000000004,9.366000000000003,9.426000000000004,9.485000000000003,9.551000000000004,9.614000000000004,9.666000000000004,9.721000000000004,9.789000000000003,9.854000000000003,9.913000000000002,9.977000000000002,10.034000000000002,10.099000000000002,10.164000000000001,10.230000000000002,10.291000000000002,10.350000000000001,10.415000000000001,10.479000000000001,10.535,10.603,10.664,10.721,10.786,10.849,10.913,10.969,11.046,11.113999999999999,11.171999999999999,11.265999999999998,11.375999999999998,11.498999999999997,11.552999999999997,11.609999999999998,11.753999999999998,11.904999999999998,11.980999999999998,12.039999999999997,12.092999999999998,12.148999999999997,12.210999999999997,12.266999999999996,12.330999999999996,12.387999999999996,12.444999999999997,12.507999999999997,12.567999999999998,12.627999999999998,12.688999999999998,12.747999999999998],"fps":[16.314779270633398,16.314779270633398,16.314779270633398,16.314779270633398,16.314779270633398,16.314779270633398,16.314779270633398,16.314779270633398,18.88667992047714,18.88667992047714,18.88667992047714,18.88667992047714,18.88667992047714,18.88667992047714,18.88667992047714,18.88667992047714,18.88667992047714,18.88667992047714,18.88667992047714,18.88667992047714,18.88667992047714,18.88667992047714,18.88667992047714,18.88667992047714,18.88667992047714,18.88667992047714,18.88667992047714,18.867924528301888,18.867924528301888,18.867924528301888,18.867924528301888,18.867924528301888,18.867924528301888,18.867924528301888,18.867924528301888,18.867924528301888,18.867924528301888,18.867924528301888,18.867924528301888,11.928429423459244,11.928429423459244,11.928429423459244,11.928429423459244,11.928429423459244,11.928429423459244,11.928429423459244,11.928429423459244,11.928429423459244,11.928429423459244,11.928429423459244,11.928429423459244,11.928429423459244,11.928429423459244,11.928429423459244,11.928429423459244,11.928429423459244,16.831683168316832,16.831683168316832,16.831683168316832,16.831683168316832,16.831683168316832,16.831683168316832,16.831683168316832,16.831683168316832,16.831683168316832,16.831683168316832,16.831683168316832,16.831683168316832,16.831683168316832,16.831683168316832,16.831683168316832,16.831683168316832,16.831683168316832,16.831683168316832,16.831683168316832,18.464528668610303,18.464528668610303,18.464528668610303,18.464528668610303,18.464528668610303,18.464528668610303,18.464528668610303,18.464528668610303,18.464528668610303,18.464528668610303,18.464528668610303,18.464528668610303,18.464528668610303,18.464528668610303,18.464528668610303,18.464528668610303,18.464528668610303,16.205910390848427,16.205910390848427,16.205910390848427,16.205910390848427,16.205910390848427,16.205910390848427,16.205910390848427,16.205910390848427,16.205910390848427,16.205910390848427,16.205910390848427,16.205910390848427,16.205910390848427,16.205910390848427,16.205910390848427,16.205910390848427,16.205910390848427,16.205910390848427,17.716535433070867,17.716535433070867,17.716535433070867,17.716535433070867,17.716535433070867,17.716535433070867,17.716535433070867,17.716535433070867,17.716535433070867,17.716535433070867,17.716535433070867,17.716535433070867,17.716535433070867,17.716535433070867,17.716535433070867,17.716535433070867,17.716535433070867,16.159695817490494,16.159695817490494,16.159695817490494,16.159695817490494,16.159695817490494,16.159695817490494,16.159695817490494,16.159695817490494,16.159695817490494,16.159695817490494,16.159695817490494,16.159695817490494,16.159695817490494,16.159695817490494,13.88888888888889,13.88888888888889,13.88888888888889,13.88888888888889,13.88888888888889,13.88888888888889,13.88888888888889,13.88888888888889,13.88888888888889,13.88888888888889,13.88888888888889,13.88888888888889,13.88888888888889,13.88888888888889,13.7524557956778,13.7524557956778,13.7524557956778],"raf":[52,53,47,54,52,51,52,58,49,54,55,50,54,49,49,55,53,52,57,52,50,56,52,50,56,54,55,54,50,304,107,45,49,47,79,82,96,46,52,49,50,53,51,104,74,49,53,50,49,54,91,64,54,51,51,60,52,56,53,52,56,55,52,57,53,53,55,50,52,58,55,52,58,51,57,53,55,57,54,54,61,54,54,60,64,51,68,66,81,83,83,52,52,54,58,49,53,58,52,57,59,54,56,57,53,59,52,59,60,59,66,63,53,54,69,64,59,64,57,65,65,66,61,59,65,65,56,67,61,57,65,63,64,56,77,68,58,95,109,125,52,58,143,151,76,59,54,55,62,56,64,58,57,62,60,61,60,60]}