{"time":[3.0010000000000003,3.055,3.111,3.165,3.221,3.27,3.353,3.3840000000000003,3.438,3.492,3.546,3.601,3.653,3.725,3.767,3.815,3.8689999999999998,3.9229999999999996,3.9789999999999996,4.032,4.087,4.146,4.199,4.2509999999999994,4.305999999999999,4.358999999999999,4.417999999999999,4.483999999999999,4.523999999999999,4.5809999999999995,4.635999999999999,4.688999999999999,4.741999999999999,4.797999999999999,4.852999999999999,4.905999999999999,4.958999999999999,5.012999999999999,5.071999999999999,5.1259999999999994,5.177999999999999,5.230999999999999,5.286999999999999,5.342999999999999,5.395999999999999,5.446999999999999,5.504,5.561999999999999,5.6129999999999995,5.669,5.723,5.7749999999999995,5.8309999999999995,5.888,5.944,5.998,6.0520000000000005,6.106000000000001,6.160000000000001,6.217000000000001,6.284000000000002,6.323000000000001,6.378000000000001,6.431000000000001,6.484000000000001,6.550000000000001,6.593000000000001,6.652000000000001,6.718000000000001,6.767000000000001,6.816000000000002,6.874000000000001,6.939000000000002,7.000000000000002,7.040000000000002,7.096000000000002,7.150000000000002,7.205000000000002,7.271000000000002,7.333000000000002,7.3690000000000015,7.424000000000001,7.4780000000000015,7.533000000000001,7.5950000000000015,7.639000000000001,7.694000000000001,7.747000000000001,7.801000000000001,7.864000000000001,7.908,7.962000000000001,8.017000000000001,8.101,8.133000000000001,8.179,8.254,8.301,8.34,8.475,8.5,8.54,8.713999999999999,8.733999999999998,8.779999999999998,8.890999999999998,9.043999999999999,9.065999999999999,9.108999999999998,9.219999999999999,9.371999999999998,9.399999999999999,9.437,9.549999999999999,9.703999999999999,9.716999999999999,9.77,9.884,9.933,9.986,10.038,10.095,10.153,10.208,10.265,10.322000000000001,10.38,10.432,10.487,10.544,10.598,10.654,10.717,12.361,12.373000000000001,12.433000000000002,12.494000000000002,12.542000000000002,12.599000000000002,12.653000000000002,12.709000000000001,12.768,12.822000000000001,12.881,12.935,12.989],"fps":[18.664047151277014,18.664047151277014,18.664047151277014,18.664047151277014,18.664047151277014,18.664047151277014,18.664047151277014,18.664047151277014,18.664047151277014,18.664047151277014,18.664047151277014,18.664047151277014,18.357487922705314,18.357487922705314,18.357487922705314,18.357487922705314,18.357487922705314,18.357487922705314,18.357487922705314,18.357487922705314,18.357487922705314,18.357487922705314,18.357487922705314,18.357487922705314,18.357487922705314,18.357487922705314,18.357487922705314,18.357487922705314,18.357487922705314,18.357487922705314,18.357487922705314,18.33976833976834,18.33976833976834,18.33976833976834,18.33976833976834,18.33976833976834,18.33976833976834,18.33976833976834,18.33976833976834,18.33976833976834,18.33976833976834,18.33976833976834,18.33976833976834,18.33976833976834,18.33976833976834,18.33976833976834,18.33976833976834,18.33976833976834,18.33976833976834,18.33976833976834,18.3752417794971,18.3752417794971,18.3752417794971,18.3752417794971,18.3752417794971,18.3752417794971,18.3752417794971,18.3752417794971,18.3752417794971,18.3752417794971,18.3752417794971,18.3752417794971,18.3752417794971,18.3752417794971,18.3752417794971,18.3752417794971,18.3752417794971,18.3752417794971,18.3752417794971,18.199233716475096,18.199233716475096,18.199233716475096,18.199233716475096,18.199233716475096,18.199233716475096,18.199233716475096,18.199233716475096,18.199233716475096,18.199233716475096,18.199233716475096,18.199233716475096,18.199233716475096,18.199233716475096,18.199233716475096,18.199233716475096,18.199233716475096,18.199233716475096,18.199233716475096,18.3752417794971,18.3752417794971,18.3752417794971,18.3752417794971,18.3752417794971,18.3752417794971,18.3752417794971,18.3752417794971,18.3752417794971,18.3752417794971,18.3752417794971,18.3752417794971,18.3752417794971,18.3752417794971,18.3752417794971,18.3752417794971,18.3752417794971,15.596330275229358,15.596330275229358,15.596330275229358,15.596330275229358,15.596330275229358,15.596330275229358,15.596330275229358,15.596330275229358,15.596330275229358,15.596330275229358,15.596330275229358,15.596330275229358,15.596330275229358,12.464046021093,12.464046021093,12.464046021093,12.464046021093,12.464046021093,12.464046021093,12.464046021093,12.464046021093,12.464046021093,12.464046021093,12.464046021093,12.464046021093,12.464046021093,12.464046021093,12.464046021093,6.180469715698393,6.180469715698393,6.180469715698393,6.180469715698393,6.180469715698393,6.180469715698393,6.180469715698393,6.180469715698393,6.180469715698393,6.180469715698393,6.180469715698393,6.180469715698393,6.180469715698393],"raf":[18,55,55,54,57,48,84,31,53,54,55,54,52,73,41,48,54,54,57,52,56,58,53,52,55,53,59,67,40,56,55,53,53,56,55,53,53,54,59,54,52,53,56,56,53,51,57,58,52,55,54,52,57,57,56,54,53,55,53,58,67,38,56,52,53,66,44,59,66,48,49,58,65,61,40,56,54,56,66,61,37,54,55,55,62,44,54,53,54,63,44,54,55,85,32,45,75,47,39,135,25,40,174,20,46,111,153,23,42,111,152,28,37,114,153,13,53,114,50,52,53,56,58,55,58,57,57,52,55,57,54,57,62,1644,12,61,60,48,58,55,54,60,54,58,54,54]}