{"time":[3.054999999999999,3.065999999999999,3.092999999999999,3.126999999999999,3.158999999999999,3.296999999999999,3.316999999999999,3.332999999999999,3.359999999999999,3.387999999999999,3.415999999999999,3.546999999999999,3.566999999999999,3.582999999999999,3.6119999999999988,3.647999999999999,3.679999999999999,3.718999999999999,3.839999999999999,3.8499999999999988,3.8709999999999987,3.9079999999999986,3.9349999999999987,4.0779999999999985,4.098999999999998,4.115999999999999,4.1469999999999985,4.1869999999999985,4.215999999999998,4.360999999999998,4.382999999999998,4.399999999999999,4.4289999999999985,4.466999999999999,4.603999999999999,4.616999999999999,4.639999999999999,4.674999999999999,4.707999999999999,4.842999999999999,4.865999999999999,4.882999999999999,4.910999999999999,4.966999999999999,5.105999999999999,5.116999999999999,5.143999999999999,5.185,5.319,5.333,5.367,5.4,5.545,5.566,5.582,5.615,5.649,5.786,5.8,5.822,5.862,5.897,5.929,5.970000000000001,6.002000000000001,6.035000000000001,6.177000000000001,6.200000000000001,6.218000000000001,6.255000000000001,6.2860000000000005,6.432,6.449000000000001,6.476000000000001,6.503000000000001,6.643000000000001,6.666,6.682,6.715000000000001,6.757000000000001,6.896000000000001,6.917000000000001,6.936000000000001,6.98,7.018000000000001,7.050000000000001,7.186000000000001,7.200000000000001,7.221000000000001,7.250000000000001,7.287000000000001,7.317000000000001,7.454000000000001,7.482,7.498,7.529,7.56,7.59,7.6209999999999996,7.6499999999999995,7.683,7.7669999999999995,7.7829999999999995,7.7989999999999995,7.829,7.861,7.891,7.918,7.9430000000000005,7.973000000000001,8.005,8.034,8.06,8.089,8.114,8.147,8.176,8.201,8.233,8.266,8.29,8.315999999999999,8.354999999999999,8.383,8.405,8.431999999999999,8.463,8.491,8.517999999999999,8.549999999999999,8.576999999999998,8.601999999999999,8.630999999999998,8.671999999999999,8.691999999999998,8.718999999999998,8.746999999999998,8.774999999999999,8.803999999999998,8.838999999999999,8.866999999999999,8.893999999999998,8.923999999999998,8.950999999999997,8.976999999999997,9.008999999999997,9.032999999999996,9.068999999999996,9.096999999999996,9.126999999999995,9.154999999999996,9.182999999999996,9.219999999999997,9.238999999999997,9.266999999999998],"fps":[20.309477756286267,20.309477756286267,20.309477756286267,20.309477756286267,20.309477756286267,20.309477756286267,20.309477756286267,20.309477756286267,20.309477756286267,20.309477756286267,20.309477756286267,20.309477756286267,20.309477756286267,20.309477756286267,20.309477756286267,20.309477756286267,22.30843840931135,22.30843840931135,22.30843840931135,22.30843840931135,22.30843840931135,22.30843840931135,22.30843840931135,22.30843840931135,22.30843840931135,22.30843840931135,22.30843840931135,22.30843840931135,22.30843840931135,22.30843840931135,22.30843840931135,22.30843840931135,22.30843840931135,22.30843840931135,22.30843840931135,22.30843840931135,22.30843840931135,22.30843840931135,21.44249512670565,21.44249512670565,21.44249512670565,21.44249512670565,21.44249512670565,21.44249512670565,21.44249512670565,21.44249512670565,21.44249512670565,21.44249512670565,21.44249512670565,21.44249512670565,21.44249512670565,21.44249512670565,21.44249512670565,21.44249512670565,21.44249512670565,21.44249512670565,21.44249512670565,17.608897126969417,17.608897126969417,17.608897126969417,17.608897126969417,17.608897126969417,17.608897126969417,17.608897126969417,17.608897126969417,17.608897126969417,17.608897126969417,17.608897126969417,17.608897126969417,17.608897126969417,17.608897126969417,17.608897126969417,17.608897126969417,17.608897126969417,17.608897126969417,17.608897126969417,17.608897126969417,17.608897126969417,17.608897126969417,17.608897126969417,20.73940486925158,20.73940486925158,20.73940486925158,20.73940486925158,20.73940486925158,20.73940486925158,20.73940486925158,20.73940486925158,20.73940486925158,20.73940486925158,20.73940486925158,20.73940486925158,20.73940486925158,20.73940486925158,20.73940486925158,20.73940486925158,20.73940486925158,20.73940486925158,20.73940486925158,20.73940486925158,20.73940486925158,20.73940486925158,20.73940486925158,20.73940486925158,20.73940486925158,20.73940486925158,20.73940486925158,26.392961876832846,26.392961876832846,26.392961876832846,26.392961876832846,26.392961876832846,26.392961876832846,26.392961876832846,26.392961876832846,26.392961876832846,26.392961876832846,26.392961876832846,26.392961876832846,26.392961876832846,26.392961876832846,26.392961876832846,26.392961876832846,26.392961876832846,26.392961876832846,26.392961876832846,26.392961876832846,26.392961876832846,26.392961876832846,26.392961876832846,26.392961876832846,26.392961876832846,26.392961876832846,26.392961876832846,26.392961876832846,26.392961876832846,26.392961876832846,26.392961876832846,26.392961876832846,26.392961876832846,26.392961876832846,26.392961876832846,34.791252485089466,34.791252485089466,34.791252485089466,34.791252485089466,34.791252485089466,34.791252485089466,34.791252485089466,34.791252485089466,34.791252485089466,34.791252485089466,34.791252485089466,34.791252485089466,34.791252485089466],"raf":[136,11,27,34,31,138,20,16,27,29,27,131,20,16,29,36,34,37,122,9,21,38,27,143,21,16,33,38,29,145,22,17,29,38,137,13,23,35,33,135,23,17,29,55,139,11,27,42,133,14,35,32,145,21,16,33,35,137,13,22,41,34,32,42,31,33,142,23,18,37,31,146,17,27,27,140,23,16,33,42,139,21,19,44,38,32,136,14,21,30,36,31,137,28,16,30,32,30,31,29,33,83,16,16,30,34,28,28,24,31,32,29,25,29,25,33,30,25,31,33,24,26,40,27,22,28,31,27,27,32,27,26,28,41,20,28,27,29,29,34,29,26,31,27,25,32,24,37,27,30,28,28,37,19,30]}