{"time":[3.0269999999999992,3.079999999999999,3.141999999999999,3.196999999999999,3.249999999999999,3.310999999999999,3.367999999999999,3.422999999999999,3.482999999999999,3.540999999999999,3.598999999999999,3.6609999999999987,3.7179999999999986,3.7739999999999987,3.8379999999999987,3.892999999999999,3.947999999999999,4.005999999999999,4.06,4.127,4.186,4.244,4.314,4.377,4.43,4.486,4.545999999999999,4.601999999999999,4.6579999999999995,4.717999999999999,4.776999999999999,4.840999999999999,4.8999999999999995,4.959,5.016,5.075,5.133,5.19,5.251,5.304,5.359,5.419,5.476,5.532,5.592,5.648,5.709,5.768999999999999,5.8229999999999995,5.882999999999999,5.944999999999999,6.002,6.059,6.121,6.1770000000000005,6.237,6.299,6.357,6.428,6.492,6.551,6.61,6.691000000000001,6.751,6.8100000000000005,6.890000000000001,6.946000000000001,7.016000000000001,7.093000000000001,7.150000000000001,7.219000000000001,7.293000000000001,7.349000000000001,7.415000000000001,7.492000000000001,7.550000000000001,7.611000000000001,7.69,7.748,7.814,7.892,7.95,8.023,8.133,8.187999999999999,8.332999999999998,8.445999999999998,8.499999999999998,8.627999999999998,8.741999999999999,8.895,9.052999999999999,9.206999999999999,9.363999999999999,9.521999999999998,9.579999999999998,9.733999999999998,9.994999999999997,10.147999999999998,10.199999999999998,10.458999999999998,10.616999999999997,10.668999999999997,10.825999999999997,10.979999999999997,11.041999999999996,11.199999999999996,11.354999999999995,11.513999999999996,11.670999999999996,11.736999999999997,11.798999999999996,11.959999999999996,12.103999999999996,12.175999999999995,12.236999999999995,12.297999999999995,12.362999999999994,12.426999999999994,12.489999999999995,12.553999999999995,12.614999999999995,12.676999999999994,12.743999999999994,12.808999999999994,12.878999999999994,12.944999999999995],"fps":[12.512030798845043,12.512030798845043,17.142857142857142,17.142857142857142,17.142857142857142,17.142857142857142,17.142857142857142,17.142857142857142,17.142857142857142,17.142857142857142,17.142857142857142,17.142857142857142,17.142857142857142,17.142857142857142,17.142857142857142,17.142857142857142,17.142857142857142,17.142857142857142,17.142857142857142,17.142857142857142,17.24137931034483,17.24137931034483,17.24137931034483,17.24137931034483,17.24137931034483,17.24137931034483,17.24137931034483,17.24137931034483,17.24137931034483,17.24137931034483,17.24137931034483,17.24137931034483,17.24137931034483,17.24137931034483,17.24137931034483,17.24137931034483,17.24137931034483,16.932270916334662,16.932270916334662,16.932270916334662,16.932270916334662,16.932270916334662,16.932270916334662,16.932270916334662,16.932270916334662,16.932270916334662,16.932270916334662,16.932270916334662,16.932270916334662,16.932270916334662,16.932270916334662,16.932270916334662,16.932270916334662,16.932270916334662,16.932270916334662,17.17557251908397,17.17557251908397,17.17557251908397,17.17557251908397,17.17557251908397,17.17557251908397,17.17557251908397,17.17557251908397,17.17557251908397,17.17557251908397,17.17557251908397,17.17557251908397,17.17557251908397,17.17557251908397,17.17557251908397,17.17557251908397,15.165876777251185,15.165876777251185,15.165876777251185,15.165876777251185,15.165876777251185,15.165876777251185,15.165876777251185,15.165876777251185,15.165876777251185,15.165876777251185,15.165876777251185,15.165876777251185,15.165876777251185,15.165876777251185,13.461538461538462,13.461538461538462,13.461538461538462,13.461538461538462,13.461538461538462,13.461538461538462,13.461538461538462,13.461538461538462,7.751937984496124,7.751937984496124,7.751937984496124,7.751937984496124,7.751937984496124,7.751937984496124,7.751937984496124,6.39853747714808,6.39853747714808,6.39853747714808,6.39853747714808,6.39853747714808,6.39853747714808,6.39853747714808,6.39853747714808,7.5829383886255926,7.5829383886255926,7.5829383886255926,7.5829383886255926,7.5829383886255926,7.5829383886255926,7.5829383886255926,7.5829383886255926,7.5829383886255926,7.5829383886255926,7.5829383886255926,7.5829383886255926,11.516314779270633,11.516314779270633,11.516314779270633,11.516314779270633,11.516314779270633,11.516314779270633,11.516314779270633],"raf":[57,54,61,55,54,60,57,55,60,59,57,62,58,55,64,56,55,58,53,67,59,59,69,63,53,56,60,56,56,60,59,64,60,58,57,59,58,57,61,53,55,60,58,55,60,56,61,60,55,60,61,57,57,62,56,61,61,58,71,64,59,59,81,60,59,81,55,70,77,57,69,74,56,67,76,58,61,79,58,66,79,57,73,110,55,145,113,54,129,113,153,158,155,157,158,57,154,261,153,53,258,158,52,157,155,61,158,155,159,157,67,61,161,144,72,61,61,66,63,63,66,60,61,67,65,71,65]}