{"time":[5.943,7.210999999999999,7.233,7.26,7.277,7.3020000000000005,7.3260000000000005,7.343000000000001,7.370000000000001,7.399000000000001,7.520000000000001,7.545000000000002,7.586000000000002,7.626000000000002,7.663000000000002,7.700000000000002,7.743000000000002,7.779000000000002,7.818000000000001,8.128000000000002,8.165000000000003,8.181000000000003,8.211000000000002,8.247000000000002,8.283000000000001,8.319,8.354000000000001,8.39,8.425,8.457,8.536000000000001,8.565000000000001,8.583000000000002,8.620000000000003,8.656000000000002,8.692000000000002,8.732000000000001,8.769000000000002,8.805000000000001,8.891000000000002,8.915000000000001,8.934000000000001,8.974,9.009,9.046000000000001,9.079,9.115,9.208,9.231,9.259,9.298,9.335,9.374,9.41,9.448,9.507,9.530999999999999,9.562999999999999,9.601999999999999,9.640999999999998,9.678999999999998,9.716,9.755999999999998,9.788999999999998,9.863999999999997,9.881999999999998,9.914999999999997,9.948999999999998,9.989999999999998,10.027,10.068999999999999,10.097,10.138,10.182,10.215,10.246,10.281,10.316,10.353000000000002,10.392000000000001,10.430000000000001,10.467000000000002,10.504000000000003,10.538000000000004,10.579000000000004,10.615000000000004,10.653000000000004,10.688000000000004,10.730000000000004,10.769000000000004,10.808000000000003,10.842000000000004,10.885000000000003,10.924000000000003,10.960000000000003,10.999000000000002,11.033000000000003,11.074000000000003,11.111000000000004,11.150000000000004,11.187000000000005,11.225000000000005,11.264000000000005,11.301000000000005,11.342000000000006,11.378000000000005,11.415000000000006,11.450000000000006,11.485000000000007,11.524000000000006,11.557000000000006,11.599000000000006,11.638000000000005,11.675000000000006,11.714000000000006,11.751000000000007,11.787000000000006,11.828000000000007,11.865000000000007,11.902000000000008,11.939000000000009,11.978000000000009,12.016000000000009,12.05000000000001,12.08800000000001,12.12300000000001,12.15600000000001,12.19400000000001,12.23000000000001,12.26800000000001,12.32000000000001,12.347000000000008,12.382000000000009,12.420000000000009,12.45700000000001,12.503000000000009,12.578000000000008,12.598000000000008,12.625000000000007,12.686000000000007,12.777000000000006,12.797000000000006,12.825000000000006,12.907000000000007],"fps":[1.130673558391213,0.7886435331230284,0.7886435331230284,0.7886435331230284,0.7886435331230284,0.7886435331230284,0.7886435331230284,0.7886435331230284,0.7886435331230284,0.7886435331230284,0.7886435331230284,0.7886435331230284,0.7886435331230284,0.7886435331230284,0.7886435331230284,0.7886435331230284,0.7886435331230284,0.7886435331230284,0.7886435331230284,0.7886435331230284,0.7886435331230284,0.7886435331230284,0.7886435331230284,21.235521235521237,21.235521235521237,21.235521235521237,21.235521235521237,21.235521235521237,21.235521235521237,21.235521235521237,21.235521235521237,21.235521235521237,21.235521235521237,21.235521235521237,21.235521235521237,21.235521235521237,21.235521235521237,21.235521235521237,21.235521235521237,21.235521235521237,21.235521235521237,21.235521235521237,21.235521235521237,21.235521235521237,21.235521235521237,21.235521235521237,21.235521235521237,21.235521235521237,21.235521235521237,25.666337611056267,25.666337611056267,25.666337611056267,25.666337611056267,25.666337611056267,25.666337611056267,25.666337611056267,25.666337611056267,25.666337611056267,25.666337611056267,25.666337611056267,25.666337611056267,25.666337611056267,25.666337611056267,25.666337611056267,25.666337611056267,25.666337611056267,25.666337611056267,25.666337611056267,25.666337611056267,25.666337611056267,25.666337611056267,25.666337611056267,25.666337611056267,25.666337611056267,25.666337611056267,25.666337611056267,26.44466209598433,26.44466209598433,26.44466209598433,26.44466209598433,26.44466209598433,26.44466209598433,26.44466209598433,26.44466209598433,26.44466209598433,26.44466209598433,26.44466209598433,26.44466209598433,26.44466209598433,26.44466209598433,26.44466209598433,26.44466209598433,26.44466209598433,26.44466209598433,26.44466209598433,26.44466209598433,26.44466209598433,26.44466209598433,26.44466209598433,26.44466209598433,26.44466209598433,26.44466209598433,26.44466209598433,26.470588235294116,26.470588235294116,26.470588235294116,26.470588235294116,26.470588235294116,26.470588235294116,26.470588235294116,26.470588235294116,26.470588235294116,26.470588235294116,26.470588235294116,26.470588235294116,26.470588235294116,26.470588235294116,26.470588235294116,26.470588235294116,26.470588235294116,26.470588235294116,26.470588235294116,26.470588235294116,26.470588235294116,26.470588235294116,26.470588235294116,26.470588235294116,26.470588235294116,26.470588235294116,26.470588235294116,26.470588235294116,26.470588235294116,26.470588235294116,26.470588235294116,26.470588235294116,26.470588235294116,26.470588235294116,26.470588235294116,26.470588235294116,26.470588235294116,26.470588235294116,26.470588235294116,26.470588235294116,26.470588235294116],"raf":[5942,1268,22,27,17,27,22,17,27,29,122,24,41,40,37,37,43,36,39,311,36,16,30,36,36,36,37,34,36,32,78,29,18,37,36,36,40,37,37,85,24,19,40,35,37,33,36,93,23,29,38,38,38,36,38,59,24,32,39,39,39,37,39,33,76,17,34,33,41,37,42,29,40,44,33,31,35,35,37,39,38,37,37,34,41,37,37,36,41,39,39,34,43,39,37,39,33,41,37,40,36,39,38,37,41,36,37,35,36,38,33,42,40,36,39,38,35,41,37,37,37,39,39,33,38,35,33,38,36,39,52,26,35,38,38,45,75,20,27,61,91,20,28,82]}