{"time":[3.4619999999999997,3.8179999999999996,3.8759999999999994,3.9389999999999996,4.0089999999999995,4.082999999999999,4.145999999999999,4.218999999999999,4.284999999999999,4.353999999999999,4.419,4.492,4.562,4.634,4.71,4.779,4.859,4.928,5.007,5.08,5.383,5.521,5.5889999999999995,5.661,5.728,5.803,5.903,6.005,6.077,6.155,6.226,6.3,6.3759999999999994,6.449,6.529,6.612,6.686,6.765,6.845,6.9319999999999995,7.029,7.099,7.178,7.257,7.327999999999999,7.411999999999999,7.484999999999999,7.561999999999999,7.635999999999999,7.714999999999999,7.787999999999999,7.866,7.944,8.017,8.094999999999999,8.178999999999998,8.256999999999998,8.331999999999997,8.408999999999997,8.480999999999996,8.569999999999997,8.648999999999997,8.728999999999997,8.811999999999998,8.885999999999997,8.963999999999997,9.038999999999996,9.120999999999997,9.196999999999997,9.276999999999997,9.352999999999998,9.430999999999997,9.510999999999997,9.584999999999997,9.665999999999997,9.742999999999997,9.823999999999996,9.899999999999997,9.982999999999997,10.061999999999998,10.143999999999998,10.229999999999999,10.315999999999999,10.405,10.484,10.584,10.677999999999999,10.758999999999999,10.834999999999999,10.933,11.012,11.098,11.195,11.278,11.369,11.452,11.554,11.644,11.73,11.823,11.962,12.119,12.253,12.399000000000001,12.557,12.831],"fps":[1.2048192771084338,1.2048192771084338,1.2048192771084338,1.2048192771084338,1.2048192771084338,1.2048192771084338,1.2048192771084338,1.2048192771084338,1.2048192771084338,1.2048192771084338,1.2048192771084338,10.689990281827017,10.689990281827017,10.689990281827017,10.689990281827017,10.689990281827017,10.689990281827017,10.689990281827017,10.689990281827017,10.689990281827017,10.689990281827017,9.718172983479105,9.718172983479105,9.718172983479105,9.718172983479105,9.718172983479105,9.718172983479105,9.718172983479105,9.718172983479105,9.718172983479105,9.718172983479105,9.718172983479105,9.718172983479105,9.718172983479105,12.896825396825397,12.896825396825397,12.896825396825397,12.896825396825397,12.896825396825397,12.896825396825397,12.896825396825397,12.896825396825397,12.896825396825397,12.896825396825397,12.896825396825397,12.896825396825397,12.896825396825397,12.584704743465634,12.584704743465634,12.584704743465634,12.584704743465634,12.584704743465634,12.584704743465634,12.584704743465634,12.584704743465634,12.584704743465634,12.584704743465634,12.584704743465634,12.584704743465634,12.584704743465634,12.896825396825397,12.896825396825397,12.896825396825397,12.896825396825397,12.896825396825397,12.896825396825397,12.896825396825397,12.896825396825397,12.896825396825397,12.896825396825397,12.896825396825397,12.896825396825397,12.896825396825397,12.807881773399014,12.807881773399014,12.807881773399014,12.807881773399014,12.807881773399014,12.807881773399014,12.807881773399014,12.807881773399014,12.807881773399014,12.807881773399014,12.807881773399014,12.807881773399014,12.807881773399014,11.893870082342177,11.893870082342177,11.893870082342177,11.893870082342177,11.893870082342177,11.893870082342177,11.893870082342177,11.893870082342177,11.893870082342177,11.893870082342177,11.893870082342177,11.893870082342177,11.406844106463879,11.406844106463879,11.406844106463879,11.406844106463879,11.406844106463879,11.406844106463879,11.406844106463879,6.357856494096276],"raf":[2333,355,58,63,71,73,63,73,66,69,66,72,70,73,75,70,79,69,79,73,303,138,68,72,67,75,100,102,73,77,71,75,75,73,80,83,74,79,80,87,97,71,78,79,71,84,73,77,75,78,74,77,79,73,77,84,78,75,78,71,89,79,80,83,74,78,76,82,75,80,76,78,80,74,81,77,82,75,83,80,81,87,85,90,78,100,94,81,76,98,79,86,97,84,90,83,102,90,86,94,138,157,134,146,158,274]}