{"time":[3.183,3.3579999999999997,3.5289999999999995,3.8019999999999996,3.8669999999999995,4.039,4.1049999999999995,4.377999999999999,4.4719999999999995,4.542,4.6129999999999995,4.686,4.773,4.85,4.9319999999999995,5.002999999999999,5.095999999999999,5.170999999999999,5.249999999999999,5.332999999999999,5.432999999999999,5.503999999999999,5.590999999999998,5.685999999999998,5.781999999999998,5.860999999999998,5.931999999999998,6.021999999999998,6.0989999999999975,6.185999999999997,6.280999999999997,6.419999999999997,6.543999999999997,6.671999999999997,6.810999999999997,6.963999999999997,7.1249999999999964,7.190999999999996,7.370999999999996,7.448999999999996,7.621999999999996,7.690999999999996,7.9629999999999965,8.133999999999997,8.199999999999998,8.265999999999998,8.634999999999998,8.714999999999998,9.186999999999998,9.363999999999997,9.651999999999997,9.933999999999997,10.118999999999998,10.300999999999998,10.383999999999999,10.668,10.841999999999999,11.012999999999998,11.083999999999998,11.354999999999999,11.524999999999999,11.697999999999999,11.867999999999999,12.04,12.312,12.479999999999999,12.649,12.822],"fps":[6.930693069306931,6.930693069306931,6.930693069306931,6.930693069306931,6.930693069306931,6.930693069306931,6.930693069306931,5.857740585774058,5.857740585774058,5.857740585774058,5.857740585774058,5.857740585774058,5.857740585774058,5.857740585774058,5.857740585774058,5.857740585774058,5.857740585774058,5.857740585774058,5.857740585774058,5.857740585774058,12.322274881516588,12.322274881516588,12.322274881516588,12.322274881516588,12.322274881516588,12.322274881516588,12.322274881516588,12.322274881516588,12.322274881516588,12.322274881516588,12.322274881516588,12.322274881516588,10.801080108010801,10.801080108010801,10.801080108010801,10.801080108010801,10.801080108010801,10.801080108010801,10.801080108010801,10.801080108010801,7.421150278293135,7.421150278293135,7.421150278293135,7.421150278293135,7.421150278293135,7.421150278293135,5.9171597633136095,5.9171597633136095,5.9171597633136095,5.9171597633136095,3.937007874015748,3.937007874015748,3.937007874015748,3.937007874015748,3.937007874015748,4.921259842519685,4.921259842519685,4.921259842519685,4.921259842519685,4.921259842519685,4.921259842519685,5.825242718446602,5.825242718446602,5.825242718446602,5.825242718446602,5.825242718446602,5.825242718446602,5.338078291814947],"raf":[187,176,170,273,65,172,67,272,94,70,72,72,87,77,82,71,94,74,79,84,99,71,87,95,96,79,71,90,77,88,94,140,123,129,138,154,160,67,180,77,173,69,273,170,66,66,370,79,472,177,288,282,186,182,82,284,174,171,71,271,170,173,171,171,273,167,169,173]}