{"time":[3.0179999999999993,3.0549999999999993,3.164999999999999,3.293999999999999,3.310999999999999,3.335999999999999,3.387999999999999,3.495999999999999,3.6319999999999992,3.6439999999999992,3.677999999999999,3.722999999999999,3.830999999999999,3.970999999999999,3.9939999999999993,4.012999999999999,4.059999999999999,4.269999999999999,4.293999999999999,4.315999999999999,4.357999999999999,4.466999999999999,4.607999999999999,4.626999999999999,4.648999999999999,4.694999999999999,4.904999999999999,4.927999999999999,4.949999999999999,4.989999999999999,5.097999999999999,5.239999999999999,5.260999999999999,5.284999999999999,5.331999999999999,5.444999999999999,5.5809999999999995,5.593999999999999,5.627999999999999,5.672999999999999,5.794999999999999,5.830999999999999,5.8679999999999986,5.909999999999998,5.940999999999998,5.972999999999998,6.004999999999998,6.032999999999998,6.0589999999999975,6.086999999999997,6.110999999999997,6.1439999999999975,6.1599999999999975,6.189999999999998,6.2079999999999975,6.237999999999998,6.259999999999998,6.292999999999998,6.310999999999998,6.334999999999998,6.3599999999999985,6.393999999999998,6.426999999999999,6.443999999999999,6.466999999999999,6.493999999999999,6.5139999999999985,6.535999999999999,6.565999999999999,6.590999999999999,6.609999999999999,6.643,6.662999999999999,6.6979999999999995,6.726999999999999,6.7459999999999996,6.760999999999999,6.789999999999999,6.815999999999999,6.834999999999999,6.857999999999999,6.886999999999999,6.914999999999998,6.9369999999999985,6.957999999999998,6.986999999999998,7.009999999999998,7.043999999999998,7.059999999999998,7.087999999999997,7.110999999999997,7.136999999999997,7.157999999999997,7.183999999999997,7.207999999999997,7.2289999999999965,7.256999999999996,7.278999999999996,7.311999999999997,7.327999999999997,7.354999999999997,7.375999999999997,7.400999999999997,7.423999999999997,7.449999999999997,7.471999999999997,7.495999999999997,7.520999999999997,7.541999999999997,7.5669999999999975,7.591999999999998,7.612999999999998],"fps":[14.177693761814744,14.177693761814744,14.177693761814744,14.177693761814744,14.177693761814744,14.177693761814744,14.177693761814744,14.177693761814744,14.177693761814744,14.177693761814744,14.177693761814744,14.177693761814744,14.177693761814744,14.177693761814744,15.670910871694417,15.670910871694417,15.670910871694417,15.670910871694417,15.670910871694417,15.670910871694417,15.670910871694417,15.670910871694417,15.670910871694417,15.670910871694417,15.670910871694417,15.670910871694417,15.670910871694417,15.670910871694417,15.670910871694417,15.670910871694417,14.492753623188406,14.492753623188406,14.492753623188406,14.492753623188406,14.492753623188406,14.492753623188406,14.492753623188406,14.492753623188406,14.492753623188406,14.492753623188406,14.492753623188406,14.492753623188406,14.492753623188406,14.492753623188406,14.492753623188406,14.492753623188406,14.492753623188406,14.492753623188406,14.492753623188406,14.492753623188406,19.743336623889437,19.743336623889437,19.743336623889437,19.743336623889437,19.743336623889437,19.743336623889437,19.743336623889437,19.743336623889437,19.743336623889437,19.743336623889437,19.743336623889437,19.743336623889437,19.743336623889437,19.743336623889437,19.743336623889437,19.743336623889437,19.743336623889437,19.743336623889437,19.743336623889437,19.743336623889437,19.743336623889437,19.743336623889437,19.743336623889437,19.743336623889437,19.743336623889437,19.743336623889437,19.743336623889437,19.743336623889437,19.743336623889437,19.743336623889437,19.743336623889437,19.743336623889437,19.743336623889437,19.743336623889437,19.743336623889437,19.743336623889437,19.743336623889437,19.743336623889437,19.743336623889437,19.743336623889437,19.743336623889437,39.96101364522417,39.96101364522417,39.96101364522417,39.96101364522417,39.96101364522417,39.96101364522417,39.96101364522417,39.96101364522417,39.96101364522417,39.96101364522417,39.96101364522417,39.96101364522417,39.96101364522417,39.96101364522417,39.96101364522417,39.96101364522417,39.96101364522417,39.96101364522417,39.96101364522417,39.96101364522417,39.96101364522417],"raf":[25,36,110,129,17,25,52,109,135,12,35,44,108,140,23,19,47,210,24,23,42,109,140,19,22,46,210,23,22,41,107,142,21,24,47,114,135,13,35,44,123,36,36,42,31,32,33,27,26,28,24,33,17,29,18,30,23,33,17,25,25,33,33,17,23,27,20,22,30,25,19,34,20,35,28,20,14,29,26,19,23,29,29,21,22,28,23,34,16,28,23,26,21,26,24,21,28,22,33,16,27,21,25,23,26,22,25,24,21,25,25,21]}