{"time":[3.8280000000000003,3.8400000000000003,3.886,3.934,3.975,4.0200000000000005,4.0600000000000005,4.099,4.135,4.170999999999999,4.209,4.244999999999999,4.278,4.303999999999999,4.339999999999999,4.368999999999999,4.4049999999999985,4.432999999999998,4.465999999999998,4.495999999999999,4.525999999999999,4.555999999999999,4.583999999999999,4.624999999999999,4.6499999999999995,4.667,4.6899999999999995,4.720999999999999,4.754999999999999,4.783999999999999,4.800999999999999,4.818,4.845,4.8709999999999996,4.904,4.934,4.9510000000000005,4.977,5.003,5.042,5.067,5.088,5.113,5.140000000000001,5.1770000000000005,5.2,5.2250000000000005,5.252000000000001,5.279000000000001,5.3100000000000005,5.339,5.377000000000001,5.4,5.424,5.454000000000001,5.4830000000000005,5.513000000000001,5.542000000000001,5.57,5.603000000000001,5.639,5.667,5.686,5.721,5.748,5.779,5.81,5.835,5.867,5.906,5.933,5.95,5.9830000000000005,6.0120000000000005,6.042000000000001,6.069000000000001,6.1240000000000006,6.15,6.167000000000001,6.211,6.238,6.335000000000001,6.3500000000000005,6.375000000000001,6.439000000000001,6.495000000000001,6.516000000000001,6.534000000000001,6.614000000000001,6.642,6.735,6.8500000000000005,6.8660000000000005,6.885000000000001,7.098000000000001,7.1160000000000005,7.133000000000001,7.244000000000001,7.271000000000001,7.482000000000001,7.500000000000001,7.5200000000000005,7.7330000000000005,7.750000000000001,7.769000000000001,7.884000000000001,8.011000000000001,8.033000000000001,8.143,8.153,8.178,8.288,8.413,8.434000000000001,8.450000000000001,8.56,8.681000000000001,8.700000000000001,8.717,8.927000000000001,8.950000000000001,8.966000000000001,9.079,9.105,9.186,9.199,9.227,9.258000000000001,9.287,9.316,9.345,9.383000000000001,9.412,9.441,9.468,9.502,9.532,9.562,9.588999999999999,9.621999999999998,9.653999999999998,9.687999999999999,9.716,9.745,9.779,9.811,9.84,9.868,9.9,9.933,9.956999999999999,9.994,10.023,10.052,10.087,10.116,10.145999999999999,10.172999999999998,10.206999999999999,10.236999999999998,10.263999999999998,10.298999999999998,10.328999999999997,10.359999999999998,10.389999999999997,10.420999999999998,10.447999999999997,10.484999999999998,10.515999999999998],"fps":[3.1874818893074472,3.1874818893074472,3.1874818893074472,3.1874818893074472,3.1874818893074472,3.1874818893074472,3.1874818893074472,3.1874818893074472,3.1874818893074472,3.1874818893074472,3.1874818893074472,3.1874818893074472,3.1874818893074472,3.1874818893074472,3.1874818893074472,3.1874818893074472,3.1874818893074472,3.1874818893074472,3.1874818893074472,3.1874818893074472,3.1874818893074472,3.1874818893074472,3.1874818893074472,3.1874818893074472,3.1874818893074472,3.1874818893074472,3.1874818893074472,3.1874818893074472,3.1874818893074472,3.1874818893074472,3.1874818893074472,3.1874818893074472,31.465093411996065,31.465093411996065,31.465093411996065,31.465093411996065,31.465093411996065,31.465093411996065,31.465093411996065,31.465093411996065,31.465093411996065,31.465093411996065,31.465093411996065,31.465093411996065,31.465093411996065,31.465093411996065,31.465093411996065,31.465093411996065,31.465093411996065,31.465093411996065,31.465093411996065,31.465093411996065,31.465093411996065,31.465093411996065,31.465093411996065,31.465093411996065,31.465093411996065,31.465093411996065,31.465093411996065,31.465093411996065,31.465093411996065,31.465093411996065,31.465093411996065,31.465093411996065,31.465093411996065,31.465093411996065,31.465093411996065,31.465093411996065,35.22504892367906,35.22504892367906,35.22504892367906,35.22504892367906,35.22504892367906,35.22504892367906,35.22504892367906,35.22504892367906,35.22504892367906,35.22504892367906,35.22504892367906,35.22504892367906,35.22504892367906,35.22504892367906,35.22504892367906,35.22504892367906,35.22504892367906,35.22504892367906,35.22504892367906,35.22504892367906,35.22504892367906,35.22504892367906,35.22504892367906,35.22504892367906,35.22504892367906,24.557956777996072,24.557956777996072,24.557956777996072,24.557956777996072,24.557956777996072,24.557956777996072,24.557956777996072,24.557956777996072,24.557956777996072,24.557956777996072,24.557956777996072,24.557956777996072,24.557956777996072,11.545293072824157,11.545293072824157,11.545293072824157,11.545293072824157,11.545293072824157,11.545293072824157,11.545293072824157,11.545293072824157,11.545293072824157,11.545293072824157,11.545293072824157,11.545293072824157,11.545293072824157,11.545293072824157,11.545293072824157,11.545293072824157,14.9812734082397,14.9812734082397,14.9812734082397,14.9812734082397,14.9812734082397,14.9812734082397,14.9812734082397,14.9812734082397,14.9812734082397,14.9812734082397,14.9812734082397,14.9812734082397,14.9812734082397,14.9812734082397,14.9812734082397,14.9812734082397,14.9812734082397,14.9812734082397,14.9812734082397,14.9812734082397,14.9812734082397,14.9812734082397,14.9812734082397,14.9812734082397,14.9812734082397,14.9812734082397,14.9812734082397,14.9812734082397,14.9812734082397,14.9812734082397,14.9812734082397,14.9812734082397,31.746031746031747,31.746031746031747,31.746031746031747,31.746031746031747,31.746031746031747,31.746031746031747,31.746031746031747,31.746031746031747,31.746031746031747,31.746031746031747,31.746031746031747,31.746031746031747,31.746031746031747,31.746031746031747,31.746031746031747],"raf":[3193,12,46,48,41,46,39,39,37,35,39,35,33,27,35,30,35,29,33,30,30,29,28,41,25,17,24,31,33,29,17,17,27,26,33,30,17,26,26,40,25,20,25,27,37,23,26,26,28,30,29,38,23,24,30,29,30,30,28,32,36,28,19,35,27,32,30,25,32,39,27,17,33,29,30,28,54,26,17,44,27,97,16,24,64,56,22,17,81,27,93,115,17,18,213,18,17,111,28,210,18,20,213,17,20,114,127,22,110,10,25,110,125,21,16,110,121,19,17,211,22,17,112,26,81,13,28,31,29,31,27,38,29,29,27,34,30,30,27,33,32,34,28,29,35,31,30,27,32,34,23,37,29,29,35,29,30,27,34,31,26,35,30,31,29,31,27,37,32]}