{"time":[3.008,3.2439999999999998,3.4819999999999998,3.7199999999999998,3.9559999999999995,4.1899999999999995,4.425,4.657,4.703,4.795,4.8469999999999995,4.903,4.9479999999999995,4.991,5.0489999999999995,5.085999999999999,5.1259999999999994,5.164,5.202,5.242,5.282,5.323,5.372000000000001,5.420000000000001,5.462000000000001,5.506,5.55,5.593999999999999,5.637999999999999,5.685999999999999,5.730999999999999,5.776999999999999,5.821999999999999,5.869999999999999,5.914999999999999,5.975999999999999,6.037999999999999,6.085999999999999,6.137,6.1899999999999995,6.236,10.417,10.664,10.7,10.735999999999999,10.775999999999998,10.816999999999998,10.860999999999999,10.902,10.943999999999999,10.989999999999998,11.036999999999999,11.085999999999999,11.129999999999999,11.174,11.218,11.27,11.317,11.364,11.408000000000001,11.455000000000002,11.501000000000001,11.549000000000001,11.598,11.646,11.693000000000001,11.739,11.786000000000001,11.836000000000002,11.904000000000002,11.956000000000001,12.007000000000001,12.057000000000002,12.109000000000002,12.156000000000002,12.203000000000003,12.252000000000002,12.305000000000003,12.373000000000003,12.420000000000003,12.469000000000003,12.519000000000004,12.567000000000004,12.616000000000003,12.665000000000003,12.713000000000003,12.763000000000003,12.811000000000003,12.858000000000004,12.916000000000004,12.963000000000005],"fps":[6.9384215091066785,4.219409282700422,4.219409282700422,4.219409282700422,4.219409282700422,4.219409282700422,4.237288135593221,4.237288135593221,4.237288135593221,4.237288135593221,4.237288135593221,4.237288135593221,4.237288135593221,4.237288135593221,4.237288135593221,4.237288135593221,4.237288135593221,4.237288135593221,4.237288135593221,4.237288135593221,4.237288135593221,4.237288135593221,4.237288135593221,4.237288135593221,17.341040462427745,17.341040462427745,17.341040462427745,17.341040462427745,17.341040462427745,17.341040462427745,17.341040462427745,17.341040462427745,17.341040462427745,17.341040462427745,17.341040462427745,17.341040462427745,17.341040462427745,17.341040462427745,17.341040462427745,17.341040462427745,17.341040462427745,3.431570448122729,3.431570448122729,3.431570448122729,3.431570448122729,3.431570448122729,3.431570448122729,3.431570448122729,3.431570448122729,3.431570448122729,3.431570448122729,3.431570448122729,3.431570448122729,3.431570448122729,3.431570448122729,3.431570448122729,3.431570448122729,3.431570448122729,3.431570448122729,3.431570448122729,18.304431599229286,18.304431599229286,18.304431599229286,18.304431599229286,18.304431599229286,18.304431599229286,18.304431599229286,18.304431599229286,18.304431599229286,18.304431599229286,18.304431599229286,18.304431599229286,18.304431599229286,18.304431599229286,18.304431599229286,18.304431599229286,18.304431599229286,18.304431599229286,18.304431599229286,18.304431599229286,19.723865877712033,19.723865877712033,19.723865877712033,19.723865877712033,19.723865877712033,19.723865877712033,19.723865877712033,19.723865877712033,19.723865877712033,19.723865877712033,19.723865877712033],"raf":[236,237,237,238,236,234,235,232,46,92,53,55,45,43,58,38,39,39,37,40,40,41,49,48,43,43,45,43,44,48,45,46,46,47,45,61,62,48,52,52,47,4180,247,36,37,39,41,44,41,43,45,48,48,44,44,44,52,47,47,45,46,46,48,49,48,47,46,47,50,68,52,51,50,52,47,48,48,53,68,47,49,50,48,50,48,49,49,48,48,57,47]}