{"time":[3.2189999999999994,3.4819999999999993,3.8439999999999994,4.204,4.568,4.927,5.095999999999999,5.155999999999999,5.225999999999999,5.291999999999999,5.369999999999999,5.446999999999999,5.526999999999999,5.598999999999999,5.670999999999999,5.7459999999999996,5.827,5.901,5.976999999999999,6.052,6.1419999999999995,6.22,6.297,6.377,6.452,6.542,6.629,6.699999999999999,6.779999999999999,12.422,12.566,12.714,12.846],"fps":[3.428927680798005,3.787878787878788,3.787878787878788,3.787878787878788,2.7624309392265194,2.7624309392265194,2.7624309392265194,2.7624309392265194,2.7624309392265194,2.7624309392265194,2.7624309392265194,2.7624309392265194,2.7624309392265194,8.729388942774007,8.729388942774007,8.729388942774007,8.729388942774007,8.729388942774007,8.729388942774007,8.729388942774007,8.729388942774007,8.729388942774007,8.729388942774007,8.729388942774007,8.729388942774007,8.729388942774007,12.62135922330097,12.62135922330097,12.62135922330097,0.5177770107007249,0.5177770107007249,0.5177770107007249,0.5177770107007249],"raf":[361,263,362,360,364,359,169,60,71,65,79,76,80,72,72,75,81,74,77,74,90,78,77,80,76,89,87,72,79,5643,143,148,132]}