{"time":[3.787,3.8329999999999997,3.8669999999999995,3.9129999999999994,3.9609999999999994,4.005999999999999,4.044999999999999,4.081999999999999,4.122999999999999,4.162999999999999,4.204,4.242999999999999,4.286999999999999,4.327999999999999,4.369999999999999,4.4159999999999995,4.462,4.508,4.557,4.601,4.646,4.693,4.7379999999999995,4.786,4.835999999999999,4.882999999999999,4.9319999999999995,4.981,5.028,5.076,5.125,5.169,5.215999999999999,5.858,5.933,5.975,6.013999999999999,6.053999999999999,6.097999999999999,6.150999999999999,6.257999999999999,6.3549999999999995,6.398999999999999,6.444999999999999,6.489999999999999,6.534999999999999,6.582999999999999,6.691999999999999,6.789,6.8389999999999995,6.885,6.931,6.977,7.026000000000001,7.073,7.12,7.166,7.216,7.407,7.465,7.512,7.555999999999999,7.601999999999999,7.648,7.696,7.745,7.791,7.840000000000001,7.888000000000001,7.937000000000001,7.985000000000001,8.032000000000002,8.079000000000002,8.128000000000002,8.176000000000002,8.224000000000002,8.271000000000003,8.319000000000003,8.366000000000003,8.418000000000003,8.469000000000003,8.521000000000003,8.569000000000003,8.617000000000003,8.666000000000002,8.715000000000002,8.767000000000001,8.818000000000001,8.866000000000001,8.916000000000002,8.965000000000002,9.015000000000002,9.064000000000002,9.114000000000003,9.163000000000002,9.212000000000002,9.261000000000001,9.31,9.362,9.414,9.465,9.516,9.569,9.622000000000002,9.671000000000001,9.721000000000002,9.771000000000003,9.825000000000003,9.875000000000004,9.927000000000003,9.977000000000004,10.030000000000005,10.082000000000004,10.140000000000004,10.196000000000003,10.251000000000003,10.308000000000003,10.363000000000003,10.427000000000003,10.484000000000004,10.550000000000004,10.615000000000004,10.671000000000003,10.737000000000004,10.799000000000003,10.853000000000003,10.918000000000003,10.982000000000003,11.040000000000003,11.106000000000003,11.166000000000004,11.225000000000003,11.290000000000003,11.349000000000002,11.403000000000002,11.467000000000002,11.532000000000002,11.588000000000001,11.652000000000001,11.715000000000002,11.782000000000002,11.842000000000002,11.915000000000003,12.029000000000003,12.177000000000003,12.286000000000003,12.400000000000004,12.612000000000004,12.866000000000003],"fps":[2.552105487026797,2.552105487026797,2.552105487026797,2.552105487026797,2.552105487026797,2.552105487026797,2.552105487026797,2.552105487026797,2.552105487026797,2.552105487026797,2.552105487026797,2.552105487026797,2.552105487026797,2.552105487026797,2.552105487026797,2.552105487026797,2.552105487026797,2.552105487026797,2.552105487026797,2.552105487026797,2.552105487026797,2.552105487026797,2.552105487026797,2.552105487026797,22.8789323164919,22.8789323164919,22.8789323164919,22.8789323164919,22.8789323164919,22.8789323164919,22.8789323164919,22.8789323164919,22.8789323164919,8.806262230919765,8.806262230919765,8.806262230919765,8.806262230919765,8.806262230919765,8.806262230919765,8.806262230919765,8.806262230919765,8.806262230919765,8.806262230919765,8.806262230919765,8.806262230919765,8.806262230919765,8.806262230919765,8.806262230919765,8.806262230919765,8.806262230919765,16.553067185978577,16.553067185978577,16.553067185978577,16.553067185978577,16.553067185978577,16.553067185978577,16.553067185978577,16.553067185978577,16.553067185978577,16.553067185978577,16.553067185978577,16.553067185978577,16.553067185978577,16.553067185978577,16.553067185978577,16.553067185978577,16.553067185978577,16.553067185978577,17.94616151545364,17.94616151545364,17.94616151545364,17.94616151545364,17.94616151545364,17.94616151545364,17.94616151545364,17.94616151545364,17.94616151545364,17.94616151545364,17.94616151545364,17.94616151545364,17.94616151545364,17.94616151545364,17.94616151545364,17.94616151545364,17.94616151545364,17.94616151545364,17.94616151545364,17.94616151545364,17.94616151545364,20.428015564202333,20.428015564202333,20.428015564202333,20.428015564202333,20.428015564202333,20.428015564202333,20.428015564202333,20.428015564202333,20.428015564202333,20.428015564202333,20.428015564202333,20.428015564202333,20.428015564202333,20.428015564202333,20.428015564202333,20.428015564202333,20.428015564202333,20.428015564202333,20.428015564202333,20.428015564202333,19.76284584980237,19.76284584980237,19.76284584980237,19.76284584980237,19.76284584980237,19.76284584980237,19.76284584980237,19.76284584980237,19.76284584980237,19.76284584980237,19.76284584980237,19.76284584980237,19.76284584980237,19.76284584980237,19.76284584980237,19.76284584980237,19.76284584980237,19.76284584980237,17.077798861480076,17.077798861480076,17.077798861480076,17.077798861480076,17.077798861480076,17.077798861480076,17.077798861480076,17.077798861480076,17.077798861480076,17.077798861480076,17.077798861480076,17.077798861480076,17.077798861480076,17.077798861480076,17.077798861480076,17.077798861480076,15.281757402101242,15.281757402101242,15.281757402101242,15.281757402101242,15.281757402101242,15.281757402101242],"raf":[2068,46,34,47,47,45,39,37,41,40,41,39,44,42,42,45,46,46,49,45,44,48,44,49,49,47,49,49,47,48,49,45,46,642,75,42,39,41,43,53,107,97,45,45,45,45,48,109,97,50,46,47,45,49,47,47,46,50,192,57,48,43,47,45,48,49,47,48,48,50,47,47,47,49,48,48,47,49,47,51,52,51,48,48,49,49,52,51,48,50,50,49,50,49,49,49,49,49,52,52,51,51,53,53,49,50,50,54,51,52,50,52,53,57,56,56,56,56,63,57,66,66,55,66,62,54,65,64,58,67,59,59,65,59,54,64,66,56,63,63,67,60,73,114,148,110,113,214,252]}