{"time":[5.458,6.604,6.6370000000000005,6.674,6.71,6.74,6.757000000000001,6.783,6.899,6.944,7.004,7.061999999999999,7.122999999999999,7.180999999999999,7.238999999999999,7.292999999999999,7.347999999999999,7.399999999999999,7.456999999999999,7.693999999999999,7.723999999999999,7.757999999999999,7.811999999999999,7.863999999999999,7.916999999999999,7.969999999999999,8.023,8.089,8.13,8.187000000000001,8.239,8.292000000000002,8.346000000000002,8.401000000000002,8.451000000000002,8.508000000000003,8.563000000000002,8.619000000000002,8.669000000000002,8.721000000000002,8.773000000000001,8.826000000000002,8.880000000000003,8.932000000000002,8.985000000000003,9.036000000000003,9.094000000000003,9.150000000000002,9.202000000000002,9.255000000000003,9.308000000000003,9.359000000000004,9.411000000000003,9.462000000000003,9.513000000000003,9.566000000000004,9.621000000000004,9.674000000000005,9.726000000000004,9.775000000000004,9.828000000000005,9.880000000000004,9.930000000000005,9.983000000000006,10.035000000000005,10.088000000000006,10.141000000000007,10.197000000000006,10.248000000000006,10.301000000000007,10.355000000000008,10.409000000000008,10.462000000000009,10.510000000000009,10.559000000000008,10.612000000000009,10.66200000000001,10.71300000000001,10.77500000000001,10.82000000000001,10.87300000000001,10.92600000000001,10.980000000000011,11.03500000000001,11.086000000000011,11.140000000000011,11.191000000000011,11.242000000000012,11.297000000000011,11.350000000000012,11.406000000000011,11.459000000000012,11.512000000000013,11.567000000000013,11.615000000000013,11.668000000000013,11.719000000000014,11.772000000000014,11.824000000000014,11.882000000000014,11.937000000000014,11.988000000000014,12.038000000000014,12.091000000000015,12.143000000000015,12.194000000000015,12.248000000000015,12.302000000000016,12.359000000000016,12.422000000000017,12.466000000000017,12.527000000000017,12.590000000000018,12.640000000000018,12.685000000000018,12.739000000000019,12.806000000000019,12.85600000000002,12.89800000000002,12.96200000000002],"fps":[1.052262364082778,0.8726003490401396,0.8726003490401396,0.8726003490401396,0.8726003490401396,0.8726003490401396,0.8726003490401396,0.8726003490401396,0.8726003490401396,0.8726003490401396,0.8726003490401396,0.8726003490401396,0.8726003490401396,0.8726003490401396,0.8726003490401396,0.8726003490401396,0.8726003490401396,0.8726003490401396,0.8726003490401396,16.513761467889907,16.513761467889907,16.513761467889907,16.513761467889907,16.513761467889907,16.513761467889907,16.513761467889907,16.513761467889907,16.513761467889907,16.513761467889907,16.513761467889907,16.513761467889907,16.513761467889907,16.513761467889907,16.513761467889907,16.513761467889907,16.513761467889907,16.513761467889907,16.513761467889907,16.513761467889907,19.474196689386563,19.474196689386563,19.474196689386563,19.474196689386563,19.474196689386563,19.474196689386563,19.474196689386563,19.474196689386563,19.474196689386563,19.474196689386563,19.474196689386563,19.474196689386563,19.474196689386563,19.474196689386563,19.474196689386563,19.474196689386563,19.474196689386563,19.474196689386563,19.474196689386563,18.90547263681592,18.90547263681592,18.90547263681592,18.90547263681592,18.90547263681592,18.90547263681592,18.90547263681592,18.90547263681592,18.90547263681592,18.90547263681592,18.90547263681592,18.90547263681592,18.90547263681592,18.90547263681592,18.90547263681592,18.90547263681592,18.90547263681592,18.90547263681592,18.90547263681592,18.90547263681592,19.065776930409914,19.065776930409914,19.065776930409914,19.065776930409914,19.065776930409914,19.065776930409914,19.065776930409914,19.065776930409914,19.065776930409914,19.065776930409914,19.065776930409914,19.065776930409914,19.065776930409914,19.065776930409914,19.065776930409914,19.065776930409914,19.065776930409914,19.065776930409914,19.065776930409914,19.065776930409914,19.047619047619047,19.047619047619047,19.047619047619047,19.047619047619047,19.047619047619047,19.047619047619047,19.047619047619047,19.047619047619047,19.047619047619047,19.047619047619047,19.047619047619047,19.047619047619047,19.047619047619047,19.047619047619047,19.047619047619047,19.047619047619047,19.047619047619047,19.047619047619047,19.047619047619047,18.42870999030068,18.42870999030068,18.42870999030068],"raf":[5457,1146,34,36,36,31,16,26,117,44,59,59,61,57,59,54,55,51,58,236,30,35,54,51,53,53,54,66,40,58,51,53,54,55,51,57,55,55,51,51,52,53,55,51,54,51,58,55,52,54,53,51,51,51,51,53,55,54,51,50,53,51,51,53,52,53,53,55,51,54,53,55,52,48,50,53,49,51,62,46,53,52,55,54,52,54,51,51,55,52,56,54,52,55,48,53,52,53,52,58,55,50,50,53,53,50,55,53,58,63,43,62,63,49,46,54,66,50,43,63]}