{"time":[3.0149999999999992,3.043999999999999,3.0789999999999993,3.1139999999999994,3.1499999999999995,3.3779999999999997,3.4149999999999996,3.4419999999999997,3.4759999999999995,3.5169999999999995,3.7449999999999997,3.7819999999999996,3.8099999999999996,3.8479999999999994,3.9859999999999993,4.031,4.161,4.193,4.2379999999999995,4.380999999999999,4.414999999999999,4.442999999999999,4.478999999999998,4.511999999999999,4.745999999999999,4.780999999999999,4.8119999999999985,4.846999999999999,4.883999999999999,5.019999999999999,5.047999999999998,5.180999999999998,5.206999999999998,5.343999999999998,5.381999999999998,5.406999999999998,5.437999999999998,5.470999999999998,5.502999999999998,5.739999999999998,5.781999999999998,5.808999999999998,5.842999999999998,5.877999999999998,5.909999999999998,6.043999999999999,6.080999999999999,6.2559999999999985,6.309999999999999,6.360999999999999,6.403999999999999,6.482999999999999,6.531999999999999,6.560999999999999,6.600999999999999,6.6339999999999995,6.669,6.702,6.734,6.777,6.809,6.851,6.89,6.922,6.959,6.992,7.028,7.063,7.1,7.146,7.18,7.218,7.257,7.292,7.332,7.367,7.406,7.465,7.515,7.556,7.589,7.623,7.66,7.694,7.736,12.097,12.333,12.357,12.386999999999999,12.419999999999998,12.456999999999999,12.492999999999999,12.53,12.562,12.591999999999999,12.621999999999998,12.653999999999998,12.693999999999997,12.725999999999997,12.760999999999997,12.799999999999997,12.832999999999997,12.864999999999997,12.896999999999997,12.931999999999997,12.965999999999998,12.999999999999998],"fps":[18.181818181818183,18.181818181818183,18.181818181818183,18.181818181818183,18.181818181818183,18.181818181818183,18.181818181818183,18.181818181818183,18.181818181818183,18.181818181818183,14.09691629955947,14.09691629955947,14.09691629955947,14.09691629955947,14.09691629955947,14.09691629955947,14.09691629955947,14.09691629955947,14.09691629955947,14.09691629955947,14.09691629955947,14.09691629955947,14.09691629955947,14.09691629955947,13.972055888223553,13.972055888223553,13.972055888223553,13.972055888223553,13.972055888223553,13.972055888223553,13.972055888223553,13.972055888223553,13.972055888223553,13.972055888223553,13.972055888223553,13.972055888223553,13.972055888223553,13.972055888223553,13.972055888223553,13.972055888223553,15.458937198067632,15.458937198067632,15.458937198067632,15.458937198067632,15.458937198067632,15.458937198067632,15.458937198067632,15.458937198067632,15.458937198067632,15.458937198067632,15.458937198067632,15.458937198067632,15.458937198067632,15.458937198067632,15.458937198067632,15.458937198067632,15.458937198067632,15.458937198067632,15.458937198067632,15.458937198067632,19.455252918287936,19.455252918287936,19.455252918287936,19.455252918287936,19.455252918287936,19.455252918287936,19.455252918287936,19.455252918287936,19.455252918287936,19.455252918287936,19.455252918287936,19.455252918287936,19.455252918287936,19.455252918287936,19.455252918287936,19.455252918287936,19.455252918287936,19.455252918287936,19.455252918287936,19.455252918287936,19.455252918287936,19.455252918287936,19.455252918287936,19.455252918287936,19.455252918287936,4.728579534707774,4.728579534707774,4.728579534707774,4.728579534707774,4.728579534707774,4.728579534707774,4.728579534707774,4.728579534707774,4.728579534707774,4.728579534707774,4.728579534707774,4.728579534707774,4.728579534707774,4.728579534707774,4.728579534707774,4.728579534707774,4.728579534707774,4.728579534707774,4.728579534707774,4.728579534707774,4.728579534707774,4.728579534707774],"raf":[37,28,36,34,36,228,38,27,33,42,227,37,28,39,137,45,131,31,46,142,34,28,36,33,235,35,30,36,36,136,29,132,26,138,37,25,32,32,33,236,42,27,34,35,33,134,37,174,55,51,42,79,49,30,40,32,36,32,32,44,32,42,39,31,37,33,37,35,36,46,34,38,40,35,39,36,38,60,49,41,34,34,36,34,42,4361,236,24,30,33,38,36,37,31,30,30,33,39,32,35,39,34,31,33,34,34,35]}