{"time":[5.552,6.824999999999999,6.895,6.9239999999999995,6.944999999999999,6.97,6.992,7.018,7.04,7.064,7.089,7.196000000000001,7.257000000000001,7.3100000000000005,7.373,7.4350000000000005,7.502000000000001,7.566000000000001,7.627000000000001,7.683000000000001,7.732000000000001,7.7810000000000015,7.833000000000001,7.8820000000000014,7.9380000000000015,7.993000000000001,8.051000000000002,8.110000000000001,8.422,8.457,8.484,8.538,8.591000000000001,8.645000000000001,8.700000000000001,8.759,8.847,8.873999999999999,8.921999999999999,8.977999999999998,9.034999999999998,9.088999999999999,9.143999999999998,9.250999999999998,9.273999999999997,9.318999999999997,9.376999999999997,9.437999999999997,9.493999999999996,9.603999999999996,9.623999999999995,9.667999999999996,9.723999999999995,9.781999999999995,9.838999999999995,9.891999999999996,9.988999999999995,10.006999999999996,10.059999999999997,10.115999999999996,10.170999999999996,10.227999999999996,10.323999999999996,10.339999999999996,10.396999999999997,10.453999999999997,10.510999999999997,10.568999999999997,10.622999999999998,10.675999999999998,10.730999999999998,10.781999999999998,10.835999999999999,10.890999999999998,10.948999999999998,11.003999999999998,11.057999999999998,11.112999999999998,11.172999999999998,11.228999999999997,11.288999999999998,11.344999999999997,11.398999999999997,11.451999999999998,11.508999999999999,11.565999999999999,11.616999999999999,11.674,11.729999999999999,11.786999999999999,11.841999999999999,11.895999999999999,11.950999999999999,12.006999999999998,12.062999999999997,12.114999999999997,12.169999999999996,12.222999999999997,12.280999999999997,12.334999999999997,12.389999999999997,12.445999999999996,12.500999999999996,12.556999999999995,12.641999999999996,12.673999999999996,12.720999999999997,12.778999999999996,12.890999999999996,12.906999999999996,12.959999999999997],"fps":[2.9176904176904177,0.7861635220125787,0.7861635220125787,0.7861635220125787,0.7861635220125787,0.7861635220125787,0.7861635220125787,0.7861635220125787,0.7861635220125787,0.7861635220125787,0.7861635220125787,0.7861635220125787,0.7861635220125787,0.7861635220125787,0.7861635220125787,0.7861635220125787,0.7861635220125787,0.7861635220125787,0.7861635220125787,0.7861635220125787,0.7861635220125787,0.7861635220125787,20.833333333333332,20.833333333333332,20.833333333333332,20.833333333333332,20.833333333333332,20.833333333333332,20.833333333333332,20.833333333333332,20.833333333333332,20.833333333333332,20.833333333333332,20.833333333333332,20.833333333333332,20.833333333333332,13.806706114398422,13.806706114398422,13.806706114398422,13.806706114398422,13.806706114398422,13.806706114398422,13.806706114398422,13.806706114398422,13.806706114398422,13.806706114398422,13.806706114398422,13.806706114398422,13.806706114398422,13.806706114398422,13.806706114398422,13.806706114398422,13.806706114398422,13.806706114398422,13.806706114398422,18.181818181818183,18.181818181818183,18.181818181818183,18.181818181818183,18.181818181818183,18.181818181818183,18.181818181818183,18.181818181818183,18.181818181818183,18.181818181818183,18.181818181818183,18.181818181818183,18.181818181818183,18.181818181818183,18.181818181818183,18.181818181818183,18.181818181818183,18.181818181818183,18.181818181818183,17.975402081362347,17.975402081362347,17.975402081362347,17.975402081362347,17.975402081362347,17.975402081362347,17.975402081362347,17.975402081362347,17.975402081362347,17.975402081362347,17.975402081362347,17.975402081362347,17.975402081362347,17.975402081362347,17.975402081362347,17.975402081362347,17.975402081362347,17.975402081362347,17.964071856287426,17.964071856287426,17.964071856287426,17.964071856287426,17.964071856287426,17.964071856287426,17.964071856287426,17.964071856287426,17.964071856287426,17.964071856287426,17.964071856287426,17.964071856287426,17.964071856287426,17.964071856287426,17.964071856287426,17.964071856287426,17.964071856287426,17.964071856287426,17.839444995044598],"raf":[5553,1272,70,29,22,24,23,25,23,24,24,107,62,52,63,62,67,64,62,56,48,50,51,49,57,54,59,58,312,36,26,55,53,53,55,59,88,27,48,56,57,54,55,107,23,45,58,61,56,111,19,45,56,57,57,53,97,18,53,56,56,57,95,16,57,57,57,58,54,54,54,52,53,55,58,55,54,56,59,56,60,57,54,52,58,56,51,57,56,57,55,54,55,57,55,53,54,54,57,54,55,56,55,56,85,32,48,58,112,15,53]}