{"time":[3.064,3.086,3.1039999999999996,3.1369999999999996,3.2719999999999994,3.3029999999999995,3.3199999999999994,3.3449999999999993,3.3759999999999994,3.5119999999999996,3.5359999999999996,3.5539999999999994,3.5859999999999994,3.6209999999999996,3.752,3.7689999999999997,3.792,3.831,3.867,3.9,3.937,4.075,4.103,4.12,4.146,4.285,4.303,4.329,4.3709999999999996,4.5089999999999995,4.518999999999999,4.552999999999999,4.588999999999999,4.623999999999999,4.759999999999999,4.785999999999999,4.804999999999999,4.8519999999999985,4.887999999999998,5.027999999999998,5.052999999999998,5.071999999999998,5.106999999999998,5.1469999999999985,5.187999999999999,5.314999999999999,5.3359999999999985,5.352999999999999,5.387999999999999,5.423999999999999,5.455999999999999,5.591999999999999,5.619999999999998,5.729999999999999,5.739999999999998,5.769999999999999,5.804999999999999,5.841999999999999,5.9769999999999985,6.001999999999999,6.018999999999999,6.049999999999999,6.086999999999999,6.220999999999999,6.234999999999999,6.260999999999999,6.308999999999999,6.443,6.47,6.4879999999999995,6.52,6.659,6.669,6.701,6.747999999999999,6.7909999999999995,6.928999999999999,6.952999999999999,6.9719999999999995,7.013,7.0489999999999995,7.0889999999999995,7.225,7.252999999999999,7.268999999999999,7.302,7.337,7.4719999999999995,7.486,7.508,7.553,7.638,7.669,7.694,7.725,7.766,7.801,7.837,7.869,7.91,7.941,7.9719999999999995,8.004,8.052,8.068999999999999,8.104,8.138,8.171,8.205,8.241,8.270999999999999,8.315,8.343,8.373,8.411999999999999,8.454999999999998,8.483999999999998,8.517999999999999,8.556,8.588999999999999,8.618999999999998,8.668999999999999,8.691999999999998,8.723999999999998,8.762999999999998,8.801999999999998,8.839999999999998,8.868999999999998,8.918999999999999,8.937,8.979999999999999,9.011999999999999,9.047999999999998,9.084999999999999,9.12,9.152999999999999],"fps":[18.88667992047714,18.88667992047714,18.88667992047714,18.88667992047714,18.88667992047714,18.88667992047714,18.88667992047714,18.88667992047714,18.88667992047714,18.88667992047714,18.88667992047714,20.6286836935167,20.6286836935167,20.6286836935167,20.6286836935167,20.6286836935167,20.6286836935167,20.6286836935167,20.6286836935167,20.6286836935167,20.6286836935167,20.6286836935167,20.6286836935167,20.6286836935167,20.6286836935167,20.6286836935167,20.6286836935167,20.6286836935167,20.6286836935167,20.6286836935167,20.6286836935167,20.6286836935167,20.309477756286267,20.309477756286267,20.309477756286267,20.309477756286267,20.309477756286267,20.309477756286267,20.309477756286267,20.309477756286267,20.309477756286267,20.309477756286267,20.309477756286267,20.309477756286267,20.309477756286267,20.309477756286267,20.309477756286267,20.309477756286267,20.309477756286267,20.309477756286267,20.309477756286267,18.92430278884462,18.92430278884462,18.92430278884462,18.92430278884462,18.92430278884462,18.92430278884462,18.92430278884462,18.92430278884462,18.92430278884462,18.92430278884462,18.92430278884462,18.92430278884462,18.92430278884462,18.92430278884462,18.92430278884462,18.92430278884462,18.92430278884462,18.92430278884462,18.92430278884462,18.92430278884462,18.744142455482663,18.744142455482663,18.744142455482663,18.744142455482663,18.744142455482663,18.744142455482663,18.744142455482663,18.744142455482663,18.744142455482663,18.744142455482663,18.744142455482663,18.744142455482663,18.744142455482663,18.744142455482663,18.744142455482663,18.744142455482663,18.744142455482663,18.744142455482663,18.744142455482663,18.744142455482663,18.744142455482663,20.81268582755203,20.81268582755203,20.81268582755203,20.81268582755203,20.81268582755203,20.81268582755203,20.81268582755203,20.81268582755203,20.81268582755203,20.81268582755203,20.81268582755203,20.81268582755203,20.81268582755203,20.81268582755203,20.81268582755203,20.81268582755203,20.81268582755203,20.81268582755203,20.81268582755203,20.81268582755203,20.81268582755203,20.81268582755203,20.81268582755203,20.81268582755203,20.81268582755203,20.81268582755203,20.81268582755203,20.81268582755203,20.81268582755203,20.81268582755203,29.325513196480937,29.325513196480937,29.325513196480937,29.325513196480937,29.325513196480937,29.325513196480937,29.325513196480937,29.325513196480937,29.325513196480937,29.325513196480937,29.325513196480937,29.325513196480937,29.325513196480937,29.325513196480937],"raf":[140,22,18,33,135,31,18,24,31,136,24,19,32,34,132,17,23,38,38,31,38,137,28,17,26,140,17,27,41,138,10,34,36,35,137,26,18,48,35,140,25,20,34,40,42,126,21,17,35,36,32,137,27,110,10,30,36,36,135,26,16,31,37,134,15,26,48,133,27,18,32,140,9,33,46,44,138,23,20,40,36,40,136,28,16,34,34,135,14,22,47,84,30,26,32,39,35,36,33,41,32,30,31,48,18,34,34,33,34,36,31,44,28,30,39,43,28,34,38,34,29,50,23,32,42,37,38,28,50,19,43,32,35,39,33,34]}