{"time":[3.0319999999999987,3.0639999999999987,3.1039999999999988,3.1529999999999987,3.1989999999999985,3.2379999999999987,3.2859999999999987,3.3319999999999985,3.3729999999999984,3.4239999999999986,3.4649999999999985,3.5029999999999983,3.552999999999998,3.598999999999998,3.640999999999998,3.6819999999999977,3.732999999999998,3.781999999999998,3.820999999999998,3.868999999999998,3.915999999999998,3.9549999999999983,3.991999999999998,4.031999999999998,4.082999999999998,4.114999999999998,4.155999999999999,4.204999999999999,4.248999999999999,4.286999999999999,4.336999999999999,4.381999999999999,4.419999999999999,4.473999999999999,4.515,4.566999999999999,4.651999999999999,4.6979999999999995,4.765999999999999,4.886999999999999,4.930999999999998,5.018999999999998,5.115999999999999,5.309999999999999,5.347999999999999,5.467999999999999,5.695999999999999,5.731999999999998,5.862999999999999,5.990999999999999,6.118999999999999,6.247999999999999,6.380999999999999,6.515999999999999,6.547999999999999,6.677999999999999,6.805999999999999,6.935999999999999,7.065999999999999,7.293999999999999,7.330999999999999,7.458999999999999,7.586999999999999,7.715999999999999,7.946,7.981,8.112,8.241,8.37,8.5,8.728,8.765,8.893,9.024000000000001,9.153,9.282,9.512,9.548,9.677,9.809,9.937999999999999,10.066999999999998,10.295999999999998,10.434999999999997,10.462999999999997,10.504999999999997,10.550999999999997,10.597999999999997,10.645999999999997,10.679999999999998,10.718999999999998,10.753999999999998,10.787999999999998,10.823999999999998,10.855999999999998,10.892999999999999,10.925999999999998,10.963999999999999,10.998,11.035,11.07,11.107000000000001,11.142000000000001,11.180000000000001,11.219000000000001,11.257000000000001,11.294000000000002,11.333000000000002,11.382000000000001,11.431000000000001,11.474,11.517,11.568999999999999,11.614999999999998,11.659999999999998,11.701999999999998,11.756999999999998,11.797999999999998,11.842999999999998,11.885999999999997,11.937999999999997,11.979999999999997,12.023999999999997,12.065999999999997,12.120999999999997,12.164999999999997,12.211999999999998,12.254999999999997,12.299999999999997,12.355999999999996,12.397999999999996,12.440999999999995,12.482999999999995,12.535999999999996,12.580999999999996,12.623999999999995,12.666999999999994,12.720999999999995,12.763999999999994,12.816999999999995,12.902999999999995,12.947999999999995],"fps":[21.31782945736434,21.31782945736434,21.31782945736434,21.31782945736434,21.31782945736434,21.31782945736434,21.31782945736434,21.31782945736434,21.31782945736434,21.31782945736434,21.31782945736434,21.31782945736434,21.31782945736434,21.31782945736434,21.31782945736434,21.31782945736434,21.31782945736434,21.31782945736434,21.31782945736434,21.31782945736434,21.31782945736434,21.31782945736434,22.794846382556987,22.794846382556987,22.794846382556987,22.794846382556987,22.794846382556987,22.794846382556987,22.794846382556987,22.794846382556987,22.794846382556987,22.794846382556987,22.794846382556987,22.794846382556987,22.794846382556987,22.794846382556987,22.794846382556987,22.794846382556987,22.794846382556987,22.794846382556987,22.794846382556987,18.500486854917234,18.500486854917234,18.500486854917234,18.500486854917234,18.500486854917234,18.500486854917234,18.500486854917234,18.500486854917234,18.500486854917234,8.181818181818182,8.181818181818182,8.181818181818182,8.181818181818182,8.181818181818182,8.181818181818182,8.181818181818182,8.181818181818182,8.181818181818182,7.653061224489796,7.653061224489796,7.653061224489796,7.653061224489796,7.653061224489796,7.653061224489796,7.653061224489796,7.653061224489796,7.653061224489796,8.372093023255815,8.372093023255815,8.372093023255815,8.372093023255815,8.372093023255815,8.372093023255815,8.372093023255815,8.372093023255815,6.99912510936133,6.99912510936133,6.99912510936133,6.99912510936133,6.99912510936133,6.99912510936133,6.99912510936133,6.99912510936133,6.99912510936133,6.99912510936133,9.624639076034649,9.624639076034649,9.624639076034649,9.624639076034649,9.624639076034649,9.624639076034649,9.624639076034649,9.624639076034649,9.624639076034649,9.624639076034649,9.624639076034649,9.624639076034649,9.624639076034649,9.624639076034649,9.624639076034649,9.624639076034649,9.624639076034649,9.624639076034649,9.624639076034649,9.624639076034649,9.624639076034649,9.624639076034649,9.624639076034649,9.624639076034649,9.624639076034649,9.624639076034649,25.565388397246803,25.565388397246803,25.565388397246803,25.565388397246803,25.565388397246803,25.565388397246803,25.565388397246803,25.565388397246803,25.565388397246803,25.565388397246803,25.565388397246803,25.565388397246803,25.565388397246803,25.565388397246803,25.565388397246803,25.565388397246803,25.565388397246803,25.565388397246803,25.565388397246803,25.565388397246803,25.565388397246803,25.565388397246803,21.73913043478261,21.73913043478261,21.73913043478261,21.73913043478261,21.73913043478261,21.73913043478261,21.73913043478261,21.73913043478261],"raf":[50,31,40,49,46,39,48,46,41,51,41,38,50,46,42,41,52,48,39,48,48,38,37,40,51,32,41,49,44,38,50,45,38,54,42,51,85,47,67,121,45,87,97,195,37,120,228,36,131,128,128,129,134,134,33,129,129,130,129,229,36,128,128,130,229,36,131,128,129,130,228,37,129,130,129,130,230,35,129,133,128,129,230,138,29,41,47,46,48,35,38,35,34,36,32,37,33,38,35,36,36,36,35,38,39,38,37,39,50,48,43,44,51,46,45,43,54,41,45,43,52,43,43,42,55,44,47,43,45,56,42,43,43,52,45,43,43,54,43,53,86,45]}