{"time":[3.001000000000001,3.165000000000001,3.229000000000001,3.494000000000001,3.655000000000001,3.812000000000001,3.8750000000000013,4.033000000000001,4.098000000000002,4.357000000000002,4.519000000000002,4.679000000000002,4.742000000000002,4.903000000000001,5.061000000000002,5.322000000000002,5.479000000000002,5.635000000000002,5.792000000000002,6.052000000000001,6.208000000000001,6.366000000000001,6.5230000000000015,6.780000000000001,6.943000000000001,7.113000000000001,7.320000000000001,7.599000000000001,7.713000000000001,7.792000000000001,7.871,7.949000000000001,8.028,8.101,8.180000000000001,8.263000000000002,8.347000000000001,8.414000000000001,8.498000000000001,8.580000000000002,8.679000000000002,8.759000000000002,8.834000000000001,8.914000000000001,8.996000000000002,9.062000000000003,9.148000000000003,9.229000000000003,9.302000000000003,9.387000000000004,9.480000000000004,9.545000000000003,9.657000000000004,9.773000000000003,9.971000000000004,10.118000000000004,10.278000000000004,10.343000000000004,10.518000000000004,10.686000000000003,10.851000000000003,10.914000000000003,11.178000000000003,11.341000000000003,11.504000000000003,11.566000000000003,11.730000000000002,11.894000000000002,12.160000000000002,12.322000000000003,12.486000000000002,12.549000000000003,12.817000000000004,12.979000000000005],"fps":[3.2193158953722336,6.39853747714808,6.39853747714808,6.39853747714808,6.39853747714808,6.39853747714808,6.39853747714808,6.39853747714808,6.39853747714808,6.705783738474434,6.705783738474434,6.705783738474434,6.705783738474434,6.705783738474434,6.705783738474434,6.705783738474434,6.244424620874219,6.244424620874219,6.244424620874219,6.244424620874219,6.244424620874219,6.244424620874219,5.747126436781609,5.747126436781609,5.747126436781609,5.747126436781609,5.747126436781609,4.642525533890437,4.642525533890437,4.642525533890437,4.642525533890437,4.642525533890437,4.642525533890437,4.642525533890437,4.642525533890437,4.642525533890437,4.642525533890437,4.642525533890437,4.642525533890437,4.642525533890437,12.037037037037036,12.037037037037036,12.037037037037036,12.037037037037036,12.037037037037036,12.037037037037036,12.037037037037036,12.037037037037036,12.037037037037036,12.037037037037036,12.037037037037036,12.037037037037036,12.037037037037036,11.882998171846435,11.882998171846435,11.882998171846435,11.882998171846435,11.882998171846435,11.882998171846435,11.882998171846435,6.499535747446611,6.499535747446611,6.499535747446611,6.499535747446611,6.499535747446611,6.499535747446611,6.499535747446611,6.704980842911877,6.704980842911877,6.704980842911877,6.704980842911877,6.704980842911877,6.704980842911877,5.529953917050691],"raf":[63,164,65,264,162,157,62,159,65,259,162,159,63,162,157,261,157,156,157,261,156,157,157,258,163,169,207,280,113,79,81,76,79,73,80,82,85,67,83,82,100,79,75,80,82,67,85,81,73,85,93,66,111,117,197,147,161,64,175,168,165,63,265,163,163,61,164,165,266,161,164,64,267,163]}