{"time":[4.703,5.672000000000001,5.7,5.742,5.796,5.8420000000000005,6.043,6.1080000000000005,6.174,6.238,6.307,6.373,6.442,6.526,6.592,6.67,6.801,6.897,6.9750000000000005,7.040000000000001,7.097000000000001,7.168000000000001,7.226000000000001,7.280000000000001,7.343000000000001,7.4110000000000005,7.4750000000000005,7.53,7.594,7.658,7.721,7.776,7.849,7.909,7.966,8.03,8.091999999999999,8.168,8.253,8.354000000000001,8.408000000000001,8.465000000000002,8.632000000000001,8.763000000000002,8.813000000000002,8.905000000000003,8.960000000000003,9.110000000000003,9.363000000000003,9.512000000000002,9.560000000000002,9.716000000000003,9.870000000000003,9.918000000000003,9.970000000000002,10.121000000000002,10.267000000000003,10.417000000000003,10.466000000000003,10.621000000000002,10.774000000000003,10.826000000000002,11.080000000000002,11.141000000000002,11.294000000000002,11.343000000000002,11.597000000000001,11.750000000000002,11.802000000000001,11.859000000000002,12.115000000000002,12.175000000000002,12.323000000000002,12.494000000000002,12.648000000000001,12.784,12.839,12.892000000000001,12.949000000000002],"fps":[0.8168266285480906,0.8168266285480906,0.8168266285480906,2.8873917228103947,2.8873917228103947,2.8873917228103947,2.8873917228103947,2.8873917228103947,2.8873917228103947,2.8873917228103947,2.8873917228103947,2.8873917228103947,2.8873917228103947,2.8873917228103947,2.8873917228103947,2.8873917228103947,12.287334593572778,12.287334593572778,12.287334593572778,12.287334593572778,12.287334593572778,12.287334593572778,12.287334593572778,12.287334593572778,12.287334593572778,12.287334593572778,12.287334593572778,12.287334593572778,12.287334593572778,12.287334593572778,12.287334593572778,12.287334593572778,15.252621544327932,15.252621544327932,15.252621544327932,15.252621544327932,15.252621544327932,15.252621544327932,15.252621544327932,15.252621544327932,15.252621544327932,15.252621544327932,15.252621544327932,15.252621544327932,15.252621544327932,12.31060606060606,12.31060606060606,12.31060606060606,12.31060606060606,12.31060606060606,12.31060606060606,12.31060606060606,12.31060606060606,7.905138339920948,7.905138339920948,7.905138339920948,7.905138339920948,7.905138339920948,7.905138339920948,7.905138339920948,7.905138339920948,7.905138339920948,7.74526678141136,7.74526678141136,7.74526678141136,7.74526678141136,7.74526678141136,7.74526678141136,7.74526678141136,7.74526678141136,7.729468599033816,7.729468599033816,7.729468599033816,7.729468599033816,7.729468599033816,7.729468599033816,7.729468599033816,7.729468599033816,7.729468599033816],"raf":[4704,969,28,42,53,46,202,65,65,64,69,66,70,84,65,83,126,97,77,65,57,71,58,55,63,67,64,55,64,64,63,55,74,59,57,64,62,77,84,101,55,56,167,132,49,93,54,150,253,149,48,157,153,48,52,151,146,151,49,154,153,52,254,61,154,48,254,153,52,57,256,60,148,172,154,136,54,54,57]}