{"time":[3.454,3.861,3.8850000000000002,3.918,3.951,3.978,4.021,4.062,4.482,4.627,4.681,4.729,4.96,5.063,5.1,5.149,5.189,5.228,5.271999999999999,5.3149999999999995,5.361,5.411,5.449999999999999,5.488999999999999,5.533999999999999,5.580999999999999,5.641999999999999,5.695999999999999,5.7429999999999986,5.784999999999998,5.828999999999998,5.879999999999998,5.927999999999998,5.977999999999998,6.020999999999998,6.0699999999999985,6.116999999999998,6.160999999999998,6.2079999999999975,6.254999999999997,6.3009999999999975,6.343999999999998,6.392999999999998,6.435999999999998,6.480999999999998,6.532999999999998,6.579999999999997,6.6229999999999976,6.672999999999997,6.718999999999998,6.764999999999998,6.809999999999998,6.8569999999999975,6.904999999999998,6.9499999999999975,6.998999999999998,7.043999999999998,7.0909999999999975,7.141999999999998,7.1839999999999975,7.228999999999997,7.272999999999997,7.322999999999997,7.365999999999997,7.410999999999997,7.457999999999997,7.502999999999997,7.5479999999999965,7.594999999999996,7.642999999999996,7.690999999999996,7.739999999999997,7.794999999999996,7.839999999999996,7.884999999999996,7.933999999999997,7.979999999999997,8.029999999999998,8.076999999999998,8.124999999999998,8.170999999999998,8.218999999999998,8.271999999999998,8.315999999999999,8.363,8.41,8.458,8.508000000000001,8.557,8.611,8.66,8.707,8.760000000000002,8.814000000000002,8.861000000000002,8.909000000000002,8.958000000000002,9.006000000000002,9.054000000000002,9.108000000000002,9.156000000000002,9.204000000000002,9.256000000000002,9.305000000000001,9.350000000000001,9.394000000000002,9.445000000000002,9.491000000000001,9.538000000000002,9.594000000000001,9.661000000000001,9.706000000000001,9.755,9.804,9.851,9.899000000000001,9.957,10.003,10.051,10.117,10.177000000000001,10.221000000000002,10.266000000000002,10.331000000000001,10.377,10.424000000000001,10.483,10.529,10.577,10.644,10.71,10.754000000000001,10.802000000000001,10.868000000000002,10.927000000000001,10.972000000000001,11.029000000000002,11.077000000000002,11.134000000000002,11.194000000000003,11.238000000000003,11.284000000000002,11.333000000000002,11.410000000000002,11.493000000000002,11.544000000000002,11.642000000000003,11.688000000000002,11.737000000000002,11.902000000000001,12.035,12.077,12.122,12.27,12.315999999999999,12.364999999999998,12.511999999999999,12.655,12.802,12.841,12.888],"fps":[2.8365136668385764,2.8365136668385764,2.8365136668385764,2.8365136668385764,2.8365136668385764,2.8365136668385764,2.8365136668385764,2.8365136668385764,7.789678675754625,7.789678675754625,7.789678675754625,7.789678675754625,7.789678675754625,7.789678675754625,7.789678675754625,7.789678675754625,7.789678675754625,7.789678675754625,7.789678675754625,7.789678675754625,7.789678675754625,7.789678675754625,7.789678675754625,14.866204162537166,14.866204162537166,14.866204162537166,14.866204162537166,14.866204162537166,14.866204162537166,14.866204162537166,14.866204162537166,14.866204162537166,14.866204162537166,14.866204162537166,14.866204162537166,14.866204162537166,14.866204162537166,14.866204162537166,14.866204162537166,14.866204162537166,14.866204162537166,14.866204162537166,14.866204162537166,14.866204162537166,14.866204162537166,21.09300095877277,21.09300095877277,21.09300095877277,21.09300095877277,21.09300095877277,21.09300095877277,21.09300095877277,21.09300095877277,21.09300095877277,21.09300095877277,21.09300095877277,21.09300095877277,21.09300095877277,21.09300095877277,21.09300095877277,21.09300095877277,21.09300095877277,21.09300095877277,21.09300095877277,21.09300095877277,21.09300095877277,21.09300095877277,21.67487684729064,21.67487684729064,21.67487684729064,21.67487684729064,21.67487684729064,21.67487684729064,21.67487684729064,21.67487684729064,21.67487684729064,21.67487684729064,21.67487684729064,21.67487684729064,21.67487684729064,21.67487684729064,21.67487684729064,21.67487684729064,21.67487684729064,21.67487684729064,21.67487684729064,21.67487684729064,21.67487684729064,20.833333333333332,20.833333333333332,20.833333333333332,20.833333333333332,20.833333333333332,20.833333333333332,20.833333333333332,20.833333333333332,20.833333333333332,20.833333333333332,20.833333333333332,20.833333333333332,20.833333333333332,20.833333333333332,20.833333333333332,20.833333333333332,20.833333333333332,20.833333333333332,20.833333333333332,20.833333333333332,20.833333333333332,20.25072324011572,20.25072324011572,20.25072324011572,20.25072324011572,20.25072324011572,20.25072324011572,20.25072324011572,20.25072324011572,20.25072324011572,20.25072324011572,20.25072324011572,20.25072324011572,20.25072324011572,20.25072324011572,20.25072324011572,20.25072324011572,20.25072324011572,20.25072324011572,20.25072324011572,20.25072324011572,19.047619047619047,19.047619047619047,19.047619047619047,19.047619047619047,19.047619047619047,19.047619047619047,19.047619047619047,19.047619047619047,19.047619047619047,19.047619047619047,19.047619047619047,19.047619047619047,19.047619047619047,19.047619047619047,19.047619047619047,19.047619047619047,19.047619047619047,19.047619047619047,17.22488038277512,17.22488038277512,17.22488038277512,17.22488038277512,17.22488038277512,17.22488038277512,17.22488038277512,17.22488038277512,17.22488038277512,17.22488038277512,17.22488038277512,9.883198562443846,9.883198562443846,9.883198562443846],"raf":[3455,407,24,31,33,27,43,41,420,145,54,49,230,103,38,48,40,40,44,42,47,49,39,41,44,46,61,54,47,43,43,52,47,50,43,50,47,44,46,47,46,43,49,43,45,53,46,43,50,46,47,44,47,48,45,49,45,48,50,42,46,43,51,42,45,47,46,45,47,48,48,48,56,45,44,50,46,49,47,49,46,48,52,44,47,48,47,50,49,54,49,47,54,53,47,48,49,48,48,54,48,49,51,49,45,44,51,46,47,56,67,45,49,49,47,48,58,46,48,66,60,45,44,65,47,46,59,46,48,67,67,44,47,66,59,46,57,47,57,60,44,46,49,78,82,51,98,47,48,165,134,41,45,148,46,49,147,143,147,39,47]}