{"time":[3.211,3.231,3.251,3.4619999999999997,3.4819999999999998,3.5119999999999996,3.7299999999999995,3.7479999999999993,3.7789999999999995,3.8939999999999997,3.9319999999999995,4.148999999999999,4.164999999999999,4.196999999999999,4.308999999999999,4.443999999999999,4.463999999999999,4.497999999999998,4.708999999999999,4.730999999999999,4.756999999999999,4.8679999999999986,5.008999999999999,5.030999999999999,5.062999999999999,5.179999999999999,5.2269999999999985,5.443999999999998,5.464999999999998,5.499999999999998,5.613999999999998,5.759999999999998,5.780999999999998,5.818999999999998,5.932999999999998,6.079999999999998,6.097999999999998,6.144999999999998,6.362999999999998,6.380999999999998,6.421999999999998,6.532999999999998,6.680999999999997,6.697999999999998,6.737999999999998,6.8489999999999975,6.896999999999998,7.029999999999998,7.0669999999999975,7.1149999999999975,7.163999999999998,7.203999999999998,7.238999999999998,7.2719999999999985,7.3039999999999985,7.336999999999999,7.366999999999999,7.398999999999999,7.432999999999999,7.458999999999999,7.4929999999999986,7.519999999999999,7.546999999999999,7.596999999999999,7.613999999999999,7.638999999999999,7.664999999999999,7.6979999999999995,7.726999999999999,7.757999999999999,7.787999999999999,7.821999999999999,7.8469999999999995,7.8759999999999994,7.903999999999999,7.928999999999999,7.960999999999999,7.991,8.017,8.049,8.078,8.109,8.133,8.165999999999999,8.197,8.231,8.25,8.284,8.314,8.345,8.371,8.4,8.437000000000001,8.46,8.494000000000002,8.526000000000002,8.557000000000002,8.592000000000002,8.619000000000002,8.644000000000002,8.677000000000001,8.709000000000001,8.737000000000002,8.770000000000001,8.794,8.827,8.856,8.885],"fps":[9.980039920159681,9.980039920159681,9.980039920159681,9.980039920159681,9.980039920159681,9.980039920159681,9.980039920159681,9.980039920159681,9.980039920159681,9.980039920159681,9.980039920159681,11.627906976744185,11.627906976744185,11.627906976744185,11.627906976744185,11.627906976744185,11.627906976744185,11.627906976744185,11.627906976744185,11.627906976744185,11.627906976744185,11.627906976744185,11.627906976744185,11.627906976744185,11.627906976744185,13.579049466537342,13.579049466537342,13.579049466537342,13.579049466537342,13.579049466537342,13.579049466537342,13.579049466537342,13.579049466537342,13.579049466537342,13.579049466537342,13.579049466537342,13.579049466537342,13.579049466537342,10.989010989010989,10.989010989010989,10.989010989010989,10.989010989010989,10.989010989010989,10.989010989010989,10.989010989010989,10.989010989010989,10.989010989010989,10.989010989010989,10.989010989010989,10.989010989010989,10.989010989010989,10.989010989010989,10.989010989010989,10.989010989010989,10.989010989010989,10.989010989010989,17.91044776119403,17.91044776119403,17.91044776119403,17.91044776119403,17.91044776119403,17.91044776119403,17.91044776119403,17.91044776119403,17.91044776119403,17.91044776119403,17.91044776119403,17.91044776119403,17.91044776119403,17.91044776119403,17.91044776119403,17.91044776119403,17.91044776119403,17.91044776119403,17.91044776119403,17.91044776119403,17.91044776119403,17.91044776119403,17.91044776119403,17.91044776119403,17.91044776119403,17.91044776119403,17.91044776119403,17.91044776119403,17.91044776119403,17.91044776119403,17.91044776119403,17.91044776119403,17.91044776119403,17.91044776119403,33.898305084745765,33.898305084745765,33.898305084745765,33.898305084745765,33.898305084745765,33.898305084745765,33.898305084745765,33.898305084745765,33.898305084745765,33.898305084745765,33.898305084745765,33.898305084745765,33.898305084745765,33.898305084745765,33.898305084745765,33.898305084745765,33.898305084745765,33.898305084745765],"raf":[218,20,20,211,20,30,218,18,31,115,38,217,16,32,112,135,20,34,211,22,27,110,141,22,33,116,48,216,21,35,115,145,21,39,113,147,18,48,217,19,41,110,148,17,40,111,49,133,36,49,48,40,35,34,32,32,31,32,33,27,33,28,26,50,17,25,26,33,29,32,29,35,24,29,28,25,33,29,27,32,28,31,24,34,30,34,19,34,30,31,26,29,37,24,33,32,31,36,27,24,33,32,28,33,25,32,29,30]}