{"time":[3.055,3.087,3.2990000000000004,3.3160000000000003,3.341,3.451,3.582,3.5999999999999996,3.6249999999999996,3.7349999999999994,3.869999999999999,3.898999999999999,3.915999999999999,4.026999999999999,4.057999999999999,4.168999999999999,4.305999999999999,4.332999999999999,4.355999999999999,4.466999999999999,4.604999999999999,4.615999999999999,4.655999999999999,4.767999999999999,4.906999999999999,4.932999999999999,4.957999999999999,5.068999999999999,5.209999999999999,5.232999999999999,5.2559999999999985,5.465999999999998,5.482999999999999,5.518999999999998,5.632999999999998,5.775999999999998,5.799999999999998,5.828999999999998,5.939999999999998,5.985999999999998,6.196999999999998,6.215999999999998,6.253999999999999,6.414999999999998,6.432999999999998,6.468999999999998,6.522999999999998,6.572999999999998,6.616999999999997,6.6599999999999975,6.697999999999998,6.733999999999997,6.7689999999999975,6.806999999999998,6.839999999999998,6.870999999999998,6.908999999999998,6.936999999999998,6.969999999999998,7.013999999999998,7.044999999999997,7.080999999999997,7.117999999999997,7.155999999999997,7.191999999999997,7.226999999999997,7.267999999999997,7.314999999999997,7.344999999999997,7.383999999999997,7.4229999999999965,7.461999999999996,7.501999999999996,7.541999999999996,7.581999999999996,7.620999999999996,7.661999999999996,7.699999999999997,7.739999999999997,7.780999999999997,7.820999999999997,7.862999999999997,7.902999999999997,7.942999999999997,7.983999999999997,8.025999999999998,8.064999999999998,8.106999999999998,8.148999999999997,8.189999999999998,8.232999999999997],"fps":[11.881188118811881,11.881188118811881,11.881188118811881,11.881188118811881,11.881188118811881,11.881188118811881,11.881188118811881,11.881188118811881,11.881188118811881,11.881188118811881,11.881188118811881,13.986013986013987,13.986013986013987,13.986013986013987,13.986013986013987,13.986013986013987,13.986013986013987,13.986013986013987,13.986013986013987,13.986013986013987,13.986013986013987,13.986013986013987,13.986013986013987,13.986013986013987,12.909632571996028,12.909632571996028,12.909632571996028,12.909632571996028,12.909632571996028,12.909632571996028,12.909632571996028,12.909632571996028,12.909632571996028,12.909632571996028,12.909632571996028,12.909632571996028,12.909632571996028,12.909632571996028,13.552758954501453,13.552758954501453,13.552758954501453,13.552758954501453,13.552758954501453,13.552758954501453,13.552758954501453,13.552758954501453,13.552758954501453,13.552758954501453,13.552758954501453,13.552758954501453,13.552758954501453,13.552758954501453,13.552758954501453,13.552758954501453,13.552758954501453,13.552758954501453,13.552758954501453,13.552758954501453,19.41747572815534,19.41747572815534,19.41747572815534,19.41747572815534,19.41747572815534,19.41747572815534,19.41747572815534,19.41747572815534,19.41747572815534,19.41747572815534,19.41747572815534,19.41747572815534,19.41747572815534,19.41747572815534,19.41747572815534,19.41747572815534,19.41747572815534,19.41747572815534,19.41747572815534,19.41747572815534,19.41747572815534,19.41747572815534,19.41747572815534,19.41747572815534,19.41747572815534,19.41747572815534,25.61576354679803,25.61576354679803,25.61576354679803,25.61576354679803,25.61576354679803,25.61576354679803,25.61576354679803],"raf":[112,32,212,18,24,110,131,18,25,111,134,30,16,111,31,111,137,27,23,111,138,11,40,112,139,26,25,112,140,23,23,210,17,36,114,143,24,29,111,46,211,19,38,161,18,36,54,50,44,43,38,37,34,38,33,31,38,28,33,44,31,36,37,38,37,35,40,47,30,39,39,39,40,40,41,39,40,38,40,41,40,42,40,40,42,41,39,42,42,41,44]}