{"time":[3.0110000000000006,3.0750000000000006,3.1520000000000006,3.2300000000000004,3.2940000000000005,3.3640000000000003,3.4410000000000003,3.5080000000000005,3.5820000000000003,3.6690000000000005,3.7710000000000004,3.8550000000000004,3.9810000000000003,4.097,4.347,4.581,4.833,5.088,5.344,5.727,5.982,6.24,6.4910000000000005,6.743,6.998,7.196000000000001,7.251,7.311,7.366,7.420999999999999,7.475999999999999,7.531999999999999,7.6049999999999995,7.680999999999999,7.7379999999999995,7.8,7.864,7.961,8.049,8.145999999999999,8.245999999999999,8.399999999999999,8.457999999999998,8.515999999999998,8.572999999999999,8.634999999999998,12.315999999999999,12.648,12.701,12.756,12.812,12.873,12.933,12.996],"fps":[14.204545454545455,14.204545454545455,14.204545454545455,14.204545454545455,14.204545454545455,14.204545454545455,14.204545454545455,14.204545454545455,14.204545454545455,14.204545454545455,14.204545454545455,13.232514177693762,13.232514177693762,13.232514177693762,13.232514177693762,13.232514177693762,13.232514177693762,4.866180048661801,4.866180048661801,4.866180048661801,4.866180048661801,3.4722222222222223,3.4722222222222223,3.4722222222222223,3.4722222222222223,3.4722222222222223,4.945598417408506,4.945598417408506,4.945598417408506,4.945598417408506,4.945598417408506,4.945598417408506,4.945598417408506,4.945598417408506,4.945598417408506,4.945598417408506,4.945598417408506,4.945598417408506,4.945598417408506,4.945598417408506,4.945598417408506,13.043478260869565,13.043478260869565,13.043478260869565,13.043478260869565,13.043478260869565,1.277139208173691,1.277139208173691,1.277139208173691,1.277139208173691,1.277139208173691,1.277139208173691,1.277139208173691,1.277139208173691],"raf":[79,64,78,77,64,70,78,67,73,88,101,84,126,116,250,235,251,255,256,384,254,258,251,252,256,197,55,60,55,55,55,57,72,76,57,62,64,97,88,97,100,155,57,58,57,62,3681,332,53,55,57,60,60,63]}