{"time":[3.001,3.0669999999999997,3.1009999999999995,3.1529999999999996,3.2029999999999994,3.2549999999999994,3.3059999999999996,6.331999999999999,6.349999999999999,6.398999999999999,6.450999999999999,6.504999999999999,6.556999999999999,6.608999999999998,6.661999999999998,6.707999999999998,6.751999999999998,6.798999999999998,6.847999999999998,6.893999999999998,6.943999999999998,6.991999999999998,7.046999999999998,7.093999999999998,7.144999999999998,7.205999999999998,7.371999999999998,7.389999999999998,7.431999999999998,7.483999999999997,7.537999999999998,7.5909999999999975,7.639999999999998,7.719999999999998,7.748999999999998,7.796999999999998,7.8489999999999975,7.9019999999999975,7.950999999999998,8.042999999999997,8.065999999999997,8.104999999999997,8.163999999999996,8.212999999999996,8.266999999999996,8.368999999999996,8.382999999999996,8.426999999999996,8.478999999999996,8.533999999999995,8.586999999999996,8.637999999999996,8.741999999999996,8.764999999999995,8.799999999999995,8.858999999999995,8.909999999999995,8.963999999999995,9.014999999999995,9.067999999999996,9.130999999999997,9.174999999999997,9.231999999999998,9.284999999999998,9.338,9.389999999999999,9.485999999999999,9.498999999999999,9.549,9.599,9.65,9.703000000000001,9.757000000000001,9.809000000000001,9.862000000000002,9.914000000000001,9.965000000000002,10.017000000000001,10.067000000000002,10.126000000000001,10.177000000000001,10.225000000000001,10.277000000000001,10.331000000000001,10.384000000000002,10.436000000000002,10.490000000000002,10.538000000000002,10.587000000000002,10.640000000000002,10.694000000000003,10.749000000000002,10.802000000000003,10.851000000000003,10.906000000000002,10.957000000000003,11.009000000000002,11.059000000000003,11.109000000000004,11.159000000000004,11.212000000000005,11.264000000000005,11.317000000000005,11.371000000000006,11.421000000000006,11.471000000000007,11.524000000000008,11.577000000000009,11.63000000000001,11.68300000000001,11.73400000000001,11.788000000000011,11.842000000000011,11.89400000000001,11.945000000000011,11.993000000000011,12.043000000000012,12.096000000000013,12.148000000000012,12.199000000000012,12.252000000000013,12.303000000000013,12.354000000000013,12.406000000000013,12.473000000000013,12.532000000000012,12.567000000000013,12.621000000000013,12.674000000000014,12.737000000000014,12.781000000000015,12.834000000000016,12.899000000000015,12.949000000000016,12.988000000000016],"fps":[8.90207715133531,8.90207715133531,17.647058823529413,17.647058823529413,17.647058823529413,17.647058823529413,17.647058823529413,1.547508511296812,1.547508511296812,1.547508511296812,1.547508511296812,1.547508511296812,1.547508511296812,1.547508511296812,1.547508511296812,1.547508511296812,1.547508511296812,1.547508511296812,1.547508511296812,1.547508511296812,1.547508511296812,1.547508511296812,1.547508511296812,1.547508511296812,1.547508511296812,1.547508511296812,18.26923076923077,18.26923076923077,18.26923076923077,18.26923076923077,18.26923076923077,18.26923076923077,18.26923076923077,18.26923076923077,18.26923076923077,18.26923076923077,18.26923076923077,18.26923076923077,18.26923076923077,18.26923076923077,18.26923076923077,18.26923076923077,18.26923076923077,18.26923076923077,18.26923076923077,18.26923076923077,19.782393669634025,19.782393669634025,19.782393669634025,19.782393669634025,19.782393669634025,19.782393669634025,19.782393669634025,19.782393669634025,19.782393669634025,19.782393669634025,19.782393669634025,19.782393669634025,19.782393669634025,19.782393669634025,19.782393669634025,19.782393669634025,19.782393669634025,19.782393669634025,19.782393669634025,18.849206349206348,18.849206349206348,18.849206349206348,18.849206349206348,18.849206349206348,18.849206349206348,18.849206349206348,18.849206349206348,18.849206349206348,18.849206349206348,18.849206349206348,18.849206349206348,18.849206349206348,18.849206349206348,18.849206349206348,18.849206349206348,18.849206349206348,18.849206349206348,18.849206349206348,18.849206349206348,19.138755980861244,19.138755980861244,19.138755980861244,19.138755980861244,19.138755980861244,19.138755980861244,19.138755980861244,19.138755980861244,19.138755980861244,19.138755980861244,19.138755980861244,19.138755980861244,19.138755980861244,19.138755980861244,19.138755980861244,19.138755980861244,19.138755980861244,19.138755980861244,19.138755980861244,19.138755980861244,19.32367149758454,19.32367149758454,19.32367149758454,19.32367149758454,19.32367149758454,19.32367149758454,19.32367149758454,19.32367149758454,19.32367149758454,19.32367149758454,19.32367149758454,19.32367149758454,19.32367149758454,19.32367149758454,19.32367149758454,19.32367149758454,19.32367149758454,19.32367149758454,19.32367149758454,18.962075848303392,18.962075848303392,18.962075848303392,18.962075848303392,18.962075848303392,18.962075848303392,18.962075848303392,18.962075848303392,18.962075848303392,18.962075848303392,18.962075848303392],"raf":[53,68,32,52,50,52,51,3026,18,49,53,53,52,52,53,46,44,47,49,46,50,49,54,48,50,61,166,18,42,52,54,53,49,80,29,49,52,53,48,92,24,39,58,50,54,102,13,44,53,55,53,50,104,24,35,59,51,54,51,52,64,43,57,53,53,53,95,13,50,51,51,52,54,53,52,52,51,52,50,59,52,48,52,54,52,52,54,48,49,53,55,55,52,50,55,50,52,50,50,50,53,52,53,54,50,50,53,53,54,52,51,55,53,52,51,49,49,53,54,49,53,51,51,52,67,60,35,53,53,63,45,53,64,50,39]}