{"time":[3.047999999999998,3.0659999999999976,3.1029999999999975,3.1459999999999977,3.1789999999999976,3.273999999999998,3.2999999999999976,3.3279999999999976,3.4529999999999976,3.4829999999999974,3.4999999999999973,3.581999999999997,3.617999999999997,3.7009999999999974,3.7329999999999974,3.9409999999999976,3.9659999999999975,3.9899999999999975,4.101999999999998,4.240999999999998,4.265999999999998,4.291999999999998,4.405999999999998,4.544999999999998,4.565999999999998,4.594999999999998,4.707999999999998,4.749999999999998,4.865999999999998,5.005999999999998,5.031999999999997,5.063999999999997,5.179999999999997,5.217999999999997,5.430999999999997,5.4499999999999975,5.487999999999998,5.601999999999998,5.748999999999998,5.766999999999998,5.805999999999997,5.918999999999998,5.966999999999998,6.178999999999998,6.198999999999997,6.240999999999997,6.354999999999997,6.496999999999997,6.515999999999997,6.551999999999997,6.764999999999997,6.782999999999997,6.819999999999997,6.933999999999997,7.078999999999996,7.098999999999996,7.138999999999996,7.263999999999996,7.308999999999996,7.356999999999996,7.405999999999996,7.449999999999996,7.490999999999996,7.528999999999996,7.570999999999996,7.605999999999996,7.638999999999997,7.674999999999996,7.707999999999997,7.742999999999997,7.771999999999997,7.809999999999997,7.839999999999997,7.870999999999997,7.901999999999997,7.931999999999997,7.981999999999997,8.000999999999996,8.031999999999996,8.081999999999997,8.107999999999997,8.145999999999997,8.177999999999997,8.216999999999997,8.252999999999997,8.284999999999997,8.326999999999996,8.362999999999996,8.398999999999996,8.433999999999996,8.482999999999995,8.509999999999994,8.548999999999994,8.586999999999994,8.623999999999995,8.665999999999995,8.708999999999994,8.744999999999994,8.777999999999993,8.819999999999993,8.857999999999993,8.899999999999993,8.937999999999994,8.975999999999994,12.972999999999994,12.997999999999994],"fps":[25.742574257425744,25.742574257425744,25.742574257425744,25.742574257425744,25.742574257425744,25.742574257425744,25.742574257425744,25.742574257425744,25.742574257425744,25.742574257425744,25.742574257425744,25.742574257425744,25.742574257425744,25.742574257425744,25.742574257425744,25.742574257425744,17.68172888015717,17.68172888015717,17.68172888015717,17.68172888015717,17.68172888015717,17.68172888015717,17.68172888015717,17.68172888015717,17.68172888015717,17.68172888015717,17.68172888015717,17.68172888015717,17.68172888015717,12.5,12.5,12.5,12.5,12.5,12.5,12.5,12.5,12.5,12.5,12.5,12.5,12.5,12.5,11.935208866155158,11.935208866155158,11.935208866155158,11.935208866155158,11.935208866155158,11.935208866155158,11.935208866155158,11.935208866155158,11.935208866155158,11.935208866155158,11.935208866155158,11.935208866155158,11.935208866155158,11.935208866155158,12.903225806451612,12.903225806451612,12.903225806451612,12.903225806451612,12.903225806451612,12.903225806451612,12.903225806451612,12.903225806451612,12.903225806451612,12.903225806451612,12.903225806451612,12.903225806451612,12.903225806451612,12.903225806451612,12.903225806451612,12.903225806451612,12.903225806451612,12.903225806451612,12.903225806451612,12.903225806451612,12.903225806451612,12.903225806451612,12.903225806451612,12.903225806451612,12.903225806451612,12.903225806451612,12.903225806451612,12.903225806451612,27.42409402546523,27.42409402546523,27.42409402546523,27.42409402546523,27.42409402546523,27.42409402546523,27.42409402546523,27.42409402546523,27.42409402546523,27.42409402546523,27.42409402546523,27.42409402546523,27.42409402546523,27.42409402546523,27.42409402546523,27.42409402546523,27.42409402546523,27.42409402546523,27.42409402546523,4.052901023890785,4.052901023890785],"raf":[61,18,37,43,34,94,26,28,125,30,17,82,37,82,32,208,25,24,113,138,25,26,114,139,22,28,113,42,117,139,27,31,117,37,213,18,38,114,147,18,40,113,47,212,21,42,113,142,19,36,213,18,38,113,145,21,39,125,45,48,49,44,41,39,41,35,34,35,33,36,28,38,30,31,31,30,51,18,31,51,26,38,31,40,36,31,42,36,37,34,49,28,38,38,37,43,42,36,33,42,38,42,38,38,3997,25]}