{"time":[4.84,5.792,5.817,5.843,5.862,5.882,5.917999999999999,6.025999999999999,6.070999999999999,6.129999999999999,6.187999999999999,6.252999999999999,6.3149999999999995,6.600999999999999,6.624999999999999,6.658999999999999,6.709999999999999,6.761999999999999,6.809999999999999,6.865999999999999,6.948999999999999,6.979999999999999,7.027999999999999,7.081999999999999,7.136999999999999,7.189999999999999,7.286999999999999,7.312999999999999,7.347999999999999,7.405999999999999,7.455999999999999,7.508999999999999,7.565999999999999,7.668999999999999,7.695999999999999,7.732999999999999,7.786999999999999,7.840999999999999,7.896999999999999,7.986,8.013,8.057,8.114,8.173,8.233,8.321,8.346,8.401,8.452,8.506,8.558,8.615,8.674,8.718,8.774,8.824,8.877,8.930000000000001,8.982000000000001,9.033000000000001,9.086000000000002,9.136000000000003,9.189000000000004,9.241000000000003,9.294000000000004,9.344000000000005,9.396000000000004,9.451000000000004,9.501000000000005,9.552000000000005,9.601000000000004,9.648000000000005,9.703000000000005,9.752000000000004,9.808000000000003,9.857000000000003,9.910000000000004,9.963000000000005,10.017000000000005,10.066000000000004,10.117000000000004,10.168000000000005,10.219000000000005,10.271000000000004,10.322000000000005,10.372000000000005,10.425000000000006,10.475000000000007,10.528000000000008,10.579000000000008,10.630000000000008,10.682000000000007,10.732000000000008,10.785000000000009,10.83900000000001,10.89200000000001,10.94100000000001,10.99300000000001,11.04300000000001,11.09600000000001,11.14800000000001,11.20200000000001,11.25600000000001,11.30500000000001,11.355000000000011,11.413000000000011,11.463000000000012,11.529000000000012,11.567000000000013,11.619000000000012,11.671000000000012,11.724000000000013,11.778000000000013,11.830000000000013,11.893000000000013,11.935000000000013,11.987000000000013,12.040000000000013,12.103000000000014,12.163000000000014,12.199000000000014,12.262000000000015,12.303000000000015,12.357000000000015,12.411000000000016,12.465000000000016,12.530000000000015,12.579000000000015,12.620000000000015,12.682000000000015,12.728000000000014,12.776000000000014,12.839000000000015,12.896000000000015,12.934000000000015,12.987000000000016],"fps":[0.4090816117815504,0.4090816117815504,0.4090816117815504,2.991026919242273,2.991026919242273,2.991026919242273,2.991026919242273,2.991026919242273,2.991026919242273,2.991026919242273,2.991026919242273,2.991026919242273,2.991026919242273,2.991026919242273,2.991026919242273,2.991026919242273,2.991026919242273,2.991026919242273,2.991026919242273,15.655577299412915,15.655577299412915,15.655577299412915,15.655577299412915,15.655577299412915,15.655577299412915,15.655577299412915,15.655577299412915,15.655577299412915,15.655577299412915,15.655577299412915,15.655577299412915,15.655577299412915,15.655577299412915,15.655577299412915,15.655577299412915,15.655577299412915,15.655577299412915,15.655577299412915,18.410852713178294,18.410852713178294,18.410852713178294,18.410852713178294,18.410852713178294,18.410852713178294,18.410852713178294,18.410852713178294,18.410852713178294,18.410852713178294,18.410852713178294,18.410852713178294,18.410852713178294,18.410852713178294,18.410852713178294,18.410852713178294,18.410852713178294,18.410852713178294,18.410852713178294,18.410852713178294,18.410852713178294,18.410852713178294,18.410852713178294,18.410852713178294,18.410852713178294,18.410852713178294,18.410852713178294,18.410852713178294,18.410852713178294,18.410852713178294,18.410852713178294,18.410852713178294,18.410852713178294,18.410852713178294,18.410852713178294,18.410852713178294,18.410852713178294,18.410852713178294,18.410852713178294,19.36108422071636,19.36108422071636,19.36108422071636,19.36108422071636,19.36108422071636,19.36108422071636,19.36108422071636,19.36108422071636,19.36108422071636,19.36108422071636,19.36108422071636,19.36108422071636,19.36108422071636,19.36108422071636,19.36108422071636,19.36108422071636,19.36108422071636,19.36108422071636,19.36108422071636,19.36108422071636,19.398642095053347,19.398642095053347,19.398642095053347,19.398642095053347,19.398642095053347,19.398642095053347,19.398642095053347,19.398642095053347,19.398642095053347,19.398642095053347,19.398642095053347,19.398642095053347,19.398642095053347,19.398642095053347,19.398642095053347,19.398642095053347,19.398642095053347,19.398642095053347,19.398642095053347,19.398642095053347,19.120458891013385,19.120458891013385,19.120458891013385,19.120458891013385,19.120458891013385,19.120458891013385,19.120458891013385,19.120458891013385,19.120458891013385,19.120458891013385,19.120458891013385,19.120458891013385,19.120458891013385,19.120458891013385,19.120458891013385,19.120458891013385,19.120458891013385,19.120458891013385,19.120458891013385],"raf":[4840,951,27,25,18,20,37,107,46,58,58,65,62,286,24,35,50,52,48,56,84,30,48,54,56,52,98,25,35,59,50,52,57,104,26,38,53,54,57,88,27,44,58,59,60,88,25,54,51,54,52,58,58,44,56,50,53,53,52,52,52,50,53,52,54,49,52,56,49,51,49,47,55,49,57,48,54,52,54,49,51,52,51,51,51,50,53,51,52,51,52,52,50,52,54,53,49,53,50,52,52,55,53,49,50,58,50,67,37,52,53,53,53,52,63,42,53,52,63,60,36,63,42,54,53,54,65,49,41,62,47,47,63,57,38,53]}