{"time":[3.0079999999999996,3.2419999999999995,3.2869999999999995,3.3229999999999995,3.3709999999999996,3.5159999999999996,3.7549999999999994,3.8019999999999996,3.8369999999999997,3.9749999999999996,4.018999999999999,4.1579999999999995,4.295,4.336,4.37,4.465,4.52,4.555999999999999,4.594999999999999,4.640999999999999,4.687999999999999,4.729999999999999,4.776999999999998,4.820999999999998,4.877999999999998,4.940999999999998,4.980999999999998,5.024999999999998,5.069999999999998,5.121999999999997,5.190999999999997,5.256999999999997,5.302999999999997,5.343999999999998,5.384999999999998,5.427999999999998,5.473999999999998,5.520999999999998,5.587999999999998,5.635999999999998,5.683999999999998,5.725999999999998,5.769999999999998,5.815999999999998,5.860999999999998,5.903999999999998,5.967999999999998,6.018999999999998,6.076999999999998,6.120999999999998,6.165999999999998,6.208999999999998,6.251999999999998,11.204999999999998,11.251999999999999,11.300999999999998,11.349999999999998,11.392999999999997,11.441999999999997,11.489999999999997,11.537999999999997,11.584999999999997,11.689999999999998,11.738999999999997,11.789999999999997,11.841999999999997,11.897999999999996,11.965999999999996,12.017999999999995,12.079999999999995,12.132999999999996,12.184999999999995,12.251999999999995,12.309999999999995,12.373999999999995,12.435999999999995,12.488999999999995,12.553999999999995,12.616999999999996,12.674999999999995,12.743999999999996,12.801999999999996,12.859999999999996,12.921999999999995,12.984999999999996],"fps":[6.739679865206402,9.727626459143968,9.727626459143968,9.727626459143968,9.727626459143968,9.727626459143968,9.727626459143968,9.727626459143968,9.727626459143968,9.727626459143968,9.727626459143968,9.727626459143968,10.456273764258555,10.456273764258555,10.456273764258555,10.456273764258555,10.456273764258555,10.456273764258555,10.456273764258555,10.456273764258555,10.456273764258555,10.456273764258555,10.456273764258555,10.456273764258555,10.456273764258555,10.456273764258555,10.456273764258555,10.456273764258555,10.456273764258555,10.456273764258555,10.456273764258555,10.456273764258555,19.841269841269842,19.841269841269842,19.841269841269842,19.841269841269842,19.841269841269842,19.841269841269842,19.841269841269842,19.841269841269842,19.841269841269842,19.841269841269842,19.841269841269842,19.841269841269842,19.841269841269842,19.841269841269842,19.841269841269842,19.841269841269842,19.841269841269842,19.841269841269842,19.841269841269842,19.841269841269842,19.841269841269842,3.5575131289174995,3.5575131289174995,3.5575131289174995,3.5575131289174995,3.5575131289174995,3.5575131289174995,3.5575131289174995,3.5575131289174995,3.5575131289174995,3.5575131289174995,3.5575131289174995,3.5575131289174995,3.5575131289174995,3.5575131289174995,3.5575131289174995,3.5575131289174995,3.5575131289174995,3.5575131289174995,3.5575131289174995,18.164435946462714,18.164435946462714,18.164435946462714,18.164435946462714,18.164435946462714,18.164435946462714,18.164435946462714,18.164435946462714,18.164435946462714,18.164435946462714,18.164435946462714,18.164435946462714,18.164435946462714],"raf":[38,235,44,36,48,145,240,47,34,138,44,139,137,41,35,94,55,36,40,45,48,42,46,44,57,63,40,44,45,52,69,66,46,41,41,43,46,48,66,48,48,42,45,46,44,43,64,52,58,43,45,43,44,4953,46,49,49,43,49,48,48,47,105,50,50,52,56,69,52,62,52,53,66,58,64,62,53,65,64,58,68,58,58,63,62]}