{"time":[3.0020000000000002,3.0690000000000004,3.1290000000000004,3.1850000000000005,3.2390000000000003,3.305,3.361,3.4200000000000004,3.4850000000000003,3.5410000000000004,3.599,3.664,3.7230000000000003,3.781,3.842,3.898,3.955,4.016,4.073,4.1290000000000004,4.191000000000001,4.2490000000000006,4.3100000000000005,4.3740000000000006,4.4350000000000005,4.500000000000001,4.564000000000001,4.625000000000001,4.681000000000001,4.748000000000001,4.808000000000001,4.876,4.952,5.005,5.085,5.152,5.207,5.285,5.343,5.402,5.481,5.538,5.6080000000000005,5.6850000000000005,5.7410000000000005,5.809,5.885,5.938,5.997,6.069,6.145,6.218,6.31,6.369,6.478,6.664,6.747999999999999,6.803999999999999,7.055999999999999,7.215999999999999,7.267999999999999,7.423999999999999,7.579999999999998,7.635999999999998,7.792999999999998,7.946999999999998,8.100999999999999,8.254,8.408,8.562,8.716,8.866999999999999,8.934,9.088999999999999,9.248999999999999,9.302999999999999,9.460999999999999,9.551999999999998,9.617999999999999,9.678999999999998,9.737999999999998,9.799999999999997,9.858999999999996,9.924999999999997,9.986999999999997,10.046999999999997,10.113999999999997,10.173999999999998,10.235999999999997,10.300999999999997,10.375999999999996,10.454999999999997,10.517999999999997,10.579999999999997,10.636999999999997,10.818999999999997,10.941999999999997,10.996999999999996,11.062999999999997,11.124999999999996,11.183999999999996,11.256999999999996,11.317999999999996,11.381999999999996,11.441999999999997,11.499999999999996,11.564999999999996,11.627999999999997,11.691999999999997],"fps":[17.17557251908397,17.17557251908397,17.17557251908397,17.17557251908397,17.17557251908397,17.17557251908397,17.17557251908397,17.17557251908397,17.17557251908397,17.17557251908397,17.17557251908397,17.17557251908397,17.17557251908397,17.17557251908397,17.17557251908397,17.17557251908397,17.17557251908397,16.765285996055226,16.765285996055226,16.765285996055226,16.765285996055226,16.765285996055226,16.765285996055226,16.765285996055226,16.765285996055226,16.765285996055226,16.765285996055226,16.765285996055226,16.765285996055226,16.765285996055226,16.765285996055226,16.765285996055226,16.765285996055226,16.765285996055226,15.917602996254681,15.917602996254681,15.917602996254681,15.917602996254681,15.917602996254681,15.917602996254681,15.917602996254681,15.917602996254681,15.917602996254681,15.917602996254681,15.917602996254681,15.917602996254681,15.917602996254681,15.917602996254681,15.917602996254681,15.917602996254681,15.080113100848257,15.080113100848257,15.080113100848257,15.080113100848257,15.080113100848257,15.080113100848257,15.080113100848257,15.080113100848257,15.080113100848257,8.403361344537815,8.403361344537815,8.403361344537815,8.403361344537815,8.403361344537815,8.403361344537815,8.403361344537815,8.403361344537815,7.707129094412331,7.707129094412331,7.707129094412331,7.707129094412331,7.707129094412331,7.707129094412331,7.707129094412331,7.707129094412331,7.633587786259542,7.633587786259542,7.633587786259542,7.633587786259542,7.633587786259542,7.633587786259542,7.633587786259542,7.633587786259542,7.633587786259542,7.633587786259542,7.633587786259542,7.633587786259542,7.633587786259542,7.633587786259542,7.633587786259542,13.979496738117428,13.979496738117428,13.979496738117428,13.979496738117428,13.979496738117428,13.979496738117428,13.979496738117428,13.979496738117428,13.979496738117428,13.979496738117428,13.979496738117428,13.979496738117428,13.979496738117428,12.909632571996028,12.909632571996028,12.909632571996028,12.909632571996028,12.909632571996028,12.909632571996028],"raf":[68,67,59,56,56,64,56,59,65,57,58,64,60,57,61,57,57,61,56,56,63,58,60,64,62,64,65,60,56,67,60,68,76,53,80,67,55,78,58,59,79,57,70,77,56,68,76,53,59,72,77,73,91,59,109,186,84,56,252,161,51,156,156,56,157,154,154,154,153,155,153,151,68,155,159,54,158,91,66,61,59,62,59,66,62,60,68,59,62,65,75,81,61,63,56,182,123,56,65,62,60,73,60,65,60,57,66,62,64]}