{"time":[4.877000000000001,4.909000000000001,4.953,5.014,5.079000000000001,5.138000000000001,5.198,5.255000000000001,5.312000000000001,5.371000000000001,5.4300000000000015,5.492000000000002,5.558000000000002,5.616000000000001,5.683000000000002,5.745000000000002,5.810000000000002,5.873000000000002,5.937000000000002,6.003000000000002,6.069000000000002,6.1320000000000014,6.195000000000001,6.261000000000001,6.336000000000001,6.395000000000001,6.460000000000002,6.521000000000002,6.585000000000002,6.651000000000002,6.716000000000002,6.847000000000002,6.876000000000002,6.922000000000002,6.988000000000002,7.054000000000002,7.138000000000002,7.192000000000002,7.254000000000002,7.319000000000003,7.390000000000002,7.458000000000002,7.522000000000002,7.588000000000002,7.653000000000002,7.717000000000002,7.780000000000002,7.845000000000002,7.9090000000000025,7.975000000000002,8.038000000000002,8.102000000000002,8.170000000000002,8.235000000000001,8.3,8.363000000000001,8.427000000000001,8.496000000000002,8.560000000000002,8.628000000000002,8.693000000000001,8.758000000000001,8.826,8.891,8.958,9.019,9.085,9.15,9.215,9.282,9.346,9.409,9.476,9.539000000000001,9.603000000000002,9.668000000000001,9.73,9.795,9.864,9.927000000000001,9.992,10.059000000000001,10.124,10.187000000000001,10.253000000000002,10.318000000000001,10.383000000000001,10.450000000000001,10.516000000000002,10.580000000000002,10.652000000000001,10.716000000000001,10.779000000000002,10.842000000000002,10.908000000000003,10.975000000000003,11.036000000000003,11.099000000000004,11.162000000000004,11.227000000000004,11.293000000000005,11.355000000000004,11.419000000000004,11.485000000000005,11.550000000000004,11.614000000000004,11.678000000000004,11.741000000000005,11.804000000000006,11.868000000000006,11.933000000000005,11.997000000000005,12.060000000000006,12.126000000000007,12.190000000000007,12.253000000000007,12.318000000000007,12.382000000000007,12.451000000000008,12.513000000000007,12.577000000000007,12.640000000000008,12.703000000000008,12.769000000000009,12.834000000000009,12.899000000000008,12.964000000000008],"fps":[5.538248528902734,5.538248528902734,5.538248528902734,5.538248528902734,5.538248528902734,5.538248528902734,5.538248528902734,5.538248528902734,5.538248528902734,5.538248528902734,5.538248528902734,5.538248528902734,5.538248528902734,5.538248528902734,5.538248528902734,5.538248528902734,5.538248528902734,5.538248528902734,16.9811320754717,16.9811320754717,16.9811320754717,16.9811320754717,16.9811320754717,16.9811320754717,16.9811320754717,16.9811320754717,16.9811320754717,16.9811320754717,16.9811320754717,16.9811320754717,16.9811320754717,16.9811320754717,16.9811320754717,16.9811320754717,15.209125475285171,15.209125475285171,15.209125475285171,15.209125475285171,15.209125475285171,15.209125475285171,15.209125475285171,15.209125475285171,15.209125475285171,15.209125475285171,15.209125475285171,15.209125475285171,15.209125475285171,15.209125475285171,15.209125475285171,15.209125475285171,15.252621544327932,15.252621544327932,15.252621544327932,15.252621544327932,15.252621544327932,15.252621544327932,15.252621544327932,15.252621544327932,15.252621544327932,15.252621544327932,15.252621544327932,15.252621544327932,15.252621544327932,15.252621544327932,15.252621544327932,15.252621544327932,15.267175572519085,15.267175572519085,15.267175572519085,15.267175572519085,15.267175572519085,15.267175572519085,15.267175572519085,15.267175572519085,15.267175572519085,15.267175572519085,15.267175572519085,15.267175572519085,15.267175572519085,15.267175572519085,15.267175572519085,15.267175572519085,15.399422521655438,15.399422521655438,15.399422521655438,15.399422521655438,15.399422521655438,15.399422521655438,15.399422521655438,15.399422521655438,15.399422521655438,15.399422521655438,15.399422521655438,15.399422521655438,15.399422521655438,15.399422521655438,15.399422521655438,15.399422521655438,15.429122468659594,15.429122468659594,15.429122468659594,15.429122468659594,15.429122468659594,15.429122468659594,15.429122468659594,15.429122468659594,15.429122468659594,15.429122468659594,15.429122468659594,15.429122468659594,15.429122468659594,15.429122468659594,15.429122468659594,15.429122468659594,15.54907677356657,15.54907677356657,15.54907677356657,15.54907677356657,15.54907677356657,15.54907677356657,15.54907677356657,15.54907677356657,15.54907677356657,15.54907677356657,15.54907677356657,15.54907677356657,15.54907677356657],"raf":[1895,32,45,60,65,59,60,57,57,59,59,62,67,58,66,63,64,63,64,66,66,63,64,65,75,60,65,61,63,66,66,130,29,47,66,66,84,54,61,66,71,67,65,65,65,64,63,65,64,67,62,64,69,65,64,63,65,69,63,69,64,65,69,65,66,62,66,64,66,66,65,62,67,63,65,64,62,64,69,64,64,68,65,62,66,65,65,67,67,65,70,64,63,64,66,66,62,62,63,65,67,62,63,66,65,64,65,62,64,63,66,63,64,65,65,63,64,65,69,61,65,62,64,65,65,66,65]}