{"time":[3.1040000000000005,3.1250000000000004,3.1700000000000004,3.2830000000000004,3.341,3.563,3.575,3.633,3.748,3.9170000000000003,3.9410000000000003,3.986,4.097,4.16,4.38,4.4079999999999995,4.454999999999999,4.565999999999999,4.720999999999999,4.740999999999999,4.781999999999999,4.892999999999999,5.043999999999999,5.057999999999999,5.107999999999999,5.320999999999999,5.340999999999998,5.385999999999998,5.497999999999998,5.652999999999999,5.674999999999999,5.715999999999999,5.827999999999999,5.981999999999999,6.007,6.045,6.158,6.3100000000000005,6.324000000000001,6.381000000000001,6.506000000000001,6.556000000000001,6.611000000000001,6.667000000000001,6.722,6.78,6.839,6.896000000000001,6.9590000000000005,7.021000000000001,7.082000000000001,7.1450000000000005,7.215000000000001,7.275,7.325,7.383,7.442,7.501,7.557,7.615,7.673,7.731,7.79,7.842,7.899,7.958,8.015,12.807,12.84,12.875,12.932,12.991],"fps":[10.978956999085087,10.978956999085087,10.978956999085087,10.978956999085087,10.978956999085087,10.978956999085087,10.978956999085087,10.978956999085087,10.978956999085087,11.314186248912097,11.314186248912097,11.314186248912097,11.314186248912097,11.314186248912097,11.314186248912097,11.314186248912097,11.314186248912097,11.314186248912097,11.314186248912097,11.314186248912097,11.314186248912097,11.314186248912097,11.545293072824157,11.545293072824157,11.545293072824157,11.545293072824157,11.545293072824157,11.545293072824157,11.545293072824157,11.545293072824157,11.545293072824157,11.545293072824157,11.545293072824157,11.545293072824157,11.545293072824157,12.974051896207586,12.974051896207586,12.974051896207586,12.974051896207586,12.974051896207586,12.974051896207586,12.974051896207586,12.974051896207586,12.974051896207586,12.974051896207586,12.974051896207586,12.974051896207586,12.974051896207586,12.974051896207586,12.974051896207586,14.46480231436837,14.46480231436837,14.46480231436837,14.46480231436837,14.46480231436837,14.46480231436837,14.46480231436837,14.46480231436837,14.46480231436837,14.46480231436837,14.46480231436837,14.46480231436837,14.46480231436837,14.46480231436837,14.46480231436837,14.46480231436837,14.46480231436837,2.96943231441048,2.96943231441048,2.96943231441048,2.96943231441048,2.96943231441048],"raf":[157,21,46,112,59,221,12,59,114,170,24,45,111,62,220,28,47,111,155,21,40,111,151,14,50,213,20,45,113,154,22,42,111,154,26,38,112,152,14,57,125,51,54,56,56,57,60,57,63,62,61,64,68,60,50,58,60,59,55,59,58,58,58,53,56,59,58,4792,33,34,57,60]}