{"time":[3.039999999999999,3.072999999999999,3.217999999999999,3.236999999999999,3.257999999999999,3.298999999999999,3.334999999999999,3.375999999999999,3.515999999999999,3.537999999999999,3.564999999999999,3.612999999999999,3.750999999999999,3.769999999999999,3.795999999999999,3.8339999999999987,3.876999999999999,4.019999999999999,4.036999999999999,4.066999999999999,4.116999999999999,4.1579999999999995,4.3,4.321,4.353,4.396,4.4399999999999995,4.584999999999999,4.603999999999999,4.627999999999999,4.662999999999999,4.7059999999999995,4.843,4.854,4.883,4.925,5.064,5.087,5.1049999999999995,5.1339999999999995,5.170999999999999,5.305999999999999,5.319999999999999,5.347999999999999,5.390999999999999,5.420999999999999,5.565999999999999,5.586999999999999,5.602999999999999,5.641999999999999,5.776999999999998,5.786999999999998,5.815999999999998,5.854999999999998,5.991999999999997,6.0029999999999974,6.0349999999999975,6.070999999999997,6.205999999999997,6.219999999999997,6.244999999999997,6.2849999999999975,6.323999999999997,6.460999999999997,6.485999999999997,6.5029999999999974,6.541999999999997,6.5829999999999975,6.719999999999997,6.735999999999997,6.755999999999997,6.793999999999997,6.827999999999997,6.961999999999997,6.985999999999997,7.011999999999997,7.045999999999997,7.075999999999997,7.214999999999997,7.235999999999997,7.259999999999997,7.298999999999997,7.336999999999997,7.474999999999997,7.485999999999997,7.521999999999997,7.553999999999997,7.697999999999997,7.735999999999997,7.762999999999997,7.795999999999998,7.935999999999997,7.969999999999997,7.990999999999997,8.028999999999996,8.069999999999997,8.106999999999998,8.146999999999997,8.181999999999997,8.221999999999996,8.260999999999996,8.296999999999995,8.339999999999995,8.377999999999995,8.418999999999995,8.453999999999995,8.500999999999996,8.531999999999996,8.579999999999997,8.619999999999996,8.659999999999995,8.692999999999994,8.734999999999994,8.772999999999994,8.810999999999995,8.847999999999995,8.886999999999995,8.925999999999995,8.961999999999994,8.999999999999995,9.037999999999995,9.075999999999995,9.112999999999996,9.149999999999997,9.187999999999997,9.223999999999997,9.267999999999997,9.309999999999997],"fps":[19.305019305019304,19.305019305019304,19.305019305019304,19.305019305019304,19.305019305019304,19.305019305019304,19.305019305019304,19.305019305019304,19.305019305019304,19.305019305019304,19.305019305019304,19.305019305019304,19.305019305019304,19.305019305019304,19.305019305019304,19.305019305019304,19.305019305019304,19.305019305019304,19.305019305019304,18.48249027237354,18.48249027237354,18.48249027237354,18.48249027237354,18.48249027237354,18.48249027237354,18.48249027237354,18.48249027237354,18.48249027237354,18.48249027237354,18.48249027237354,18.48249027237354,18.48249027237354,18.48249027237354,18.48249027237354,18.48249027237354,18.48249027237354,18.48249027237354,17.664376840039253,17.664376840039253,17.664376840039253,17.664376840039253,17.664376840039253,17.664376840039253,17.664376840039253,17.664376840039253,17.664376840039253,17.664376840039253,17.664376840039253,17.664376840039253,17.664376840039253,17.664376840039253,17.664376840039253,17.664376840039253,17.664376840039253,17.664376840039253,17.664376840039253,17.664376840039253,17.664376840039253,18.766756032171582,18.766756032171582,18.766756032171582,18.766756032171582,18.766756032171582,18.766756032171582,18.766756032171582,18.766756032171582,18.766756032171582,18.766756032171582,18.766756032171582,18.766756032171582,18.766756032171582,18.766756032171582,18.766756032171582,18.766756032171582,18.766756032171582,18.766756032171582,18.766756032171582,18.766756032171582,19.821605550049554,19.821605550049554,19.821605550049554,19.821605550049554,19.821605550049554,19.821605550049554,19.821605550049554,19.821605550049554,19.821605550049554,19.821605550049554,19.821605550049554,19.821605550049554,19.821605550049554,19.821605550049554,19.821605550049554,19.821605550049554,19.821605550049554,19.821605550049554,19.821605550049554,19.821605550049554,19.821605550049554,20.854021847070506,20.854021847070506,20.854021847070506,20.854021847070506,20.854021847070506,20.854021847070506,20.854021847070506,20.854021847070506,20.854021847070506,20.854021847070506,20.854021847070506,20.854021847070506,20.854021847070506,20.854021847070506,20.854021847070506,20.854021847070506,20.854021847070506,20.854021847070506,20.854021847070506,20.854021847070506,20.854021847070506,20.854021847070506,20.854021847070506,20.854021847070506,20.854021847070506,20.854021847070506,25.94810379241517,25.94810379241517,25.94810379241517],"raf":[45,33,145,19,22,40,37,40,140,22,27,48,139,19,25,39,42,143,18,30,50,41,141,21,33,43,44,144,19,24,36,43,136,11,29,42,139,23,18,29,37,135,14,29,43,29,146,20,16,39,135,10,29,40,137,10,33,35,135,14,25,41,38,138,25,17,39,40,137,17,20,38,33,134,24,26,35,29,139,21,26,37,39,138,10,36,34,143,38,27,33,140,34,20,38,42,37,40,35,39,39,36,44,37,42,34,48,31,47,41,40,33,42,38,37,38,39,38,36,38,39,38,36,37,38,36,44,42]}