{"time":[5.686,7.684,7.747,7.78,7.807,7.8340000000000005,7.856000000000001,7.884,7.92,7.95,8.163,8.216000000000001,8.305000000000001,8.38,8.457,8.538,8.615,8.743,8.780000000000001,8.850000000000001,8.932000000000002,9.089000000000002,9.112000000000002,9.177000000000001,9.291000000000002,9.460000000000003,9.479000000000003,9.546000000000003,9.660000000000004,9.731000000000003,9.945000000000004,9.980000000000004,10.031000000000004,10.146000000000004,10.324000000000005,10.345000000000006,10.402000000000006,10.573000000000006,10.596000000000005,10.648000000000005,10.861000000000004,10.879000000000005,10.941000000000004,11.055000000000005,11.223000000000004,11.246000000000004,11.294000000000004,11.408000000000005,11.469000000000005,11.581000000000005,11.743000000000006,11.763000000000005,11.816000000000006,12.028000000000006,12.045000000000005,12.106000000000005,12.222000000000005,12.286000000000005,12.399000000000004,12.559000000000005,12.579000000000004,12.630000000000004,12.843000000000004,12.863000000000003,12.920000000000003],"fps":[0.17587055926837847,0.5002501250625313,0.5002501250625313,0.5002501250625313,0.5002501250625313,0.5002501250625313,0.5002501250625313,0.5002501250625313,0.5002501250625313,0.5002501250625313,0.5002501250625313,0.5002501250625313,0.5002501250625313,0.5002501250625313,0.5002501250625313,0.5002501250625313,0.5002501250625313,15.122873345935728,15.122873345935728,15.122873345935728,15.122873345935728,15.122873345935728,15.122873345935728,15.122873345935728,15.122873345935728,15.122873345935728,15.122873345935728,15.122873345935728,15.122873345935728,15.122873345935728,10.806317539484622,10.806317539484622,10.806317539484622,10.806317539484622,10.806317539484622,10.806317539484622,10.806317539484622,10.806317539484622,10.806317539484622,10.806317539484622,10.806317539484622,10.806317539484622,10.806317539484622,11.722272317403066,11.722272317403066,11.722272317403066,11.722272317403066,11.722272317403066,11.722272317403066,11.722272317403066,11.722272317403066,11.722272317403066,11.722272317403066,11.722272317403066,11.722272317403066,11.406844106463879,11.406844106463879,11.406844106463879,11.406844106463879,11.406844106463879,11.406844106463879,11.406844106463879,11.406844106463879,11.406844106463879,11.406844106463879],"raf":[5686,1999,62,33,27,27,22,29,35,31,212,53,89,75,77,81,77,128,37,70,82,157,23,65,114,170,19,66,114,71,215,34,52,114,178,22,57,170,23,52,213,19,61,114,168,23,48,114,61,112,162,20,53,212,18,61,115,64,113,160,20,51,213,20,58]}