{"time":[3.1149999999999998,3.1279999999999997,3.1539999999999995,3.1959999999999993,3.333999999999999,3.343999999999999,3.3739999999999988,3.404999999999999,3.435999999999999,3.474999999999999,3.615999999999999,3.6269999999999993,3.6629999999999994,3.6999999999999993,3.736999999999999,3.8759999999999994,3.8939999999999992,3.914999999999999,3.959999999999999,3.992999999999999,4.126999999999999,4.143999999999999,4.169,4.207,4.242,4.28,4.418,4.444,4.461,4.498,4.639,4.66,4.678,4.719,4.758,4.789,4.827999999999999,4.9639999999999995,4.976999999999999,4.999999999999999,5.036999999999999,5.069999999999999,5.098999999999999,5.236999999999999,5.259999999999999,5.275999999999999,5.307999999999999,5.346999999999999,5.475999999999999,5.493999999999999,5.518999999999999,5.552,5.5889999999999995,5.627,5.662,5.793,5.811,5.836,5.868,5.9030000000000005,5.939,5.971,6.1080000000000005,6.127000000000001,6.15,6.183000000000001,6.248000000000001,6.260000000000001,6.296,6.332,6.367,6.399,6.44,6.477,6.517,6.554,6.5920000000000005,6.6290000000000004,6.668,6.708,6.75,6.789,6.826,6.861999999999999,6.897999999999999,6.933999999999998,6.969999999999998,7.009999999999998,7.042999999999998,7.083999999999999,7.124999999999999,7.1499999999999995,7.191,7.2299999999999995,7.2669999999999995,7.308999999999999,7.3469999999999995,7.385,7.420999999999999,7.459999999999999,7.498999999999999,7.538999999999999,7.573999999999999,7.611999999999999,7.653,7.683999999999999,7.723999999999999,7.760999999999999,7.799999999999999,7.836999999999999,7.8679999999999986,7.907999999999999,7.941999999999998,7.978999999999998,8.015999999999998,8.050999999999998,12.720999999999998,12.742999999999999,12.765999999999998,12.803999999999998,12.838999999999999,12.87,12.899999999999999,12.932999999999998,12.966999999999999,12.998],"fps":[17.324350336862366,17.324350336862366,17.324350336862366,17.324350336862366,17.324350336862366,17.324350336862366,17.324350336862366,20.58823529411765,20.58823529411765,20.58823529411765,20.58823529411765,20.58823529411765,20.58823529411765,20.58823529411765,20.58823529411765,20.58823529411765,20.58823529411765,20.58823529411765,20.58823529411765,20.58823529411765,20.58823529411765,20.58823529411765,20.58823529411765,20.58823529411765,20.58823529411765,20.58823529411765,18.774703557312254,18.774703557312254,18.774703557312254,18.774703557312254,18.774703557312254,18.774703557312254,18.774703557312254,18.774703557312254,18.774703557312254,18.774703557312254,18.774703557312254,18.774703557312254,18.774703557312254,18.774703557312254,18.774703557312254,18.774703557312254,18.774703557312254,18.774703557312254,18.774703557312254,18.774703557312254,18.774703557312254,18.774703557312254,20.793950850661627,20.793950850661627,20.793950850661627,20.793950850661627,20.793950850661627,20.793950850661627,20.793950850661627,20.793950850661627,20.793950850661627,20.793950850661627,20.793950850661627,20.793950850661627,20.793950850661627,20.793950850661627,20.793950850661627,20.793950850661627,20.793950850661627,20.793950850661627,20.793950850661627,20.793950850661627,20.793950850661627,20.793950850661627,20.793950850661627,20.793950850661627,20.793950850661627,24.9500998003992,24.9500998003992,24.9500998003992,24.9500998003992,24.9500998003992,24.9500998003992,24.9500998003992,24.9500998003992,24.9500998003992,24.9500998003992,24.9500998003992,24.9500998003992,24.9500998003992,24.9500998003992,24.9500998003992,24.9500998003992,24.9500998003992,24.9500998003992,24.9500998003992,24.9500998003992,24.9500998003992,24.9500998003992,24.9500998003992,24.9500998003992,24.9500998003992,24.9500998003992,24.9500998003992,26.44466209598433,26.44466209598433,26.44466209598433,26.44466209598433,26.44466209598433,26.44466209598433,26.44466209598433,26.44466209598433,26.44466209598433,26.44466209598433,26.44466209598433,26.44466209598433,26.44466209598433,26.44466209598433,26.44466209598433,26.44466209598433,3.0639601685178093,3.0639601685178093,3.0639601685178093,3.0639601685178093,3.0639601685178093,3.0639601685178093,3.0639601685178093,3.0639601685178093,3.0639601685178093,3.0639601685178093],"raf":[137,13,26,42,138,10,30,32,30,40,140,11,37,37,36,139,18,23,43,33,134,17,25,39,34,38,138,26,17,37,141,22,17,41,40,30,39,136,13,23,37,33,29,138,23,18,30,39,129,18,25,33,37,38,36,130,18,26,32,34,36,33,136,20,22,33,65,13,35,36,35,32,41,38,40,36,38,37,39,40,43,38,37,37,36,35,36,41,32,41,41,26,41,38,37,42,39,37,36,39,39,40,36,38,40,31,40,38,38,37,31,40,34,37,37,35,4670,22,23,38,35,32,29,33,34,31]}