{"time":[4.622,5.463,5.491,5.529999999999999,5.576,5.6259999999999994,5.656999999999999,5.687999999999999,5.720999999999999,5.755999999999999,5.789999999999999,5.821999999999999,5.866999999999999,6.302999999999999,6.3839999999999995,6.4239999999999995,6.483,6.550999999999999,6.6129999999999995,6.678,6.771,6.81,6.864,6.927,7.037,7.071,7.133,7.193,7.306,7.339,7.398000000000001,7.460000000000001,7.525000000000001,7.580000000000001,7.644000000000001,7.7570000000000014,7.848000000000002,7.881000000000002,7.939000000000002,8.000000000000002,8.061000000000002,8.361000000000002,8.392000000000003,8.444000000000003,8.509000000000002,8.576000000000002,8.636000000000003,8.703000000000003,8.768000000000002,8.833000000000002,8.899000000000003,8.964000000000002,9.031000000000002,9.096000000000002,9.161000000000001,9.226,9.290000000000001,9.356000000000002,9.420000000000002,9.481000000000002,9.551000000000002,9.616000000000001,9.680000000000001,9.750000000000002,9.817000000000002,9.884000000000002,9.950000000000003,10.016000000000004,10.081000000000003,10.147000000000004,10.211000000000004,10.278000000000004,10.342000000000004,10.426000000000004,10.485000000000003,10.552000000000003,10.617000000000003,10.682000000000002,10.748000000000003,10.814000000000004,10.883000000000004,10.947000000000005,11.016000000000005,11.079000000000006,11.158000000000007,11.214000000000006,11.291000000000006,11.346000000000005,11.415000000000006,11.493000000000006,11.544000000000006,11.611000000000006,11.692000000000005,11.759000000000006,11.809000000000006,11.890000000000006,11.942000000000005,12.029000000000005,12.092000000000006,12.146000000000006,12.223000000000006,12.278000000000006,12.362000000000005,12.465000000000005,12.533000000000005,12.595000000000004,12.661000000000005,12.725000000000005,12.845000000000004,12.892000000000005,12.946000000000005],"fps":[2.109300095877277,2.109300095877277,2.109300095877277,2.109300095877277,2.109300095877277,4.9800796812749,4.9800796812749,4.9800796812749,4.9800796812749,4.9800796812749,4.9800796812749,4.9800796812749,4.9800796812749,4.9800796812749,4.9800796812749,4.9800796812749,4.9800796812749,4.9800796812749,4.9800796812749,13.320647002854423,13.320647002854423,13.320647002854423,13.320647002854423,13.320647002854423,13.320647002854423,13.320647002854423,13.320647002854423,13.320647002854423,13.320647002854423,13.320647002854423,13.320647002854423,13.320647002854423,13.320647002854423,13.320647002854423,13.320647002854423,14.801110083256244,14.801110083256244,14.801110083256244,14.801110083256244,14.801110083256244,14.801110083256244,14.801110083256244,14.801110083256244,14.801110083256244,14.801110083256244,14.801110083256244,14.801110083256244,14.801110083256244,12.88404360753221,12.88404360753221,12.88404360753221,12.88404360753221,12.88404360753221,12.88404360753221,12.88404360753221,12.88404360753221,12.88404360753221,12.88404360753221,12.88404360753221,12.88404360753221,12.88404360753221,12.88404360753221,12.88404360753221,12.88404360753221,15.252621544327932,15.252621544327932,15.252621544327932,15.252621544327932,15.252621544327932,15.252621544327932,15.252621544327932,15.252621544327932,15.252621544327932,15.252621544327932,15.252621544327932,15.252621544327932,15.252621544327932,15.252621544327932,15.252621544327932,15.252621544327932,14.99531396438613,14.99531396438613,14.99531396438613,14.99531396438613,14.99531396438613,14.99531396438613,14.99531396438613,14.99531396438613,14.99531396438613,14.99531396438613,14.99531396438613,14.99531396438613,14.99531396438613,14.99531396438613,14.99531396438613,14.910536779324056,14.910536779324056,14.910536779324056,14.910536779324056,14.910536779324056,14.910536779324056,14.910536779324056,14.910536779324056,14.910536779324056,14.910536779324056,14.910536779324056,14.910536779324056,14.910536779324056,14.910536779324056,13.958125623130607,13.958125623130607],"raf":[4623,841,28,38,46,51,30,31,33,35,33,33,45,436,80,41,59,67,62,65,94,38,55,62,111,33,62,61,113,33,58,62,66,54,64,115,90,33,58,60,62,299,32,51,65,67,60,67,64,65,66,66,66,65,65,66,64,66,63,61,70,65,65,69,67,68,65,66,66,65,65,66,65,84,60,65,65,66,66,65,70,64,69,62,79,56,78,55,68,78,52,66,82,66,51,80,53,86,64,54,77,55,84,102,68,62,67,64,119,48,53]}