{"time":[3.014,3.0789999999999997,3.1409999999999996,3.2049999999999996,3.268,3.3329999999999997,3.3989999999999996,3.4619999999999997,3.5229999999999997,3.5839999999999996,3.6459999999999995,3.7079999999999993,3.7679999999999993,3.825999999999999,3.886999999999999,3.950999999999999,4.015999999999999,4.074999999999999,4.138999999999999,4.204,4.27,4.340999999999999,4.412999999999999,4.483999999999999,4.549999999999999,4.638999999999999,4.698999999999999,4.764999999999999,4.839999999999999,4.913999999999999,4.989999999999998,5.070999999999999,5.140999999999999,5.214999999999999,5.279999999999999,5.345999999999999,5.4159999999999995,5.483,5.537999999999999,5.605999999999999,5.667999999999999,5.7299999999999995,5.792,5.858,5.917,5.979,6.04,6.098,6.157,6.218,6.278,6.337,6.398,6.457999999999999,6.523,6.585999999999999,6.6499999999999995,6.709999999999999,6.768999999999999,6.826999999999999,6.886999999999999,6.957999999999998,7.012999999999998,7.073999999999998,7.133999999999998,7.193999999999997,7.257999999999997,7.321999999999997,7.381999999999997,7.458999999999997,7.515999999999997,7.567999999999997,7.640999999999997,7.697999999999998,7.755999999999998,7.819999999999998,7.883999999999998,7.947999999999998,8.014999999999997,8.071999999999997,8.136999999999997,8.199999999999998,8.271999999999997,8.331999999999997,8.384999999999998,8.457999999999998,8.515999999999998,8.580999999999998,8.640999999999998,8.702999999999998,8.793999999999997,8.831999999999997,8.887999999999996,8.948999999999996,9.068999999999996,9.098999999999995,9.145999999999995,9.210999999999995,9.356999999999996,9.381999999999996,9.429999999999996,9.493999999999996,9.556999999999997,9.621999999999996,9.685999999999996,9.847999999999997,9.865999999999998,9.917999999999997,10.079999999999998,10.098999999999998,10.149,10.311,10.332,10.38,10.443000000000001,10.506000000000002,10.676000000000002,10.698000000000002,10.745000000000003,10.808000000000003,10.874000000000004,10.936000000000003,10.998000000000003,11.152000000000003,11.182000000000002,11.239000000000003,11.301000000000002,11.363000000000001,11.425,11.49,11.552,11.615,11.681000000000001,11.74,11.798,11.865,11.917,11.978,12.041,12.103,12.165],"fps":[12.5968992248062,12.5968992248062,12.5968992248062,12.5968992248062,12.5968992248062,12.5968992248062,12.5968992248062,12.5968992248062,15.22359657469077,15.22359657469077,15.22359657469077,15.22359657469077,15.22359657469077,15.22359657469077,15.22359657469077,15.22359657469077,15.22359657469077,15.22359657469077,15.22359657469077,15.22359657469077,15.22359657469077,15.22359657469077,15.22359657469077,15.22359657469077,15.57935735150925,15.57935735150925,15.57935735150925,15.57935735150925,15.57935735150925,15.57935735150925,15.57935735150925,15.57935735150925,15.57935735150925,15.57935735150925,15.57935735150925,15.57935735150925,15.57935735150925,15.57935735150925,15.57935735150925,14.204545454545455,14.204545454545455,14.204545454545455,14.204545454545455,14.204545454545455,14.204545454545455,14.204545454545455,14.204545454545455,14.204545454545455,14.204545454545455,14.204545454545455,14.204545454545455,14.204545454545455,14.204545454545455,14.204545454545455,14.204545454545455,14.204545454545455,16.267942583732058,16.267942583732058,16.267942583732058,16.267942583732058,16.267942583732058,16.267942583732058,16.267942583732058,16.267942583732058,16.267942583732058,16.267942583732058,16.267942583732058,16.267942583732058,16.267942583732058,16.267942583732058,16.267942583732058,16.267942583732058,16.267942583732058,16.221374045801525,16.221374045801525,16.221374045801525,16.221374045801525,16.221374045801525,16.221374045801525,16.221374045801525,16.221374045801525,16.221374045801525,16.221374045801525,16.221374045801525,16.221374045801525,16.221374045801525,16.221374045801525,16.221374045801525,16.221374045801525,15.936254980079681,15.936254980079681,15.936254980079681,15.936254980079681,15.936254980079681,15.936254980079681,15.936254980079681,15.936254980079681,15.936254980079681,15.936254980079681,15.936254980079681,15.936254980079681,15.936254980079681,15.936254980079681,15.936254980079681,15.936254980079681,13.973799126637555,13.973799126637555,13.973799126637555,13.973799126637555,13.973799126637555,13.973799126637555,13.973799126637555,13.973799126637555,13.973799126637555,13.973799126637555,13.973799126637555,13.973799126637555,13.973799126637555,13.973799126637555,13.973799126637555,14.605647517039921,14.605647517039921,14.605647517039921,14.605647517039921,14.605647517039921,14.605647517039921,14.605647517039921,14.605647517039921,14.605647517039921,14.605647517039921,14.605647517039921,14.605647517039921,14.605647517039921,14.605647517039921,14.605647517039921,14.605647517039921,15.355086372360844,15.355086372360844,15.355086372360844,15.355086372360844,15.355086372360844],"raf":[70,66,61,63,63,65,67,63,60,61,62,62,60,58,62,63,65,59,64,66,66,70,72,72,65,89,61,65,76,73,77,80,71,73,66,65,71,66,56,67,62,63,62,65,60,62,60,58,60,60,61,59,60,60,65,63,65,59,59,58,60,72,54,62,59,61,63,64,61,80,53,53,72,58,57,65,64,65,66,57,64,64,71,60,53,73,58,65,60,62,92,37,56,62,119,30,48,65,145,26,47,64,64,65,63,162,18,53,161,19,50,162,21,48,63,63,171,21,47,65,65,61,63,154,29,60,59,62,63,64,62,63,67,58,59,66,52,62,62,62,63]}