{"time":[3.0169999999999995,3.0819999999999994,3.1469999999999994,3.309999999999999,3.329999999999999,3.3809999999999993,3.5459999999999994,3.5629999999999993,3.6179999999999994,3.6829999999999994,3.8509999999999995,3.8799999999999994,3.9289999999999994,3.9929999999999994,4.161,4.18,4.231999999999999,4.297,4.460999999999999,4.4799999999999995,4.531999999999999,4.597999999999999,4.761999999999999,4.7799999999999985,4.832999999999998,4.8969999999999985,5.062999999999999,5.079999999999999,5.137,5.294,5.313,5.364,5.528,5.563,5.614999999999999,5.68,5.747999999999999,5.813,5.866,5.93,5.997999999999999,6.068999999999999,6.134999999999999,6.205999999999999,6.273999999999998,6.339999999999998,6.403999999999998,6.467999999999998,6.533999999999998,6.597999999999998,6.661999999999998,6.724999999999998,6.789999999999998,6.850999999999998,6.914999999999998,6.980999999999998,7.049999999999998,7.112999999999998,7.172999999999997,7.237999999999998,7.301999999999998,7.3649999999999975,7.428999999999998,7.4899999999999975,7.553999999999998,7.624999999999997,7.682999999999997,7.746999999999997,11.419999999999998,11.432999999999998,11.496999999999998,11.561999999999998,11.638999999999998,11.680999999999997,11.742999999999997,11.800999999999997,11.858999999999996,11.915999999999997,11.974999999999996,12.033999999999995,12.095999999999995,12.264999999999995,12.279999999999996,12.331999999999995,12.393999999999995,12.455999999999994,12.519999999999994,12.583999999999994,12.645999999999994,12.708999999999994,12.771999999999995,12.832999999999995,12.892999999999995,12.954999999999995],"fps":[13.618677042801556,13.618677042801556,13.618677042801556,13.618677042801556,13.618677042801556,13.618677042801556,12.291483757682178,12.291483757682178,12.291483757682178,12.291483757682178,12.291483757682178,12.291483757682178,12.291483757682178,12.291483757682178,12.291483757682178,12.291483757682178,12.291483757682178,12.291483757682178,12.291483757682178,12.291483757682178,12.291483757682178,14.258555133079849,14.258555133079849,14.258555133079849,14.258555133079849,14.258555133079849,14.258555133079849,14.258555133079849,14.258555133079849,14.258555133079849,14.258555133079849,14.258555133079849,14.258555133079849,14.258555133079849,12.770137524557956,12.770137524557956,12.770137524557956,12.770137524557956,12.770137524557956,12.770137524557956,12.770137524557956,12.770137524557956,12.770137524557956,12.770137524557956,12.770137524557956,12.770137524557956,12.770137524557956,12.770137524557956,12.770137524557956,12.770137524557956,15.296367112810707,15.296367112810707,15.296367112810707,15.296367112810707,15.296367112810707,15.296367112810707,15.296367112810707,15.296367112810707,15.296367112810707,15.296367112810707,15.296367112810707,15.296367112810707,15.296367112810707,15.296367112810707,15.296367112810707,15.296367112810707,15.670910871694417,15.670910871694417,0.5350454788657036,0.5350454788657036,0.5350454788657036,0.5350454788657036,0.5350454788657036,0.5350454788657036,0.5350454788657036,0.5350454788657036,0.5350454788657036,0.5350454788657036,0.5350454788657036,0.5350454788657036,0.5350454788657036,0.5350454788657036,0.5350454788657036,0.5350454788657036,0.5350454788657036,16.409266409266408,16.409266409266408,16.409266409266408,16.409266409266408,16.409266409266408,16.409266409266408,16.409266409266408,16.409266409266408,16.409266409266408],"raf":[63,65,65,163,20,51,165,18,55,64,168,29,50,64,167,19,52,66,163,19,53,65,164,18,53,65,165,18,57,156,19,51,164,36,52,65,68,65,52,64,69,70,66,72,68,65,65,63,66,64,64,64,64,62,64,66,69,63,60,65,64,63,64,60,64,72,57,65,3673,12,64,65,77,43,61,58,58,57,59,59,63,168,16,52,61,62,63,64,62,64,62,61,61,62]}