{"time":[3.072,3.224,3.238,3.285,3.3970000000000002,3.5500000000000003,3.571,3.609,3.821,3.838,3.8890000000000002,4.102,4.121,4.166,4.276000000000001,4.431000000000001,4.454000000000001,4.49,4.7010000000000005,4.720000000000001,4.758000000000001,4.968000000000001,4.987000000000001,5.027000000000001,5.139000000000001,5.294000000000001,5.3210000000000015,5.349000000000001,5.461000000000001,5.6110000000000015,5.637000000000001,5.661000000000001,5.7730000000000015,5.823000000000001,6.044000000000001,6.070000000000001,6.099000000000001,6.209000000000001,6.363000000000001,6.387000000000001,6.418000000000001,6.528000000000001,6.577000000000002,6.687000000000002,6.838000000000002,6.854000000000002,6.903000000000002,7.017000000000002,7.070000000000002,7.222000000000002,7.236000000000002,7.279000000000003,7.389000000000003,7.439000000000003,7.5660000000000025,7.609000000000003,7.655000000000003,7.700000000000003,7.743000000000003,7.788000000000003,7.836000000000003,7.886000000000003,7.931000000000003,7.984000000000003,8.039000000000003,8.090000000000003,8.138000000000003,8.195000000000004,8.244000000000003,8.318000000000003,8.353000000000003,8.398000000000003,8.448000000000004,8.499000000000004,8.548000000000004,8.597000000000003,8.649000000000003,8.697000000000003,8.750000000000004,8.798000000000004,8.848000000000004,8.897000000000004,8.952000000000004,9.001000000000003,9.052000000000003,9.102000000000004,9.154000000000003,9.208000000000004,9.258000000000004,9.306000000000004],"fps":[14.084507042253522,14.084507042253522,14.084507042253522,14.084507042253522,14.084507042253522,14.084507042253522,14.084507042253522,14.084507042253522,14.084507042253522,14.084507042253522,14.084507042253522,10.679611650485437,10.679611650485437,10.679611650485437,10.679611650485437,10.679611650485437,10.679611650485437,10.679611650485437,10.679611650485437,10.679611650485437,10.679611650485437,10.679611650485437,10.679611650485437,10.679611650485437,12.524084778420038,12.524084778420038,12.524084778420038,12.524084778420038,12.524084778420038,12.524084778420038,12.524084778420038,12.524084778420038,12.524084778420038,12.524084778420038,12.524084778420038,12.524084778420038,12.524084778420038,12.160898035547241,12.160898035547241,12.160898035547241,12.160898035547241,12.160898035547241,12.160898035547241,12.160898035547241,12.160898035547241,12.160898035547241,12.160898035547241,12.160898035547241,12.160898035547241,11.846001974333662,11.846001974333662,11.846001974333662,11.846001974333662,11.846001974333662,11.846001974333662,11.846001974333662,11.846001974333662,11.846001974333662,11.846001974333662,11.846001974333662,11.846001974333662,11.846001974333662,11.846001974333662,11.846001974333662,11.846001974333662,11.846001974333662,11.846001974333662,11.846001974333662,18.59099804305284,18.59099804305284,18.59099804305284,18.59099804305284,18.59099804305284,18.59099804305284,18.59099804305284,18.59099804305284,18.59099804305284,18.59099804305284,18.59099804305284,18.59099804305284,18.59099804305284,18.59099804305284,18.59099804305284,18.59099804305284,18.59099804305284,18.59099804305284,18.59099804305284,18.59099804305284,19.723865877712033,19.723865877712033],"raf":[110,152,14,47,112,153,21,39,211,17,51,213,19,45,111,155,22,37,210,19,38,210,19,41,112,154,27,29,111,151,26,24,111,50,221,26,29,110,154,24,31,110,49,110,152,15,49,115,53,151,14,44,110,49,128,42,46,45,43,46,47,50,45,53,55,51,49,56,49,74,36,45,50,51,48,50,52,48,52,48,51,48,56,48,51,51,51,54,50,49]}