{"time":[3.0130000000000003,3.0600000000000005,3.1210000000000004,3.1810000000000005,3.2590000000000003,3.313,3.358,3.419,3.479,3.589,3.612,3.66,3.732,3.8630000000000004,3.8790000000000004,3.9330000000000003,4.111000000000001,4.1290000000000004,4.181,4.392,4.413,4.458,4.569,4.724,4.746,4.79,4.901,5.0569999999999995,5.079,5.1209999999999996,5.231999999999999,5.387,5.412,5.452,5.565,5.718,5.7459999999999996,5.787,5.898,6.0569999999999995,6.079,6.124,6.237,6.391,6.412,6.4559999999999995,6.566,6.725,6.7459999999999996,6.787999999999999,6.901999999999999,6.9559999999999995,7.010999999999999,7.068,7.127999999999999,7.186999999999999,7.249,7.31,7.3709999999999996,7.430999999999999,7.493999999999999,7.543999999999999,7.602999999999999,7.6629999999999985,7.720999999999998,7.780999999999998,7.837999999999998,7.893999999999998,7.954999999999998,8.011999999999999,8.069999999999999,8.124999999999998,8.182999999999998,8.243999999999998,8.297999999999998,8.355999999999998,8.420999999999998,8.479999999999997,11.451999999999996,11.477999999999996,11.520999999999995,11.577999999999996,11.635999999999996,11.694999999999995,11.754999999999995,11.821999999999996,11.884999999999996,11.917999999999996,11.978999999999996,12.031999999999996,12.084999999999997,12.138999999999998,12.193999999999997,12.250999999999998,12.304999999999998,12.361999999999998,12.420999999999998,12.473999999999998,12.530999999999999,12.588999999999999,12.646999999999998,12.830999999999998,12.861999999999998,12.895999999999999,12.954999999999998],"fps":[16.44100580270793,16.44100580270793,16.44100580270793,16.44100580270793,16.44100580270793,16.44100580270793,16.44100580270793,16.44100580270793,16.44100580270793,16.44100580270793,16.44100580270793,16.44100580270793,16.44100580270793,15.682656826568266,15.682656826568266,15.682656826568266,15.682656826568266,15.682656826568266,15.682656826568266,15.682656826568266,15.682656826568266,15.682656826568266,15.682656826568266,15.682656826568266,15.682656826568266,15.682656826568266,12.524084778420038,12.524084778420038,12.524084778420038,12.524084778420038,12.524084778420038,12.524084778420038,12.524084778420038,12.524084778420038,12.524084778420038,12.524084778420038,12.524084778420038,12.524084778420038,12.524084778420038,11.235955056179776,11.235955056179776,11.235955056179776,11.235955056179776,11.235955056179776,11.235955056179776,11.235955056179776,11.235955056179776,11.235955056179776,11.235955056179776,11.235955056179776,11.235955056179776,11.235955056179776,11.235955056179776,13.861386138613861,13.861386138613861,13.861386138613861,13.861386138613861,13.861386138613861,13.861386138613861,13.861386138613861,13.861386138613861,13.861386138613861,13.861386138613861,13.861386138613861,13.861386138613861,13.861386138613861,13.861386138613861,13.861386138613861,13.861386138613861,13.861386138613861,16.96606786427146,16.96606786427146,16.96606786427146,16.96606786427146,16.96606786427146,16.96606786427146,16.96606786427146,16.96606786427146,2.365464222353637,2.365464222353637,2.365464222353637,2.365464222353637,2.365464222353637,2.365464222353637,2.365464222353637,2.365464222353637,2.365464222353637,2.365464222353637,2.365464222353637,2.365464222353637,2.365464222353637,2.365464222353637,2.365464222353637,2.365464222353637,2.365464222353637,2.365464222353637,2.365464222353637,18.57282502443793,18.57282502443793,18.57282502443793,18.57282502443793,18.57282502443793,18.57282502443793,18.57282502443793,18.57282502443793],"raf":[57,47,61,60,78,54,45,61,61,109,24,47,72,131,17,53,179,17,52,212,20,45,112,154,22,44,111,156,22,43,111,154,26,40,112,154,27,41,111,160,22,45,112,154,21,44,111,159,20,42,114,54,55,57,60,59,62,62,60,60,63,51,58,60,58,60,57,56,61,57,58,55,58,61,55,57,66,58,2972,27,43,57,57,60,60,66,63,34,60,53,53,54,56,56,54,58,58,54,56,59,57,184,31,35,58]}