{"time":[3.0269999999999997,3.1119999999999997,3.1929999999999996,3.2739999999999996,3.3559999999999994,3.4289999999999994,3.5059999999999993,3.5899999999999994,3.6649999999999996,3.7439999999999998,3.823,3.906,3.988,4.07,4.152,4.239,4.3229999999999995,4.406,4.492999999999999,4.574,4.656,4.739,4.821,4.899,4.978,5.056,5.139,5.211,5.291,5.37,5.445,5.518000000000001,5.589,5.663,5.737,5.812,5.8870000000000005,5.961,6.037,6.115,6.1930000000000005,6.273000000000001,6.351000000000001,6.431000000000001,6.508000000000001,6.588000000000001,6.666000000000001,6.743000000000001,6.823000000000001,6.9060000000000015,6.976000000000002,7.054000000000002,7.131000000000002,7.211000000000002,7.290000000000002,7.377000000000002,7.456000000000001,7.519000000000001,7.591000000000001,7.674000000000001,7.740000000000001,7.810000000000001,7.893000000000002,7.973000000000002,8.030000000000001,8.113000000000001,8.189000000000002,8.250000000000002,8.331000000000001,8.406,8.467,8.541,8.636000000000001,8.706000000000001,8.764000000000001,8.843000000000002,8.954000000000002,9.026000000000002,9.079000000000002,9.161000000000003,9.243000000000004,9.322000000000005,9.406000000000004,9.480000000000004,9.560000000000004,9.638000000000003,9.714000000000004,9.796000000000005,9.873000000000005,9.959000000000005,10.041000000000006,10.113000000000005,10.194000000000004,10.276000000000005,10.356000000000005,10.444000000000004,10.517000000000005,10.595000000000004,10.676000000000004,10.753000000000004,10.830000000000004,10.908000000000003,10.984000000000004,11.054000000000004,11.128000000000004,11.200000000000003,11.277000000000003,11.354000000000003,11.433000000000003,11.515000000000004,11.607000000000005,11.711000000000004,11.780000000000005,11.869000000000005,11.958000000000006,12.052000000000005,12.140000000000004,12.231000000000003,12.327000000000004,12.416000000000004,12.509000000000004,12.600000000000003,12.690000000000003,12.780000000000003,12.877000000000002,12.971000000000002],"fps":[12.795275590551181,12.795275590551181,12.795275590551181,12.795275590551181,12.795275590551181,12.795275590551181,12.795275590551181,12.795275590551181,12.548262548262548,12.548262548262548,12.548262548262548,12.548262548262548,12.548262548262548,12.548262548262548,12.548262548262548,12.548262548262548,12.548262548262548,12.548262548262548,12.548262548262548,12.548262548262548,12.548262548262548,12.104283054003725,12.104283054003725,12.104283054003725,12.104283054003725,12.104283054003725,12.104283054003725,12.104283054003725,12.104283054003725,12.104283054003725,12.104283054003725,12.104283054003725,12.104283054003725,12.104283054003725,12.104283054003725,13.047530288909599,13.047530288909599,13.047530288909599,13.047530288909599,13.047530288909599,13.047530288909599,13.047530288909599,13.047530288909599,13.047530288909599,13.047530288909599,13.047530288909599,13.047530288909599,13.047530288909599,12.858555885262117,12.858555885262117,12.858555885262117,12.858555885262117,12.858555885262117,12.858555885262117,12.858555885262117,12.858555885262117,12.858555885262117,12.858555885262117,12.858555885262117,12.858555885262117,12.858555885262117,12.858555885262117,13.08411214953271,13.08411214953271,13.08411214953271,13.08411214953271,13.08411214953271,13.08411214953271,13.08411214953271,13.08411214953271,13.08411214953271,13.08411214953271,13.08411214953271,13.08411214953271,13.08411214953271,13.08411214953271,13.182674199623353,13.182674199623353,13.182674199623353,13.182674199623353,13.182674199623353,13.182674199623353,13.182674199623353,13.182674199623353,13.182674199623353,13.182674199623353,13.182674199623353,13.182674199623353,13.182674199623353,12.935323383084578,12.935323383084578,12.935323383084578,12.935323383084578,12.935323383084578,12.935323383084578,12.935323383084578,12.935323383084578,12.935323383084578,12.935323383084578,12.935323383084578,12.935323383084578,12.935323383084578,12.682926829268293,12.682926829268293,12.682926829268293,12.682926829268293,12.682926829268293,12.682926829268293,12.682926829268293,12.682926829268293,12.682926829268293,12.682926829268293,12.682926829268293,12.682926829268293,12.682926829268293,12.18369259606373,12.18369259606373,12.18369259606373,12.18369259606373,12.18369259606373,12.18369259606373,12.18369259606373,12.18369259606373,12.18369259606373,12.18369259606373,12.18369259606373],"raf":[83,84,82,80,83,72,78,83,75,79,79,83,82,82,82,87,84,83,86,82,81,83,83,77,79,79,83,72,79,80,74,73,72,73,74,75,76,73,76,78,79,79,79,79,78,80,77,77,80,83,70,78,77,80,80,86,80,62,72,83,66,70,83,80,57,84,75,61,82,74,61,74,95,71,58,78,112,71,54,81,82,79,83,75,79,78,76,83,77,86,82,71,82,81,80,88,73,78,81,77,78,78,76,69,74,72,77,77,79,83,91,105,68,89,90,93,89,90,97,89,92,92,89,91,97,94]}