{"time":[5.234,5.769,5.7860000000000005,5.813000000000001,5.837000000000001,5.877000000000001,6.005000000000001,6.040000000000001,6.091000000000001,6.145000000000001,6.201000000000001,6.455000000000002,6.481000000000002,6.503000000000002,6.545000000000002,6.589000000000001,6.6320000000000014,6.676000000000001,6.719000000000001,6.767000000000001,6.812000000000001,6.859000000000001,6.902000000000001,6.948000000000001,6.992000000000001,7.038000000000001,7.082000000000001,7.128000000000001,7.170000000000001,7.2170000000000005,7.265000000000001,7.308000000000001,7.352,7.399,7.444,7.489,7.536,7.579,7.624,7.6659999999999995,7.715,7.764,7.811,7.8549999999999995,7.898,7.941999999999999,7.983,8.026,8.067,8.115,8.167,8.214,8.26,8.306,8.350999999999999,8.395,8.44,8.479999999999999,8.530999999999999,8.575,8.616999999999999,8.664,8.714,8.749,8.802000000000001,8.842,8.885,8.927999999999999,8.972,9.016,9.062,9.103,9.145,9.187,9.231,9.274,9.318999999999999,9.363,9.405,9.452,9.495,9.539,9.584999999999999,9.626,9.67,9.712,9.754999999999999,9.796999999999999,9.845999999999998,9.883999999999999,9.921999999999999,9.969,10.014999999999999,10.060999999999998,10.104999999999999,10.142,10.196,10.24,10.282,10.336,10.378,10.426,10.469,10.517,10.556,10.600999999999999,10.642,10.683,10.725,10.767,10.812999999999999,10.854999999999999,10.899,10.947,10.985,11.027999999999999,11.073999999999998,11.119999999999997,11.163999999999998,11.220999999999998,11.262999999999998,11.300999999999998,11.354,11.396999999999998,11.431999999999999,11.480999999999998,11.529999999999998,11.579999999999998,11.614999999999998,11.668,11.713,11.741,11.786999999999999,11.838,11.879999999999999,11.915,11.963999999999999,12.015999999999998,12.063999999999998,12.099999999999998,12.153999999999998,12.195999999999998,12.228999999999997,12.271999999999997,12.319999999999997,12.363999999999997,12.415999999999997,12.462999999999997,12.494999999999997,12.539999999999997,12.604999999999997,12.629999999999997,12.668999999999997,12.717999999999996,12.765999999999996,12.868999999999996,12.912999999999997,12.952999999999996],"fps":[2.4335129497653396,2.4335129497653396,2.4335129497653396,2.4335129497653396,2.4335129497653396,2.4335129497653396,2.4335129497653396,2.4335129497653396,2.4335129497653396,2.4335129497653396,2.4335129497653396,9.00900900900901,9.00900900900901,9.00900900900901,9.00900900900901,9.00900900900901,9.00900900900901,9.00900900900901,9.00900900900901,9.00900900900901,9.00900900900901,9.00900900900901,9.00900900900901,9.00900900900901,9.00900900900901,9.00900900900901,9.00900900900901,9.00900900900901,9.00900900900901,9.00900900900901,9.00900900900901,9.00900900900901,9.00900900900901,9.00900900900901,9.00900900900901,23.18840579710145,23.18840579710145,23.18840579710145,23.18840579710145,23.18840579710145,23.18840579710145,23.18840579710145,23.18840579710145,23.18840579710145,23.18840579710145,23.18840579710145,23.18840579710145,23.18840579710145,23.18840579710145,23.18840579710145,23.18840579710145,23.18840579710145,23.18840579710145,23.18840579710145,23.18840579710145,23.18840579710145,23.18840579710145,23.18840579710145,22.072936660268713,22.072936660268713,22.072936660268713,22.072936660268713,22.072936660268713,22.072936660268713,22.072936660268713,22.072936660268713,22.072936660268713,22.072936660268713,22.072936660268713,22.072936660268713,22.072936660268713,22.072936660268713,22.072936660268713,22.072936660268713,22.072936660268713,22.072936660268713,22.072936660268713,22.072936660268713,22.072936660268713,22.072936660268713,22.072936660268713,22.840119165839127,22.840119165839127,22.840119165839127,22.840119165839127,22.840119165839127,22.840119165839127,22.840119165839127,22.840119165839127,22.840119165839127,22.840119165839127,22.840119165839127,22.840119165839127,22.840119165839127,22.840119165839127,22.840119165839127,22.840119165839127,22.840119165839127,22.840119165839127,22.840119165839127,22.840119165839127,22.840119165839127,22.840119165839127,22.840119165839127,22.593320235756384,22.593320235756384,22.593320235756384,22.593320235756384,22.593320235756384,22.593320235756384,22.593320235756384,22.593320235756384,22.593320235756384,22.593320235756384,22.593320235756384,22.593320235756384,22.593320235756384,22.593320235756384,22.593320235756384,22.593320235756384,22.593320235756384,22.593320235756384,22.593320235756384,22.593320235756384,22.593320235756384,22.593320235756384,22.593320235756384,22.4609375,22.4609375,22.4609375,22.4609375,22.4609375,22.4609375,22.4609375,22.4609375,22.4609375,22.4609375,22.4609375,22.4609375,22.4609375,22.4609375,22.4609375,22.4609375,22.4609375,22.4609375,22.4609375,22.4609375,22.4609375,22.4609375,22.4609375,22.4609375,22.4609375,22.4609375,22.4609375,22.4609375,22.4609375,22.4609375,22.4609375],"raf":[5234,535,18,28,23,39,129,35,52,52,57,253,26,23,42,43,45,42,44,47,46,46,43,46,45,45,45,45,43,47,47,43,45,46,45,46,47,42,45,42,50,49,46,44,43,44,42,42,41,49,51,48,45,46,45,44,45,40,52,43,42,48,50,35,52,40,44,42,44,44,46,42,42,42,43,43,45,44,43,46,44,43,46,41,44,42,43,42,51,36,39,46,47,46,43,37,54,44,44,52,42,48,43,49,39,44,41,41,42,43,45,43,43,48,38,44,45,46,45,56,43,37,53,43,36,49,48,51,34,54,45,27,46,52,42,34,50,51,48,36,54,42,33,44,48,43,53,47,32,44,65,25,39,49,50,101,45,39]}