{"time":[3.036999999999999,3.082999999999999,3.2259999999999986,3.2489999999999988,3.2789999999999986,3.3229999999999986,3.3679999999999986,3.5109999999999983,3.548999999999998,3.581999999999998,3.625999999999998,3.6689999999999983,3.7159999999999984,3.7659999999999982,3.815999999999998,3.849999999999998,3.8959999999999977,3.942999999999998,3.9889999999999977,4.035999999999998,4.086999999999998,4.133999999999998,4.182999999999998,4.232999999999998,4.288999999999998,4.328999999999998,4.375999999999998,4.422999999999997,4.468999999999998,4.514999999999998,4.571999999999998,4.614999999999998,4.657999999999999,4.7029999999999985,4.743999999999999,4.793999999999999,4.839999999999999,4.881999999999999,4.929999999999999,4.969999999999999,5.014999999999999,5.057999999999999,5.1019999999999985,5.1469999999999985,5.189999999999999,5.233999999999998,5.280999999999998,5.321999999999998,5.365999999999998,5.410999999999998,5.448999999999998,5.497999999999998,5.540999999999999,5.583999999999999,10.552,10.581999999999999,10.604999999999999,10.645999999999999,10.684999999999999,10.725999999999999,10.764,10.802999999999999,10.844,10.873999999999999,10.911999999999999,10.947999999999999,10.980999999999998,11.018999999999998,11.056999999999999,11.094,11.132,11.177999999999999,11.207999999999998,11.245,11.283999999999999,11.325,11.359,11.404,11.443999999999999,11.483999999999998,11.522999999999998,11.557999999999998,11.601999999999999,11.644999999999998,11.676999999999998,11.720999999999998,11.764999999999999,11.944999999999999,11.964999999999998,11.992999999999999,12.027999999999999,12.068999999999999,12.113999999999999,12.152999999999999,12.192999999999998,12.232999999999997,12.269999999999998,12.315999999999997,12.355999999999996,12.395999999999995,12.435999999999995,12.475999999999994,12.515999999999993,12.556999999999993,12.598999999999993,12.634999999999993,12.676999999999992,12.715999999999992,12.756999999999993,12.801999999999992,12.841999999999992,12.878999999999992,12.920999999999992,12.959999999999992],"fps":[12.404580152671755,12.404580152671755,12.404580152671755,12.404580152671755,12.404580152671755,12.404580152671755,12.404580152671755,12.404580152671755,12.404580152671755,12.404580152671755,12.404580152671755,12.404580152671755,12.404580152671755,18.304431599229286,18.304431599229286,18.304431599229286,18.304431599229286,18.304431599229286,18.304431599229286,18.304431599229286,18.304431599229286,18.304431599229286,18.304431599229286,18.304431599229286,18.304431599229286,18.304431599229286,18.304431599229286,18.304431599229286,18.304431599229286,18.304431599229286,18.304431599229286,18.304431599229286,18.304431599229286,18.304431599229286,18.304431599229286,21.40077821011673,21.40077821011673,21.40077821011673,21.40077821011673,21.40077821011673,21.40077821011673,21.40077821011673,21.40077821011673,21.40077821011673,21.40077821011673,21.40077821011673,21.40077821011673,21.40077821011673,21.40077821011673,21.40077821011673,21.40077821011673,21.40077821011673,21.40077821011673,21.40077821011673,3.3003300330033003,3.3003300330033003,3.3003300330033003,3.3003300330033003,3.3003300330033003,3.3003300330033003,3.3003300330033003,3.3003300330033003,3.3003300330033003,3.3003300330033003,3.3003300330033003,3.3003300330033003,3.3003300330033003,3.3003300330033003,3.3003300330033003,3.3003300330033003,3.3003300330033003,3.3003300330033003,3.3003300330033003,3.3003300330033003,3.3003300330033003,3.3003300330033003,3.3003300330033003,3.3003300330033003,3.3003300330033003,3.3003300330033003,3.3003300330033003,26.8389662027833,26.8389662027833,26.8389662027833,26.8389662027833,26.8389662027833,26.8389662027833,26.8389662027833,26.8389662027833,26.8389662027833,26.8389662027833,26.8389662027833,26.8389662027833,26.8389662027833,26.8389662027833,26.8389662027833,26.8389662027833,26.8389662027833,26.8389662027833,26.8389662027833,26.8389662027833,26.8389662027833,26.8389662027833,26.8389662027833,22.094140249759846,22.094140249759846,22.094140249759846,22.094140249759846,22.094140249759846,22.094140249759846,22.094140249759846,22.094140249759846,22.094140249759846,22.094140249759846],"raf":[37,46,143,23,30,45,44,144,37,34,43,44,46,51,49,35,46,46,47,47,50,47,50,49,56,40,48,46,46,47,56,43,44,44,41,51,46,41,48,41,45,43,43,45,43,44,47,41,44,45,38,49,44,42,4968,30,23,43,38,41,38,38,42,30,37,36,34,37,38,38,38,45,31,36,40,40,34,45,40,41,38,35,44,43,33,44,43,180,20,29,34,42,44,39,40,41,36,46,40,41,40,39,41,40,42,37,42,40,41,43,40,37,42,40]}