{"time":[3.059999999999999,3.0989999999999993,3.1189999999999993,3.152999999999999,3.186999999999999,3.218999999999999,3.250999999999999,3.384999999999999,3.415999999999999,3.435999999999999,3.6599999999999993,3.6829999999999994,3.7039999999999993,3.7309999999999994,3.7589999999999995,3.8929999999999993,3.9159999999999995,3.9399999999999995,3.9669999999999996,3.9989999999999997,4.223999999999999,4.249,4.274,4.313,4.343,4.477,4.4990000000000006,4.526000000000001,4.5600000000000005,4.598000000000001,4.726000000000001,4.753000000000001,4.889000000000001,4.915000000000001,4.941000000000001,4.977,5.010000000000001,5.0520000000000005,5.082000000000001,5.112000000000001,5.147000000000001,5.181000000000001,5.214000000000001,5.249000000000001,5.282000000000002,5.312000000000002,5.342000000000002,5.374000000000002,5.402000000000002,5.437000000000002,5.467000000000002,5.496000000000002,5.524000000000002,5.552000000000001,5.614000000000002,5.649000000000002,5.674000000000002,5.702000000000002,5.731000000000002,5.761000000000002,5.791000000000002,5.823000000000002,5.852000000000002,5.8930000000000025,5.9330000000000025,5.959000000000002,5.987000000000002,6.0150000000000015,6.048000000000002,6.078000000000002,6.108000000000002,6.138000000000003,6.170000000000003,6.200000000000003,6.232000000000003,6.270000000000003,6.316000000000003,6.342000000000003,6.370000000000003,6.399000000000003,6.431000000000003,6.462000000000002,6.493000000000002,6.524000000000002,6.554000000000002,6.582000000000002,6.615000000000002,6.658000000000002,6.6990000000000025,6.734000000000003,6.762000000000002,6.7920000000000025,6.829000000000002,6.859000000000003,6.890000000000002,6.919000000000002,6.950000000000002,6.982000000000002,11.669000000000002,11.839000000000002,11.859000000000002,11.881000000000002,11.910000000000002,11.937000000000001,11.961,11.992,12.018,12.042,12.072,12.101999999999999,12.131999999999998,12.156999999999998,12.184999999999999,12.209999999999999,12.244,12.275,12.304,12.333,12.365,12.399000000000001,12.429,12.457,12.493,12.523,12.551,12.582,12.612,12.642,12.681999999999999,12.924999999999999],"fps":[14.591439688715953,14.591439688715953,14.591439688715953,14.591439688715953,14.591439688715953,14.591439688715953,14.591439688715953,14.591439688715953,14.591439688715953,14.591439688715953,14.591439688715953,14.591439688715953,14.591439688715953,14.591439688715953,14.591439688715953,14.591439688715953,14.591439688715953,14.591439688715953,14.591439688715953,14.591439688715953,17.196904557179707,17.196904557179707,17.196904557179707,17.196904557179707,17.196904557179707,17.196904557179707,17.196904557179707,17.196904557179707,17.196904557179707,17.196904557179707,17.196904557179707,17.196904557179707,17.196904557179707,17.196904557179707,17.196904557179707,17.196904557179707,17.196904557179707,17.196904557179707,17.196904557179707,17.196904557179707,17.196904557179707,17.196904557179707,17.196904557179707,22.4390243902439,22.4390243902439,22.4390243902439,22.4390243902439,22.4390243902439,22.4390243902439,22.4390243902439,22.4390243902439,22.4390243902439,22.4390243902439,22.4390243902439,22.4390243902439,22.4390243902439,22.4390243902439,22.4390243902439,22.4390243902439,22.4390243902439,22.4390243902439,22.4390243902439,22.4390243902439,22.4390243902439,22.4390243902439,22.4390243902439,22.4390243902439,22.4390243902439,22.4390243902439,22.4390243902439,22.4390243902439,22.4390243902439,22.4390243902439,22.4390243902439,22.4390243902439,31.31115459882583,31.31115459882583,31.31115459882583,31.31115459882583,31.31115459882583,31.31115459882583,31.31115459882583,31.31115459882583,31.31115459882583,31.31115459882583,31.31115459882583,31.31115459882583,31.31115459882583,31.31115459882583,31.31115459882583,31.31115459882583,31.31115459882583,31.31115459882583,31.31115459882583,31.31115459882583,31.31115459882583,31.31115459882583,31.31115459882583,4.260837347165617,4.260837347165617,4.260837347165617,4.260837347165617,4.260837347165617,4.260837347165617,4.260837347165617,4.260837347165617,4.260837347165617,4.260837347165617,4.260837347165617,4.260837347165617,4.260837347165617,4.260837347165617,4.260837347165617,4.260837347165617,4.260837347165617,4.260837347165617,4.260837347165617,4.260837347165617,4.260837347165617,4.260837347165617,4.260837347165617,4.260837347165617,4.260837347165617,4.260837347165617,4.260837347165617,4.260837347165617,4.260837347165617,4.260837347165617,29.615004935834158,29.615004935834158],"raf":[224,38,20,34,34,32,32,134,31,20,224,23,21,28,27,134,23,24,27,32,225,25,25,39,30,134,22,28,34,38,128,26,136,26,25,37,32,42,30,31,35,34,32,35,33,31,29,33,28,35,30,29,28,27,62,35,25,29,28,30,30,32,30,40,40,26,28,28,33,30,30,31,31,31,32,38,45,26,28,29,32,31,31,31,30,28,33,43,41,36,27,30,37,30,31,30,31,31,4687,170,20,22,29,28,23,31,26,25,29,30,30,26,28,24,35,30,29,29,32,34,30,29,35,30,28,31,30,30,40,243]}