{"time":[3.0109999999999997,3.062,3.1149999999999998,3.17,3.226,3.282,3.335,3.388,3.441,3.493,3.545,3.598,3.6559999999999997,3.7079999999999997,3.7609999999999997,3.812,3.864,3.917,3.9709999999999996,4.026,4.077999999999999,4.129,4.18,4.2299999999999995,4.2909999999999995,4.342,4.396,4.453,4.505,4.558,4.622,4.664,4.718,4.771,4.824,4.8919999999999995,4.938999999999999,4.981999999999999,5.042999999999999,5.089999999999999,5.139999999999999,5.2029999999999985,5.243999999999999,5.2959999999999985,5.354999999999999,5.403999999999999,5.460999999999999,5.5249999999999995,5.5729999999999995,5.616,5.68,5.739999999999999,5.775999999999999,5.828999999999999,5.881999999999999,5.939999999999999,6.0059999999999985,6.043999999999999,6.099999999999999,6.151999999999998,6.204999999999998,6.301999999999999,6.322999999999999,6.369999999999998,6.433999999999998,6.551999999999999,6.572999999999999,6.6179999999999986,6.706999999999999,6.756999999999999,6.906999999999999,6.922999999999999,6.972999999999999,7.186999999999999,7.2059999999999995,7.247999999999999,7.359999999999999,7.409999999999999,7.523,7.675999999999999,7.688999999999999,7.738999999999999,7.952999999999999,7.972999999999999,8.017,8.128,8.285,8.306000000000001,8.351,8.464,8.618,8.639000000000001,8.690000000000001,8.902000000000001,8.922,8.969000000000001,9.082,9.145000000000001,9.261000000000001,9.421000000000001,9.439000000000002,9.492000000000003,9.607000000000003,9.665000000000003,9.722000000000003,9.776000000000003,9.834000000000003,9.883000000000003,9.931000000000003,9.987000000000002,10.031000000000002,10.078000000000003,10.126000000000003,10.175000000000002,10.222000000000003,10.273000000000003,10.322000000000003,10.368000000000002,10.410000000000002,10.461000000000002,10.507000000000001,10.557000000000002,10.606000000000002,10.657000000000002,10.709000000000001,10.760000000000002,10.813000000000002,10.860000000000003,10.913000000000004,10.967000000000004,11.025000000000004,11.075000000000005,11.129000000000005,11.178000000000004,11.232000000000005,11.285000000000005,11.339000000000006],"fps":[17.94616151545364,17.94616151545364,17.94616151545364,17.94616151545364,17.94616151545364,17.94616151545364,17.94616151545364,17.94616151545364,17.94616151545364,17.94616151545364,17.94616151545364,17.94616151545364,17.94616151545364,17.94616151545364,18.682399213372666,18.682399213372666,18.682399213372666,18.682399213372666,18.682399213372666,18.682399213372666,18.682399213372666,18.682399213372666,18.682399213372666,18.682399213372666,18.682399213372666,18.682399213372666,18.682399213372666,18.682399213372666,18.682399213372666,18.682399213372666,18.682399213372666,18.682399213372666,18.682399213372666,18.81188118811881,18.81188118811881,18.81188118811881,18.81188118811881,18.81188118811881,18.81188118811881,18.81188118811881,18.81188118811881,18.81188118811881,18.81188118811881,18.81188118811881,18.81188118811881,18.81188118811881,18.81188118811881,18.81188118811881,18.81188118811881,18.81188118811881,18.81188118811881,18.81188118811881,18.92430278884462,18.92430278884462,18.92430278884462,18.92430278884462,18.92430278884462,18.92430278884462,18.92430278884462,18.92430278884462,18.92430278884462,18.92430278884462,18.92430278884462,18.92430278884462,18.92430278884462,18.92430278884462,18.92430278884462,18.92430278884462,18.92430278884462,18.92430278884462,15.901060070671377,15.901060070671377,15.901060070671377,15.901060070671377,15.901060070671377,15.901060070671377,15.901060070671377,15.901060070671377,15.901060070671377,15.901060070671377,15.901060070671377,15.901060070671377,11.483253588516746,11.483253588516746,11.483253588516746,11.483253588516746,11.483253588516746,11.483253588516746,11.483253588516746,11.483253588516746,11.483253588516746,11.483253588516746,11.483253588516746,11.483253588516746,11.483253588516746,12.782694198623402,12.782694198623402,12.782694198623402,12.782694198623402,12.782694198623402,12.782694198623402,12.782694198623402,12.782694198623402,12.782694198623402,12.782694198623402,12.782694198623402,12.782694198623402,12.782694198623402,12.782694198623402,13.765978367748279,13.765978367748279,13.765978367748279,13.765978367748279,13.765978367748279,13.765978367748279,13.765978367748279,13.765978367748279,13.765978367748279,13.765978367748279,13.765978367748279,13.765978367748279,13.765978367748279,13.765978367748279,13.765978367748279,13.765978367748279,13.765978367748279,13.765978367748279,13.765978367748279,13.765978367748279,13.765978367748279,20.23121387283237,20.23121387283237,20.23121387283237,20.23121387283237,20.23121387283237,20.23121387283237,20.23121387283237],"raf":[53,51,53,55,56,57,52,54,52,52,53,52,59,51,54,50,53,53,54,54,53,51,50,51,60,51,55,56,52,53,64,42,54,54,52,69,46,43,61,47,50,63,42,51,59,49,57,64,48,44,63,60,36,55,51,59,65,39,56,51,54,96,21,47,66,116,21,45,90,49,151,15,50,215,18,43,112,49,113,153,13,50,214,20,44,111,157,21,45,113,154,21,51,212,20,48,112,63,115,160,18,53,115,58,57,56,56,50,47,56,44,48,47,49,48,50,49,46,42,51,46,50,49,51,53,50,53,47,53,54,58,50,54,49,54,53,55]}