{"time":[3.104000000000001,3.153000000000001,3.201000000000001,3.413000000000001,3.4320000000000013,3.466000000000001,3.677000000000001,3.6990000000000007,3.7370000000000005,3.8900000000000006,3.8990000000000005,3.9380000000000006,3.9760000000000004,4.085000000000001,4.228000000000001,4.2490000000000006,4.276000000000001,4.386000000000001,4.527000000000001,4.549000000000001,4.576000000000001,4.685000000000001,4.8370000000000015,4.849000000000001,4.892000000000001,4.9380000000000015,5.147000000000001,5.165000000000001,5.204000000000001,5.252000000000001,5.462000000000001,5.482,5.517,5.575,5.6850000000000005,5.819000000000001,5.833000000000001,5.868000000000001,6.078000000000001,6.098000000000001,6.1290000000000004,6.174,6.216,6.352,6.382000000000001,6.399000000000001,6.4350000000000005,6.478000000000001,6.518000000000001,6.562,6.596,6.632,6.6819999999999995,6.707,6.7379999999999995,6.7749999999999995,6.810999999999999,6.837999999999999,6.876999999999999,6.911999999999999,6.941999999999999,6.986999999999999,7.014999999999999,7.036999999999999,7.071999999999999,7.110999999999999,7.141999999999999,7.176999999999999,7.207999999999998,7.243999999999998,7.272999999999998,7.299999999999998,7.331999999999998,7.365999999999998,7.396999999999998,7.428999999999998,7.458999999999998,7.485999999999998,7.522999999999998,7.553999999999998,7.594999999999998,7.619999999999998,7.658999999999998,7.688999999999998,7.724999999999998,7.754999999999998,12.594999999999999,12.614999999999998,12.636,12.665,12.713999999999999,12.732999999999999,12.759999999999998,12.792999999999997,12.823999999999998,12.852999999999998,12.884999999999998,12.925999999999998,12.955999999999998,12.987999999999998],"fps":[14.705882352941176,14.705882352941176,14.705882352941176,14.705882352941176,14.705882352941176,14.705882352941176,14.705882352941176,14.705882352941176,14.705882352941176,11.970534069981584,11.970534069981584,11.970534069981584,11.970534069981584,11.970534069981584,11.970534069981584,11.970534069981584,11.970534069981584,11.970534069981584,11.970534069981584,11.970534069981584,11.970534069981584,11.970534069981584,11.970534069981584,11.970534069981584,14.955134596211366,14.955134596211366,14.955134596211366,14.955134596211366,14.955134596211366,14.955134596211366,14.955134596211366,14.955134596211366,14.955134596211366,14.955134596211366,14.955134596211366,14.955134596211366,14.955134596211366,14.955134596211366,11.814345991561181,11.814345991561181,11.814345991561181,11.814345991561181,11.814345991561181,11.814345991561181,11.814345991561181,11.814345991561181,11.814345991561181,11.814345991561181,11.814345991561181,11.814345991561181,11.814345991561181,11.814345991561181,11.814345991561181,11.814345991561181,11.814345991561181,11.814345991561181,11.814345991561181,11.814345991561181,11.814345991561181,11.814345991561181,11.814345991561181,11.814345991561181,11.814345991561181,11.814345991561181,11.814345991561181,26.137463697967085,26.137463697967085,26.137463697967085,26.137463697967085,26.137463697967085,26.137463697967085,26.137463697967085,26.137463697967085,26.137463697967085,26.137463697967085,26.137463697967085,26.137463697967085,26.137463697967085,26.137463697967085,26.137463697967085,26.137463697967085,26.137463697967085,26.137463697967085,26.137463697967085,26.137463697967085,26.137463697967085,3.828623518687329,3.828623518687329,3.828623518687329,3.828623518687329,3.828623518687329,3.828623518687329,3.828623518687329,3.828623518687329,3.828623518687329,3.828623518687329,3.828623518687329,3.828623518687329,3.828623518687329,3.828623518687329],"raf":[109,49,48,211,20,34,210,22,38,153,9,39,38,109,143,21,27,110,141,22,27,109,153,11,44,45,209,18,40,47,210,20,35,59,109,134,14,35,210,21,30,45,42,137,29,17,36,43,41,43,34,36,51,24,31,38,35,27,39,35,31,45,28,21,35,39,31,36,30,36,29,27,32,34,31,33,29,27,37,31,42,24,39,30,36,31,4840,19,21,29,50,19,27,33,30,30,31,41,30,32]}