{"time":[5.35,6.943,7.007,7.047,7.082,7.116,7.149,7.179,7.212000000000001,7.248,7.2860000000000005,7.315,7.357,7.464,7.617,7.698,7.782,7.861,7.981999999999999,8.17,8.281,8.479000000000001,8.705000000000002,8.954000000000002,9.308000000000002,9.567000000000002,9.818000000000001,10.066,10.32,10.57,10.818,11.071,11.318999999999999,11.571,11.823,12.074,12.325,12.58,12.833],"fps":[0.510899182561308,0.628140703517588,0.628140703517588,0.628140703517588,0.628140703517588,0.628140703517588,0.628140703517588,0.628140703517588,0.628140703517588,0.628140703517588,0.628140703517588,0.628140703517588,0.628140703517588,0.628140703517588,0.628140703517588,0.628140703517588,0.628140703517588,0.628140703517588,16.361886429258902,16.361886429258902,16.361886429258902,16.361886429258902,16.361886429258902,16.361886429258902,4.524886877828054,4.524886877828054,4.524886877828054,4.524886877828054,3.952569169960474,3.952569169960474,3.952569169960474,3.952569169960474,3.952569169960474,3.9968025579536373,3.9968025579536373,3.9968025579536373,3.9968025579536373,3.9603960396039604,3.9603960396039604],"raf":[5351,1592,64,41,34,34,33,30,34,36,37,29,42,107,154,81,83,79,121,188,111,198,227,249,353,260,250,249,253,250,249,253,247,252,252,252,250,256,252]}