{"time":[5.477,6.214,6.238,6.265000000000001,6.301,6.3340000000000005,6.688000000000001,6.831,6.873,6.913,6.952,7.216,7.265000000000001,7.301,7.3340000000000005,7.372000000000001,7.407000000000001,7.445000000000001,7.483000000000001,7.552000000000001,7.598000000000002,7.633000000000002,7.673000000000002,7.710000000000002,7.758000000000002,7.798000000000002,7.836000000000002,7.8930000000000025,7.931000000000003,7.970000000000002,8.017000000000003,8.054000000000004,8.093000000000004,8.138000000000003,8.198000000000004,8.248000000000005,8.291000000000004,8.329000000000004,8.371000000000004,8.411000000000003,8.455000000000004,8.501000000000003,8.547000000000002,8.601000000000003,8.648000000000003,8.693000000000003,8.733000000000002,8.777000000000003,8.823000000000002,8.864000000000003,8.908000000000003,8.956000000000003,8.998000000000003,9.041000000000002,9.085000000000003,9.128000000000002,9.171000000000001,9.211,9.262,9.306000000000001,9.348,9.393,9.436,9.48,9.526,9.57,9.611,9.657,9.7,9.741999999999999,9.790999999999999,9.830999999999998,9.873999999999997,9.919999999999996,9.961999999999996,10.003999999999996,10.049999999999995,10.089999999999995,10.130999999999995,10.174999999999995,10.221999999999996,10.262999999999996,10.306999999999997,10.351999999999997,10.394999999999996,10.439999999999996,10.483999999999996,10.527999999999997,10.571999999999997,10.616999999999997,10.660999999999998,10.703999999999997,10.748999999999997,10.792999999999997,10.834999999999997,10.880999999999997,10.921999999999997,10.963999999999997,11.009999999999996,11.055999999999996,11.100999999999996,11.149999999999995,11.199999999999996,11.249999999999996,11.297999999999996,11.338999999999997,11.382999999999997,11.427999999999997,11.481999999999998,11.529999999999998,11.575999999999997,11.624999999999996,11.674999999999997,11.716999999999997,11.772999999999996,11.831999999999995,11.876999999999995,11.928999999999995,11.970999999999995,12.015999999999995,12.070999999999994,12.113999999999994,12.156999999999993,12.218999999999992,12.263999999999992,12.304999999999993,12.350999999999992,12.403999999999993,12.463999999999993,12.504999999999994,12.546999999999993,12.591999999999993,12.634999999999993,12.688999999999993,12.747999999999992,12.790999999999991,12.83399999999999,12.887999999999991,12.93099999999999,12.98599999999999],"fps":[1.0598834128245893,1.0598834128245893,1.0598834128245893,1.0598834128245893,1.0598834128245893,1.0598834128245893,4.95458298926507,4.95458298926507,4.95458298926507,4.95458298926507,4.95458298926507,4.95458298926507,4.95458298926507,4.95458298926507,4.95458298926507,4.95458298926507,4.95458298926507,4.95458298926507,4.95458298926507,4.95458298926507,4.95458298926507,4.95458298926507,4.95458298926507,16.617790811339198,16.617790811339198,16.617790811339198,16.617790811339198,16.617790811339198,16.617790811339198,16.617790811339198,16.617790811339198,16.617790811339198,16.617790811339198,16.617790811339198,16.617790811339198,16.617790811339198,16.617790811339198,16.617790811339198,16.617790811339198,16.617790811339198,16.617790811339198,16.617790811339198,16.617790811339198,16.617790811339198,16.617790811339198,16.617790811339198,22.482893450635387,22.482893450635387,22.482893450635387,22.482893450635387,22.482893450635387,22.482893450635387,22.482893450635387,22.482893450635387,22.482893450635387,22.482893450635387,22.482893450635387,22.482893450635387,22.482893450635387,22.482893450635387,22.482893450635387,22.482893450635387,22.482893450635387,22.482893450635387,22.482893450635387,22.482893450635387,22.482893450635387,22.482893450635387,22.482893450635387,22.77227722772277,22.77227722772277,22.77227722772277,22.77227722772277,22.77227722772277,22.77227722772277,22.77227722772277,22.77227722772277,22.77227722772277,22.77227722772277,22.77227722772277,22.77227722772277,22.77227722772277,22.77227722772277,22.77227722772277,22.77227722772277,22.77227722772277,22.77227722772277,22.77227722772277,22.77227722772277,22.77227722772277,22.77227722772277,22.77227722772277,22.86282306163022,22.86282306163022,22.86282306163022,22.86282306163022,22.86282306163022,22.86282306163022,22.86282306163022,22.86282306163022,22.86282306163022,22.86282306163022,22.86282306163022,22.86282306163022,22.86282306163022,22.86282306163022,22.86282306163022,22.86282306163022,22.86282306163022,22.86282306163022,22.86282306163022,22.86282306163022,22.86282306163022,22.86282306163022,21.484375,21.484375,21.484375,21.484375,21.484375,21.484375,21.484375,21.484375,21.484375,21.484375,21.484375,21.484375,21.484375,21.484375,21.484375,21.484375,21.484375,21.484375,21.484375,21.484375,21.484375,20.64896755162242,20.64896755162242,20.64896755162242,20.64896755162242,20.64896755162242],"raf":[5477,738,24,26,36,33,354,144,41,41,39,263,49,36,33,38,35,39,38,68,47,34,40,38,47,40,38,58,38,39,46,38,38,45,60,50,43,38,42,41,43,46,47,53,47,45,41,44,46,40,45,47,42,44,43,43,43,41,50,44,43,44,43,44,47,44,40,46,45,42,47,40,43,47,41,42,46,40,42,44,46,41,44,45,43,46,44,44,43,46,43,45,44,43,42,46,42,43,45,45,45,49,50,50,48,42,44,45,54,47,46,49,50,43,56,59,44,53,41,45,55,43,43,63,44,41,46,54,59,41,42,45,44,53,59,43,44,53,43,55]}