{"time":[3.0099999999999985,3.0489999999999986,3.0759999999999987,3.0929999999999986,3.1189999999999984,3.1479999999999984,3.1829999999999985,3.2099999999999986,3.2299999999999986,3.2559999999999985,3.2859999999999983,3.310999999999998,3.366999999999998,3.392999999999998,3.408999999999998,3.452999999999998,3.477999999999998,3.538999999999998,3.559999999999998,3.5769999999999977,3.636999999999998,3.656999999999998,3.688999999999998,3.821999999999998,3.8429999999999978,3.865999999999998,3.906999999999998,3.9279999999999977,4.040999999999998,4.059999999999998,4.075999999999998,4.184999999999998,4.3089999999999975,4.325999999999998,4.341999999999998,4.454999999999998,4.478999999999998,4.608999999999998,4.625999999999999,4.642999999999999,4.755999999999999,4.781,4.906,4.925999999999999,4.946999999999999,5.061999999999999,5.188,5.21,5.226,5.439,5.459,5.476999999999999,5.688,5.709,5.728,5.9399999999999995,5.959,5.986,6.101,6.132,6.269,6.293,6.309,6.42,6.451,6.585,6.61,6.63,6.841,6.86,6.888,7.1049999999999995,7.1259999999999994,7.156,7.287,7.32,7.356,7.399,7.437,7.470000000000001,7.4990000000000006,7.5280000000000005,7.559,7.587,7.609999999999999,7.638999999999999,7.664,7.688,7.715999999999999,7.739999999999999,7.765999999999999,7.789999999999999,7.809999999999999,7.836999999999999,7.856999999999998,7.883999999999999,7.908999999999999,7.932999999999999,7.956999999999999,7.979999999999999,8.017,8.043,8.059999999999999,8.079999999999998,8.102999999999998,8.128999999999998,8.152999999999997,8.178999999999997,8.204999999999997,8.231999999999996,8.254999999999995,8.276999999999996,8.306999999999995,8.330999999999994,8.353999999999994,8.381999999999994,8.408999999999994,8.435999999999993,8.459999999999992,8.486999999999991,8.507999999999992,8.536999999999992,8.563999999999991,8.592999999999991,8.621999999999991,8.64599999999999,8.67699999999999,8.704999999999991,8.72899999999999,8.75899999999999,8.78699999999999,8.81599999999999,8.83999999999999,8.86899999999999,8.89999999999999],"fps":[34.82587064676617,34.82587064676617,34.82587064676617,34.82587064676617,34.82587064676617,34.82587064676617,34.82587064676617,34.82587064676617,34.82587064676617,34.82587064676617,34.82587064676617,34.82587064676617,34.82587064676617,34.82587064676617,34.82587064676617,34.82587064676617,34.82587064676617,34.82587064676617,34.82587064676617,34.82587064676617,34.82587064676617,34.82587064676617,34.82587064676617,34.82587064676617,34.82587064676617,34.82587064676617,29.761904761904763,29.761904761904763,29.761904761904763,29.761904761904763,29.761904761904763,29.761904761904763,29.761904761904763,29.761904761904763,29.761904761904763,29.761904761904763,29.761904761904763,29.761904761904763,29.761904761904763,29.761904761904763,29.761904761904763,29.761904761904763,29.761904761904763,16.683022571148186,16.683022571148186,16.683022571148186,16.683022571148186,16.683022571148186,16.683022571148186,16.683022571148186,16.683022571148186,16.683022571148186,16.683022571148186,16.683022571148186,16.683022571148186,11.834319526627219,11.834319526627219,11.834319526627219,11.834319526627219,11.834319526627219,11.834319526627219,11.834319526627219,11.834319526627219,11.834319526627219,11.834319526627219,11.834319526627219,11.834319526627219,11.834319526627219,11.834319526627219,11.834319526627219,11.834319526627219,13.733905579399142,13.733905579399142,13.733905579399142,13.733905579399142,13.733905579399142,13.733905579399142,13.733905579399142,13.733905579399142,13.733905579399142,13.733905579399142,13.733905579399142,13.733905579399142,13.733905579399142,13.733905579399142,13.733905579399142,13.733905579399142,13.733905579399142,13.733905579399142,13.733905579399142,13.733905579399142,13.733905579399142,13.733905579399142,13.733905579399142,13.733905579399142,13.733905579399142,13.733905579399142,13.733905579399142,13.733905579399142,13.733905579399142,13.733905579399142,13.733905579399142,13.733905579399142,13.733905579399142,13.733905579399142,33.203125,33.203125,33.203125,33.203125,33.203125,33.203125,33.203125,33.203125,33.203125,33.203125,33.203125,33.203125,33.203125,33.203125,33.203125,33.203125,33.203125,33.203125,33.203125,33.203125,33.203125,33.203125,33.203125,33.203125,33.203125,33.203125,33.203125,33.203125,33.203125,33.203125],"raf":[36,39,27,17,26,31,33,27,20,26,30,25,57,25,16,45,24,62,20,17,60,20,32,133,21,24,40,22,112,19,17,108,124,18,16,113,24,129,17,18,112,25,126,19,22,114,126,22,17,212,20,18,211,21,19,212,19,27,115,31,137,24,17,111,30,134,25,20,211,19,28,217,21,31,131,32,36,43,39,32,29,29,31,28,23,29,26,23,28,24,26,24,20,27,20,27,25,24,24,23,37,26,17,21,22,26,24,26,28,25,25,21,30,23,23,28,27,27,24,27,21,29,27,29,30,23,31,28,24,31,28,29,24,29,30]}