{"time":[5.445,6.425000000000001,6.44,6.469,6.5,6.518,6.617999999999999,6.659999999999999,6.719999999999999,6.784999999999999,6.842999999999999,6.895999999999999,6.947999999999999,6.997999999999998,7.052999999999998,7.107999999999998,7.162999999999998,7.220999999999997,7.273999999999997,7.3249999999999975,7.3779999999999974,7.430999999999997,7.4819999999999975,7.540999999999998,7.591999999999998,7.644999999999998,7.701999999999998,7.754999999999998,7.804999999999998,7.857999999999998,7.911999999999998,7.967999999999998,8.017999999999999,8.068999999999999,8.12,8.171,8.229,8.279,8.334999999999999,8.386,8.434,8.485999999999999,8.54,8.588,8.641,8.691,8.744000000000002,8.799000000000001,8.852000000000002,8.907000000000002,8.956000000000001,9.003000000000002,9.055000000000001,9.106000000000002,9.159000000000002,9.209000000000003,9.262000000000004,9.310000000000004,9.361000000000004,9.412000000000004,9.459000000000005,9.518000000000004,9.571000000000005,9.621000000000006,9.671000000000006,9.721000000000007,9.775000000000007,9.825000000000008,9.874000000000008,9.925000000000008,9.979000000000008,10.028000000000008,10.076000000000008,10.131000000000007,10.198000000000008,10.233000000000008,10.289000000000007,10.342000000000008,10.394000000000007,10.444000000000008,10.494000000000009,10.54400000000001,10.59500000000001,10.64900000000001,10.70200000000001,10.75600000000001,10.804000000000011,10.851000000000012,10.904000000000012,10.955000000000013,11.005000000000013,11.058000000000014,11.118000000000015,11.181000000000015,11.213000000000015,11.267000000000015,11.331000000000016,11.381000000000016,11.425000000000017,11.488000000000017,11.530000000000017,11.581000000000017,11.646000000000017,11.687000000000017,11.740000000000018,11.790000000000019,11.85300000000002,11.89700000000002,11.94500000000002,11.99700000000002,12.06000000000002,12.10200000000002,12.15300000000002,12.20400000000002,12.26600000000002,12.31400000000002,12.36100000000002,12.414000000000021,12.477000000000022,12.519000000000021,12.572000000000022,12.626000000000023,12.706000000000023,12.747000000000023,12.787000000000022,12.887000000000022,12.914000000000021,12.951000000000022],"fps":[1.3800241504226325,1.3800241504226325,1.3800241504226325,2.9296875,2.9296875,2.9296875,2.9296875,2.9296875,2.9296875,2.9296875,2.9296875,2.9296875,2.9296875,2.9296875,2.9296875,2.9296875,2.9296875,2.9296875,2.9296875,2.9296875,2.9296875,2.9296875,18.774703557312254,18.774703557312254,18.774703557312254,18.774703557312254,18.774703557312254,18.774703557312254,18.774703557312254,18.774703557312254,18.774703557312254,18.774703557312254,18.774703557312254,18.774703557312254,18.774703557312254,18.774703557312254,18.774703557312254,18.774703557312254,18.774703557312254,18.774703557312254,18.774703557312254,18.92430278884462,18.92430278884462,18.92430278884462,18.92430278884462,18.92430278884462,18.92430278884462,18.92430278884462,18.92430278884462,18.92430278884462,18.92430278884462,18.92430278884462,18.92430278884462,18.92430278884462,18.92430278884462,18.92430278884462,18.92430278884462,18.92430278884462,18.92430278884462,18.92430278884462,18.92430278884462,19.36108422071636,19.36108422071636,19.36108422071636,19.36108422071636,19.36108422071636,19.36108422071636,19.36108422071636,19.36108422071636,19.36108422071636,19.36108422071636,19.36108422071636,19.36108422071636,19.36108422071636,19.36108422071636,19.36108422071636,19.36108422071636,19.36108422071636,19.36108422071636,19.36108422071636,19.36108422071636,19.51219512195122,19.51219512195122,19.51219512195122,19.51219512195122,19.51219512195122,19.51219512195122,19.51219512195122,19.51219512195122,19.51219512195122,19.51219512195122,19.51219512195122,19.51219512195122,19.51219512195122,19.51219512195122,19.51219512195122,19.51219512195122,19.51219512195122,19.51219512195122,19.51219512195122,19.51219512195122,19.26782273603083,19.26782273603083,19.26782273603083,19.26782273603083,19.26782273603083,19.26782273603083,19.26782273603083,19.26782273603083,19.26782273603083,19.26782273603083,19.26782273603083,19.26782273603083,19.26782273603083,19.26782273603083,19.26782273603083,19.26782273603083,19.26782273603083,19.26782273603083,19.26782273603083,19.26782273603083,19.138755980861244,19.138755980861244,19.138755980861244,19.138755980861244,19.138755980861244,19.138755980861244,19.138755980861244],"raf":[5445,979,15,30,30,19,99,42,60,66,57,53,52,50,55,55,56,57,53,52,52,53,51,60,51,52,58,52,50,54,53,57,50,50,51,52,58,49,57,51,48,51,54,49,53,50,52,56,52,56,48,47,53,51,53,49,53,48,51,51,48,59,52,50,51,49,54,50,50,50,55,48,48,56,66,36,55,54,52,50,49,50,52,53,54,53,49,46,53,51,51,53,65,57,33,53,64,50,44,63,43,51,64,41,53,50,63,44,48,52,63,42,52,50,62,48,48,52,63,42,53,55,79,41,40,100,27,37]}