{"time":[3.029,3.266,3.299,3.328,3.3659999999999997,3.502,3.7369999999999997,3.7829999999999995,3.8099999999999996,3.8499999999999996,4.007,4.05,4.178,4.217,4.2669999999999995,4.409999999999999,4.449999999999999,4.578999999999999,4.714999999999999,4.748999999999999,4.879999999999999,4.925999999999999,5.077999999999999,5.114999999999999,5.145,5.297,5.353,5.398,5.441999999999999,5.492999999999999,5.529999999999999,5.571999999999999,5.614999999999999,5.68,5.734,5.765,5.816999999999999,5.866,5.915,5.952,5.997,6.032,6.069,6.111,6.1499999999999995,6.193,6.228999999999999,6.268999999999999,6.320999999999999,6.365999999999999,6.403999999999999,6.442999999999999,6.481999999999998,6.525999999999998,6.565999999999998,6.615999999999998,6.652999999999998,6.696999999999997,6.7399999999999975,6.780999999999998,6.821999999999998,6.858999999999998,6.905999999999998,12.248999999999999,12.281999999999998,12.308999999999997,12.347999999999997,12.385999999999997,12.423999999999998,12.460999999999999,12.492999999999999,12.532999999999998,12.580999999999998,12.614999999999998,12.649,12.697999999999999,12.736999999999998,12.774,12.812,12.849,12.895,12.93,12.969999999999999],"fps":[11.423550087873462,11.423550087873462,11.423550087873462,11.423550087873462,11.423550087873462,11.423550087873462,11.423550087873462,11.423550087873462,11.423550087873462,11.423550087873462,11.423550087873462,10.773751224289912,10.773751224289912,10.773751224289912,10.773751224289912,10.773751224289912,10.773751224289912,10.773751224289912,10.773751224289912,10.773751224289912,10.773751224289912,10.773751224289912,10.700389105058365,10.700389105058365,10.700389105058365,10.700389105058365,10.700389105058365,10.700389105058365,10.700389105058365,10.700389105058365,10.700389105058365,10.700389105058365,10.700389105058365,10.700389105058365,10.700389105058365,10.700389105058365,10.700389105058365,10.700389105058365,10.700389105058365,10.700389105058365,10.700389105058365,10.700389105058365,10.700389105058365,20.329138431752177,20.329138431752177,20.329138431752177,20.329138431752177,20.329138431752177,20.329138431752177,20.329138431752177,20.329138431752177,20.329138431752177,20.329138431752177,20.329138431752177,20.329138431752177,20.329138431752177,20.329138431752177,20.329138431752177,20.329138431752177,20.329138431752177,20.329138431752177,20.329138431752177,20.329138431752177,3.258390355164549,3.258390355164549,3.258390355164549,3.258390355164549,3.258390355164549,3.258390355164549,3.258390355164549,3.258390355164549,3.258390355164549,3.258390355164549,3.258390355164549,3.258390355164549,3.258390355164549,3.258390355164549,3.258390355164549,3.258390355164549,3.258390355164549,3.258390355164549,3.258390355164549,3.258390355164549],"raf":[144,238,32,29,38,137,234,46,27,40,157,43,128,39,50,144,39,129,136,35,131,46,151,38,29,153,55,45,45,50,37,43,43,65,54,32,50,49,50,36,46,35,36,42,41,41,36,40,53,44,38,39,39,44,41,49,37,44,43,42,40,39,45,5343,33,27,40,37,38,37,32,40,48,34,34,50,38,37,38,38,45,35,41]}