{"time":[3.0230000000000006,3.1520000000000006,3.3100000000000005,3.3500000000000005,3.3960000000000004,3.6310000000000002,3.6660000000000004,3.7250000000000005,3.8610000000000007,3.9130000000000007,3.9710000000000005,4.03,4.0840000000000005,4.148000000000001,4.211,4.269,4.333,4.4,4.453,4.518000000000001,4.579000000000001,4.638000000000001,4.7010000000000005,4.771000000000001,4.833000000000001,4.892000000000001,4.947000000000001,5.010000000000001,5.074000000000001,5.133000000000001,5.200000000000001,5.266000000000001,5.320000000000001,5.3820000000000014,5.443000000000001,5.504000000000001,5.566000000000002,9.216000000000001,9.249,9.295,9.359,9.421,9.484,9.553,9.609,9.671,9.732,9.827,9.856,9.916,9.978,10.039,10.103,10.165,10.220999999999998,10.281999999999998,10.346999999999998,10.409999999999998,10.471999999999998,10.532999999999998,10.595999999999998,10.654999999999998,10.716999999999997,10.946999999999997,10.998999999999997,11.038999999999996,11.101999999999997,11.164999999999997,11.262999999999998,11.292999999999997,11.352999999999998,11.415999999999999,11.474999999999998,11.539999999999997,11.602999999999998,11.710999999999999,11.748,11.803999999999998,11.863999999999999,11.924999999999999,11.988,12.051,12.162,12.199000000000002,12.254000000000001,12.309000000000001,12.374,12.437000000000001,12.500000000000002,12.606000000000002,12.648000000000001,12.697000000000001,12.758000000000001,12.822000000000001,12.883000000000001],"fps":[7.699711260827719,7.699711260827719,10.299625468164795,10.299625468164795,10.299625468164795,10.299625468164795,10.299625468164795,10.299625468164795,10.299625468164795,10.299625468164795,10.299625468164795,10.299625468164795,10.299625468164795,10.299625468164795,10.299625468164795,10.299625468164795,13.685239491691105,13.685239491691105,13.685239491691105,13.685239491691105,13.685239491691105,13.685239491691105,13.685239491691105,13.685239491691105,13.685239491691105,13.685239491691105,13.685239491691105,13.685239491691105,13.685239491691105,13.685239491691105,13.685239491691105,13.685239491691105,13.685239491691105,16.205910390848427,16.205910390848427,16.205910390848427,16.205910390848427,1.0432968179447053,1.0432968179447053,1.0432968179447053,1.0432968179447053,1.0432968179447053,1.0432968179447053,1.0432968179447053,1.0432968179447053,1.0432968179447053,1.0432968179447053,1.0432968179447053,1.0432968179447053,1.0432968179447053,1.0432968179447053,1.0432968179447053,1.0432968179447053,1.0432968179447053,16.915422885572138,16.915422885572138,16.915422885572138,16.915422885572138,16.915422885572138,16.915422885572138,16.915422885572138,16.915422885572138,16.915422885572138,16.915422885572138,16.915422885572138,16.915422885572138,16.915422885572138,16.915422885572138,13.435700575815739,13.435700575815739,13.435700575815739,13.435700575815739,13.435700575815739,13.435700575815739,13.435700575815739,13.435700575815739,13.435700575815739,13.435700575815739,13.435700575815739,13.435700575815739,13.435700575815739,13.435700575815739,13.435700575815739,13.435700575815739,13.435700575815739,16.252390057361378,16.252390057361378,16.252390057361378,16.252390057361378,16.252390057361378,16.252390057361378,16.252390057361378,16.252390057361378,16.252390057361378,16.252390057361378],"raf":[40,130,158,39,47,235,35,59,136,52,57,59,54,65,63,57,65,67,52,65,62,59,63,70,62,59,54,64,63,59,67,67,54,62,61,61,62,3650,32,46,65,61,64,69,55,63,61,94,29,61,62,60,64,62,57,60,66,62,62,61,63,60,61,230,53,40,63,64,97,29,61,63,59,65,62,108,39,54,61,60,64,63,111,36,55,56,66,62,63,106,42,48,61,64,61]}