{"time":[3.0069999999999992,3.047999999999999,3.182999999999999,3.195999999999999,3.2329999999999988,3.264999999999999,3.4109999999999987,3.429999999999999,3.4559999999999986,3.502999999999999,3.6409999999999987,3.6629999999999985,3.6829999999999985,3.7199999999999984,3.7589999999999986,3.7979999999999987,3.9359999999999986,3.9629999999999987,3.9799999999999986,4.018999999999998,4.156999999999998,4.179999999999998,4.201999999999998,4.239999999999998,4.276999999999998,4.314999999999999,4.451999999999998,4.479999999999998,4.495999999999998,4.536999999999998,4.580999999999998,4.7159999999999975,4.729999999999998,4.761999999999998,4.8009999999999975,4.937999999999997,4.963999999999997,4.979999999999997,5.021999999999997,5.057999999999996,5.097999999999996,5.234999999999996,5.2629999999999955,5.279999999999996,5.317999999999996,5.393999999999996,5.412999999999996,5.442999999999996,5.478999999999996,5.515999999999996,5.557999999999995,5.597999999999995,5.638999999999996,5.679999999999996,5.714999999999996,5.761999999999996,5.805999999999996,5.847999999999995,5.890999999999996,5.931999999999996,5.971999999999996,6.008999999999996,6.048999999999996,6.095999999999996,6.132999999999996,6.182999999999995,6.229999999999995,6.257999999999995,6.2999999999999945,6.342999999999995,6.381999999999994,6.422999999999995,6.463999999999995,6.509999999999995,6.542999999999996,6.585999999999996,6.630999999999996,6.678999999999996,6.707999999999996,6.747999999999996,6.790999999999996,6.829999999999996,6.868999999999995,6.907999999999995,6.947999999999995,6.988999999999995,7.029999999999996,7.0689999999999955,10.783999999999995,10.811999999999996,10.828999999999995,10.870999999999995,10.906999999999995,10.943999999999996,10.984999999999996,11.020999999999995,11.057999999999996,11.099999999999996,11.128999999999996,11.162999999999997,11.200999999999997,11.232999999999997,11.265999999999996,11.306999999999997,11.334999999999997,11.379999999999997,11.411999999999997,11.446999999999997,11.484999999999998,11.521999999999998,11.559999999999999,11.597999999999999,11.636,11.673,11.71,11.75,11.792,11.831,11.866999999999999,11.908999999999999,11.947999999999999,12.107999999999999,12.129,12.154,12.191,12.229000000000001,12.268,12.308,12.347999999999999,12.389,12.427,12.466999999999999,12.508,12.549,12.591999999999999,12.633,12.671999999999999,12.709999999999999,12.751,12.789,12.828999999999999,12.867999999999999,12.905999999999999,12.947,12.988],"fps":[15.444015444015443,15.444015444015443,15.444015444015443,15.444015444015443,15.444015444015443,15.444015444015443,17.31996353691887,17.31996353691887,17.31996353691887,17.31996353691887,17.31996353691887,17.31996353691887,17.31996353691887,17.31996353691887,17.31996353691887,17.31996353691887,17.31996353691887,17.31996353691887,17.31996353691887,17.31996353691887,17.31996353691887,17.31996353691887,17.31996353691887,17.31996353691887,17.31996353691887,17.31996353691887,19.21229586935639,19.21229586935639,19.21229586935639,19.21229586935639,19.21229586935639,19.21229586935639,19.21229586935639,19.21229586935639,19.21229586935639,19.21229586935639,19.21229586935639,19.21229586935639,19.21229586935639,19.21229586935639,19.21229586935639,19.21229586935639,19.21229586935639,19.21229586935639,19.21229586935639,19.21229586935639,19.21229586935639,19.21229586935639,21.40077821011673,21.40077821011673,21.40077821011673,21.40077821011673,21.40077821011673,21.40077821011673,21.40077821011673,21.40077821011673,21.40077821011673,21.40077821011673,21.40077821011673,21.40077821011673,21.40077821011673,21.40077821011673,21.40077821011673,21.40077821011673,21.40077821011673,21.40077821011673,21.40077821011673,21.40077821011673,21.40077821011673,21.40077821011673,21.40077821011673,21.40077821011673,21.40077821011673,24.271844660194176,24.271844660194176,24.271844660194176,24.271844660194176,24.271844660194176,24.271844660194176,24.271844660194176,24.271844660194176,24.271844660194176,24.271844660194176,24.271844660194176,24.271844660194176,24.271844660194176,24.271844660194176,24.271844660194176,3.509592887225082,3.509592887225082,3.509592887225082,3.509592887225082,3.509592887225082,3.509592887225082,3.509592887225082,3.509592887225082,3.509592887225082,3.509592887225082,3.509592887225082,3.509592887225082,3.509592887225082,3.509592887225082,3.509592887225082,3.509592887225082,3.509592887225082,3.509592887225082,3.509592887225082,3.509592887225082,3.509592887225082,3.509592887225082,3.509592887225082,3.509592887225082,3.509592887225082,3.509592887225082,3.509592887225082,3.509592887225082,27.77777777777778,27.77777777777778,27.77777777777778,27.77777777777778,27.77777777777778,27.77777777777778,27.77777777777778,27.77777777777778,27.77777777777778,27.77777777777778,27.77777777777778,27.77777777777778,27.77777777777778,27.77777777777778,27.77777777777778,27.77777777777778,27.77777777777778,27.77777777777778,27.77777777777778,27.77777777777778,27.77777777777778,27.77777777777778,27.77777777777778,27.77777777777778,23.143683702989392,23.143683702989392,23.143683702989392,23.143683702989392,23.143683702989392],"raf":[32,41,136,13,36,32,146,19,26,48,137,23,20,36,39,39,138,27,17,40,138,23,21,38,37,38,137,28,17,40,44,137,12,33,38,137,26,17,41,36,40,137,28,17,38,77,19,30,36,37,41,40,41,41,36,47,43,42,43,42,39,37,42,45,38,50,46,28,42,44,39,41,41,45,35,41,45,49,29,40,42,39,39,40,40,40,41,40,3714,28,17,42,36,38,40,36,37,42,30,33,38,33,33,40,28,45,33,34,39,37,38,37,38,37,38,40,41,40,36,41,40,159,22,24,37,38,40,40,40,40,38,41,41,40,44,40,39,38,41,39,39,39,39,40,41]}