{"time":[3.0099999999999993,3.0729999999999995,3.1359999999999997,3.195,3.2569999999999997,3.3139999999999996,3.3709999999999996,3.4339999999999997,3.4949999999999997,3.5599999999999996,3.6179999999999994,3.6779999999999995,3.7369999999999997,3.7989999999999995,3.8609999999999993,3.9249999999999994,3.9899999999999993,4.055,4.117999999999999,4.1819999999999995,4.2459999999999996,4.316,4.378,4.441,4.504,4.577,4.64,4.707999999999999,4.775999999999999,4.844999999999999,4.913999999999999,4.980999999999999,5.049999999999999,5.1179999999999986,5.187999999999999,5.253999999999999,5.317999999999999,5.382999999999999,5.445999999999999,5.515999999999999,5.578999999999999,5.642999999999999,5.704999999999999,5.77,5.832,5.897,5.963,6.025,6.088,6.1530000000000005,6.215000000000001,6.279000000000001,6.340000000000001,6.4,6.46,6.52,6.579,6.637,6.696,6.754,6.811999999999999,6.866999999999999,6.921999999999999,6.978999999999999,7.036,7.090999999999999,7.146999999999999,7.1979999999999995,7.249,7.3,7.348,7.396,7.447,7.494,7.543,7.593,7.643,7.696,7.747,7.7989999999999995,7.848999999999999,7.900999999999999,7.950999999999999,8.004,8.055,8.107,8.157,8.21,8.266,8.318,8.375,8.43,8.484,8.538,8.593,8.646,8.698,8.749,8.8,8.852,8.903,8.961,9.01,9.061,9.124,9.172,9.229000000000001,9.285,9.343,9.402,9.462,9.528,9.593,9.643,9.701,9.761000000000001,9.82,9.879,9.939,9.996,10.057,10.116,10.174999999999999,10.235,10.293999999999999,10.357999999999999,10.419999999999998,10.477999999999998,10.537999999999998,10.595999999999998,10.653999999999998,10.710999999999999,10.766999999999998,10.823999999999998,10.881999999999998,10.941999999999998,11.000999999999998,11.056999999999997,11.117999999999997,11.175999999999997,11.230999999999996,11.283999999999997,11.337999999999997,11.391999999999998,11.447999999999997,11.507999999999997,11.563999999999997,11.620999999999997,11.676999999999996,11.731999999999996,11.786999999999995,11.843999999999996,11.898999999999996,11.953999999999995,12.009999999999994,12.066999999999995,12.124999999999995,12.181999999999995,12.239999999999995,12.295999999999994,12.352999999999994,12.410999999999994,12.466999999999993,12.520999999999994,12.576999999999993,12.627999999999993,12.685999999999993,12.740999999999993,12.795999999999992,12.854999999999992,12.908999999999992,12.966999999999992],"fps":[21.988527724665392,21.988527724665392,21.988527724665392,21.988527724665392,21.988527724665392,21.988527724665392,21.988527724665392,21.988527724665392,21.988527724665392,21.988527724665392,21.988527724665392,21.988527724665392,21.988527724665392,21.988527724665392,16.50485436893204,16.50485436893204,16.50485436893204,16.50485436893204,16.50485436893204,16.50485436893204,16.50485436893204,16.50485436893204,16.50485436893204,16.50485436893204,16.50485436893204,16.50485436893204,16.50485436893204,16.50485436893204,16.50485436893204,16.50485436893204,15.194681861348528,15.194681861348528,15.194681861348528,15.194681861348528,15.194681861348528,15.194681861348528,15.194681861348528,15.194681861348528,15.194681861348528,15.194681861348528,15.194681861348528,15.194681861348528,15.194681861348528,15.194681861348528,15.194681861348528,15.194681861348528,15.252621544327932,15.252621544327932,15.252621544327932,15.252621544327932,15.252621544327932,15.252621544327932,15.252621544327932,15.252621544327932,15.252621544327932,15.252621544327932,15.252621544327932,15.252621544327932,15.252621544327932,15.252621544327932,15.252621544327932,15.252621544327932,15.252621544327932,16.73228346456693,16.73228346456693,16.73228346456693,16.73228346456693,16.73228346456693,16.73228346456693,16.73228346456693,16.73228346456693,16.73228346456693,16.73228346456693,16.73228346456693,16.73228346456693,16.73228346456693,16.73228346456693,16.73228346456693,16.73228346456693,16.73228346456693,16.73228346456693,16.73228346456693,16.73228346456693,19.53125,19.53125,19.53125,19.53125,19.53125,19.53125,19.53125,19.53125,19.53125,19.53125,19.53125,19.53125,19.53125,19.53125,19.53125,19.53125,19.53125,19.53125,19.53125,18.867924528301888,18.867924528301888,18.867924528301888,18.867924528301888,18.867924528301888,18.867924528301888,18.867924528301888,18.867924528301888,18.867924528301888,18.867924528301888,18.867924528301888,18.867924528301888,18.867924528301888,18.867924528301888,18.867924528301888,18.867924528301888,18.867924528301888,18.867924528301888,17.208413001912046,17.208413001912046,17.208413001912046,17.208413001912046,17.208413001912046,17.208413001912046,17.208413001912046,17.208413001912046,17.208413001912046,17.208413001912046,17.208413001912046,17.208413001912046,17.208413001912046,17.208413001912046,17.208413001912046,17.208413001912046,17.208413001912046,16.983016983016984,16.983016983016984,16.983016983016984,16.983016983016984,16.983016983016984,16.983016983016984,16.983016983016984,16.983016983016984,16.983016983016984,16.983016983016984,16.983016983016984,16.983016983016984,16.983016983016984,16.983016983016984,16.983016983016984,16.983016983016984,16.983016983016984,16.983016983016984,17.821782178217823,17.821782178217823,17.821782178217823,17.821782178217823,17.821782178217823,17.821782178217823,17.821782178217823,17.821782178217823,17.821782178217823,17.821782178217823,17.821782178217823,17.821782178217823,17.821782178217823,17.821782178217823,17.821782178217823,17.821782178217823,17.821782178217823],"raf":[62,65,61,60,61,57,57,63,62,64,59,59,60,62,62,64,64,66,62,64,65,69,62,64,62,73,63,68,68,70,69,67,68,69,70,65,64,65,64,70,63,63,63,65,61,65,67,61,63,65,62,64,61,60,61,59,60,58,59,57,58,55,55,58,56,55,56,52,50,51,48,49,50,47,49,51,50,52,51,52,51,52,50,52,51,52,51,53,55,52,57,55,54,55,54,54,52,50,51,52,51,58,50,50,63,48,57,56,58,59,60,67,64,50,59,59,60,59,59,57,61,59,60,59,59,64,62,58,60,58,59,56,56,58,57,60,59,57,60,59,54,53,55,53,56,61,55,58,56,54,57,55,55,56,56,57,58,56,58,56,57,58,56,55,55,51,58,55,56,58,55,57]}