{"time":[3.028999999999999,3.071999999999999,3.213999999999999,3.232999999999999,3.254999999999999,3.300999999999999,3.441999999999999,3.465999999999999,3.4829999999999988,3.5209999999999986,3.6569999999999987,3.6819999999999986,3.6999999999999984,3.7329999999999983,3.7729999999999984,3.8139999999999983,3.851999999999998,3.883999999999998,4.025999999999998,4.048999999999998,4.067999999999998,4.102999999999998,4.145999999999998,4.185999999999998,4.322999999999999,4.348999999999998,4.365999999999999,4.415999999999999,4.556999999999999,4.582999999999998,4.598999999999998,4.645999999999998,4.683999999999998,4.823999999999998,4.848999999999998,4.864999999999998,4.901999999999998,4.939999999999999,4.975999999999998,5.020999999999998,5.051999999999998,5.1919999999999975,5.214999999999997,5.232999999999997,5.282999999999997,5.419999999999996,5.432999999999996,5.4629999999999965,5.501999999999996,5.636999999999996,5.648999999999996,5.684999999999995,5.716999999999995,5.856999999999995,5.881999999999995,5.897999999999995,5.933999999999995,6.0739999999999945,6.0979999999999945,6.114999999999995,6.156999999999995,6.194999999999995,6.232999999999995,6.372999999999995,6.397999999999995,6.4199999999999955,6.463999999999995,6.501999999999995,6.640999999999996,6.664999999999996,6.682999999999995,6.721999999999995,6.761999999999995,6.8029999999999955,6.941999999999996,6.964999999999995,6.985999999999995,7.027999999999995,7.0689999999999955,7.210999999999996,7.230999999999995,7.2629999999999955,7.306999999999995,7.446999999999995,7.4649999999999945,7.494999999999995,7.536999999999995,7.671999999999994,7.697999999999994,7.734999999999994,7.776999999999994,7.8209999999999935,7.863999999999994,7.9059999999999935,7.951999999999994,7.994999999999994,8.032999999999994,8.072999999999993,8.114999999999993,8.152999999999993,8.191999999999993,8.228999999999994,8.269999999999994,8.311999999999994,8.348999999999995,8.387999999999995,8.429999999999994,8.466999999999995,8.509999999999994,8.544999999999995,8.583999999999994,8.621999999999995,8.654999999999994,8.696999999999994,8.733999999999995,8.779999999999994,8.818999999999994,8.857999999999993,8.897999999999993,8.938999999999993,8.978999999999992,9.018999999999991,9.056999999999992,9.098999999999991,9.13899999999999,9.17499999999999,9.21899999999999,9.25699999999999,9.29999999999999],"fps":[18.92430278884462,18.92430278884462,18.92430278884462,18.92430278884462,18.92430278884462,18.92430278884462,18.92430278884462,18.92430278884462,18.92430278884462,18.92430278884462,18.92430278884462,17.699115044247787,17.699115044247787,17.699115044247787,17.699115044247787,17.699115044247787,17.699115044247787,17.699115044247787,17.699115044247787,17.699115044247787,17.699115044247787,17.699115044247787,17.699115044247787,17.699115044247787,17.699115044247787,17.699115044247787,17.699115044247787,17.699115044247787,17.699115044247787,17.699115044247787,17.699115044247787,17.699115044247787,20.95808383233533,20.95808383233533,20.95808383233533,20.95808383233533,20.95808383233533,20.95808383233533,20.95808383233533,20.95808383233533,20.95808383233533,20.95808383233533,20.95808383233533,20.95808383233533,20.95808383233533,20.95808383233533,20.95808383233533,20.95808383233533,20.95808383233533,20.95808383233533,20.95808383233533,18.98101898101898,18.98101898101898,18.98101898101898,18.98101898101898,18.98101898101898,18.98101898101898,18.98101898101898,18.98101898101898,18.98101898101898,18.98101898101898,18.98101898101898,18.98101898101898,18.98101898101898,18.98101898101898,18.98101898101898,18.98101898101898,18.98101898101898,18.98101898101898,18.98101898101898,18.98101898101898,19.286403085824492,19.286403085824492,19.286403085824492,19.286403085824492,19.286403085824492,19.286403085824492,19.286403085824492,19.286403085824492,19.286403085824492,19.286403085824492,19.286403085824492,19.286403085824492,19.286403085824492,19.286403085824492,19.286403085824492,19.286403085824492,19.286403085824492,19.286403085824492,17.769002961500494,17.769002961500494,17.769002961500494,17.769002961500494,17.769002961500494,17.769002961500494,17.769002961500494,17.769002961500494,17.769002961500494,17.769002961500494,17.769002961500494,17.769002961500494,17.769002961500494,17.769002961500494,17.769002961500494,17.769002961500494,17.769002961500494,17.769002961500494,17.769002961500494,17.769002961500494,17.769002961500494,17.769002961500494,17.769002961500494,17.769002961500494,17.769002961500494,17.769002961500494,24.880382775119617,24.880382775119617,24.880382775119617,24.880382775119617,24.880382775119617,24.880382775119617,24.880382775119617,24.880382775119617,24.880382775119617,24.880382775119617,24.880382775119617,24.880382775119617,24.880382775119617,24.880382775119617],"raf":[52,42,142,19,22,46,141,24,17,38,136,26,17,33,40,41,38,33,141,23,20,34,43,40,137,26,17,51,140,26,16,48,38,139,25,17,36,39,35,46,30,140,23,19,49,137,13,31,38,135,12,37,31,140,25,16,36,140,25,16,42,38,38,140,25,22,45,38,138,24,19,39,39,41,140,23,21,42,40,143,20,31,44,140,18,30,42,136,25,38,42,43,43,43,45,44,37,41,42,38,39,37,41,41,37,40,42,36,43,35,39,38,34,41,37,47,38,39,41,40,40,41,38,41,41,35,45,37,43]}