{"time":[3.057,3.121,3.191,3.272,3.3379999999999996,3.4149999999999996,3.4909999999999997,3.578,3.657,3.724,3.8080000000000003,3.89,3.972,4.094,4.24,4.481,4.709,4.9639999999999995,5.22,5.476999999999999,5.7299999999999995,5.9879999999999995,6.2459999999999996,6.5009999999999994,6.754,7.007,7.258,7.51,7.673,7.734,7.796,7.86,7.922000000000001,7.984000000000001,8.046000000000001,8.103000000000002,8.163000000000002,8.228000000000002,8.303,8.376000000000001,8.441,8.508000000000001,8.612,8.725,8.84,8.993,9.053,9.114,9.176,9.238,9.301,9.365,9.429,9.492],"fps":[16.933207902163687,13.371537726838586,13.371537726838586,13.371537726838586,13.371537726838586,13.371537726838586,13.371537726838586,13.371537726838586,13.371537726838586,13.371537726838586,13.371537726838586,13.371537726838586,13.371537726838586,13.371537726838586,11.61751563896336,11.61751563896336,11.61751563896336,11.61751563896336,11.61751563896336,4.042037186742118,4.042037186742118,4.042037186742118,4.042037186742118,3.902439024390244,3.902439024390244,3.902439024390244,3.902439024390244,3.9682539682539684,3.9682539682539684,3.9682539682539684,3.9682539682539684,3.9682539682539684,3.9682539682539684,3.9682539682539684,3.9682539682539684,3.9682539682539684,3.9682539682539684,3.9682539682539684,3.9682539682539684,3.9682539682539684,3.9682539682539684,3.9682539682539684,13.611615245009075,13.611615245009075,13.611615245009075,13.611615245009075,13.611615245009075,13.611615245009075,13.611615245009075,13.611615245009075,13.611615245009075,13.611615245009075,13.611615245009075,13.611615245009075],"raf":[80,64,70,81,66,77,76,87,79,67,84,83,81,122,146,241,229,254,256,257,253,258,259,255,253,252,251,252,164,60,62,65,61,62,62,57,60,66,74,73,65,67,104,113,116,152,60,61,62,62,63,64,64,64]}