{"time":[4.728,4.766,4.82,4.871,4.9270000000000005,4.970000000000001,5.014,5.058,5.101999999999999,5.146999999999999,5.193,5.2379999999999995,5.287,5.334,5.382,5.4319999999999995,5.4879999999999995,5.537,5.586,5.641,5.689,5.739,5.794,5.842,5.891,5.941,5.992999999999999,6.045999999999999,6.098999999999999,6.344999999999999,6.391999999999999,6.438999999999998,6.486999999999998,6.541999999999998,6.592999999999998,6.642999999999998,6.698999999999998,6.860999999999998,6.907999999999998,6.9579999999999975,7.008999999999998,7.0589999999999975,7.111999999999997,7.162999999999998,7.219999999999998,7.274999999999998,7.3249999999999975,7.378999999999998,7.427999999999998,7.479999999999998,7.532999999999998,7.588999999999998,7.640999999999997,7.692999999999997,7.745999999999997,7.7979999999999965,7.850999999999996,7.902999999999996,7.958999999999996,8.009999999999996,8.063999999999997,8.116999999999997,8.173999999999998,8.224999999999998,8.282999999999998,8.360999999999997,8.413999999999998,8.465999999999998,8.517999999999997,8.569999999999997,8.626999999999997,8.679999999999998,8.734999999999998,8.789999999999997,8.843999999999998,8.901999999999997,8.961999999999998,9.013999999999998,9.068999999999997,9.144999999999998,9.198999999999998,9.252999999999998,9.308999999999997,9.364999999999997,9.422999999999996,9.478999999999996,9.534999999999995,9.589999999999995,9.642999999999995,9.697999999999995,9.806999999999995,9.860999999999995,9.912999999999995,9.965999999999996,10.019999999999996,10.073999999999996,10.126999999999997,10.180999999999997,10.237999999999998,10.291999999999998,10.349999999999998,10.743999999999998,10.793999999999999,10.876999999999999,10.978,11.028,11.079,11.137,11.195,11.246,11.298,11.397,11.5,11.551,11.605,11.659,11.712000000000002,11.768,11.873000000000001,11.979000000000001,12.033000000000001,12.087000000000002,12.142000000000001,12.197000000000001,12.255,12.359,12.414,12.469999999999999,12.525999999999998,12.583999999999998,12.749999999999998,12.813999999999998,12.868999999999998,12.922999999999998,12.977999999999998],"fps":[1.2858979854264896,1.2858979854264896,1.2858979854264896,1.2858979854264896,1.2858979854264896,1.2858979854264896,1.2858979854264896,1.2858979854264896,1.2858979854264896,1.2858979854264896,1.2858979854264896,1.2858979854264896,1.2858979854264896,1.2858979854264896,1.2858979854264896,1.2858979854264896,1.2858979854264896,1.2858979854264896,1.2858979854264896,1.2858979854264896,1.2858979854264896,20.771513353115726,20.771513353115726,20.771513353115726,20.771513353115726,20.771513353115726,20.771513353115726,20.771513353115726,20.771513353115726,20.771513353115726,20.771513353115726,20.771513353115726,20.771513353115726,20.771513353115726,20.771513353115726,20.771513353115726,20.771513353115726,14.260249554367201,14.260249554367201,14.260249554367201,14.260249554367201,14.260249554367201,14.260249554367201,14.260249554367201,14.260249554367201,14.260249554367201,14.260249554367201,14.260249554367201,14.260249554367201,14.260249554367201,14.260249554367201,14.260249554367201,14.260249554367201,14.260249554367201,14.260249554367201,14.260249554367201,14.260249554367201,19.193857965451055,19.193857965451055,19.193857965451055,19.193857965451055,19.193857965451055,19.193857965451055,19.193857965451055,19.193857965451055,19.193857965451055,19.193857965451055,19.193857965451055,19.193857965451055,19.193857965451055,19.193857965451055,19.193857965451055,19.193857965451055,19.193857965451055,19.193857965451055,19.193857965451055,17.94145420207743,17.94145420207743,17.94145420207743,17.94145420207743,17.94145420207743,17.94145420207743,17.94145420207743,17.94145420207743,17.94145420207743,17.94145420207743,17.94145420207743,17.94145420207743,17.94145420207743,17.94145420207743,17.94145420207743,17.94145420207743,17.94145420207743,16.915422885572138,16.915422885572138,16.915422885572138,16.915422885572138,16.915422885572138,16.915422885572138,16.915422885572138,16.915422885572138,16.915422885572138,16.915422885572138,16.915422885572138,10.880316518298715,10.880316518298715,10.880316518298715,10.880316518298715,10.880316518298715,10.880316518298715,10.880316518298715,10.880316518298715,10.880316518298715,10.880316518298715,10.880316518298715,10.880316518298715,10.880316518298715,10.880316518298715,10.880316518298715,14.985014985014985,14.985014985014985,14.985014985014985,14.985014985014985,14.985014985014985,14.985014985014985,14.985014985014985,14.985014985014985,14.985014985014985,14.985014985014985,14.985014985014985,14.985014985014985,14.985014985014985,14.985014985014985,14.985014985014985,14.985014985014985],"raf":[2216,39,53,51,56,43,44,44,44,45,46,45,49,47,49,49,56,49,49,55,48,50,56,48,49,49,52,53,53,246,47,47,49,54,51,50,57,161,47,50,51,50,53,51,57,55,50,54,49,52,53,56,52,52,53,52,53,52,56,52,53,53,57,51,58,78,53,52,52,52,57,53,56,54,54,58,60,52,55,76,55,54,55,56,58,56,56,55,53,55,110,53,52,54,53,54,54,53,57,54,58,395,49,83,101,51,51,57,58,51,52,99,103,51,54,55,53,56,104,106,55,54,54,55,58,104,55,56,56,58,166,65,54,55,54]}