{"time":[3.133,3.156,3.1870000000000003,3.2300000000000004,3.3720000000000003,3.3890000000000002,3.426,3.4690000000000003,3.511,3.653,3.672,3.7030000000000003,3.745,3.7920000000000003,3.934,3.956,3.987,4.035,4.079,4.124,4.2669999999999995,4.289999999999999,4.323999999999999,4.366999999999999,4.4159999999999995,4.457999999999999,4.600999999999999,4.622999999999999,4.648,4.686,4.727,4.868,4.889,4.92,4.962,5.011,5.156,5.173,5.204,5.247999999999999,5.2909999999999995,5.430999999999999,5.4559999999999995,5.481999999999999,5.5249999999999995,5.661999999999999,5.688999999999999,5.711999999999999,5.761999999999999,5.903999999999999,5.921999999999999,5.953999999999999,5.996999999999999,6.042999999999999,6.0889999999999995,6.231,6.256,6.283,6.328,6.373,6.514,6.539000000000001,6.561000000000001,6.606000000000001,6.659000000000001,6.689000000000001,6.720000000000001,6.763000000000001,6.804000000000001,6.848000000000001,6.889000000000001,6.939000000000001,6.974000000000001,7.024000000000001,7.072000000000001,7.107000000000001,7.153000000000001,7.1960000000000015,7.238000000000001,7.280000000000001,7.323000000000001,7.372000000000002,7.408000000000001,7.449000000000002,7.493000000000001,7.5310000000000015,7.584000000000001,7.626000000000001,7.670000000000001,7.714,7.756,7.797000000000001,7.846000000000001,7.888000000000001,7.930000000000001,7.968000000000001,8.013000000000002,8.055000000000001,8.096000000000002,8.139000000000001,8.182,8.228,11.379,11.405,11.427999999999999,11.465,11.513,11.554,11.596,11.644,11.694,11.739,11.768,11.807,11.842,11.879000000000001,11.916000000000002,11.952000000000002,11.992,12.033000000000001,12.066,12.114,12.149000000000001,12.191,12.236,12.269,12.314,12.359,12.401,12.443,12.479,12.523,12.567,12.601,12.646,12.781,12.805,12.831999999999999,12.877999999999998,12.921999999999999,12.970999999999998],"fps":[18.88667992047714,18.88667992047714,18.88667992047714,18.88667992047714,18.88667992047714,18.88667992047714,18.88667992047714,18.88667992047714,18.88667992047714,18.88667992047714,16.96606786427146,16.96606786427146,16.96606786427146,16.96606786427146,16.96606786427146,16.96606786427146,16.96606786427146,16.96606786427146,16.96606786427146,16.96606786427146,16.96606786427146,16.96606786427146,16.96606786427146,16.96606786427146,16.96606786427146,16.96606786427146,16.96606786427146,16.96606786427146,16.96606786427146,18.73767258382643,18.73767258382643,18.73767258382643,18.73767258382643,18.73767258382643,18.73767258382643,18.73767258382643,18.73767258382643,18.73767258382643,18.73767258382643,18.73767258382643,18.73767258382643,18.73767258382643,18.73767258382643,18.73767258382643,18.73767258382643,18.73767258382643,16.96606786427146,16.96606786427146,16.96606786427146,16.96606786427146,16.96606786427146,16.96606786427146,16.96606786427146,16.96606786427146,16.96606786427146,16.96606786427146,16.96606786427146,16.96606786427146,16.96606786427146,16.96606786427146,16.96606786427146,16.96606786427146,16.96606786427146,16.96606786427146,16.96606786427146,16.96606786427146,19.37984496124031,19.37984496124031,19.37984496124031,19.37984496124031,19.37984496124031,19.37984496124031,19.37984496124031,19.37984496124031,19.37984496124031,19.37984496124031,19.37984496124031,19.37984496124031,19.37984496124031,19.37984496124031,19.37984496124031,19.37984496124031,19.37984496124031,19.37984496124031,19.37984496124031,19.37984496124031,19.37984496124031,19.37984496124031,19.37984496124031,19.37984496124031,23.18840579710145,23.18840579710145,23.18840579710145,23.18840579710145,23.18840579710145,23.18840579710145,23.18840579710145,23.18840579710145,23.18840579710145,23.18840579710145,23.18840579710145,23.18840579710145,3.312172232956114,3.312172232956114,3.312172232956114,3.312172232956114,3.312172232956114,3.312172232956114,3.312172232956114,3.312172232956114,3.312172232956114,3.312172232956114,3.312172232956114,3.312172232956114,3.312172232956114,3.312172232956114,3.312172232956114,3.312172232956114,3.312172232956114,3.312172232956114,3.312172232956114,3.312172232956114,3.312172232956114,3.312172232956114,3.312172232956114,3.312172232956114,3.312172232956114,3.312172232956114,25.44031311154599,25.44031311154599,25.44031311154599,25.44031311154599,25.44031311154599,25.44031311154599,25.44031311154599,25.44031311154599,25.44031311154599,25.44031311154599,25.44031311154599,25.44031311154599,25.44031311154599],"raf":[142,22,31,42,143,16,37,44,41,142,20,30,42,47,142,23,30,48,44,46,142,23,34,43,49,43,142,22,25,39,40,141,22,30,42,49,145,17,31,45,42,140,25,27,42,137,27,23,50,143,18,31,43,47,45,142,25,28,45,45,141,25,21,46,52,30,32,42,41,45,41,49,35,50,48,36,45,43,43,41,43,49,36,41,45,38,53,41,44,44,42,42,48,42,42,39,44,42,42,43,42,46,3151,26,23,37,48,42,41,49,49,45,30,38,35,37,37,37,40,40,33,48,36,42,44,34,44,45,42,43,36,43,44,34,46,134,24,27,46,44,50]}