{"time":[3.030999999999998,3.067999999999998,3.107999999999998,3.148999999999998,3.1899999999999977,3.228999999999998,3.265999999999998,3.305999999999998,3.3479999999999976,3.3889999999999976,3.4379999999999975,3.4869999999999974,3.5319999999999974,3.5769999999999973,3.630999999999997,3.6739999999999973,3.7179999999999973,3.763999999999997,3.807999999999997,3.8629999999999973,3.908999999999997,3.953999999999997,3.999999999999997,4.044999999999997,4.097999999999997,4.140999999999997,4.1839999999999975,4.228999999999997,4.280999999999997,4.323999999999997,4.366999999999997,4.410999999999997,4.463999999999997,4.5239999999999965,4.569999999999997,4.6119999999999965,4.663999999999996,4.723999999999996,4.768999999999996,4.812999999999995,4.864999999999995,4.923999999999995,4.966999999999995,5.014999999999995,5.087999999999996,5.156999999999996,5.222999999999995,5.297999999999996,5.363999999999995,5.505999999999996,5.607999999999996,5.714999999999996,5.928999999999997,6.1649999999999965,6.396999999999997,6.633999999999997,6.870999999999997,7.104999999999997,7.346999999999997,7.5719999999999965,7.606999999999997,7.647999999999997,7.703999999999997,7.753999999999997,7.795999999999997,7.838999999999997,7.883999999999997,7.9469999999999965,7.990999999999996,8.024999999999997,8.061999999999998,8.097999999999997,8.135999999999997,8.171999999999997,8.208999999999998,8.313999999999998,8.356999999999998,8.392999999999997,8.429999999999998,8.469999999999997,8.509999999999996,8.547999999999996,8.585999999999997,8.624999999999996,8.674999999999997,8.723999999999997,8.766999999999996,8.806999999999995,8.848999999999995,8.888999999999994,8.930999999999994,8.985999999999994,9.043999999999993,9.084999999999994,9.124999999999993,9.174999999999994,9.227999999999994,12.939999999999994],"fps":[26.08695652173913,26.08695652173913,26.08695652173913,26.08695652173913,26.08695652173913,26.08695652173913,26.08695652173913,26.08695652173913,26.08695652173913,26.08695652173913,24.875621890547265,24.875621890547265,24.875621890547265,24.875621890547265,24.875621890547265,24.875621890547265,24.875621890547265,24.875621890547265,24.875621890547265,24.875621890547265,24.875621890547265,24.875621890547265,24.875621890547265,24.875621890547265,24.875621890547265,24.875621890547265,24.875621890547265,24.875621890547265,24.875621890547265,24.875621890547265,24.875621890547265,24.875621890547265,21.463414634146343,21.463414634146343,21.463414634146343,21.463414634146343,21.463414634146343,21.463414634146343,21.463414634146343,21.463414634146343,21.463414634146343,21.463414634146343,21.463414634146343,21.463414634146343,21.463414634146343,21.463414634146343,21.463414634146343,21.463414634146343,21.463414634146343,16.314779270633398,16.314779270633398,16.314779270633398,16.314779270633398,16.314779270633398,16.314779270633398,5.319148936170213,5.319148936170213,5.319148936170213,5.319148936170213,5.319148936170213,5.319148936170213,5.905511811023622,5.905511811023622,5.905511811023622,5.905511811023622,5.905511811023622,5.905511811023622,5.905511811023622,5.905511811023622,5.905511811023622,5.905511811023622,5.905511811023622,5.905511811023622,5.905511811023622,5.905511811023622,5.905511811023622,5.905511811023622,5.905511811023622,5.905511811023622,5.905511811023622,5.905511811023622,5.905511811023622,5.905511811023622,5.905511811023622,22.4390243902439,22.4390243902439,22.4390243902439,22.4390243902439,22.4390243902439,22.4390243902439,22.4390243902439,22.4390243902439,22.4390243902439,22.4390243902439,22.4390243902439,22.4390243902439,22.4390243902439,3.048065650644783],"raf":[40,37,41,40,42,38,38,40,41,42,49,48,46,45,53,43,44,47,43,55,47,44,46,45,53,44,43,44,52,44,42,44,53,60,46,42,52,61,45,43,52,59,44,47,73,70,66,74,66,142,102,108,214,236,232,236,237,235,241,225,35,43,54,50,42,43,44,63,44,34,37,36,38,36,38,104,43,36,39,38,40,38,38,40,49,49,44,39,43,39,43,54,58,41,40,50,53,3712]}