{"time":[5.523,6.505999999999999,6.521999999999999,6.5489999999999995,6.582,6.599,6.6930000000000005,6.728000000000001,6.774000000000001,6.823000000000001,6.870000000000001,6.917000000000001,6.964,7.015000000000001,7.050000000000001,7.097,7.141,7.188,7.231999999999999,7.278999999999999,7.325999999999999,7.368999999999999,7.414999999999999,7.462999999999999,7.505999999999999,7.552999999999999,7.598999999999999,7.643999999999999,7.688999999999999,7.736999999999999,7.781999999999999,7.826999999999999,7.870999999999999,7.916999999999999,7.962999999999999,8.008,8.052999999999999,8.098999999999998,8.146999999999998,8.190999999999999,8.235999999999999,8.283,8.328999999999999,8.376999999999999,8.424,8.469,8.516,8.563,8.605,8.65,8.698,8.747,8.797,8.839,8.884,8.928,8.974,9.019,9.063,9.107000000000001,9.152000000000001,9.198,9.243,9.286,9.328999999999999,9.376999999999999,9.419999999999998,9.463999999999999,9.514,9.551,9.596,9.64,9.684000000000001,9.73,9.778,9.826,9.870000000000001,9.914000000000001,9.959000000000001,10.000000000000002,10.042000000000002,10.087000000000002,10.13,10.181000000000001,10.222000000000001,10.266000000000002,10.309000000000001,10.353000000000002,10.403000000000002,10.449000000000002,10.498000000000001,10.546000000000001,10.596000000000002,10.643000000000002,10.695000000000002,10.744000000000002,10.793000000000001,10.843000000000002,10.895000000000001,10.944,10.997000000000002,11.050000000000002,11.100000000000003,11.152000000000003,11.204000000000002,11.252000000000002,11.304000000000002,11.356000000000002,11.407000000000002,11.459000000000001,11.513000000000002,11.566000000000003,11.630000000000003,11.696000000000003,11.738000000000003,11.802000000000003,11.847000000000003,11.899000000000003,11.963000000000003,12.014000000000003,12.059000000000003,12.114000000000003,12.178000000000003,12.221000000000002,12.277000000000001,12.325000000000001,12.375000000000002,12.424000000000001,12.486,12.530000000000001,12.577000000000002,12.639000000000001,12.696000000000002,12.736,12.791,12.844000000000001,12.897000000000002,12.966000000000003],"fps":[0.35874439461883406,0.35874439461883406,0.35874439461883406,2.926829268292683,2.926829268292683,2.926829268292683,2.926829268292683,2.926829268292683,2.926829268292683,2.926829268292683,2.926829268292683,2.926829268292683,2.926829268292683,2.926829268292683,2.926829268292683,2.926829268292683,2.926829268292683,2.926829268292683,2.926829268292683,2.926829268292683,2.926829268292683,2.926829268292683,2.926829268292683,2.926829268292683,2.926829268292683,21.91235059760956,21.91235059760956,21.91235059760956,21.91235059760956,21.91235059760956,21.91235059760956,21.91235059760956,21.91235059760956,21.91235059760956,21.91235059760956,21.91235059760956,21.91235059760956,21.91235059760956,21.91235059760956,21.91235059760956,21.91235059760956,21.91235059760956,21.91235059760956,21.91235059760956,21.91235059760956,21.91235059760956,21.91235059760956,21.782178217821784,21.782178217821784,21.782178217821784,21.782178217821784,21.782178217821784,21.782178217821784,21.782178217821784,21.782178217821784,21.782178217821784,21.782178217821784,21.782178217821784,21.782178217821784,21.782178217821784,21.782178217821784,21.782178217821784,21.782178217821784,21.782178217821784,21.782178217821784,21.782178217821784,21.782178217821784,21.782178217821784,21.782178217821784,21.782178217821784,22.265246853823815,22.265246853823815,22.265246853823815,22.265246853823815,22.265246853823815,22.265246853823815,22.265246853823815,22.265246853823815,22.265246853823815,22.265246853823815,22.265246853823815,22.265246853823815,22.265246853823815,22.265246853823815,22.265246853823815,22.265246853823815,22.265246853823815,22.265246853823815,22.265246853823815,22.265246853823815,22.265246853823815,22.265246853823815,22.265246853823815,21.967526265520537,21.967526265520537,21.967526265520537,21.967526265520537,21.967526265520537,21.967526265520537,21.967526265520537,21.967526265520537,21.967526265520537,21.967526265520537,21.967526265520537,21.967526265520537,21.967526265520537,21.967526265520537,21.967526265520537,21.967526265520537,21.967526265520537,21.967526265520537,21.967526265520537,21.967526265520537,18.975332068311197,18.975332068311197,18.975332068311197,18.975332068311197,18.975332068311197,18.975332068311197,18.975332068311197,18.975332068311197,18.975332068311197,18.975332068311197,18.975332068311197,18.975332068311197,18.975332068311197,18.975332068311197,18.975332068311197,18.975332068311197,18.975332068311197,18.975332068311197,18.975332068311197,18.975332068311197,19.23076923076923,19.23076923076923,19.23076923076923,19.23076923076923,19.23076923076923],"raf":[5524,982,16,27,34,16,94,35,46,49,47,48,46,51,36,46,45,46,45,46,47,44,46,47,44,46,46,45,45,48,46,45,43,46,46,45,45,47,47,44,45,47,46,48,47,45,48,46,43,45,48,49,49,42,46,43,46,46,43,45,44,47,44,43,44,47,43,44,50,37,45,44,44,46,49,47,44,44,45,42,42,45,43,50,42,43,43,45,50,45,50,47,50,47,52,50,49,49,52,49,53,53,50,52,52,48,52,52,51,52,54,53,70,59,41,66,43,53,64,50,46,55,64,42,56,48,50,50,61,44,47,63,57,40,54,53,54,69]}