{"time":[3.0660000000000003,3.1270000000000002,3.1860000000000004,3.244,3.3030000000000004,3.361,3.4210000000000003,3.479,3.54,3.599,3.6580000000000004,3.7190000000000003,4.123,4.247,4.301,4.3580000000000005,4.414000000000001,4.473000000000001,4.532000000000001,4.630000000000001,4.746,4.804,4.863,4.925000000000001,4.984000000000001,5.0920000000000005,5.202000000000001,5.261000000000001,5.326000000000001,5.387000000000001,5.4460000000000015,5.558000000000002,5.630000000000002,5.689000000000002,5.750000000000002,5.9540000000000015,6.030000000000001,6.091000000000001,6.149000000000001,6.210000000000001,6.271000000000001,6.3340000000000005,6.397,6.458,6.5200000000000005,6.581,6.642,6.705,6.767,6.829000000000001,6.891000000000001,6.956000000000001,7.022000000000001,7.086000000000001,7.150000000000001,7.213000000000001,7.278000000000001,7.341000000000001,7.4060000000000015,7.4700000000000015,7.534000000000002,7.598000000000002,7.662000000000002,7.725000000000001,7.7890000000000015,7.856000000000002,7.921000000000002,7.987000000000002,8.054000000000002,8.123000000000003,8.189000000000004,8.255000000000004,8.321000000000005,8.391000000000005,8.457000000000006,8.521000000000006,8.587000000000007,8.718000000000007,8.783000000000007,8.848000000000006,8.914000000000007,8.979000000000006,9.046000000000006,9.113000000000007,9.197000000000006,9.275000000000006,9.353000000000005,9.430000000000005,9.516000000000005,9.596000000000005,9.668000000000005,9.748000000000005,9.830000000000005,9.917000000000005,9.996000000000006,10.072000000000006,10.147000000000006,10.235000000000005,10.313000000000004,10.383000000000004,10.472000000000005,10.545000000000005,10.619000000000005,10.697000000000005,10.812000000000005,10.913000000000006,11.048000000000005,11.214000000000006,11.413000000000006,11.691000000000006,11.779000000000005,11.850000000000005,11.923000000000005,11.993000000000006,12.063000000000006,12.135000000000005,12.207000000000004,12.280000000000005,12.363000000000005,12.439000000000005,12.516000000000005,12.821000000000005,12.967000000000006],"fps":[16.205910390848427,16.205910390848427,16.205910390848427,16.205910390848427,16.205910390848427,16.205910390848427,16.205910390848427,16.205910390848427,16.205910390848427,16.205910390848427,16.205910390848427,16.53696498054475,16.53696498054475,16.53696498054475,16.53696498054475,16.53696498054475,16.53696498054475,16.53696498054475,16.53696498054475,16.53696498054475,8.754863813229573,8.754863813229573,8.754863813229573,8.754863813229573,8.754863813229573,8.754863813229573,8.754863813229573,8.754863813229573,8.754863813229573,8.754863813229573,8.754863813229573,8.754863813229573,8.754863813229573,8.754863813229573,13.958125623130607,13.958125623130607,13.958125623130607,13.958125623130607,13.958125623130607,13.958125623130607,13.958125623130607,13.958125623130607,13.958125623130607,13.958125623130607,13.958125623130607,13.958125623130607,13.958125623130607,13.958125623130607,13.765978367748279,13.765978367748279,13.765978367748279,13.765978367748279,13.765978367748279,13.765978367748279,13.765978367748279,13.765978367748279,13.765978367748279,13.765978367748279,13.765978367748279,13.765978367748279,13.765978367748279,13.765978367748279,13.765978367748279,13.765978367748279,15.640273704789834,15.640273704789834,15.640273704789834,15.640273704789834,15.640273704789834,15.640273704789834,15.640273704789834,15.640273704789834,15.640273704789834,15.640273704789834,15.640273704789834,15.640273704789834,15.640273704789834,15.640273704789834,15.640273704789834,14.177693761814744,14.177693761814744,14.177693761814744,14.177693761814744,14.177693761814744,14.177693761814744,14.177693761814744,14.177693761814744,14.177693761814744,14.177693761814744,14.177693761814744,14.177693761814744,14.177693761814744,14.177693761814744,13.096351730589335,13.096351730589335,13.096351730589335,13.096351730589335,13.096351730589335,13.096351730589335,13.096351730589335,13.096351730589335,13.096351730589335,13.096351730589335,13.096351730589335,13.096351730589335,13.096351730589335,11.494252873563218,11.494252873563218,11.494252873563218,11.494252873563218,11.494252873563218,11.494252873563218,11.494252873563218,11.494252873563218,7.8817733990147785,7.8817733990147785,7.8817733990147785,7.8817733990147785,7.8817733990147785,7.8817733990147785,7.8817733990147785,7.8817733990147785,7.8817733990147785],"raf":[69,62,58,58,59,59,59,58,61,59,59,61,404,124,55,56,56,59,59,99,116,58,58,62,60,108,109,60,65,60,61,110,72,60,60,204,76,61,58,61,61,64,62,61,62,61,61,63,62,62,62,65,66,64,64,64,64,63,65,64,64,64,64,63,65,66,65,67,66,69,66,66,66,70,66,64,66,131,65,65,66,65,67,68,83,78,78,77,86,80,73,79,82,87,79,76,75,88,78,70,89,74,73,79,114,101,135,166,199,278,88,72,73,70,69,72,72,73,83,76,77,305,146]}