{"time":[6.98,7.0040000000000004,7.034000000000001,7.083000000000001,7.131000000000001,7.177000000000001,7.221000000000001,7.263000000000001,7.309000000000001,7.355000000000001,7.385000000000002,7.427000000000001,7.466000000000001,7.502000000000001,7.545000000000001,7.585000000000001,7.622000000000001,7.663000000000001,7.699000000000001,7.745000000000001,7.789000000000001,7.838000000000001,7.876000000000001,7.919000000000001,7.960000000000002,8.001000000000001,8.045000000000002,8.092000000000002,8.129000000000003,8.174000000000003,8.415000000000003,8.455000000000002,8.471000000000002,8.509000000000002,8.553000000000003,8.592000000000002,8.631000000000002,8.678000000000003,8.723000000000003,8.793000000000003,8.821000000000003,8.855000000000004,8.899000000000004,8.940000000000005,8.984000000000005,9.029000000000005,9.078000000000005,9.122000000000005,9.215000000000005,9.237000000000005,9.274000000000006,9.315000000000007,9.363000000000007,9.406000000000006,9.446000000000005,9.493000000000006,9.537000000000006,9.632000000000007,9.654000000000007,9.685000000000008,9.730000000000008,9.776000000000007,9.822000000000006,9.867000000000006,9.909000000000006,9.955000000000005,10.008000000000006,10.054000000000006,10.078000000000005,10.128000000000005,10.174000000000005,10.218000000000005,10.264000000000005,10.309000000000005,10.392000000000005,10.421000000000005,10.449000000000005,10.495000000000005,10.542000000000005,10.583000000000006,10.633000000000006,10.678000000000006,10.720000000000006,10.771000000000006,10.805000000000007,10.849000000000007,10.892000000000007,10.936000000000007,10.979000000000006,11.026000000000007,11.070000000000007,11.121000000000008,11.156000000000008,11.199000000000007,11.242000000000006,11.288000000000006,11.332000000000006,11.376000000000007,11.424000000000007,11.467000000000006,11.511000000000006,11.559000000000006,11.601000000000006,11.646000000000006,11.695000000000006,11.738000000000005,11.782000000000005,11.826000000000006,11.870000000000006,11.915000000000006,11.956000000000007,12.002000000000006,12.046000000000006,12.090000000000007,12.132000000000007,12.178000000000006,12.221000000000005,12.263000000000005,12.311000000000005,12.353000000000005,12.395000000000005,12.439000000000005,12.483000000000006,12.525000000000006,12.571000000000005,12.615000000000006,12.659000000000006,12.704000000000006,12.754000000000007,12.791000000000007,12.833000000000007,12.877000000000008,12.929000000000007,12.966000000000008],"fps":[1.1822660098522169,1.1822660098522169,1.1822660098522169,1.1822660098522169,1.1822660098522169,1.1822660098522169,1.1822660098522169,1.1822660098522169,1.1822660098522169,1.1822660098522169,1.1822660098522169,1.1822660098522169,1.1822660098522169,1.1822660098522169,1.1822660098522169,1.1822660098522169,1.1822660098522169,1.1822660098522169,1.1822660098522169,1.1822660098522169,1.1822660098522169,1.1822660098522169,1.1822660098522169,1.1822660098522169,1.1822660098522169,24.461839530332682,24.461839530332682,24.461839530332682,24.461839530332682,24.461839530332682,24.461839530332682,24.461839530332682,24.461839530332682,24.461839530332682,24.461839530332682,24.461839530332682,24.461839530332682,24.461839530332682,24.461839530332682,24.461839530332682,24.461839530332682,24.461839530332682,24.461839530332682,24.461839530332682,24.461839530332682,19.455252918287936,19.455252918287936,19.455252918287936,19.455252918287936,19.455252918287936,19.455252918287936,19.455252918287936,19.455252918287936,19.455252918287936,19.455252918287936,19.455252918287936,19.455252918287936,19.455252918287936,19.455252918287936,19.455252918287936,19.455252918287936,19.455252918287936,19.455252918287936,19.455252918287936,19.455252918287936,19.455252918287936,19.455252918287936,21.463414634146343,21.463414634146343,21.463414634146343,21.463414634146343,21.463414634146343,21.463414634146343,21.463414634146343,21.463414634146343,21.463414634146343,21.463414634146343,21.463414634146343,21.463414634146343,21.463414634146343,21.463414634146343,21.463414634146343,21.463414634146343,21.463414634146343,21.463414634146343,21.463414634146343,21.463414634146343,21.463414634146343,21.463414634146343,21.463414634146343,22.637795275590552,22.637795275590552,22.637795275590552,22.637795275590552,22.637795275590552,22.637795275590552,22.637795275590552,22.637795275590552,22.637795275590552,22.637795275590552,22.637795275590552,22.637795275590552,22.637795275590552,22.637795275590552,22.637795275590552,22.637795275590552,22.637795275590552,22.637795275590552,22.637795275590552,22.637795275590552,22.637795275590552,22.637795275590552,22.637795275590552,22.54901960784314,22.54901960784314,22.54901960784314,22.54901960784314,22.54901960784314,22.54901960784314,22.54901960784314,22.54901960784314,22.54901960784314,22.54901960784314,22.54901960784314,22.54901960784314,22.54901960784314,22.54901960784314,22.54901960784314,22.54901960784314,22.54901960784314,22.54901960784314,22.54901960784314,22.54901960784314,22.54901960784314],"raf":[4854,24,31,48,49,45,44,43,45,46,30,42,39,37,42,40,37,41,37,46,44,48,38,43,41,42,44,46,38,44,241,40,16,38,44,40,38,48,44,71,27,34,45,41,44,45,48,45,93,22,37,41,48,43,39,48,44,94,22,31,45,47,46,45,41,46,53,47,24,49,47,43,46,45,83,29,28,46,47,41,51,45,42,50,35,43,43,44,43,47,45,50,35,43,43,47,44,43,49,42,45,48,41,46,48,44,43,45,44,44,41,48,42,45,41,47,43,41,49,41,43,43,44,43,45,45,44,44,50,37,43,43,53,36]}