{"time":[5.461,6.938000000000001,6.970000000000001,6.996,7.032,7.14,7.193,7.263,7.34,7.41,7.481,7.556,7.617,7.672,7.729,7.788,7.845000000000001,7.902000000000001,7.965000000000001,8.213000000000001,8.245000000000001,8.285,8.355,8.423,8.495,8.555,8.623,8.687999999999999,8.762999999999998,8.828999999999999,8.886,8.950999999999999,9.014,9.078999999999999,9.140999999999998,9.202999999999998,9.266999999999998,9.332999999999998,9.402,9.465,9.527,9.591999999999999,9.655999999999999,9.719999999999999,9.781999999999998,9.844999999999999,9.906999999999998,9.965999999999998,10.028999999999998,10.092999999999998,10.155999999999999,10.219,10.283,10.346,10.417,10.48,10.544,10.610000000000001,10.674000000000001,10.739,10.803,10.864,10.924000000000001,10.987000000000002,11.052000000000001,11.115000000000002,11.177000000000001,11.244000000000002,11.307000000000002,11.375000000000002,11.439000000000002,11.503000000000002,11.567000000000002,11.630000000000003,11.695000000000002,11.762000000000002,11.821000000000002,11.882000000000001,11.946000000000002,12.009000000000002,12.072000000000003,12.138000000000003,12.205000000000004,12.269000000000004,12.334000000000003,12.404000000000003,12.464000000000004,12.528000000000004,12.612000000000004,12.658000000000003,12.724000000000004,12.790000000000004,12.854000000000005,12.921000000000005,12.985000000000005],"fps":[0.36258158085569253,0.6765899864682002,0.6765899864682002,0.6765899864682002,0.6765899864682002,0.6765899864682002,0.6765899864682002,0.6765899864682002,0.6765899864682002,0.6765899864682002,0.6765899864682002,0.6765899864682002,0.6765899864682002,0.6765899864682002,0.6765899864682002,0.6765899864682002,0.6765899864682002,0.6765899864682002,16.553067185978577,16.553067185978577,16.553067185978577,16.553067185978577,16.553067185978577,16.553067185978577,16.553067185978577,16.553067185978577,16.553067185978577,16.553067185978577,16.553067185978577,16.553067185978577,16.553067185978577,16.553067185978577,13.34604385128694,13.34604385128694,13.34604385128694,13.34604385128694,13.34604385128694,13.34604385128694,13.34604385128694,13.34604385128694,13.34604385128694,13.34604385128694,13.34604385128694,13.34604385128694,13.34604385128694,13.34604385128694,13.34604385128694,13.34604385128694,15.779092702169626,15.779092702169626,15.779092702169626,15.779092702169626,15.779092702169626,15.779092702169626,15.779092702169626,15.779092702169626,15.779092702169626,15.779092702169626,15.779092702169626,15.779092702169626,15.779092702169626,15.779092702169626,15.779092702169626,15.779092702169626,15.625,15.625,15.625,15.625,15.625,15.625,15.625,15.625,15.625,15.625,15.625,15.625,15.625,15.625,15.625,15.625,15.701668302257115,15.701668302257115,15.701668302257115,15.701668302257115,15.701668302257115,15.701668302257115,15.701668302257115,15.701668302257115,15.701668302257115,15.701668302257115,15.701668302257115,15.701668302257115,15.701668302257115,15.701668302257115,15.701668302257115],"raf":[5460,1478,32,25,36,108,54,71,75,70,71,75,61,55,59,57,58,56,64,247,32,41,70,68,72,59,69,65,74,66,57,66,63,65,62,62,64,65,69,63,63,65,63,64,63,62,62,59,63,65,63,62,64,64,71,63,64,65,64,65,64,61,60,63,66,63,61,67,63,68,64,66,63,62,65,67,60,60,64,64,62,67,66,64,66,70,59,64,84,48,64,66,64,67,65]}