{
    "time": [
        3.2920000000000003,
        3.8510000000000004,
        4.336,
        4.753,
        5.2010000000000005,
        5.7010000000000005,
        6.184,
        6.644,
        7.0840000000000005,
        7.5200000000000005,
        7.994000000000001,
        8.431000000000001,
        8.885000000000002,
        9.378000000000002,
        9.876000000000001,
        10.474000000000002,
        11.117000000000003,
        11.788000000000002,
        12.431000000000003
    ],
    "fps": [
        1.8231540565177757,
        1.8231540565177757,
        1.9138755980861244,
        1.9138755980861244,
        1.9138755980861244,
        2.19941348973607,
        2.19941348973607,
        2.19941348973607,
        2.1691973969631237,
        2.1691973969631237,
        2.1691973969631237,
        2.2271714922048997,
        2.2271714922048997,
        2.2271714922048997,
        2.0761245674740483,
        2.0761245674740483,
        1.6116035455278002,
        1.6116035455278002,
        1.5220700152207
    ],
    "raf": [
        551,
        559,
        486,
        416,
        448,
        500,
        483,
        460,
        440,
        436,
        474,
        437,
        454,
        493,
        498,
        598,
        643,
        671,
        643
    ]
}
