{
    "time": [
        3.2679999999999993,
        3.8329999999999993,
        4.356999999999999,
        4.839999999999999,
        5.283999999999999,
        5.850999999999999,
        6.326999999999999,
        6.852999999999999,
        7.309999999999999,
        7.831999999999999,
        8.37,
        8.864999999999998,
        9.426999999999998,
        9.915999999999999,
        10.434,
        10.876999999999999,
        11.396999999999998,
        11.893999999999998,
        12.411999999999999,
        12.863999999999999
    ],
    "fps": [
        5.025125628140704,
        1.9646365422396856,
        1.9646365422396856,
        1.9860973187686197,
        1.9860973187686197,
        1.9782393669634026,
        1.9782393669634026,
        1.996007984031936,
        1.996007984031936,
        1.996007984031936,
        1.977587343441002,
        1.977587343441002,
        1.8921475875118259,
        1.8921475875118259,
        1.9860973187686197,
        1.9860973187686197,
        1.9860973187686197,
        2.0547945205479454,
        2.0547945205479454,
        2.0547945205479454
    ],
    "raf": [
        453,
        565,
        524,
        483,
        444,
        567,
        476,
        526,
        458,
        521,
        538,
        495,
        562,
        489,
        518,
        443,
        520,
        497,
        518,
        452
    ]
}
