{
    "time": [
        3.0860000000000003,
        3.6090000000000004,
        4.224,
        4.79,
        5.2780000000000005,
        5.798,
        6.292,
        6.804,
        7.272,
        7.753,
        8.26,
        8.722999999999999,
        9.206999999999999,
        9.688999999999998,
        10.156999999999998,
        10.634999999999998,
        11.121999999999998,
        11.640999999999998,
        12.274999999999999,
        12.756999999999998
    ],
    "fps": [
        0.6435006435006435,
        1.9011406844106464,
        1.9011406844106464,
        1.6934801016088061,
        1.6934801016088061,
        1.9841269841269842,
        1.9841269841269842,
        1.9880715705765408,
        1.9880715705765408,
        1.9880715705765408,
        2.0604395604395602,
        2.0604395604395602,
        2.0604395604395602,
        2.097902097902098,
        2.097902097902098,
        2.097902097902098,
        2.094972067039106,
        2.094972067039106,
        1.7346053772766696,
        1.7346053772766696
    ],
    "raf": [
        529,
        523,
        615,
        566,
        488,
        520,
        494,
        512,
        468,
        481,
        507,
        463,
        484,
        483,
        467,
        478,
        487,
        519,
        634,
        482
    ]
}
