{
    "time": [
        3.298,
        3.742,
        4.135,
        4.545999999999999,
        4.9959999999999996,
        5.388,
        5.762,
        6.161,
        6.603999999999999,
        7.0009999999999994,
        7.414999999999999,
        7.792999999999999,
        8.165999999999999,
        8.564999999999998,
        8.905999999999997,
        9.320999999999996,
        9.726999999999997,
        10.114999999999997,
        10.602999999999996,
        11.014999999999997,
        11.490999999999996,
        11.915999999999997,
        12.331999999999997,
        12.806999999999997
    ],
    "fps": [
        2.4174053182917,
        2.4174053182917,
        2.4174053182917,
        2.405773857257418,
        2.405773857257418,
        2.405773857257418,
        2.4671052631578947,
        2.4671052631578947,
        2.4671052631578947,
        2.4213075060532687,
        2.4213075060532687,
        2.4213075060532687,
        2.575107296137339,
        2.575107296137339,
        2.575107296137339,
        2.5974025974025974,
        2.5974025974025974,
        2.5974025974025974,
        2.3400936037441498,
        2.3400936037441498,
        2.3400936037441498,
        2.2848438690022848,
        2.2848438690022848,
        2.2848438690022848
    ],
    "raf": [
        377,
        443,
        393,
        411,
        450,
        392,
        374,
        399,
        443,
        397,
        414,
        378,
        373,
        399,
        341,
        415,
        406,
        388,
        488,
        412,
        476,
        425,
        416,
        475
    ]
}
