{
    "time": [
        0,
        0.027,
        0.044,
        0.06,
        0.076,
        0.093,
        0.262,
        0.28,
        0.30200000000000005,
        0.31900000000000006,
        0.32700000000000007,
        0.3530000000000001,
        0.3620000000000001,
        0.3880000000000001,
        0.39600000000000013,
        0.4390000000000001,
        0.4780000000000001,
        0.6300000000000001,
        0.6930000000000001,
        1.093,
        1.504,
        1.7690000000000001,
        2.0340000000000003,
        2.2950000000000004,
        2.5600000000000005,
        2.8090000000000006,
        3.0730000000000004,
        3.3390000000000004,
        3.5950000000000006,
        3.859000000000001,
        4.118000000000001,
        4.3820000000000014,
        4.643000000000002,
        4.959000000000001,
        5.239000000000002,
        5.5150000000000015,
        5.862000000000002,
        6.159000000000002,
        6.419000000000001,
        6.692000000000001,
        6.953000000000001,
        7.209000000000001,
        7.484000000000002,
        7.762000000000002,
        8.018000000000002,
        8.277000000000003,
        8.535000000000004,
        8.793000000000003,
        9.071000000000003,
        9.334000000000003,
        9.595000000000002,
        9.871000000000002
    ],
    "fps": [
        0,
        0,
        0,
        0,
        0,
        0,
        0,
        0,
        0,
        0,
        0,
        0,
        0,
        0,
        0,
        0,
        0,
        0,
        0,
        18.331805682859763,
        18.331805682859763,
        18.331805682859763,
        18.331805682859763,
        3.327787021630616,
        3.327787021630616,
        3.327787021630616,
        3.327787021630616,
        3.8314176245210727,
        3.8314176245210727,
        3.8314176245210727,
        3.8314176245210727,
        3.8350910834132312,
        3.8350910834132312,
        3.8350910834132312,
        3.8350910834132312,
        3.5304501323918798,
        3.5304501323918798,
        3.5304501323918798,
        3.5304501323918798,
        3.398470688190314,
        3.398470688190314,
        3.398470688190314,
        3.398470688190314,
        3.7383177570093458,
        3.7383177570093458,
        3.7383177570093458,
        3.7383177570093458,
        3.8797284190106693,
        3.8797284190106693,
        3.8797284190106693,
        3.8797284190106693,
        3.7105751391465676
    ],
    "raf": [
        0,
        25,
        17,
        16,
        16,
        18,
        168,
        18,
        22,
        17,
        9,
        25,
        9,
        26,
        8,
        43,
        39,
        152,
        63,
        400,
        411,
        265,
        265,
        261,
        265,
        249,
        264,
        266,
        256,
        264,
        259,
        264,
        261,
        316,
        280,
        276,
        347,
        297,
        260,
        273,
        261,
        257,
        274,
        278,
        256,
        259,
        258,
        258,
        278,
        264,
        261,
        275
    ]
}
