{
    "time": [
        0,
        0.05,
        0.07100000000000001,
        0.095,
        0.124,
        0.138,
        0.184,
        0.673,
        1.117,
        1.3719999999999999,
        1.587,
        1.833,
        2.13,
        2.35,
        2.589,
        2.816,
        3.0869999999999997,
        3.284,
        3.4499999999999997,
        3.767,
        3.9779999999999998,
        4.14,
        4.367,
        4.608,
        4.778,
        4.997,
        5.239,
        5.58,
        5.808,
        6,
        6.214,
        6.446000000000001,
        6.695,
        6.881,
        7.046,
        7.252000000000001,
        7.448,
        7.689,
        7.88,
        8.062,
        8.266,
        8.506,
        8.743,
        8.923,
        9.083,
        9.283,
        9.565,
        9.748,
        9.908999999999999
    ],
    "fps": [
        0,
        0,
        0,
        0,
        0,
        0,
        0,
        0,
        8.064516129032258,
        8.064516129032258,
        8.064516129032258,
        8.064516129032258,
        3.952569169960474,
        3.952569169960474,
        3.952569169960474,
        3.952569169960474,
        3.952569169960474,
        4.332755632582322,
        4.332755632582322,
        4.332755632582322,
        4.332755632582322,
        4.332755632582322,
        4.616805170821792,
        4.616805170821792,
        4.616805170821792,
        4.616805170821792,
        4.616805170821792,
        4.122011541632316,
        4.122011541632316,
        4.122011541632316,
        4.122011541632316,
        4.122011541632316,
        4.484304932735426,
        4.484304932735426,
        4.484304932735426,
        4.484304932735426,
        4.484304932735426,
        4.484304932735426,
        5.063291139240507,
        5.063291139240507,
        5.063291139240507,
        5.063291139240507,
        5.063291139240507,
        4.793863854266539,
        4.793863854266539,
        4.793863854266539,
        4.793863854266539,
        4.793863854266539,
        4.793863854266539
    ],
    "raf": [
        0,
        48,
        21,
        24,
        29,
        14,
        46,
        489,
        445,
        254,
        215,
        246,
        297,
        220,
        239,
        227,
        271,
        197,
        166,
        317,
        211,
        162,
        227,
        241,
        170,
        219,
        242,
        341,
        228,
        192,
        214,
        232,
        249,
        186,
        165,
        207,
        195,
        241,
        191,
        182,
        204,
        240,
        237,
        180,
        160,
        201,
        281,
        183,
        161
    ]
}
