{
    "time": [
        0,
        0.944,
        1.501,
        1.895,
        2.309,
        2.7060000000000004,
        3.0870000000000006,
        3.4810000000000008,
        3.8650000000000007,
        4.2540000000000004,
        4.65,
        5.045,
        5.431,
        5.817,
        6.2170000000000005,
        6.6610000000000005,
        7.101000000000001,
        7.547000000000001,
        8.018,
        8.433,
        8.818,
        9.214,
        9.606
    ],
    "fps": [
        0,
        0,
        2,
        2,
        2,
        2.4896265560165975,
        2.4896265560165975,
        2.4896265560165975,
        2.5884383088869716,
        2.5884383088869716,
        2.5884383088869716,
        2.542372881355932,
        2.542372881355932,
        2.542372881355932,
        2.5597269624573378,
        2.5597269624573378,
        2.5597269624573378,
        2.255639097744361,
        2.255639097744361,
        2.255639097744361,
        2.3603461841070024,
        2.3603461841070024,
        2.3603461841070024
    ],
    "raf": [
        0,
        943,
        557,
        394,
        415,
        396,
        381,
        394,
        384,
        389,
        397,
        394,
        386,
        386,
        400,
        444,
        440,
        446,
        471,
        415,
        385,
        396,
        392
    ]
}
