{
    "time": [
        3.0340000000000003,
        3.1530000000000005,
        3.2420000000000004,
        3.3370000000000006,
        3.4470000000000005,
        3.5470000000000006,
        3.6520000000000006,
        3.7840000000000007,
        3.904000000000001,
        4.016000000000001,
        4.1610000000000005,
        4.268000000000001,
        4.368,
        4.469,
        4.601,
        4.687,
        4.805000000000001,
        4.907000000000001,
        5.007000000000001,
        5.102,
        5.202,
        5.309,
        5.426,
        5.551,
        5.638,
        5.754,
        5.85,
        5.9479999999999995,
        6.063999999999999,
        6.170999999999999,
        6.273999999999999,
        6.366999999999999,
        6.478999999999999,
        6.56,
        6.6739999999999995,
        6.802999999999999,
        6.9239999999999995,
        7.01,
        7.124,
        7.2219999999999995,
        7.308,
        7.387,
        7.476999999999999,
        7.555,
        7.66,
        7.737,
        7.832,
        7.929,
        8.012,
        8.113000000000001,
        8.193000000000001,
        8.284,
        8.358,
        8.435,
        8.522,
        8.594,
        8.692,
        8.816,
        8.916,
        9.012,
        9.09,
        9.161,
        9.238,
        9.322,
        9.401,
        9.504999999999999,
        9.575,
        9.665999999999999,
        9.753999999999998,
        9.843999999999998,
        9.956999999999997,
        10.081999999999997,
        10.190999999999997,
        10.278999999999996,
        10.352999999999996,
        10.424999999999995,
        10.516999999999996,
        10.612999999999996,
        10.708999999999996,
        10.801999999999996,
        10.870999999999997,
        10.970999999999997,
        11.061999999999996,
        11.170999999999996,
        11.282999999999996,
        11.355999999999996,
        11.449999999999996,
        11.533999999999995,
        11.611999999999995,
        11.682999999999995,
        11.767999999999995,
        11.853999999999996,
        11.943999999999996,
        12.015999999999995,
        12.105999999999995,
        12.184999999999995,
        12.282999999999996,
        12.355999999999996,
        12.421999999999997,
        12.495999999999997,
        12.581999999999997,
        12.685999999999996,
        12.780999999999997,
        12.889999999999997,
        12.993999999999996
    ],
    "fps": [
        9.149130832570906,
        8.604206500956023,
        8.604206500956023,
        8.604206500956023,
        8.604206500956023,
        8.604206500956023,
        8.604206500956023,
        8.604206500956023,
        8.604206500956023,
        8.604206500956023,
        8.928571428571429,
        8.928571428571429,
        8.928571428571429,
        8.928571428571429,
        8.928571428571429,
        8.928571428571429,
        8.928571428571429,
        8.928571428571429,
        8.928571428571429,
        8.928571428571429,
        9.596928982725528,
        9.596928982725528,
        9.596928982725528,
        9.596928982725528,
        9.596928982725528,
        9.596928982725528,
        9.596928982725528,
        9.596928982725528,
        9.596928982725528,
        9.596928982725528,
        9.337068160597573,
        9.337068160597573,
        9.337068160597573,
        9.337068160597573,
        9.337068160597573,
        9.337068160597573,
        9.337068160597573,
        9.337068160597573,
        9.337068160597573,
        9.337068160597573,
        9.671179883945841,
        9.671179883945841,
        9.671179883945841,
        9.671179883945841,
        9.671179883945841,
        9.671179883945841,
        9.671179883945841,
        9.671179883945841,
        9.671179883945841,
        9.671179883945841,
        9.671179883945841,
        9.671179883945841,
        11.428571428571429,
        11.428571428571429,
        11.428571428571429,
        11.428571428571429,
        11.428571428571429,
        11.428571428571429,
        11.428571428571429,
        11.428571428571429,
        11.428571428571429,
        11.428571428571429,
        11.428571428571429,
        11.428571428571429,
        11.505273250239693,
        11.505273250239693,
        11.505273250239693,
        11.505273250239693,
        11.505273250239693,
        11.505273250239693,
        11.505273250239693,
        11.505273250239693,
        11.505273250239693,
        11.505273250239693,
        11.505273250239693,
        10.731707317073171,
        10.731707317073171,
        10.731707317073171,
        10.731707317073171,
        10.731707317073171,
        10.731707317073171,
        10.731707317073171,
        10.731707317073171,
        10.731707317073171,
        10.731707317073171,
        10.731707317073171,
        10.7421875,
        10.7421875,
        10.7421875,
        10.7421875,
        10.7421875,
        10.7421875,
        10.7421875,
        10.7421875,
        10.7421875,
        10.7421875,
        10.7421875,
        10.7421875,
        10.7421875,
        12.4282982791587,
        12.4282982791587,
        12.4282982791587,
        12.4282982791587,
        12.4282982791587,
        12.4282982791587
    ],
    "raf": [
        98,
        119,
        89,
        96,
        109,
        100,
        104,
        132,
        120,
        112,
        145,
        107,
        100,
        101,
        132,
        86,
        118,
        102,
        100,
        95,
        101,
        106,
        118,
        124,
        87,
        117,
        95,
        98,
        116,
        108,
        102,
        93,
        112,
        81,
        114,
        129,
        121,
        87,
        113,
        98,
        86,
        79,
        90,
        78,
        105,
        78,
        94,
        97,
        83,
        101,
        80,
        91,
        74,
        77,
        87,
        72,
        98,
        124,
        100,
        96,
        78,
        71,
        77,
        84,
        79,
        104,
        71,
        90,
        89,
        89,
        113,
        125,
        109,
        88,
        75,
        72,
        91,
        96,
        96,
        93,
        69,
        100,
        91,
        109,
        112,
        74,
        93,
        84,
        78,
        71,
        85,
        86,
        90,
        72,
        90,
        79,
        98,
        73,
        66,
        74,
        86,
        104,
        95,
        109,
        104
    ]
}
