{
    "time": [
        0,
        0.061,
        0.08399999999999999,
        0.105,
        0.121,
        0.137,
        0.15200000000000002,
        0.17,
        0.187,
        0.203,
        0.45,
        0.525,
        0.5740000000000001,
        0.5940000000000001,
        0.6420000000000001,
        0.6790000000000002,
        0.7260000000000002,
        0.7980000000000002,
        1.0280000000000002,
        1.3280000000000003,
        1.5450000000000004,
        1.7280000000000004,
        1.9100000000000004,
        2.091,
        2.351,
        2.476,
        2.68,
        2.837,
        2.992,
        3.175,
        3.3089999999999997,
        3.4579999999999997,
        3.6359999999999997,
        3.792,
        4.023,
        4.215999999999999,
        4.369999999999999,
        4.528,
        4.661,
        4.824,
        5.133,
        5.369,
        5.516,
        5.669,
        5.912,
        6.16,
        6.3420000000000005,
        6.502000000000001,
        6.657000000000001,
        6.8180000000000005,
        6.977,
        7.175000000000001,
        7.357000000000001,
        7.5470000000000015,
        7.685000000000001,
        7.8530000000000015,
        8.038000000000002,
        8.190000000000001,
        8.378000000000002,
        8.526000000000002,
        8.704000000000002,
        8.845000000000002,
        9.062000000000003,
        9.297000000000002,
        9.484000000000002,
        9.651000000000002,
        9.832,
        9.981
    ],
    "fps": [
        0,
        0,
        0,
        0,
        0,
        0,
        0,
        0,
        0,
        0,
        0,
        0,
        0,
        0,
        0,
        0,
        0,
        0,
        18.51851851851852,
        18.51851851851852,
        18.51851851851852,
        18.51851851851852,
        18.51851851851852,
        4.703668861712136,
        4.703668861712136,
        4.703668861712136,
        4.703668861712136,
        4.703668861712136,
        4.703668861712136,
        5.535055350553505,
        5.535055350553505,
        5.535055350553505,
        5.535055350553505,
        5.535055350553505,
        5.535055350553505,
        5.763688760806916,
        5.763688760806916,
        5.763688760806916,
        5.763688760806916,
        5.763688760806916,
        5.763688760806916,
        5.203816131830009,
        5.203816131830009,
        5.203816131830009,
        5.203816131830009,
        5.203816131830009,
        5.203816131830009,
        5.29567519858782,
        5.29567519858782,
        5.29567519858782,
        5.29567519858782,
        5.29567519858782,
        5.29567519858782,
        5.741626794258373,
        5.741626794258373,
        5.741626794258373,
        5.741626794258373,
        5.741626794258373,
        5.741626794258373,
        5.741626794258373,
        6.050129645635264,
        6.050129645635264,
        6.050129645635264,
        6.050129645635264,
        6.050129645635264,
        6.050129645635264,
        5.319148936170213,
        5.319148936170213
    ],
    "raf": [
        1,
        59,
        23,
        22,
        15,
        17,
        14,
        18,
        17,
        16,
        247,
        75,
        49,
        21,
        47,
        37,
        47,
        72,
        230,
        300,
        217,
        183,
        182,
        181,
        260,
        125,
        204,
        157,
        155,
        183,
        134,
        149,
        178,
        156,
        231,
        193,
        154,
        158,
        133,
        163,
        309,
        236,
        147,
        153,
        243,
        248,
        182,
        160,
        155,
        161,
        159,
        198,
        182,
        190,
        138,
        168,
        185,
        152,
        189,
        147,
        178,
        141,
        217,
        235,
        187,
        167,
        181,
        149
    ]
}
