{
    "time": [
        3.053,
        3.4859999999999998,
        3.968,
        4.295,
        4.677,
        5.023,
        5.3999999999999995,
        5.76,
        6.151,
        6.523,
        6.952999999999999,
        7.345,
        7.778,
        8.254999999999999,
        8.642999999999999,
        9.02,
        9.373,
        9.783999999999999,
        10.136,
        10.517,
        10.886,
        11.244,
        11.600999999999999,
        11.933,
        12.299,
        12.674
    ],
    "fps": [
        6.923076923076923,
        2.5641025641025643,
        2.5641025641025643,
        2.5641025641025643,
        2.5188916876574305,
        2.5188916876574305,
        2.5188916876574305,
        2.770083102493075,
        2.770083102493075,
        2.770083102493075,
        2.5146689019279127,
        2.5146689019279127,
        2.5146689019279127,
        2.3023791250959325,
        2.3023791250959325,
        2.3023791250959325,
        2.6857654431512983,
        2.6857654431512983,
        2.6857654431512983,
        2.6223776223776225,
        2.6223776223776225,
        2.6223776223776225,
        2.7675276752767526,
        2.7675276752767526,
        2.7675276752767526,
        2.7958993476234855
    ],
    "raf": [
        365,
        433,
        482,
        328,
        381,
        347,
        377,
        359,
        391,
        372,
        430,
        392,
        433,
        477,
        387,
        377,
        353,
        411,
        352,
        381,
        369,
        358,
        357,
        332,
        366,
        375
    ]
}
