{
    "time": [
        3.287,
        3.6319999999999997,
        4.0969999999999995,
        4.433999999999999,
        4.815999999999999,
        5.104999999999999,
        5.419999999999999,
        5.727999999999999,
        6.157999999999999,
        6.507999999999998,
        6.871999999999998,
        7.191999999999998,
        7.557999999999998,
        7.866999999999998,
        8.323999999999998,
        8.728999999999997,
        9.140999999999998,
        9.487999999999998,
        9.857999999999997,
        10.200999999999997,
        10.563999999999997,
        10.980999999999996,
        11.357999999999997,
        11.724999999999998,
        12.100999999999997,
        12.495999999999997,
        12.904999999999998
    ],
    "fps": [
        7.357859531772576,
        2.707581227436823,
        2.707581227436823,
        2.707581227436823,
        2.5337837837837838,
        2.5337837837837838,
        2.5337837837837838,
        2.5337837837837838,
        2.9806259314456036,
        2.9806259314456036,
        2.9806259314456036,
        2.898550724637681,
        2.898550724637681,
        2.898550724637681,
        2.6525198938992043,
        2.6525198938992043,
        2.6525198938992043,
        2.577319587628866,
        2.577319587628866,
        2.577319587628866,
        2.7881040892193307,
        2.7881040892193307,
        2.7881040892193307,
        2.5817555938037864,
        2.5817555938037864,
        2.5817555938037864,
        2.544529262086514
    ],
    "raf": [
        391,
        345,
        465,
        337,
        382,
        289,
        315,
        308,
        430,
        350,
        364,
        321,
        366,
        308,
        457,
        405,
        412,
        347,
        370,
        343,
        363,
        417,
        377,
        368,
        375,
        395,
        409
    ]
}
