{
    "time": [
        3.024,
        3.418,
        3.811,
        4.184,
        4.554,
        5.024,
        5.545,
        6.006,
        6.471,
        6.866,
        7.252,
        7.6209999999999996,
        8.017999999999999,
        8.432999999999998,
        8.798999999999998,
        9.282999999999998,
        9.672999999999998,
        10.100999999999999,
        10.581,
        11.032,
        11.465,
        11.852,
        12.262,
        12.591000000000001,
        12.935
    ],
    "fps": [
        5.932762030323006,
        5.932762030323006,
        2.5466893039049237,
        2.5466893039049237,
        2.5466893039049237,
        2.4732069249793898,
        2.4732069249793898,
        2.4732069249793898,
        2.073255010366275,
        2.073255010366275,
        2.073255010366275,
        2.608695652173913,
        2.608695652173913,
        2.608695652173913,
        2.5466893039049237,
        2.5466893039049237,
        2.5466893039049237,
        2.3023791250959325,
        2.3023791250959325,
        2.3023791250959325,
        2.19941348973607,
        2.19941348973607,
        2.19941348973607,
        2.6666666666666665,
        2.6666666666666665
    ],
    "raf": [
        391,
        394,
        393,
        373,
        370,
        470,
        521,
        462,
        464,
        395,
        386,
        369,
        397,
        415,
        366,
        484,
        390,
        429,
        480,
        450,
        434,
        386,
        410,
        329,
        344
    ]
}
