{
    "time": [
        0,
        0.469,
        0.782,
        1.092,
        1.483,
        1.7730000000000001,
        2.028,
        2.268,
        2.53,
        2.783,
        3.024,
        3.307,
        3.5629999999999997,
        3.808,
        4.098,
        4.3839999999999995,
        4.640999999999999,
        4.885999999999999,
        5.122999999999999,
        5.355999999999999,
        5.592999999999999,
        5.820999999999999,
        6.079999999999999,
        6.327999999999999,
        6.571999999999999,
        6.864999999999999,
        7.130999999999999,
        7.379999999999999,
        7.6179999999999986,
        7.853999999999998,
        8.086999999999998,
        8.314999999999998,
        8.544999999999998,
        8.776999999999997,
        9.002999999999998,
        9.229999999999999,
        9.480999999999998,
        9.714999999999998,
        9.946999999999997
    ],
    "fps": [
        0,
        0,
        0,
        3.666361136571952,
        3.666361136571952,
        3.666361136571952,
        3.666361136571952,
        3.401360544217687,
        3.401360544217687,
        3.401360544217687,
        3.401360544217687,
        3.8498556304138596,
        3.8498556304138596,
        3.8498556304138596,
        3.8498556304138596,
        3.714020427112349,
        3.714020427112349,
        3.714020427112349,
        3.714020427112349,
        3.714020427112349,
        4.132231404958677,
        4.132231404958677,
        4.132231404958677,
        4.132231404958677,
        4.132231404958677,
        3.933910306845004,
        3.933910306845004,
        3.933910306845004,
        3.933910306845004,
        3.933910306845004,
        4.091653027823241,
        4.091653027823241,
        4.091653027823241,
        4.091653027823241,
        4.091653027823241,
        4.374453193350831,
        4.374453193350831,
        4.374453193350831,
        4.374453193350831
    ],
    "raf": [
        0,
        468,
        313,
        310,
        391,
        290,
        255,
        240,
        262,
        253,
        241,
        283,
        256,
        245,
        290,
        286,
        257,
        245,
        237,
        233,
        238,
        228,
        259,
        248,
        243,
        293,
        266,
        249,
        239,
        235,
        233,
        228,
        230,
        232,
        226,
        227,
        251,
        234,
        232
    ]
}
