{
    "time": [
        0,
        0.06,
        0.11099999999999999,
        0.128,
        0.158,
        0.193,
        0.21000000000000002,
        0.232,
        0.248,
        0.271,
        0.28600000000000003,
        0.668,
        0.687,
        0.7010000000000001,
        0.7260000000000001,
        0.7570000000000001,
        0.7760000000000001,
        0.7940000000000002,
        0.8140000000000002,
        0.8550000000000002,
        0.8610000000000002,
        0.8970000000000002,
        1.2120000000000002,
        1.6330000000000002,
        1.8220000000000003,
        1.9730000000000003,
        2.0880000000000005,
        2.2270000000000003,
        2.354,
        2.479,
        2.607,
        2.7270000000000003,
        2.841,
        2.962,
        3.0810000000000004,
        3.2,
        3.3160000000000003,
        3.4310000000000005,
        3.5580000000000007,
        3.6960000000000006,
        3.908000000000001,
        4.046000000000001,
        4.190000000000001,
        4.358000000000001,
        4.485000000000001,
        4.615000000000001,
        4.759000000000001,
        4.877000000000002,
        5.006000000000002,
        5.131000000000002,
        5.241000000000002,
        5.375000000000003,
        5.506000000000003,
        5.638000000000003,
        5.757000000000002,
        5.873000000000002,
        5.986000000000002,
        6.115000000000002,
        6.248000000000002,
        6.378000000000002,
        6.503000000000002,
        6.623000000000002,
        6.740000000000002,
        6.880000000000002,
        6.990000000000002,
        7.090000000000002,
        7.208000000000002,
        7.331000000000002,
        7.440000000000002,
        7.591000000000002,
        7.721000000000002,
        7.835000000000002,
        7.949000000000002,
        8.068000000000001,
        8.204,
        8.327,
        8.458,
        8.618,
        8.731,
        8.850999999999999,
        8.979,
        9.107999999999999,
        9.220999999999998,
        9.393999999999998,
        9.540999999999999,
        9.665,
        9.78,
        9.899
    ],
    "fps": [
        0,
        0,
        0,
        0,
        0,
        0,
        0,
        0,
        0,
        0,
        0,
        0,
        0,
        0,
        0,
        0,
        0,
        0,
        0,
        0,
        0,
        0,
        18.976897689768975,
        18.976897689768975,
        18.976897689768975,
        18.976897689768975,
        18.976897689768975,
        4.921259842519685,
        4.921259842519685,
        4.921259842519685,
        4.921259842519685,
        4.921259842519685,
        4.921259842519685,
        4.921259842519685,
        4.921259842519685,
        4.921259842519685,
        8.272058823529411,
        8.272058823529411,
        8.272058823529411,
        8.272058823529411,
        8.272058823529411,
        8.272058823529411,
        8.272058823529411,
        6.717850287907869,
        6.717850287907869,
        6.717850287907869,
        6.717850287907869,
        6.717850287907869,
        6.717850287907869,
        6.717850287907869,
        6.717850287907869,
        7.866273352999016,
        7.866273352999016,
        7.866273352999016,
        7.866273352999016,
        7.866273352999016,
        7.866273352999016,
        7.866273352999016,
        7.866273352999016,
        7.976071784646062,
        7.976071784646062,
        7.976071784646062,
        7.976071784646062,
        7.976071784646062,
        7.976071784646062,
        7.976071784646062,
        7.976071784646062,
        7.976071784646062,
        8.474576271186441,
        8.474576271186441,
        8.474576271186441,
        8.474576271186441,
        8.474576271186441,
        8.474576271186441,
        8.474576271186441,
        8.474576271186441,
        7.858546168958743,
        7.858546168958743,
        7.858546168958743,
        7.858546168958743,
        7.858546168958743,
        7.858546168958743,
        7.858546168958743,
        7.858546168958743,
        7.380073800738008,
        7.380073800738008,
        7.380073800738008,
        7.380073800738008
    ],
    "raf": [
        0,
        60,
        51,
        23,
        24,
        35,
        17,
        22,
        17,
        22,
        15,
        382,
        19,
        14,
        25,
        31,
        19,
        18,
        20,
        41,
        6,
        36,
        315,
        421,
        189,
        151,
        115,
        140,
        126,
        125,
        128,
        120,
        114,
        121,
        119,
        120,
        115,
        115,
        127,
        138,
        212,
        138,
        143,
        168,
        127,
        130,
        144,
        118,
        129,
        125,
        110,
        134,
        131,
        132,
        119,
        116,
        113,
        129,
        133,
        130,
        125,
        120,
        118,
        139,
        110,
        100,
        118,
        123,
        109,
        151,
        130,
        114,
        114,
        120,
        135,
        124,
        130,
        160,
        113,
        120,
        128,
        129,
        114,
        172,
        148,
        123,
        115,
        120
    ]
}
