{
    "time": [
        0,
        0.037,
        0.07,
        0.08700000000000001,
        0.10400000000000001,
        0.43500000000000005,
        0.4630000000000001,
        0.4780000000000001,
        0.5000000000000001,
        0.5110000000000001,
        0.5290000000000001,
        0.5450000000000002,
        0.5610000000000002,
        0.5810000000000002,
        0.6370000000000002,
        0.7020000000000002,
        0.7730000000000001,
        1.066,
        1.447,
        1.693,
        1.907,
        2.164,
        2.415,
        2.704,
        2.938,
        3.1700000000000004,
        3.426,
        3.736,
        3.978,
        4.206,
        4.476000000000001,
        4.729000000000001,
        4.973000000000001,
        5.312000000000001,
        5.615000000000001,
        5.847000000000001,
        6.145000000000001,
        6.458000000000001,
        6.787000000000001,
        7.1530000000000005,
        7.519,
        7.771,
        8.04,
        8.341,
        8.614999999999998,
        8.892999999999999,
        9.168999999999999,
        9.524999999999999,
        9.762999999999998
    ],
    "fps": [
        0,
        0,
        0,
        0,
        0,
        0,
        0,
        0,
        0,
        0,
        0,
        0,
        0,
        0,
        0,
        0,
        0,
        16.885553470919323,
        16.885553470919323,
        16.885553470919323,
        16.885553470919323,
        3.6429872495446265,
        3.6429872495446265,
        3.6429872495446265,
        3.6429872495446265,
        3.9761431411530817,
        3.9761431411530817,
        3.9761431411530817,
        3.9761431411530817,
        3.861003861003861,
        3.861003861003861,
        3.861003861003861,
        3.861003861003861,
        3.616636528028933,
        3.616636528028933,
        3.616636528028933,
        3.616636528028933,
        3.4904013961605584,
        3.4904013961605584,
        3.4904013961605584,
        2.827521206409048,
        2.827521206409048,
        2.827521206409048,
        2.827521206409048,
        3.6496350364963503,
        3.6496350364963503,
        3.6496350364963503,
        3.6496350364963503,
        3.484320557491289
    ],
    "raf": [
        0,
        37,
        33,
        18,
        16,
        331,
        28,
        15,
        22,
        11,
        18,
        16,
        16,
        20,
        56,
        65,
        71,
        293,
        381,
        246,
        214,
        257,
        251,
        289,
        234,
        232,
        256,
        310,
        242,
        228,
        270,
        254,
        243,
        339,
        303,
        232,
        298,
        313,
        329,
        366,
        366,
        252,
        269,
        301,
        274,
        278,
        276,
        356,
        238
    ]
}
