{
    "time": [
        0,
        0.068,
        0.113,
        0.135,
        0.163,
        0.178,
        0.5289999999999999,
        0.599,
        0.619,
        0.641,
        0.658,
        0.676,
        0.6910000000000001,
        0.7060000000000001,
        0.7240000000000001,
        0.7420000000000001,
        0.7590000000000001,
        0.7750000000000001,
        0.7910000000000001,
        0.8360000000000002,
        0.8790000000000002,
        0.8900000000000002,
        0.9060000000000002,
        0.9570000000000003,
        1.0010000000000003,
        1.3480000000000003,
        1.4270000000000003,
        1.6380000000000003,
        1.8480000000000003,
        2.0120000000000005,
        2.1560000000000006,
        2.2830000000000004,
        2.4080000000000004,
        2.5050000000000003,
        2.623,
        2.7470000000000003,
        2.8720000000000003,
        2.982,
        3.072,
        3.158,
        3.26,
        3.448,
        3.565,
        3.741,
        3.8520000000000003,
        3.9480000000000004,
        4.035,
        4.15,
        4.304,
        4.423,
        4.511,
        4.638,
        4.834,
        4.986999999999999,
        5.114999999999999,
        5.2509999999999994,
        5.372,
        5.515,
        5.654999999999999,
        5.773,
        5.907,
        5.988,
        6.082000000000001,
        6.204000000000001,
        6.355,
        6.444000000000001,
        6.553000000000001,
        6.686000000000001,
        6.823,
        7.001,
        7.107,
        7.211,
        7.2940000000000005,
        7.3740000000000006,
        7.455000000000001,
        7.611000000000001,
        7.775,
        7.917000000000001,
        7.998000000000001,
        8.129000000000001,
        8.431000000000001,
        8.561000000000002,
        8.669000000000002,
        8.784000000000002,
        8.872000000000002,
        8.993000000000002,
        9.148000000000001,
        9.247000000000002,
        9.385000000000002,
        9.472000000000001,
        9.589000000000002,
        9.715000000000002,
        9.827000000000002,
        9.938000000000002
    ],
    "fps": [
        0,
        0,
        0,
        0,
        0,
        0,
        0,
        0,
        0,
        0,
        0,
        0,
        0,
        0,
        0,
        0,
        0,
        0,
        0,
        0,
        0,
        0,
        0,
        0,
        0,
        19.388516032811335,
        19.388516032811335,
        19.388516032811335,
        19.388516032811335,
        19.388516032811335,
        19.388516032811335,
        19.388516032811335,
        6.60377358490566,
        6.60377358490566,
        6.60377358490566,
        6.60377358490566,
        6.60377358490566,
        6.60377358490566,
        6.60377358490566,
        6.60377358490566,
        6.60377358490566,
        8.653846153846153,
        8.653846153846153,
        8.653846153846153,
        8.653846153846153,
        8.653846153846153,
        8.653846153846153,
        8.653846153846153,
        8.653846153846153,
        8.653846153846153,
        8.458646616541353,
        8.458646616541353,
        8.458646616541353,
        8.458646616541353,
        8.458646616541353,
        8.458646616541353,
        8.458646616541353,
        6.979062811565304,
        6.979062811565304,
        6.979062811565304,
        6.979062811565304,
        6.979062811565304,
        6.979062811565304,
        6.979062811565304,
        6.979062811565304,
        6.979062811565304,
        8.670520231213873,
        8.670520231213873,
        8.670520231213873,
        8.670520231213873,
        8.670520231213873,
        8.670520231213873,
        8.670520231213873,
        8.670520231213873,
        8.670520231213873,
        8.506616257088847,
        8.506616257088847,
        8.506616257088847,
        8.506616257088847,
        8.506616257088847,
        8.506616257088847,
        8.506616257088847,
        6.616257088846881,
        6.616257088846881,
        6.616257088846881,
        6.616257088846881,
        6.616257088846881,
        6.616257088846881,
        6.616257088846881,
        6.616257088846881,
        6.616257088846881,
        8.604206500956023,
        8.604206500956023,
        8.604206500956023
    ],
    "raf": [
        0,
        66,
        45,
        23,
        27,
        15,
        351,
        70,
        20,
        22,
        17,
        18,
        15,
        15,
        18,
        18,
        17,
        17,
        15,
        45,
        44,
        10,
        15,
        51,
        44,
        347,
        79,
        211,
        210,
        164,
        144,
        127,
        125,
        97,
        118,
        124,
        125,
        111,
        89,
        87,
        101,
        188,
        117,
        176,
        111,
        96,
        87,
        116,
        153,
        120,
        88,
        126,
        196,
        153,
        128,
        136,
        121,
        143,
        140,
        118,
        134,
        81,
        94,
        122,
        151,
        89,
        109,
        133,
        137,
        178,
        106,
        104,
        83,
        80,
        81,
        156,
        164,
        142,
        81,
        131,
        303,
        129,
        108,
        115,
        88,
        121,
        155,
        99,
        138,
        88,
        116,
        126,
        112,
        111
    ]
}
