{
    "time": [
        0,
        0.026,
        0.064,
        0.091,
        0.126,
        0.161,
        0.46299999999999997,
        0.9159999999999999,
        1.2369999999999999,
        1.3579999999999999,
        1.505,
        1.674,
        1.806,
        1.944,
        2.059,
        2.1750000000000003,
        2.39,
        2.5540000000000003,
        2.668,
        2.7800000000000002,
        2.97,
        3.141,
        3.324,
        3.5229999999999997,
        3.7589999999999995,
        3.9319999999999995,
        4.0729999999999995,
        4.247999999999999,
        4.392999999999999,
        4.540999999999999,
        4.712999999999998,
        4.8359999999999985,
        5.006999999999999,
        5.139999999999999,
        5.3119999999999985,
        5.4289999999999985,
        5.579999999999998,
        5.781999999999998,
        5.906999999999998,
        6.083999999999998,
        6.245999999999998,
        6.387999999999998,
        6.511999999999998,
        6.654999999999998,
        6.8409999999999975,
        7.051999999999998,
        7.212999999999997,
        7.355999999999997,
        7.529999999999998,
        7.672999999999997,
        7.821999999999997,
        7.996999999999997,
        8.141999999999998,
        8.324999999999998,
        8.530999999999997,
        8.670999999999998,
        8.791999999999998,
        8.949999999999998,
        9.127999999999998,
        9.255999999999998,
        9.376999999999999,
        9.495999999999999,
        9.615999999999998,
        9.733999999999998,
        9.906999999999998
    ],
    "fps": [
        0,
        0,
        0,
        0,
        0,
        0,
        0,
        0,
        7.293354943273906,
        7.293354943273906,
        7.293354943273906,
        7.293354943273906,
        7.293354943273906,
        7.293354943273906,
        7.293354943273906,
        7.293354943273906,
        6.9384215091066785,
        6.9384215091066785,
        6.9384215091066785,
        6.9384215091066785,
        6.9384215091066785,
        6.9384215091066785,
        6.9384215091066785,
        6.17828773168579,
        6.17828773168579,
        6.17828773168579,
        6.17828773168579,
        6.17828773168579,
        6.17828773168579,
        5.893909626719057,
        5.893909626719057,
        5.893909626719057,
        5.893909626719057,
        5.893909626719057,
        5.893909626719057,
        5.893909626719057,
        6.737247353224254,
        6.737247353224254,
        6.737247353224254,
        6.737247353224254,
        6.737247353224254,
        6.737247353224254,
        6.737247353224254,
        6.511627906976744,
        6.511627906976744,
        6.511627906976744,
        6.511627906976744,
        6.511627906976744,
        6.511627906976744,
        5.893909626719057,
        5.893909626719057,
        5.893909626719057,
        5.893909626719057,
        5.893909626719057,
        5.893909626719057,
        5.893909626719057,
        6.255585344057194,
        6.255585344057194,
        6.255585344057194,
        6.255585344057194,
        6.255585344057194,
        6.255585344057194,
        6.255585344057194,
        6.255585344057194,
        7.174887892376682
    ],
    "raf": [
        0,
        24,
        38,
        27,
        36,
        34,
        302,
        453,
        321,
        121,
        148,
        168,
        132,
        138,
        115,
        116,
        215,
        164,
        114,
        112,
        190,
        171,
        183,
        199,
        236,
        173,
        141,
        175,
        145,
        148,
        173,
        123,
        170,
        133,
        172,
        117,
        151,
        202,
        125,
        177,
        162,
        142,
        124,
        143,
        186,
        211,
        161,
        143,
        174,
        143,
        149,
        175,
        145,
        183,
        206,
        140,
        121,
        158,
        178,
        129,
        120,
        120,
        119,
        118,
        173
    ]
}
