{
    "time": [
        0,
        0.032,
        0.079,
        0.10300000000000001,
        0.14500000000000002,
        0.17300000000000001,
        0.19,
        0.203,
        0.228,
        0.24100000000000002,
        0.256,
        0.278,
        0.29200000000000004,
        0.30500000000000005,
        0.3330000000000001,
        0.3470000000000001,
        0.3780000000000001,
        0.39400000000000013,
        0.41000000000000014,
        0.42600000000000016,
        0.4480000000000002,
        0.7610000000000001,
        0.8120000000000002,
        0.8310000000000002,
        0.8500000000000002,
        0.8660000000000002,
        0.8900000000000002,
        0.9030000000000002,
        0.9360000000000003,
        0.9700000000000003,
        0.9810000000000003,
        1.0230000000000004,
        1.0410000000000004,
        1.0520000000000003,
        1.4800000000000002,
        1.874,
        2.028,
        2.154,
        2.293,
        2.402,
        2.521,
        2.659,
        2.779,
        2.945,
        3.0589999999999997,
        3.1819999999999995,
        3.3009999999999993,
        3.414999999999999,
        3.5709999999999993,
        3.7439999999999993,
        3.8839999999999995,
        4.044999999999999,
        4.177999999999999,
        4.305999999999999,
        4.448999999999999,
        4.594999999999999,
        4.712999999999999,
        4.8839999999999995,
        5.0249999999999995,
        5.172,
        5.342,
        5.46,
        5.623,
        5.75,
        5.873,
        6.011,
        6.133,
        6.254,
        6.3709999999999996,
        6.5,
        6.628,
        6.772,
        6.8950000000000005,
        7.056,
        7.219,
        7.361000000000001,
        7.489000000000001,
        7.626000000000001,
        7.745000000000001,
        7.885000000000001,
        8.010000000000002,
        8.13,
        8.263000000000002,
        8.416000000000002,
        8.578000000000003,
        8.706000000000003,
        8.841000000000003,
        8.955000000000004,
        9.103000000000003,
        9.238000000000003,
        9.357000000000003,
        9.495000000000003,
        9.654000000000003,
        9.777000000000003,
        9.918000000000003
    ],
    "fps": [
        0,
        0,
        0,
        0,
        0,
        0,
        0,
        0,
        0,
        0,
        0,
        0,
        0,
        0,
        0,
        0,
        0,
        0,
        0,
        0,
        0,
        0,
        0,
        0,
        0,
        0,
        0,
        0,
        0,
        0,
        0,
        31.341821743388834,
        31.341821743388834,
        31.341821743388834,
        31.341821743388834,
        31.341821743388834,
        4.9800796812749,
        4.9800796812749,
        4.9800796812749,
        4.9800796812749,
        4.9800796812749,
        4.9800796812749,
        4.9800796812749,
        4.9800796812749,
        7.759456838021339,
        7.759456838021339,
        7.759456838021339,
        7.759456838021339,
        7.759456838021339,
        7.759456838021339,
        7.759456838021339,
        7.759456838021339,
        7.149240393208221,
        7.149240393208221,
        7.149240393208221,
        7.149240393208221,
        7.149240393208221,
        7.149240393208221,
        7.149240393208221,
        7.149240393208221,
        6.8728522336769755,
        6.8728522336769755,
        6.8728522336769755,
        6.8728522336769755,
        6.8728522336769755,
        6.8728522336769755,
        6.8728522336769755,
        6.8728522336769755,
        7.774538386783285,
        7.774538386783285,
        7.774538386783285,
        7.774538386783285,
        7.774538386783285,
        7.774538386783285,
        7.774538386783285,
        7.774538386783285,
        7.155635062611807,
        7.155635062611807,
        7.155635062611807,
        7.155635062611807,
        7.155635062611807,
        7.155635062611807,
        7.155635062611807,
        7.155635062611807,
        7.3461891643709825,
        7.3461891643709825,
        7.3461891643709825,
        7.3461891643709825,
        7.3461891643709825,
        7.3461891643709825,
        7.3461891643709825,
        7.3461891643709825,
        7.434944237918216,
        7.434944237918216,
        7.434944237918216
    ],
    "raf": [
        0,
        30,
        47,
        24,
        42,
        28,
        17,
        13,
        25,
        14,
        14,
        23,
        13,
        13,
        28,
        14,
        31,
        16,
        16,
        16,
        22,
        313,
        51,
        19,
        20,
        15,
        24,
        13,
        33,
        34,
        13,
        41,
        17,
        11,
        428,
        393,
        154,
        126,
        139,
        109,
        120,
        137,
        120,
        166,
        114,
        124,
        119,
        113,
        156,
        174,
        139,
        161,
        133,
        128,
        143,
        147,
        117,
        171,
        141,
        148,
        169,
        118,
        163,
        127,
        123,
        138,
        122,
        121,
        117,
        129,
        128,
        144,
        123,
        161,
        163,
        142,
        128,
        137,
        119,
        140,
        125,
        121,
        132,
        154,
        161,
        128,
        135,
        114,
        149,
        134,
        120,
        137,
        159,
        123,
        141
    ]
}
