{
    "time": [
        3.0940000000000003,
        3.479,
        3.862,
        4.311,
        4.676,
        5.078,
        5.486000000000001,
        5.854000000000001,
        6.250000000000001,
        6.633000000000001,
        7.013000000000001,
        7.417000000000001,
        7.8260000000000005,
        8.213000000000001,
        8.627,
        9.031,
        9.459000000000001,
        9.837000000000002,
        10.286000000000001,
        10.626000000000001,
        11.011000000000001,
        11.370000000000001,
        11.799000000000001,
        12.163000000000002,
        12.558000000000002,
        12.909000000000002
    ],
    "fps": [
        2.367797947908445,
        2.367797947908445,
        2.367797947908445,
        2.4650780608052587,
        2.4650780608052587,
        2.4650780608052587,
        2.5531914893617023,
        2.5531914893617023,
        2.5531914893617023,
        2.6155187445510024,
        2.6155187445510024,
        2.6155187445510024,
        2.5146689019279127,
        2.5146689019279127,
        2.5146689019279127,
        2.4896265560165975,
        2.4896265560165975,
        2.4896265560165975,
        2.3904382470119523,
        2.3904382470119523,
        2.3904382470119523,
        2.7649769585253456,
        2.7649769585253456,
        2.7649769585253456,
        2.5231286795626575,
        2.5231286795626575
    ],
    "raf": [
        464,
        386,
        382,
        449,
        365,
        402,
        408,
        368,
        396,
        383,
        380,
        404,
        409,
        387,
        415,
        403,
        428,
        378,
        449,
        340,
        385,
        360,
        428,
        364,
        397,
        349
    ]
}
