{
    "time": [
        3.013,
        3.427,
        3.873,
        4.317,
        4.766,
        5.197,
        5.65,
        6.059,
        6.49,
        6.8500000000000005,
        7.215000000000001,
        7.547000000000001,
        7.871,
        8.231,
        8.669,
        9.038,
        9.517,
        9.913,
        10.289,
        10.645,
        10.982,
        11.398,
        11.734,
        12.081,
        12.415,
        12.767
    ],
    "fps": [
        6.658832745789267,
        6.658832745789267,
        2.277904328018223,
        2.277904328018223,
        2.277904328018223,
        2.2641509433962264,
        2.2641509433962264,
        2.2641509433962264,
        2.321981424148607,
        2.321981424148607,
        2.321981424148607,
        2.838221381267739,
        2.838221381267739,
        2.838221381267739,
        2.6737967914438503,
        2.6737967914438503,
        2.6737967914438503,
        2.4096385542168677,
        2.4096385542168677,
        2.4096385542168677,
        2.8063610851262863,
        2.8063610851262863,
        2.8063610851262863,
        2.73224043715847,
        2.73224043715847,
        2.73224043715847
    ],
    "raf": [
        457,
        414,
        446,
        444,
        449,
        432,
        452,
        409,
        431,
        360,
        365,
        332,
        324,
        360,
        438,
        369,
        479,
        397,
        376,
        355,
        338,
        415,
        336,
        347,
        334,
        352
    ]
}
