{
    "time": [
        3.229,
        3.599,
        3.9930000000000003,
        4.3420000000000005,
        4.720000000000001,
        5.065,
        5.380000000000001,
        5.748000000000001,
        6.095000000000001,
        6.407000000000001,
        6.752000000000001,
        7.066000000000001,
        7.3660000000000005,
        7.699000000000001,
        8.030000000000001,
        8.39,
        8.701,
        9.039,
        9.399,
        9.716,
        10.021999999999998,
        10.346999999999998,
        10.692999999999998,
        11.030999999999997,
        11.350999999999997,
        11.696999999999997,
        12.053999999999997,
        12.379999999999997,
        12.718999999999998
    ],
    "fps": [
        2.6315789473684212,
        2.6315789473684212,
        2.824858757062147,
        2.824858757062147,
        2.824858757062147,
        2.798507462686567,
        2.798507462686567,
        2.798507462686567,
        2.912621359223301,
        2.912621359223301,
        2.912621359223301,
        2.912621359223301,
        3.1446540880503147,
        3.1446540880503147,
        3.1446540880503147,
        2.932551319648094,
        2.932551319648094,
        2.932551319648094,
        2.9732408325074333,
        2.9732408325074333,
        2.9732408325074333,
        2.9732408325074333,
        3.091190108191654,
        3.091190108191654,
        3.091190108191654,
        2.985074626865672,
        2.985074626865672,
        2.985074626865672,
        2.9382957884427032
    ],
    "raf": [
        298,
        371,
        393,
        349,
        378,
        345,
        315,
        368,
        347,
        312,
        345,
        314,
        300,
        332,
        331,
        360,
        311,
        338,
        360,
        317,
        307,
        324,
        346,
        338,
        320,
        347,
        356,
        326,
        339
    ]
}
