{
    "time": [
        0,
        0.411,
        0.677,
        0.8430000000000001,
        1.01,
        1.167,
        1.327,
        1.486,
        1.65,
        1.811,
        1.974,
        2.134,
        2.29,
        2.447,
        2.61,
        2.776,
        2.9379999999999997,
        3.0949999999999998,
        3.2579999999999996,
        3.4149999999999996,
        3.5749999999999997,
        3.735,
        3.8979999999999997,
        4.061,
        4.226,
        4.381,
        4.541,
        4.703,
        4.862,
        5.023,
        5.18,
        5.338,
        5.499,
        5.712,
        5.909,
        6.088,
        6.3100000000000005,
        6.4750000000000005,
        6.639,
        6.803,
        6.975,
        7.137,
        7.297999999999999,
        7.461999999999999,
        7.659999999999999,
        7.8229999999999995,
        7.981999999999999,
        8.142999999999999,
        8.309999999999999,
        8.475999999999999,
        8.649,
        8.812999999999999,
        8.975999999999999,
        9.140999999999998,
        9.298999999999998,
        9.462999999999997,
        9.624999999999998,
        9.793999999999999,
        9.954999999999998
    ],
    "fps": [
        0,
        0,
        0,
        0,
        4.955401387512389,
        4.955401387512389,
        4.955401387512389,
        4.955401387512389,
        4.955401387512389,
        4.955401387512389,
        4.955401387512389,
        6.227758007117438,
        6.227758007117438,
        6.227758007117438,
        6.227758007117438,
        6.227758007117438,
        6.227758007117438,
        6.227758007117438,
        6.227758007117438,
        6.227758007117438,
        6.227758007117438,
        6.227758007117438,
        6.227758007117438,
        6.227758007117438,
        6.227758007117438,
        6.233303650934996,
        6.233303650934996,
        6.233303650934996,
        6.233303650934996,
        6.233303650934996,
        6.233303650934996,
        6.233303650934996,
        6.261180679785331,
        6.261180679785331,
        6.261180679785331,
        6.261180679785331,
        6.261180679785331,
        6.261180679785331,
        5.2631578947368425,
        5.2631578947368425,
        5.2631578947368425,
        5.2631578947368425,
        5.2631578947368425,
        5.2631578947368425,
        5.8765915768854065,
        5.8765915768854065,
        5.8765915768854065,
        5.8765915768854065,
        5.8765915768854065,
        5.8765915768854065,
        5.8765915768854065,
        6.071118820468343,
        6.071118820468343,
        6.071118820468343,
        6.071118820468343,
        6.071118820468343,
        6.071118820468343,
        6.071118820468343,
        6.129597197898423
    ],
    "raf": [
        0,
        411,
        265,
        167,
        166,
        157,
        160,
        159,
        165,
        160,
        163,
        160,
        156,
        158,
        163,
        165,
        162,
        157,
        163,
        157,
        160,
        160,
        163,
        163,
        165,
        155,
        160,
        162,
        159,
        161,
        157,
        158,
        161,
        213,
        198,
        178,
        222,
        165,
        164,
        165,
        171,
        162,
        161,
        164,
        198,
        163,
        159,
        161,
        167,
        166,
        173,
        164,
        163,
        165,
        158,
        164,
        162,
        169,
        161
    ]
}
