{
    "time": [
        3.418,
        3.814,
        4.22,
        4.5809999999999995,
        5.047,
        5.528,
        5.962,
        6.3709999999999996,
        6.781999999999999,
        7.158999999999999,
        7.602999999999999,
        7.9689999999999985,
        8.363999999999999,
        8.802,
        9.18,
        9.576,
        9.945,
        10.309000000000001,
        10.705000000000002,
        11.050000000000002,
        11.483000000000002,
        11.913000000000002,
        12.287000000000003,
        12.767000000000003
    ],
    "fps": [
        1.774622892635315,
        1.774622892635315,
        1.774622892635315,
        2.5795356835769563,
        2.5795356835769563,
        2.5795356835769563,
        2.172338884866039,
        2.172338884866039,
        2.172338884866039,
        2.506265664160401,
        2.506265664160401,
        2.506265664160401,
        2.487562189054726,
        2.487562189054726,
        2.487562189054726,
        2.477291494632535,
        2.477291494632535,
        2.477291494632535,
        2.657218777679362,
        2.657218777679362,
        2.657218777679362,
        2.4834437086092715,
        2.4834437086092715,
        2.4834437086092715
    ],
    "raf": [
        648,
        396,
        407,
        360,
        466,
        481,
        434,
        409,
        411,
        377,
        444,
        367,
        395,
        437,
        378,
        396,
        369,
        364,
        396,
        345,
        433,
        430,
        374,
        480
    ]
}
