{
    "time": [
        0,
        0.067,
        0.157,
        0.17,
        0.188,
        0.224,
        0.248,
        0.262,
        0.279,
        0.29400000000000004,
        0.31100000000000005,
        0.32900000000000007,
        0.3450000000000001,
        0.3600000000000001,
        0.3760000000000001,
        0.39500000000000013,
        0.40300000000000014,
        0.9970000000000001,
        1.0410000000000001,
        1.0530000000000002,
        1.09,
        1.62,
        2.1020000000000003,
        2.539,
        2.984,
        3.287,
        3.644,
        3.96,
        4.235,
        4.5280000000000005,
        4.806000000000001,
        5.109000000000001,
        5.4190000000000005,
        5.688000000000001,
        6.026000000000001,
        6.402000000000001,
        6.675000000000001,
        6.981000000000001,
        7.242000000000001,
        7.504000000000001,
        7.798000000000001,
        8.102,
        8.446,
        8.731,
        8.996,
        9.284,
        9.601,
        9.877
    ],
    "fps": [
        0,
        0,
        0,
        0,
        0,
        0,
        0,
        0,
        0,
        0,
        0,
        0,
        0,
        0,
        0,
        0,
        0,
        0,
        18.25168107588857,
        18.25168107588857,
        18.25168107588857,
        18.25168107588857,
        3.770028275212064,
        3.770028275212064,
        3.770028275212064,
        2.5316455696202533,
        2.5316455696202533,
        2.5316455696202533,
        2.5316455696202533,
        3.2232070910556003,
        3.2232070910556003,
        3.2232070910556003,
        3.2232070910556003,
        3.4482758620689653,
        3.4482758620689653,
        3.4482758620689653,
        3.4482758620689653,
        3.0935808197989174,
        3.0935808197989174,
        3.0935808197989174,
        3.0935808197989174,
        3.568242640499554,
        3.568242640499554,
        3.568242640499554,
        3.568242640499554,
        3.3840947546531304,
        3.3840947546531304,
        3.3840947546531304
    ],
    "raf": [
        0,
        67,
        90,
        13,
        18,
        36,
        24,
        15,
        16,
        15,
        17,
        18,
        16,
        15,
        16,
        19,
        8,
        595,
        43,
        12,
        38,
        529,
        482,
        437,
        445,
        303,
        357,
        316,
        275,
        293,
        278,
        303,
        310,
        269,
        338,
        376,
        273,
        306,
        261,
        262,
        294,
        304,
        344,
        285,
        265,
        288,
        317,
        276
    ]
}
