{
    "time": [
        0,
        0.91,
        1.359,
        1.7029999999999998,
        2.0269999999999997,
        2.377,
        2.703,
        3.0389999999999997,
        3.364,
        3.694,
        4.042,
        4.374,
        4.717,
        5.082,
        5.462,
        5.808999999999999,
        6.1339999999999995,
        6.459999999999999,
        6.791999999999999,
        7.114999999999999,
        7.451999999999999,
        7.892999999999999,
        8.216999999999999,
        8.565,
        8.894,
        9.234,
        9.563,
        9.894
    ],
    "fps": [
        0,
        0,
        2.210759027266028,
        2.210759027266028,
        2.210759027266028,
        2.9469548133595285,
        2.9469548133595285,
        2.9469548133595285,
        2.9469548133595285,
        3.0349013657056148,
        3.0349013657056148,
        3.0349013657056148,
        2.935420743639922,
        2.935420743639922,
        2.935420743639922,
        2.7472527472527473,
        2.7472527472527473,
        2.7472527472527473,
        2.7472527472527473,
        3.0627871362940278,
        3.0627871362940278,
        3.0627871362940278,
        2.722323049001815,
        2.722323049001815,
        2.722323049001815,
        2.949852507374631,
        2.949852507374631,
        2.949852507374631
    ],
    "raf": [
        0,
        909,
        449,
        344,
        324,
        350,
        326,
        336,
        325,
        331,
        349,
        330,
        343,
        365,
        380,
        347,
        325,
        326,
        332,
        323,
        337,
        441,
        324,
        348,
        329,
        340,
        329,
        331
    ]
}
