{
    "time": [
        3.205,
        3.555,
        3.838,
        4.118,
        4.441000000000001,
        4.703000000000001,
        4.963000000000001,
        5.305000000000001,
        5.587000000000001,
        5.856000000000001,
        6.117000000000001,
        6.414000000000001,
        6.719,
        7.035,
        7.351,
        7.646,
        7.912,
        8.188,
        8.47,
        8.726,
        9.033000000000001,
        9.332,
        9.624,
        9.892000000000001,
        10.188,
        10.49,
        10.804,
        11.043000000000001,
        11.274000000000001,
        11.495000000000001,
        11.793000000000001,
        12.032000000000002,
        12.297000000000002,
        12.553000000000003,
        12.823000000000002
    ],
    "fps": [
        1.6038492381716118,
        3.1323414252153485,
        3.1323414252153485,
        3.1323414252153485,
        3.1323414252153485,
        3.484320557491289,
        3.484320557491289,
        3.484320557491289,
        3.484320557491289,
        3.4692107545533393,
        3.4692107545533393,
        3.4692107545533393,
        3.4692107545533393,
        3.392705682782019,
        3.392705682782019,
        3.392705682782019,
        3.392705682782019,
        3.4692107545533393,
        3.4692107545533393,
        3.4692107545533393,
        3.4692107545533393,
        3.4965034965034967,
        3.4965034965034967,
        3.4965034965034967,
        3.4965034965034967,
        3.454231433506045,
        3.454231433506045,
        3.454231433506045,
        3.454231433506045,
        3.9800995024875623,
        3.9800995024875623,
        3.9800995024875623,
        3.9800995024875623,
        3.777148253068933,
        3.777148253068933
    ],
    "raf": [
        326,
        350,
        283,
        280,
        323,
        262,
        260,
        342,
        282,
        269,
        261,
        297,
        305,
        316,
        316,
        295,
        266,
        276,
        283,
        255,
        307,
        299,
        292,
        268,
        296,
        302,
        316,
        238,
        231,
        220,
        298,
        239,
        265,
        256,
        269
    ]
}
