{
    "time": [
        3.2739999999999996,
        3.5869999999999997,
        3.9349999999999996,
        4.268999999999999,
        4.611999999999999,
        4.937999999999999,
        5.266999999999999,
        5.579999999999998,
        5.922999999999998,
        6.190999999999998,
        6.463999999999998,
        6.827999999999998,
        7.124999999999997,
        7.389999999999997,
        7.692999999999997,
        7.956999999999997,
        8.272999999999998,
        8.606999999999998,
        8.888999999999998,
        9.195999999999998,
        9.492999999999999,
        9.774,
        10.043999999999999,
        10.339999999999998,
        10.591999999999999,
        10.857,
        11.123,
        11.389999999999999,
        11.626999999999999,
        11.883,
        12.116999999999999,
        12.361999999999998,
        12.619999999999997,
        12.883999999999997
    ],
    "fps": [
        13.215859030837004,
        13.215859030837004,
        3.051106025934401,
        3.051106025934401,
        3.051106025934401,
        2.991026919242273,
        2.991026919242273,
        2.991026919242273,
        2.991026919242273,
        3.192338387869114,
        3.192338387869114,
        3.192338387869114,
        3.192338387869114,
        3.3333333333333335,
        3.3333333333333335,
        3.3333333333333335,
        3.3333333333333335,
        3.289473684210526,
        3.289473684210526,
        3.289473684210526,
        3.289473684210526,
        3.427592116538132,
        3.427592116538132,
        3.427592116538132,
        3.427592116538132,
        3.693444136657433,
        3.693444136657433,
        3.693444136657433,
        3.693444136657433,
        3.898635477582846,
        3.898635477582846,
        3.898635477582846,
        3.898635477582846,
        3.996003996003996
    ],
    "raf": [
        323,
        313,
        348,
        334,
        343,
        326,
        330,
        313,
        342,
        268,
        273,
        364,
        297,
        266,
        302,
        264,
        316,
        334,
        282,
        308,
        296,
        281,
        271,
        295,
        252,
        265,
        266,
        267,
        237,
        256,
        234,
        245,
        259,
        263
    ]
}
