{
    "time": [
        3.0420000000000003,
        3.3670000000000004,
        3.7200000000000006,
        4.091000000000001,
        4.457000000000001,
        4.756000000000001,
        5.054000000000001,
        5.403000000000001,
        5.666000000000001,
        5.9220000000000015,
        6.271000000000002,
        6.524000000000002,
        6.751000000000002,
        6.984000000000002,
        7.267000000000002,
        7.522000000000002,
        7.772000000000002,
        8.038000000000002,
        8.311000000000002,
        8.594000000000001,
        8.854000000000001,
        9.118,
        9.363,
        9.605,
        9.854000000000001,
        10.119000000000002,
        10.393,
        10.738000000000001,
        11.006000000000002,
        11.271000000000003,
        11.537000000000003,
        11.759000000000002,
        11.979000000000003,
        12.195000000000002,
        12.431000000000003,
        12.654000000000003,
        12.883000000000003
    ],
    "fps": [
        2.9791459781529297,
        2.9791459781529297,
        2.9791459781529297,
        2.8598665395614873,
        2.8598665395614873,
        2.8598665395614873,
        2.8598665395614873,
        3.048780487804878,
        3.048780487804878,
        3.048780487804878,
        3.048780487804878,
        3.568242640499554,
        3.568242640499554,
        3.568242640499554,
        3.568242640499554,
        3.568242640499554,
        4.006410256410256,
        4.006410256410256,
        4.006410256410256,
        4.006410256410256,
        3.6968576709796674,
        3.6968576709796674,
        3.6968576709796674,
        3.6968576709796674,
        3.6968576709796674,
        3.952569169960474,
        3.952569169960474,
        3.952569169960474,
        3.952569169960474,
        3.4722222222222223,
        3.4722222222222223,
        3.4722222222222223,
        3.4722222222222223,
        3.4722222222222223,
        4.310344827586207,
        4.310344827586207,
        4.310344827586207
    ],
    "raf": [
        287,
        325,
        354,
        370,
        366,
        299,
        299,
        348,
        263,
        256,
        349,
        253,
        227,
        233,
        283,
        256,
        249,
        267,
        272,
        283,
        260,
        265,
        244,
        242,
        249,
        265,
        274,
        346,
        267,
        265,
        266,
        222,
        220,
        216,
        236,
        223,
        229
    ]
}
