{
    "time": [
        0,
        0.037,
        0.08199999999999999,
        0.13499999999999998,
        0.15099999999999997,
        0.17999999999999997,
        0.19899999999999995,
        0.22399999999999995,
        0.23999999999999994,
        0.26299999999999996,
        0.288,
        0.316,
        0.33,
        0.34800000000000003,
        0.37500000000000006,
        0.39100000000000007,
        0.4090000000000001,
        0.4270000000000001,
        0.4420000000000001,
        0.8300000000000001,
        0.8630000000000001,
        0.8750000000000001,
        0.8960000000000001,
        0.9060000000000001,
        0.9380000000000002,
        0.9700000000000002,
        1.3920000000000001,
        1.8490000000000002,
        2.132,
        2.3840000000000003,
        2.6310000000000002,
        2.8560000000000003,
        3.0890000000000004,
        3.3150000000000004,
        3.5150000000000006,
        3.7470000000000008,
        4.037000000000001,
        4.296000000000001,
        4.526000000000002,
        4.750000000000002,
        4.998000000000002,
        5.216000000000002,
        5.447000000000002,
        5.733000000000001,
        6.014000000000001,
        6.364000000000001,
        6.625000000000001,
        6.871,
        7.102,
        7.352,
        7.575,
        7.845000000000001,
        8.110000000000001,
        8.388000000000002,
        8.596000000000002,
        8.800000000000002,
        9.043000000000003,
        9.307000000000002,
        9.530000000000003,
        9.739000000000003
    ],
    "fps": [
        0,
        0,
        0,
        0,
        0,
        0,
        0,
        0,
        0,
        0,
        0,
        0,
        0,
        0,
        0,
        0,
        0,
        0,
        0,
        0,
        0,
        0,
        0,
        0,
        0,
        0,
        19.424460431654676,
        19.424460431654676,
        19.424460431654676,
        19.424460431654676,
        3.228410008071025,
        3.228410008071025,
        3.228410008071025,
        3.228410008071025,
        3.228410008071025,
        4.480286738351254,
        4.480286738351254,
        4.480286738351254,
        4.480286738351254,
        3.988035892323031,
        3.988035892323031,
        3.988035892323031,
        3.988035892323031,
        3.988035892323031,
        3.9556962025316458,
        3.9556962025316458,
        3.9556962025316458,
        3.9556962025316458,
        3.676470588235294,
        3.676470588235294,
        3.676470588235294,
        3.676470588235294,
        3.9682539682539684,
        3.9682539682539684,
        3.9682539682539684,
        3.9682539682539684,
        3.9682539682539684,
        4.177109440267335,
        4.177109440267335,
        4.177109440267335
    ],
    "raf": [
        0,
        37,
        46,
        52,
        16,
        29,
        19,
        26,
        15,
        23,
        26,
        27,
        15,
        17,
        27,
        16,
        18,
        18,
        15,
        388,
        34,
        11,
        21,
        10,
        32,
        32,
        422,
        457,
        283,
        252,
        247,
        225,
        233,
        226,
        200,
        232,
        290,
        259,
        230,
        224,
        248,
        218,
        232,
        285,
        281,
        350,
        261,
        246,
        231,
        251,
        222,
        270,
        265,
        278,
        208,
        205,
        242,
        264,
        223,
        209
    ]
}
