{
    "time": [
        3.0939999999999994,
        3.2529999999999992,
        3.390999999999999,
        3.5469999999999993,
        3.7039999999999993,
        3.8839999999999995,
        4.074,
        4.207,
        4.34,
        4.473,
        4.59,
        4.745,
        4.896,
        5.042,
        5.175,
        5.3069999999999995,
        5.457,
        5.59,
        5.705,
        5.827,
        5.981,
        6.107,
        6.228,
        6.393,
        6.5409999999999995,
        6.664,
        6.774,
        6.899,
        7.008,
        7.115,
        7.228000000000001,
        7.330000000000001,
        7.419000000000001,
        7.5310000000000015,
        7.646000000000002,
        7.749000000000001,
        7.866000000000001,
        8.008000000000001,
        8.108,
        8.206000000000001,
        8.306000000000001,
        8.419,
        8.545,
        8.658,
        8.806,
        8.931999999999999,
        9.070999999999998,
        9.212999999999997,
        9.331999999999997,
        9.440999999999997,
        9.574999999999998,
        9.689999999999998,
        9.784999999999998,
        9.893999999999998,
        10.009999999999998,
        10.105999999999998,
        10.224999999999998,
        10.339999999999998,
        10.451999999999998,
        10.575999999999999,
        10.685999999999998,
        10.802999999999999,
        10.902999999999999,
        11.009999999999998,
        11.117999999999999,
        11.230999999999998,
        11.344999999999999,
        11.462,
        11.594,
        11.69,
        11.815999999999999,
        11.924999999999999,
        12.050999999999998,
        12.174999999999999,
        12.286,
        12.392,
        12.5,
        12.599,
        12.698,
        12.819,
        12.935
    ],
    "fps": [
        12.376237623762377,
        4.859086491739553,
        4.859086491739553,
        4.859086491739553,
        4.859086491739553,
        4.859086491739553,
        4.859086491739553,
        4.859086491739553,
        6.439742410303588,
        6.439742410303588,
        6.439742410303588,
        6.439742410303588,
        6.439742410303588,
        6.439742410303588,
        6.439742410303588,
        6.439742410303588,
        7.162041181736795,
        7.162041181736795,
        7.162041181736795,
        7.162041181736795,
        7.162041181736795,
        7.162041181736795,
        7.162041181736795,
        7.162041181736795,
        7.373271889400922,
        7.373271889400922,
        7.373271889400922,
        7.373271889400922,
        7.373271889400922,
        7.373271889400922,
        7.373271889400922,
        7.373271889400922,
        7.373271889400922,
        7.373271889400922,
        9.057971014492754,
        9.057971014492754,
        9.057971014492754,
        9.057971014492754,
        9.057971014492754,
        9.057971014492754,
        9.057971014492754,
        9.057971014492754,
        9.057971014492754,
        8.893280632411066,
        8.893280632411066,
        8.893280632411066,
        8.893280632411066,
        8.893280632411066,
        8.893280632411066,
        8.893280632411066,
        8.893280632411066,
        7.751937984496124,
        7.751937984496124,
        7.751937984496124,
        7.751937984496124,
        7.751937984496124,
        7.751937984496124,
        7.751937984496124,
        7.751937984496124,
        7.751937984496124,
        7.751937984496124,
        8.984725965858042,
        8.984725965858042,
        8.984725965858042,
        8.984725965858042,
        8.984725965858042,
        8.984725965858042,
        8.984725965858042,
        8.984725965858042,
        8.984725965858042,
        8.884501480750247,
        8.884501480750247,
        8.884501480750247,
        8.884501480750247,
        8.884501480750247,
        8.884501480750247,
        8.884501480750247,
        8.884501480750247,
        8.884501480750247,
        8.97308075772682,
        8.97308075772682
    ],
    "raf": [
        254,
        159,
        138,
        156,
        157,
        180,
        190,
        133,
        133,
        133,
        117,
        155,
        151,
        146,
        133,
        132,
        150,
        133,
        115,
        123,
        154,
        125,
        121,
        165,
        149,
        122,
        111,
        125,
        108,
        107,
        113,
        102,
        89,
        112,
        115,
        103,
        117,
        142,
        100,
        98,
        100,
        113,
        126,
        113,
        148,
        127,
        138,
        142,
        119,
        109,
        134,
        115,
        95,
        109,
        116,
        96,
        119,
        115,
        112,
        124,
        110,
        117,
        100,
        107,
        108,
        113,
        114,
        118,
        132,
        96,
        125,
        109,
        126,
        124,
        111,
        106,
        108,
        99,
        99,
        121,
        116
    ]
}
