{
    "time": [
        3.0829999999999993,
        3.265999999999999,
        3.430999999999999,
        3.6349999999999993,
        3.8269999999999995,
        3.9809999999999994,
        4.164999999999999,
        4.374999999999999,
        4.589999999999999,
        4.839999999999999,
        5.016999999999999,
        5.180999999999998,
        5.363999999999998,
        5.516999999999998,
        5.681999999999998,
        5.825999999999998,
        6.0509999999999975,
        6.1919999999999975,
        6.345999999999997,
        6.505999999999998,
        6.657999999999998,
        6.806999999999998,
        6.963999999999998,
        7.172999999999997,
        7.404999999999998,
        7.540999999999998,
        7.6679999999999975,
        7.783999999999997,
        7.8859999999999975,
        7.999999999999997,
        8.105999999999998,
        8.222999999999999,
        8.36,
        8.465,
        8.58,
        8.706,
        8.870999999999999,
        9.043999999999999,
        9.224999999999998,
        9.366999999999997,
        9.525999999999998,
        9.673999999999998,
        9.829999999999998,
        9.982999999999999,
        10.143999999999998,
        10.297999999999998,
        10.447999999999999,
        10.665999999999999,
        10.863999999999999,
        11.024,
        11.181999999999999,
        11.418,
        11.572999999999999,
        11.714999999999998,
        11.882999999999997,
        12.062999999999997,
        12.226999999999997,
        12.397999999999996,
        12.612999999999996,
        12.853999999999996
    ],
    "fps": [
        17.341040462427745,
        4.770992366412214,
        4.770992366412214,
        4.770992366412214,
        4.770992366412214,
        4.770992366412214,
        4.770992366412214,
        5.390835579514825,
        5.390835579514825,
        5.390835579514825,
        5.390835579514825,
        5.390835579514825,
        5.390835579514825,
        5.267778753292362,
        5.267778753292362,
        5.267778753292362,
        5.267778753292362,
        5.267778753292362,
        5.267778753292362,
        5.267778753292362,
        6.140350877192983,
        6.140350877192983,
        6.140350877192983,
        6.140350877192983,
        6.140350877192983,
        6.140350877192983,
        5.9405940594059405,
        5.9405940594059405,
        5.9405940594059405,
        5.9405940594059405,
        5.9405940594059405,
        5.9405940594059405,
        5.9405940594059405,
        5.9405940594059405,
        5.9405940594059405,
        8.670520231213873,
        8.670520231213873,
        8.670520231213873,
        8.670520231213873,
        8.670520231213873,
        8.670520231213873,
        8.670520231213873,
        6.227758007117438,
        6.227758007117438,
        6.227758007117438,
        6.227758007117438,
        6.227758007117438,
        6.227758007117438,
        5.802707930367505,
        5.802707930367505,
        5.802707930367505,
        5.802707930367505,
        5.802707930367505,
        5.802707930367505,
        5.888125613346418,
        5.888125613346418,
        5.888125613346418,
        5.888125613346418,
        5.888125613346418,
        5.888125613346418
    ],
    "raf": [
        229,
        183,
        165,
        204,
        192,
        154,
        184,
        210,
        211,
        250,
        177,
        164,
        183,
        154,
        164,
        144,
        225,
        142,
        153,
        160,
        152,
        149,
        157,
        209,
        232,
        136,
        127,
        116,
        103,
        113,
        106,
        117,
        137,
        105,
        116,
        125,
        165,
        173,
        181,
        142,
        159,
        148,
        156,
        153,
        161,
        154,
        150,
        219,
        197,
        160,
        158,
        236,
        155,
        142,
        168,
        180,
        164,
        171,
        214,
        242
    ]
}
