{
    "time": [
        3.1120000000000005,
        3.2280000000000006,
        3.3360000000000007,
        3.4660000000000006,
        3.5800000000000005,
        3.6860000000000004,
        3.833,
        3.9690000000000003,
        4.09,
        4.215,
        4.33,
        4.44,
        4.5840000000000005,
        4.774000000000001,
        4.9830000000000005,
        5.147,
        5.28,
        5.4190000000000005,
        5.549,
        5.671,
        5.804,
        5.942,
        6.073,
        6.188000000000001,
        6.313000000000001,
        6.439000000000001,
        6.587000000000001,
        6.73,
        6.843000000000001,
        6.9750000000000005,
        7.082000000000001,
        7.2170000000000005,
        7.344,
        7.474,
        7.612,
        7.748,
        7.907,
        8.046,
        8.167,
        8.28,
        8.426,
        8.528,
        8.68,
        8.839,
        8.982000000000001,
        9.13,
        9.275,
        9.387,
        9.515,
        9.63,
        9.756,
        9.855,
        9.964,
        10.079,
        10.186,
        10.294,
        10.397,
        10.51,
        10.634,
        10.76,
        10.865,
        10.989,
        11.114,
        11.247,
        11.395,
        11.504999999999999,
        11.629999999999999,
        11.761,
        11.870999999999999,
        11.993999999999998,
        12.110999999999999,
        12.225999999999999,
        12.354999999999999,
        12.466999999999999,
        12.594999999999999,
        12.709999999999999,
        12.818999999999999,
        12.957999999999998
    ],
    "fps": [
        7.226738934056007,
        7.414272474513439,
        7.414272474513439,
        7.414272474513439,
        7.414272474513439,
        7.414272474513439,
        7.414272474513439,
        7.414272474513439,
        7.414272474513439,
        7.414272474513439,
        8.166969147005444,
        8.166969147005444,
        8.166969147005444,
        8.166969147005444,
        8.166969147005444,
        8.166969147005444,
        8.166969147005444,
        6.422018348623853,
        6.422018348623853,
        6.422018348623853,
        6.422018348623853,
        6.422018348623853,
        6.422018348623853,
        6.422018348623853,
        6.422018348623853,
        7.8508341511285575,
        7.8508341511285575,
        7.8508341511285575,
        7.8508341511285575,
        7.8508341511285575,
        7.8508341511285575,
        7.8508341511285575,
        7.8508341511285575,
        7.729468599033816,
        7.729468599033816,
        7.729468599033816,
        7.729468599033816,
        7.729468599033816,
        7.729468599033816,
        7.729468599033816,
        7.729468599033816,
        7.590132827324478,
        7.590132827324478,
        7.590132827324478,
        7.590132827324478,
        7.590132827324478,
        7.590132827324478,
        7.590132827324478,
        7.590132827324478,
        7.259528130671506,
        7.259528130671506,
        7.259528130671506,
        7.259528130671506,
        7.259528130671506,
        7.259528130671506,
        7.259528130671506,
        7.259528130671506,
        7.259528130671506,
        8.96414342629482,
        8.96414342629482,
        8.96414342629482,
        8.96414342629482,
        8.96414342629482,
        8.96414342629482,
        8.96414342629482,
        8.96414342629482,
        8.96414342629482,
        7.985803016858918,
        7.985803016858918,
        7.985803016858918,
        7.985803016858918,
        7.985803016858918,
        7.985803016858918,
        7.985803016858918,
        7.985803016858918,
        7.985803016858918,
        8.506616257088847,
        8.506616257088847
    ],
    "raf": [
        140,
        116,
        108,
        131,
        113,
        106,
        147,
        136,
        121,
        125,
        115,
        110,
        144,
        190,
        209,
        164,
        133,
        140,
        129,
        122,
        133,
        138,
        132,
        114,
        125,
        126,
        148,
        143,
        113,
        132,
        107,
        135,
        127,
        130,
        139,
        135,
        159,
        139,
        121,
        114,
        145,
        102,
        152,
        159,
        143,
        148,
        146,
        111,
        128,
        115,
        126,
        100,
        108,
        115,
        107,
        108,
        103,
        113,
        124,
        126,
        105,
        124,
        125,
        133,
        148,
        110,
        125,
        131,
        110,
        123,
        117,
        115,
        129,
        112,
        128,
        115,
        109,
        139
    ]
}
