{
    "time": [
        3.04,
        3.236,
        3.406,
        3.573,
        3.706,
        3.872,
        4.069,
        4.237,
        4.393,
        4.575,
        4.764,
        4.958,
        5.107,
        5.309,
        5.498,
        5.692,
        5.865,
        6.042,
        6.26,
        6.438,
        6.553,
        6.701,
        6.859999999999999,
        7.010999999999999,
        7.153999999999999,
        7.289999999999999,
        7.442999999999999,
        7.611999999999998,
        7.754999999999998,
        7.882999999999998,
        8.035999999999998,
        8.159999999999998,
        8.300999999999998,
        8.448999999999998,
        8.600999999999997,
        8.732999999999997,
        8.887999999999996,
        9.036999999999995,
        9.204999999999995,
        9.350999999999996,
        9.504999999999995,
        9.669999999999995,
        9.832999999999995,
        9.978999999999996,
        10.128999999999996,
        10.286999999999995,
        10.409999999999995,
        10.571999999999996,
        10.736999999999995,
        10.877999999999995,
        11.026999999999994,
        11.183999999999994,
        11.317999999999994,
        11.455999999999994,
        11.618999999999994,
        11.766999999999994,
        11.910999999999994,
        12.063999999999995,
        12.200999999999995,
        12.328999999999995,
        12.472999999999995,
        12.622999999999996,
        12.754999999999995,
        12.886999999999995
    ],
    "fps": [
        3.629764065335753,
        3.629764065335753,
        3.629764065335753,
        3.629764065335753,
        3.629764065335753,
        3.629764065335753,
        5.825242718446602,
        5.825242718446602,
        5.825242718446602,
        5.825242718446602,
        5.825242718446602,
        5.825242718446602,
        5.785920925747348,
        5.785920925747348,
        5.785920925747348,
        5.785920925747348,
        5.785920925747348,
        5.785920925747348,
        5.203816131830009,
        5.203816131830009,
        5.203816131830009,
        5.203816131830009,
        5.203816131830009,
        5.203816131830009,
        5.203816131830009,
        6.796116504854369,
        6.796116504854369,
        6.796116504854369,
        6.796116504854369,
        6.796116504854369,
        6.796116504854369,
        6.796116504854369,
        6.923837784371909,
        6.923837784371909,
        6.923837784371909,
        6.923837784371909,
        6.923837784371909,
        6.923837784371909,
        6.923837784371909,
        6.666666666666667,
        6.666666666666667,
        6.666666666666667,
        6.666666666666667,
        6.666666666666667,
        6.666666666666667,
        6.666666666666667,
        6.610009442870632,
        6.610009442870632,
        6.610009442870632,
        6.610009442870632,
        6.610009442870632,
        6.610009442870632,
        6.610009442870632,
        6.692160611854685,
        6.692160611854685,
        6.692160611854685,
        6.692160611854685,
        6.692160611854685,
        6.692160611854685,
        6.692160611854685,
        6.882989183874139,
        6.882989183874139,
        6.882989183874139,
        6.882989183874139
    ],
    "raf": [
        298,
        196,
        170,
        167,
        133,
        166,
        197,
        168,
        157,
        181,
        189,
        194,
        149,
        202,
        189,
        194,
        173,
        177,
        218,
        178,
        116,
        148,
        158,
        151,
        144,
        135,
        153,
        170,
        142,
        128,
        154,
        123,
        141,
        148,
        152,
        132,
        155,
        149,
        168,
        146,
        154,
        165,
        163,
        146,
        150,
        158,
        123,
        162,
        165,
        141,
        149,
        157,
        134,
        138,
        163,
        148,
        144,
        153,
        137,
        128,
        144,
        150,
        132,
        132
    ]
}
