{
    "time": [
        3.1030000000000006,
        3.2900000000000005,
        3.4680000000000004,
        3.6600000000000006,
        3.8870000000000005,
        4.125,
        4.276,
        4.471,
        4.6290000000000004,
        4.828,
        5.086,
        5.3260000000000005,
        5.502000000000001,
        5.69,
        5.869000000000001,
        6.058000000000001,
        6.234000000000001,
        6.394000000000001,
        6.583000000000001,
        6.767000000000001,
        6.963000000000001,
        7.171000000000001,
        7.336000000000001,
        7.497000000000001,
        7.658,
        7.869000000000001,
        8.015,
        8.177000000000001,
        8.360000000000001,
        8.566,
        8.739,
        8.888,
        9.048,
        9.21,
        9.437000000000001,
        9.643,
        9.817,
        10.003,
        10.158,
        10.368,
        10.559000000000001,
        10.728000000000002,
        10.919000000000002,
        11.066000000000003,
        11.225000000000003,
        11.392000000000003,
        11.557000000000002,
        11.722000000000001,
        11.891000000000002,
        12.035000000000002,
        12.197000000000003,
        12.354000000000003,
        12.524000000000003,
        12.691000000000003,
        12.859000000000002
    ],
    "fps": [
        4.194630872483222,
        4.194630872483222,
        4.194630872483222,
        4.757373929590866,
        4.757373929590866,
        4.757373929590866,
        4.757373929590866,
        4.757373929590866,
        4.757373929590866,
        5.136986301369863,
        5.136986301369863,
        5.136986301369863,
        5.136986301369863,
        5.136986301369863,
        4.793863854266539,
        4.793863854266539,
        4.793863854266539,
        4.793863854266539,
        4.793863854266539,
        4.793863854266539,
        5.489478499542543,
        5.489478499542543,
        5.489478499542543,
        5.489478499542543,
        5.489478499542543,
        5.489478499542543,
        5.708848715509039,
        5.708848715509039,
        5.708848715509039,
        5.708848715509039,
        5.708848715509039,
        5.708848715509039,
        5.802707930367505,
        5.802707930367505,
        5.802707930367505,
        5.802707930367505,
        5.802707930367505,
        5.802707930367505,
        5.410279531109107,
        5.410279531109107,
        5.410279531109107,
        5.410279531109107,
        5.410279531109107,
        5.410279531109107,
        5.623242736644799,
        5.623242736644799,
        5.623242736644799,
        5.623242736644799,
        5.623242736644799,
        5.623242736644799,
        5.623242736644799,
        6.200177147918512,
        6.200177147918512,
        6.200177147918512,
        6.200177147918512
    ],
    "raf": [
        208,
        187,
        178,
        192,
        227,
        238,
        152,
        194,
        158,
        199,
        258,
        240,
        177,
        187,
        180,
        188,
        176,
        160,
        189,
        184,
        197,
        207,
        165,
        161,
        161,
        211,
        146,
        162,
        183,
        206,
        173,
        149,
        160,
        161,
        227,
        206,
        174,
        186,
        155,
        210,
        191,
        170,
        190,
        148,
        158,
        167,
        165,
        165,
        169,
        145,
        161,
        157,
        170,
        167,
        168
    ]
}
