{
    "time": [
        0,
        2.002,
        4.042,
        4.378,
        4.564,
        4.734,
        4.856,
        4.961,
        5.054,
        5.148000000000001,
        5.235,
        5.323,
        5.406000000000001,
        5.500000000000001,
        5.605000000000001,
        5.698000000000001,
        5.787000000000002,
        5.892000000000002,
        5.993000000000002,
        6.1060000000000025,
        6.233000000000002,
        6.326000000000002,
        6.476000000000003,
        6.639000000000003,
        6.799000000000003,
        6.931000000000003,
        7.0260000000000025,
        7.113000000000002,
        7.202000000000003,
        7.297000000000002,
        7.390000000000002,
        7.521000000000003,
        7.655000000000003,
        7.775000000000003,
        7.920000000000003,
        8.106000000000003,
        8.265000000000004,
        8.393000000000004,
        8.484000000000004,
        8.572000000000003,
        8.667000000000003,
        8.791000000000004,
        8.973000000000004,
        9.100000000000005,
        9.263000000000005,
        9.378000000000005,
        9.454000000000006,
        9.540000000000006,
        9.634000000000006,
        9.794000000000006,
        9.924000000000007
    ],
    "fps": [
        0,
        1,
        0.49019607843137253,
        0.49019607843137253,
        0.49019607843137253,
        0.49019607843137253,
        0.49019607843137253,
        0.49019607843137253,
        5.928853754940712,
        5.928853754940712,
        5.928853754940712,
        5.928853754940712,
        5.928853754940712,
        5.928853754940712,
        5.928853754940712,
        5.928853754940712,
        5.928853754940712,
        5.928853754940712,
        5.928853754940712,
        10.456273764258555,
        10.456273764258555,
        10.456273764258555,
        10.456273764258555,
        10.456273764258555,
        10.456273764258555,
        10.456273764258555,
        10.456273764258555,
        7.936507936507937,
        7.936507936507937,
        7.936507936507937,
        7.936507936507937,
        7.936507936507937,
        7.936507936507937,
        7.936507936507937,
        7.936507936507937,
        7.936507936507937,
        7.819287576020852,
        7.819287576020852,
        7.819287576020852,
        7.819287576020852,
        7.819287576020852,
        7.819287576020852,
        7.819287576020852,
        7.819287576020852,
        7.819287576020852,
        8.086253369272237,
        8.086253369272237,
        8.086253369272237,
        8.086253369272237,
        8.086253369272237,
        8.086253369272237
    ],
    "raf": [
        1,
        2000,
        2040,
        336,
        186,
        171,
        122,
        104,
        93,
        94,
        88,
        87,
        83,
        94,
        105,
        92,
        89,
        105,
        101,
        113,
        127,
        93,
        150,
        163,
        160,
        132,
        95,
        88,
        88,
        95,
        93,
        131,
        134,
        120,
        145,
        186,
        159,
        128,
        91,
        88,
        95,
        124,
        182,
        127,
        163,
        115,
        76,
        86,
        94,
        160,
        130
    ]
}
