{
    "time": [
        3.1209999999999996,
        3.2179999999999995,
        3.3259999999999996,
        3.4439999999999995,
        3.5639999999999996,
        3.675,
        3.8,
        3.932,
        4.049,
        4.172000000000001,
        4.272,
        4.361000000000001,
        4.478000000000001,
        4.5600000000000005,
        4.656000000000001,
        4.751,
        4.865,
        4.972,
        5.066000000000001,
        5.1770000000000005,
        5.268000000000001,
        5.3740000000000006,
        5.469,
        5.589,
        5.674,
        5.773000000000001,
        5.869000000000001,
        5.979000000000001,
        6.084000000000001,
        6.198000000000001,
        6.3290000000000015,
        6.482000000000001,
        6.588000000000001,
        6.715000000000001,
        6.839,
        6.965000000000001,
        7.082000000000001,
        7.23,
        7.351000000000001,
        7.4510000000000005,
        7.565,
        7.681,
        7.76,
        7.846,
        7.93,
        8.029,
        8.127,
        8.207,
        8.293000000000001,
        8.382000000000001,
        8.509000000000002,
        8.588000000000003,
        8.670000000000003,
        8.760000000000003,
        8.841000000000003,
        8.945000000000002,
        9.033000000000001,
        9.111,
        9.215,
        9.304,
        9.399000000000001,
        9.483,
        9.597000000000001,
        9.688,
        9.797,
        9.878,
        9.973,
        10.048,
        10.134,
        10.216000000000001,
        10.312000000000001,
        10.402000000000001,
        10.48,
        10.578000000000001,
        10.674000000000001,
        10.758000000000001,
        10.852,
        10.929,
        11.015,
        11.111,
        11.185,
        11.3,
        11.446000000000002,
        11.523000000000001,
        11.604000000000001,
        11.696000000000002,
        11.777000000000001,
        11.918000000000001,
        12.042000000000002,
        12.115000000000002,
        12.203000000000001,
        12.279000000000002,
        12.372000000000002,
        12.491000000000001,
        12.598,
        12.680000000000001,
        12.765000000000002,
        12.879000000000003,
        12.980000000000004
    ],
    "fps": [
        9.82318271119843,
        9.82318271119843,
        9.82318271119843,
        9.82318271119843,
        9.82318271119843,
        9.82318271119843,
        9.82318271119843,
        9.82318271119843,
        9.82318271119843,
        8.56327307326356,
        8.56327307326356,
        8.56327307326356,
        8.56327307326356,
        8.56327307326356,
        8.56327307326356,
        8.56327307326356,
        8.56327307326356,
        8.56327307326356,
        8.56327307326356,
        9.950248756218905,
        9.950248756218905,
        9.950248756218905,
        9.950248756218905,
        9.950248756218905,
        9.950248756218905,
        9.950248756218905,
        9.950248756218905,
        9.950248756218905,
        9.950248756218905,
        9.79431929480901,
        9.79431929480901,
        9.79431929480901,
        9.79431929480901,
        9.79431929480901,
        9.79431929480901,
        9.79431929480901,
        9.79431929480901,
        7.751937984496124,
        7.751937984496124,
        7.751937984496124,
        7.751937984496124,
        7.751937984496124,
        7.751937984496124,
        7.751937984496124,
        7.751937984496124,
        7.751937984496124,
        7.751937984496124,
        7.751937984496124,
        10.338345864661655,
        10.338345864661655,
        10.338345864661655,
        10.338345864661655,
        10.338345864661655,
        10.338345864661655,
        10.338345864661655,
        10.338345864661655,
        10.338345864661655,
        10.338345864661655,
        10.338345864661655,
        10.891089108910892,
        10.891089108910892,
        10.891089108910892,
        10.891089108910892,
        10.891089108910892,
        10.891089108910892,
        10.891089108910892,
        10.891089108910892,
        10.891089108910892,
        10.891089108910892,
        10.891089108910892,
        10.912698412698413,
        10.912698412698413,
        10.912698412698413,
        10.912698412698413,
        10.912698412698413,
        10.912698412698413,
        10.912698412698413,
        10.912698412698413,
        10.912698412698413,
        10.912698412698413,
        10.912698412698413,
        10.912698412698413,
        10.582010582010582,
        10.582010582010582,
        10.582010582010582,
        10.582010582010582,
        10.582010582010582,
        10.582010582010582,
        10.582010582010582,
        10.582010582010582,
        10.582010582010582,
        10.582010582010582,
        10.582010582010582,
        10.526315789473685,
        10.526315789473685,
        10.526315789473685,
        10.526315789473685,
        10.526315789473685,
        10.526315789473685
    ],
    "raf": [
        123,
        97,
        108,
        118,
        120,
        112,
        125,
        131,
        117,
        123,
        100,
        89,
        117,
        82,
        96,
        95,
        114,
        107,
        94,
        111,
        91,
        106,
        95,
        120,
        85,
        99,
        97,
        109,
        105,
        114,
        131,
        153,
        107,
        126,
        124,
        126,
        117,
        148,
        121,
        100,
        114,
        116,
        79,
        86,
        84,
        99,
        98,
        80,
        87,
        89,
        126,
        79,
        82,
        90,
        81,
        104,
        88,
        78,
        104,
        89,
        95,
        84,
        115,
        90,
        109,
        82,
        94,
        75,
        86,
        82,
        96,
        90,
        78,
        99,
        95,
        84,
        94,
        77,
        86,
        96,
        74,
        115,
        146,
        77,
        81,
        92,
        81,
        141,
        124,
        73,
        89,
        75,
        93,
        119,
        107,
        82,
        86,
        113,
        101
    ]
}
