{
    "time": [
        3.0100000000000007,
        3.1760000000000006,
        3.3220000000000005,
        3.4830000000000005,
        3.6280000000000006,
        3.7440000000000007,
        3.8650000000000007,
        4.0120000000000005,
        4.167000000000001,
        4.300000000000001,
        4.431000000000001,
        4.548000000000001,
        4.695000000000001,
        4.832000000000001,
        4.965000000000001,
        5.115000000000001,
        5.251000000000001,
        5.3820000000000014,
        5.512000000000001,
        5.644000000000001,
        5.765000000000001,
        5.904000000000001,
        6.031000000000001,
        6.165000000000001,
        6.319000000000001,
        6.432000000000001,
        6.561000000000002,
        6.681000000000002,
        6.798000000000002,
        6.905000000000002,
        7.025000000000002,
        7.160000000000002,
        7.259000000000002,
        7.389000000000002,
        7.496000000000002,
        7.5980000000000025,
        7.733000000000002,
        7.836000000000002,
        7.937000000000002,
        8.054000000000002,
        8.165000000000003,
        8.275000000000002,
        8.409000000000002,
        8.526000000000003,
        8.674000000000003,
        8.785000000000004,
        8.928000000000004,
        9.072000000000005,
        9.186000000000005,
        9.303000000000006,
        9.421000000000006,
        9.561000000000007,
        9.683000000000007,
        9.796000000000006,
        9.902000000000006,
        10.012000000000006,
        10.139000000000006,
        10.236000000000006,
        10.355000000000006,
        10.476000000000006,
        10.593000000000007,
        10.702000000000007,
        10.820000000000007,
        10.931000000000008,
        11.038000000000007,
        11.161000000000007,
        11.288000000000007,
        11.402000000000008,
        11.527000000000008,
        11.641000000000009,
        11.76500000000001,
        11.875000000000009,
        11.988000000000008,
        12.119000000000009,
        12.24900000000001,
        12.36400000000001,
        12.490000000000009,
        12.61800000000001,
        12.737000000000009,
        12.83800000000001,
        12.95600000000001
    ],
    "fps": [
        6.5543071161048685,
        6.5543071161048685,
        6.5543071161048685,
        6.5543071161048685,
        6.5543071161048685,
        6.300630063006301,
        6.300630063006301,
        6.300630063006301,
        6.300630063006301,
        6.300630063006301,
        6.300630063006301,
        6.300630063006301,
        6.300630063006301,
        7.352941176470588,
        7.352941176470588,
        7.352941176470588,
        7.352941176470588,
        7.352941176470588,
        7.352941176470588,
        7.352941176470588,
        7.352941176470588,
        7.462686567164179,
        7.462686567164179,
        7.462686567164179,
        7.462686567164179,
        7.462686567164179,
        7.462686567164179,
        7.462686567164179,
        7.462686567164179,
        7.992007992007992,
        7.992007992007992,
        7.992007992007992,
        7.992007992007992,
        7.992007992007992,
        7.992007992007992,
        7.992007992007992,
        7.992007992007992,
        7.992007992007992,
        8.712487899322362,
        8.712487899322362,
        8.712487899322362,
        8.712487899322362,
        8.712487899322362,
        8.712487899322362,
        8.712487899322362,
        8.712487899322362,
        8.712487899322362,
        7.936507936507937,
        7.936507936507937,
        7.936507936507937,
        7.936507936507937,
        7.936507936507937,
        7.936507936507937,
        7.936507936507937,
        7.936507936507937,
        7.936507936507937,
        8.434864104967199,
        8.434864104967199,
        8.434864104967199,
        8.434864104967199,
        8.434864104967199,
        8.434864104967199,
        8.434864104967199,
        8.434864104967199,
        8.434864104967199,
        8.806262230919765,
        8.806262230919765,
        8.806262230919765,
        8.806262230919765,
        8.806262230919765,
        8.806262230919765,
        8.806262230919765,
        8.806262230919765,
        8.806262230919765,
        8.272058823529411,
        8.272058823529411,
        8.272058823529411,
        8.272058823529411,
        8.272058823529411,
        8.272058823529411,
        8.272058823529411
    ],
    "raf": [
        194,
        165,
        146,
        161,
        145,
        116,
        121,
        147,
        155,
        133,
        131,
        117,
        147,
        137,
        133,
        150,
        136,
        132,
        129,
        132,
        121,
        139,
        127,
        134,
        153,
        113,
        129,
        120,
        117,
        107,
        120,
        135,
        99,
        130,
        107,
        102,
        136,
        102,
        102,
        116,
        111,
        110,
        134,
        117,
        148,
        111,
        143,
        144,
        114,
        117,
        118,
        140,
        122,
        113,
        106,
        110,
        127,
        99,
        117,
        121,
        118,
        108,
        118,
        111,
        107,
        123,
        127,
        114,
        125,
        114,
        124,
        110,
        113,
        131,
        130,
        115,
        127,
        127,
        119,
        101,
        118
    ]
}
