{
    "time": [
        3.0650000000000004,
        3.2380000000000004,
        3.4150000000000005,
        3.5250000000000004,
        3.6630000000000003,
        3.7760000000000002,
        3.9000000000000004,
        4.022,
        4.119000000000001,
        4.2860000000000005,
        4.404000000000001,
        4.524000000000001,
        4.645000000000001,
        4.770000000000001,
        4.870000000000001,
        4.987000000000001,
        5.094000000000001,
        5.213000000000001,
        5.343000000000001,
        5.470000000000001,
        5.603000000000001,
        5.692000000000001,
        5.816000000000001,
        5.917000000000001,
        6.038,
        6.140000000000001,
        6.291,
        6.389,
        6.487,
        6.603,
        6.7059999999999995,
        6.856,
        6.9719999999999995,
        7.068,
        7.185,
        7.313,
        7.425,
        7.521,
        7.626,
        7.75,
        7.852,
        7.977,
        8.084,
        8.219,
        8.327,
        8.442,
        8.569,
        8.669,
        8.781,
        8.888,
        9.004,
        9.135,
        9.247,
        9.361,
        9.47,
        9.599,
        9.719,
        9.815999999999999,
        9.938999999999998,
        10.057999999999998,
        10.157999999999998,
        10.266999999999998,
        10.374999999999998,
        10.513999999999998,
        10.607999999999997,
        10.722999999999997,
        10.835999999999997,
        10.991999999999997,
        11.084999999999997,
        11.185999999999998,
        11.317999999999998,
        11.475999999999997,
        11.599999999999998,
        11.697999999999999,
        11.806999999999999,
        11.953999999999999,
        12.087,
        12.209999999999999,
        12.315,
        12.434999999999999,
        12.541999999999998,
        12.651999999999997,
        12.752999999999998,
        12.886999999999999,
        12.983999999999998
    ],
    "fps": [
        11.893870082342177,
        6.99912510936133,
        6.99912510936133,
        6.99912510936133,
        6.99912510936133,
        6.99912510936133,
        6.99912510936133,
        6.99912510936133,
        6.99912510936133,
        7.640878701050621,
        7.640878701050621,
        7.640878701050621,
        7.640878701050621,
        7.640878701050621,
        7.640878701050621,
        7.640878701050621,
        7.640878701050621,
        7.640878701050621,
        8.514664143803216,
        8.514664143803216,
        8.514664143803216,
        8.514664143803216,
        8.514664143803216,
        8.514664143803216,
        8.514664143803216,
        8.514664143803216,
        8.514664143803216,
        8.604206500956023,
        8.604206500956023,
        8.604206500956023,
        8.604206500956023,
        8.604206500956023,
        8.604206500956023,
        8.604206500956023,
        8.604206500956023,
        8.604206500956023,
        8.687258687258687,
        8.687258687258687,
        8.687258687258687,
        8.687258687258687,
        8.687258687258687,
        8.687258687258687,
        8.687258687258687,
        8.687258687258687,
        8.687258687258687,
        8.849557522123893,
        8.849557522123893,
        8.849557522123893,
        8.849557522123893,
        8.849557522123893,
        8.849557522123893,
        8.849557522123893,
        8.849557522123893,
        8.849557522123893,
        8.754863813229573,
        8.754863813229573,
        8.754863813229573,
        8.754863813229573,
        8.754863813229573,
        8.754863813229573,
        8.754863813229573,
        8.754863813229573,
        8.754863813229573,
        8.620689655172415,
        8.620689655172415,
        8.620689655172415,
        8.620689655172415,
        8.620689655172415,
        8.620689655172415,
        8.620689655172415,
        8.620689655172415,
        8.620689655172415,
        8.287292817679559,
        8.287292817679559,
        8.287292817679559,
        8.287292817679559,
        8.287292817679559,
        8.287292817679559,
        8.287292817679559,
        8.287292817679559,
        8.287292817679559,
        8.55513307984791,
        8.55513307984791,
        8.55513307984791,
        8.55513307984791
    ],
    "raf": [
        160,
        174,
        176,
        110,
        138,
        113,
        124,
        122,
        97,
        167,
        118,
        120,
        121,
        125,
        100,
        118,
        106,
        119,
        130,
        127,
        133,
        89,
        124,
        101,
        121,
        103,
        150,
        98,
        98,
        116,
        103,
        150,
        116,
        96,
        117,
        129,
        111,
        96,
        105,
        124,
        103,
        124,
        107,
        135,
        109,
        114,
        127,
        100,
        112,
        107,
        116,
        132,
        111,
        114,
        109,
        129,
        120,
        97,
        123,
        119,
        100,
        109,
        108,
        139,
        94,
        115,
        113,
        156,
        93,
        102,
        131,
        158,
        124,
        98,
        109,
        147,
        133,
        123,
        105,
        120,
        108,
        109,
        101,
        134,
        97
    ]
}
