{
    "time": [
        3.22,
        3.462,
        3.66,
        3.8360000000000003,
        4.041,
        4.2170000000000005,
        4.343000000000001,
        4.486000000000001,
        4.601000000000001,
        4.714000000000001,
        4.844000000000001,
        5.004000000000001,
        5.120000000000001,
        5.253000000000001,
        5.411000000000001,
        5.516000000000002,
        5.613000000000002,
        5.743000000000002,
        5.8640000000000025,
        5.960000000000003,
        6.060000000000002,
        6.186000000000003,
        6.286000000000002,
        6.389000000000002,
        6.506000000000002,
        6.599000000000002,
        6.694000000000002,
        6.811000000000002,
        6.927000000000001,
        7.042000000000002,
        7.135000000000002,
        7.2360000000000015,
        7.336000000000001,
        7.435000000000001,
        7.561000000000002,
        7.659000000000002,
        7.775000000000001,
        7.870000000000001,
        7.975000000000001,
        8.094000000000001,
        8.194,
        8.294,
        8.386000000000001,
        8.478000000000002,
        8.576000000000002,
        8.707000000000003,
        8.815000000000003,
        8.927000000000003,
        9.027000000000003,
        9.134000000000002,
        9.229000000000003,
        9.331000000000003,
        9.414000000000003,
        9.528000000000004,
        9.644000000000004,
        9.733000000000004,
        9.853000000000003,
        9.953000000000003,
        10.066000000000003,
        10.171000000000003,
        10.281000000000002,
        10.393000000000002,
        10.526000000000003,
        10.653000000000004,
        10.767000000000005,
        10.876000000000005,
        10.992000000000004,
        11.109000000000005,
        11.203000000000005,
        11.317000000000005,
        11.414000000000005,
        11.528000000000006,
        11.653000000000006,
        11.767000000000007,
        11.890000000000006,
        11.995000000000006,
        12.091000000000006,
        12.189000000000007,
        12.285000000000007,
        12.382000000000007,
        12.490000000000007,
        12.587000000000007,
        12.690000000000007,
        12.805000000000007,
        12.908000000000007
    ],
    "fps": [
        11.063306699446835,
        11.063306699446835,
        3.9486673247778876,
        3.9486673247778876,
        3.9486673247778876,
        3.9486673247778876,
        3.9486673247778876,
        3.9486673247778876,
        3.9486673247778876,
        6.641366223908919,
        6.641366223908919,
        6.641366223908919,
        6.641366223908919,
        6.641366223908919,
        6.641366223908919,
        6.641366223908919,
        6.641366223908919,
        7.774538386783285,
        7.774538386783285,
        7.774538386783285,
        7.774538386783285,
        7.774538386783285,
        7.774538386783285,
        7.774538386783285,
        7.774538386783285,
        7.774538386783285,
        7.774538386783285,
        9.354536950420954,
        9.354536950420954,
        9.354536950420954,
        9.354536950420954,
        9.354536950420954,
        9.354536950420954,
        9.354536950420954,
        9.354536950420954,
        9.354536950420954,
        9.354536950420954,
        9.45179584120983,
        9.45179584120983,
        9.45179584120983,
        9.45179584120983,
        9.45179584120983,
        9.45179584120983,
        9.45179584120983,
        9.45179584120983,
        9.45179584120983,
        9.45179584120983,
        9.460737937559129,
        9.460737937559129,
        9.460737937559129,
        9.460737937559129,
        9.460737937559129,
        9.460737937559129,
        9.460737937559129,
        9.460737937559129,
        9.460737937559129,
        9.460737937559129,
        9.746588693957115,
        9.746588693957115,
        9.746588693957115,
        9.746588693957115,
        9.746588693957115,
        9.746588693957115,
        9.746588693957115,
        9.746588693957115,
        9.746588693957115,
        8.662175168431183,
        8.662175168431183,
        8.662175168431183,
        8.662175168431183,
        8.662175168431183,
        8.662175168431183,
        8.662175168431183,
        8.662175168431183,
        8.662175168431183,
        8.97308075772682,
        8.97308075772682,
        8.97308075772682,
        8.97308075772682,
        8.97308075772682,
        8.97308075772682,
        8.97308075772682,
        8.97308075772682,
        8.97308075772682,
        8.97308075772682
    ],
    "raf": [
        305,
        242,
        198,
        176,
        205,
        176,
        126,
        142,
        115,
        113,
        130,
        160,
        116,
        133,
        158,
        106,
        96,
        130,
        121,
        96,
        100,
        126,
        100,
        104,
        116,
        93,
        95,
        118,
        115,
        115,
        93,
        101,
        100,
        99,
        126,
        98,
        116,
        95,
        105,
        119,
        100,
        100,
        92,
        92,
        98,
        131,
        109,
        111,
        100,
        107,
        96,
        101,
        84,
        113,
        116,
        90,
        119,
        100,
        113,
        105,
        110,
        112,
        133,
        128,
        113,
        109,
        116,
        117,
        94,
        114,
        97,
        114,
        125,
        114,
        123,
        105,
        96,
        98,
        96,
        97,
        108,
        97,
        103,
        115,
        103
    ]
}
