{"time":[3.4590000000000005,4.229000000000001,4.933000000000001,5.546000000000001,6.155000000000001,6.814000000000001,7.442000000000001,8.055000000000001,8.688000000000002,9.302000000000003,9.924000000000003,10.532000000000004,11.162000000000004,11.786000000000005,12.401000000000005],"fps":[1.5026296018031555,1.455604075691412,1.455604075691412,1.5197568389057752,1.5197568389057752,1.5772870662460567,1.5772870662460567,1.6116035455278002,1.6116035455278002,1.6038492381716118,1.6038492381716118,1.6260162601626016,1.6260162601626016,1.594896331738437,1.594896331738437],"raf":[603,771,703,613,609,659,628,613,633,614,622,608,630,624,615]}