{"time":[3.2200000000000006,3.4860000000000007,3.734000000000001,3.9940000000000007,4.2330000000000005,4.497000000000001,4.746,4.989000000000001,5.244000000000001,5.497000000000001,5.7540000000000004,6,6.37,6.68,6.925,7.181,7.44,7.686,7.9559999999999995,8.219,8.465,8.719,8.968,9.217,9.466000000000001,9.744000000000002,10.005,10.267000000000001,10.541,10.803,11.063,11.315000000000001,11.575000000000001,11.828000000000001,12.076,12.337,12.591,12.847],"fps":[2.9182879377431905,2.9182879377431905,3.8535645472061657,3.8535645472061657,3.8535645472061657,3.8535645472061657,3.952569169960474,3.952569169960474,3.952569169960474,3.952569169960474,3.9682539682539684,3.9682539682539684,3.9682539682539684,3.9682539682539684,3.4158838599487615,3.4158838599487615,3.4158838599487615,3.4158838599487615,3.875968992248062,3.875968992248062,3.875968992248062,3.875968992248062,3.9564787339268053,3.9564787339268053,3.9564787339268053,3.9564787339268053,3.8572806171648986,3.8572806171648986,3.8572806171648986,3.8572806171648986,3.780718336483932,3.780718336483932,3.780718336483932,3.780718336483932,3.9486673247778876,3.9486673247778876,3.9486673247778876,3.9486673247778876],"raf":[266,267,247,260,239,264,249,243,255,253,257,246,370,310,245,257,258,246,271,262,246,254,249,249,249,278,261,262,274,262,260,252,260,253,248,261,254,256]}