{"time":[3.071,3.333,3.608,3.865,4.1290000000000004,4.393000000000001,4.65,4.913,5.189,5.454,5.701,6.047,6.367,6.629,6.9159999999999995,7.1979999999999995,7.460999999999999,7.734999999999999,8.006,8.280000000000001,8.540000000000001,8.818000000000001,9.101,9.372000000000002,9.643000000000002,9.913000000000002,10.180000000000001,10.46,10.742,11.026000000000002,11.313000000000002,11.586000000000002,11.851000000000003,12.109000000000002,12.375000000000002,12.691000000000003,12.975000000000003],"fps":[2.7027027027027026,2.7027027027027026,3.6832412523020257,3.6832412523020257,3.6832412523020257,3.6832412523020257,3.838771593090211,3.838771593090211,3.838771593090211,3.838771593090211,3.8058991436726926,3.8058991436726926,3.8058991436726926,3.8058991436726926,3.292181069958848,3.292181069958848,3.292181069958848,3.292181069958848,3.669724770642202,3.669724770642202,3.669724770642202,3.669724770642202,3.65296803652968,3.65296803652968,3.65296803652968,3.65296803652968,3.7071362372567194,3.7071362372567194,3.7071362372567194,3.7071362372567194,3.5304501323918798,3.5304501323918798,3.5304501323918798,3.5304501323918798,3.766478342749529,3.766478342749529,3.766478342749529],"raf":[261,262,275,257,264,264,257,263,276,265,247,346,320,262,287,282,263,274,271,274,260,278,283,271,271,270,267,280,282,284,287,273,265,258,266,316,284]}