{"time":[3.1120000000000005,3.2740000000000005,3.4310000000000005,3.6280000000000006,3.8660000000000005,4.061000000000001,4.258000000000001,4.462000000000001,4.662000000000001,4.833000000000001,5.013000000000001,5.213000000000001,5.417000000000001,5.647000000000001,5.8820000000000014,6.182000000000001,6.343000000000001,6.529000000000001,6.712000000000001,6.932,7.078,7.2410000000000005,7.437,7.611000000000001,7.798000000000001,7.966000000000001,8.329,8.604000000000001,8.760000000000002,8.924000000000001,9.076,9.231,9.376,9.524,9.674,9.821,9.988,10.171999999999999,10.366999999999999,10.507,10.655,10.811,10.998,11.203999999999999,11.350999999999999,11.531999999999998,11.705999999999998,11.844999999999997,11.980999999999996,12.129999999999995,12.267999999999995,12.405999999999995,12.549999999999995,12.691999999999995,12.827999999999994,12.970999999999995],"fps":[5.808325266214908,5.808325266214908,5.808325266214908,5.808325266214908,5.519779208831647,5.519779208831647,5.519779208831647,5.519779208831647,5.519779208831647,5.519779208831647,5.231037489102005,5.231037489102005,5.231037489102005,5.231037489102005,5.231037489102005,4.277159965782721,4.277159965782721,4.277159965782721,4.277159965782721,4.277159965782721,4.277159965782721,5.665722379603399,5.665722379603399,5.665722379603399,5.665722379603399,5.665722379603399,4.595588235294118,4.595588235294118,4.595588235294118,4.595588235294118,4.595588235294118,4.595588235294118,5.730659025787966,5.730659025787966,5.730659025787966,5.730659025787966,5.730659025787966,5.730659025787966,5.730659025787966,6.18921308576481,6.18921308576481,6.18921308576481,6.18921308576481,6.18921308576481,6.18921308576481,5.853658536585366,5.853658536585366,5.853658536585366,5.853658536585366,5.853658536585366,5.853658536585366,5.853658536585366,6.8762278978389,6.8762278978389,6.8762278978389,6.8762278978389],"raf":[163,161,157,197,238,195,197,204,200,171,180,200,204,231,234,300,161,186,183,220,146,163,196,174,187,168,363,275,156,164,152,155,145,148,150,147,167,185,194,140,148,156,187,206,147,181,174,139,136,149,138,138,144,142,136,143]}