{"time":[4.176,5.162,6.368,7.4990000000000006,8.563,9.588000000000001,10.48,11.472000000000001,12.308000000000002],"fps":[0.7037297677691766,0.7037297677691766,0.9124087591240876,0.8841732979664014,0.9398496240601504,0.975609756097561,0.975609756097561,1.0615711252653928,1.0615711252653928],"raf":[1421,986,1206,1131,1064,1025,892,992,836]}