{"time":[3.032,4.3469999999999995,5.6419999999999995,6.799999999999999,8.021999999999998,9.505999999999998,10.883,12.222999999999999],"fps":[2.4740227610094014,0.7604562737642585,0.7722007722007722,0.8635578583765112,0.8183306055646481,0.6738544474393531,0.7262164124909223,0.746268656716418],"raf":[1332,1315,1295,1158,1222,1484,1377,1340]}