{"time":[3.0960000000000005,3.8420000000000005,4.633000000000001,5.240000000000001,6.024000000000001,6.784000000000001,7.713000000000001,8.381,9.032,9.706,10.385,11.1,11.868,12.499],"fps":[2.2255192878338277,2.2255192878338277,1.3020833333333333,1.3020833333333333,1.4378145219266714,1.4378145219266714,1.1841326228537596,1.1841326228537596,1.509433962264151,1.509433962264151,1.4847809948032664,1.4847809948032664,1.3486176668914363,1.3486176668914363],"raf":[722,747,790,607,784,760,929,669,656,668,679,717,766,631]}