{"time":[3.1199999999999997,3.4789999999999996,3.7629999999999995,4.087999999999999,4.4959999999999996,4.8629999999999995,5.223,5.601,5.889,6.183,6.452,6.759,7.089,7.412000000000001,7.681000000000001,8.096,8.451,8.761000000000001,9.042000000000002,9.414000000000001,9.685000000000002,9.999000000000002,10.322000000000003,10.624000000000002,10.901000000000002,11.206000000000001,11.548000000000002,11.874000000000002,12.191000000000003,12.527000000000003,12.824000000000003],"fps":[0.9652509652509652,0.9652509652509652,0.9652509652509652,3.117692907248636,3.117692907248636,3.117692907248636,2.643171806167401,2.643171806167401,2.643171806167401,2.643171806167401,3.254678600488202,3.254678600488202,3.254678600488202,3.254678600488202,3.254678600488202,3.254678600488202,3.254678600488202,2.7777777777777777,2.7777777777777777,2.7777777777777777,2.7777777777777777,3.231017770597738,3.231017770597738,3.231017770597738,3.231017770597738,3.3140016570008286,3.3140016570008286,3.3140016570008286,3.3140016570008286,3.028009084027252,3.028009084027252],"raf":[315,359,284,325,408,367,360,378,288,294,269,307,330,323,269,415,355,310,281,372,271,314,323,302,277,305,342,326,317,336,297]}