{"time":[4.327,6.809,9.179,11.429],"fps":[1.508750754375377,0.40290088638195004,0.4219409282700422,0.4444444444444444],"raf":[2479,2482,2370,2250]}