{"time":[3.0160000000000005,3.1210000000000004,3.2280000000000006,3.3300000000000005,3.4330000000000007,3.5310000000000006,3.6190000000000007,3.7110000000000007,3.8010000000000006,3.884000000000001,3.9690000000000007,4.0520000000000005,4.139,4.24,4.322,4.406,4.504,4.585999999999999,4.6819999999999995,4.771,4.858,4.9399999999999995,5.036,5.119,5.207,5.292,5.375,5.481,5.614,5.713,5.813,5.928,6.022,6.105,6.2,6.296,6.3740000000000006,6.456,6.549,6.656000000000001,6.736000000000001,6.814000000000001,6.945000000000001,7.093000000000001,7.172000000000001,7.333,7.516,7.594,7.675000000000001,7.755000000000001,7.836000000000001,7.918000000000001,8.094000000000001,8.198,8.308,8.421,8.538,8.63,8.714,8.795,8.878,8.96,9.042000000000002,9.124000000000002,9.214000000000002,9.305000000000001,9.408000000000001,9.487000000000002,9.574000000000002,9.653000000000002,9.734000000000002,9.822000000000001,9.906,9.995000000000001,10.089,10.178,10.256,10.365,10.506,10.584,10.661999999999999,10.749999999999998,10.835999999999999,10.918,11.007,11.094,11.187,11.392999999999999,11.544999999999998,11.617999999999999,11.711999999999998,11.793999999999999,11.873,12.007,12.132,12.206,12.286,12.376,12.459999999999999,12.543,12.625,12.705,12.799,12.881],"fps":[8.234217749313816,8.234217749313816,8.234217749313816,8.234217749313816,8.234217749313816,8.234217749313816,8.234217749313816,8.234217749313816,8.234217749313816,8.234217749313816,10.436432637571157,10.436432637571157,10.436432637571157,10.436432637571157,10.436432637571157,10.436432637571157,10.436432637571157,10.436432637571157,10.436432637571157,10.436432637571157,10.436432637571157,10.436432637571157,11.235955056179776,11.235955056179776,11.235955056179776,11.235955056179776,11.235955056179776,11.235955056179776,11.235955056179776,11.235955056179776,11.235955056179776,11.235955056179776,11.235955056179776,10.299625468164795,10.299625468164795,10.299625468164795,10.299625468164795,10.299625468164795,10.299625468164795,10.299625468164795,10.299625468164795,10.299625468164795,10.299625468164795,10.299625468164795,10.309278350515465,10.309278350515465,10.309278350515465,10.309278350515465,10.309278350515465,10.309278350515465,10.309278350515465,10.309278350515465,10.309278350515465,8.771929824561404,8.771929824561404,8.771929824561404,8.771929824561404,8.771929824561404,8.771929824561404,8.771929824561404,8.771929824561404,8.771929824561404,8.771929824561404,8.771929824561404,10.826771653543307,10.826771653543307,10.826771653543307,10.826771653543307,10.826771653543307,10.826771653543307,10.826771653543307,10.826771653543307,10.826771653543307,10.826771653543307,10.826771653543307,10.826771653543307,11.516314779270633,11.516314779270633,11.516314779270633,11.516314779270633,11.516314779270633,11.516314779270633,11.516314779270633,11.516314779270633,11.516314779270633,11.516314779270633,11.516314779270633,9.674582233948989,9.674582233948989,9.674582233948989,9.674582233948989,9.674582233948989,9.674582233948989,9.674582233948989,9.674582233948989,9.674582233948989,9.674582233948989,9.674582233948989,10.309278350515465,10.309278350515465,10.309278350515465,10.309278350515465,10.309278350515465,10.309278350515465],"raf":[101,105,107,102,103,98,88,92,90,83,85,83,87,101,82,84,98,82,96,89,87,83,95,83,87,85,83,106,133,99,101,114,94,83,95,96,78,82,93,107,80,78,131,148,79,161,183,78,81,80,81,82,176,104,110,113,117,93,83,81,83,82,82,82,90,91,104,78,87,79,81,88,84,89,94,89,78,109,141,78,78,88,86,82,89,87,94,205,152,73,94,82,79,134,125,74,80,91,83,83,82,80,94,82]}