{"time":[3.006000000000001,3.128000000000001,3.210000000000001,3.295000000000001,3.376000000000001,3.4690000000000007,3.5590000000000006,3.6470000000000007,3.7310000000000008,3.8090000000000006,3.8820000000000006,3.9640000000000004,4.043,4.112,4.2010000000000005,4.292000000000001,4.446000000000001,4.5440000000000005,4.655,4.773000000000001,4.856000000000001,4.973000000000001,5.047000000000001,5.156000000000001,5.311000000000001,5.396000000000001,5.476000000000001,5.626000000000001,5.700000000000001,5.774000000000001,5.857000000000001,5.934000000000001,6.014000000000001,6.094000000000001,6.2280000000000015,6.309000000000002,6.391000000000002,6.4700000000000015,6.5470000000000015,6.629000000000001,6.710000000000002,6.827000000000002,6.955000000000002,7.026000000000002,7.097000000000001,7.168000000000001,7.245000000000001,7.320000000000001,7.392000000000001,7.464000000000001,7.536000000000001,7.6110000000000015,7.692000000000002,7.867000000000002,8.065000000000001,8.145000000000001,8.227000000000002,8.308000000000002,8.384000000000002,8.465000000000002,8.542000000000002,8.667000000000002,8.736000000000002,8.807000000000002,8.877000000000002,8.949000000000002,9.019000000000002,9.094000000000001,9.163000000000002,9.232000000000003,9.304000000000002,9.376000000000001,9.483,9.605,9.671000000000001,9.739,9.807,9.875,9.974,10.045,10.114,10.182,10.25,10.339,10.429,10.499,10.573,10.644,10.714,10.784,10.854000000000001,10.927000000000001,10.996000000000002,11.066000000000003,11.136000000000003,11.205000000000004,11.284000000000004,11.360000000000005,11.433000000000005,11.504000000000005,11.576000000000004,11.650000000000004,11.723000000000004,11.794000000000004,11.869000000000003,11.941000000000003,12.012000000000002,12.084000000000001,12.155000000000001,12.224000000000002,12.298000000000002,12.372000000000002,12.442000000000002,12.515000000000002,12.584000000000003,12.655000000000003,12.734000000000004,12.806000000000003,12.878000000000002,12.949000000000002],"fps":[10.784313725490197,10.784313725490197,10.784313725490197,10.784313725490197,10.784313725490197,10.784313725490197,10.816125860373647,10.816125860373647,10.816125860373647,10.816125860373647,10.816125860373647,10.816125860373647,10.816125860373647,10.816125860373647,10.816125860373647,10.816125860373647,10.816125860373647,10.816125860373647,10.94890510948905,10.94890510948905,10.94890510948905,10.94890510948905,10.94890510948905,10.94890510948905,10.94890510948905,10.94890510948905,10.94890510948905,10.94890510948905,9.569377990430622,9.569377990430622,9.569377990430622,9.569377990430622,9.569377990430622,9.569377990430622,9.569377990430622,9.569377990430622,9.569377990430622,9.569377990430622,9.569377990430622,9.569377990430622,11.881188118811881,11.881188118811881,11.881188118811881,11.881188118811881,11.881188118811881,11.881188118811881,11.881188118811881,11.881188118811881,11.881188118811881,11.881188118811881,11.881188118811881,11.881188118811881,11.881188118811881,11.235955056179776,11.235955056179776,11.235955056179776,11.235955056179776,11.235955056179776,11.235955056179776,11.235955056179776,11.235955056179776,11.235955056179776,11.235955056179776,11.235955056179776,10.891089108910892,10.891089108910892,10.891089108910892,10.891089108910892,10.891089108910892,10.891089108910892,10.891089108910892,10.891089108910892,10.891089108910892,10.891089108910892,10.891089108910892,10.891089108910892,10.891089108910892,10.891089108910892,12.76207839562443,12.76207839562443,12.76207839562443,12.76207839562443,12.76207839562443,12.76207839562443,12.76207839562443,12.76207839562443,12.76207839562443,12.76207839562443,12.76207839562443,12.76207839562443,12.76207839562443,12.76207839562443,13.698630136986301,13.698630136986301,13.698630136986301,13.698630136986301,13.698630136986301,13.698630136986301,13.698630136986301,13.698630136986301,13.698630136986301,13.698630136986301,13.698630136986301,13.698630136986301,13.698630136986301,13.698630136986301,13.779527559055119,13.779527559055119,13.779527559055119,13.779527559055119,13.779527559055119,13.779527559055119,13.779527559055119,13.779527559055119,13.779527559055119,13.779527559055119,13.779527559055119,13.779527559055119,13.779527559055119,13.779527559055119],"raf":[92,122,83,84,81,93,90,88,84,78,73,82,79,69,89,91,154,98,111,118,84,116,74,109,155,85,80,150,74,74,83,77,80,80,134,81,82,79,77,82,81,117,128,71,71,71,77,75,72,72,72,75,81,175,198,80,82,81,76,81,77,125,69,71,70,72,70,75,69,69,72,72,107,122,66,68,68,68,99,71,69,68,68,89,90,70,75,70,70,70,70,73,69,70,70,69,79,76,73,71,72,74,73,71,75,72,71,72,71,69,74,74,70,73,69,71,79,72,72,71]}