{"time":[3.163,3.549,3.933,4.3149999999999995,4.696,5.077,5.547,5.994,6.364,6.788,7.23,7.74,8.107,8.556,8.966999999999999,9.342999999999998,9.723999999999998,10.117999999999999,10.502999999999998,10.886,11.264999999999999,11.658,12.04,12.45,12.837],"fps":[2.3640661938534278,2.3640661938534278,2.6223776223776225,2.6223776223776225,2.6223776223776225,2.6223776223776225,2.6223776223776225,2.6223776223776225,2.331002331002331,2.331002331002331,2.331002331002331,2.1802325581395348,2.1802325581395348,2.1802325581395348,2.444987775061125,2.444987775061125,2.444987775061125,2.6064291920069507,2.6064291920069507,2.6064291920069507,2.6155187445510024,2.6155187445510024,2.6155187445510024,2.5316455696202533,2.5316455696202533],"raf":[374,386,384,382,381,381,470,447,370,424,442,510,367,449,411,376,381,394,386,382,379,393,382,410,387]}