{"time":[3.05,3.4219999999999997,3.7059999999999995,4.037999999999999,4.504999999999999,5.052999999999999,5.392999999999999,5.790999999999999,6.087999999999998,6.423999999999999,6.836999999999999,7.182999999999999,7.464999999999999,7.789999999999999,8.17,8.83,9.181000000000001,9.496,9.855,10.221,10.65,10.946,11.304,11.700000000000001,12.131,12.536,12.841999999999999],"fps":[2.9368575624082234,2.9368575624082234,2.9368575624082234,2.9368575624082234,2.7491408934707904,2.7491408934707904,2.7491408934707904,2.332814930015552,2.332814930015552,2.332814930015552,2.8680688336520075,2.8680688336520075,2.8680688336520075,2.8680688336520075,3.000750187546887,3.000750187546887,1.9782393669634026,1.9782393669634026,1.9782393669634026,2.8846153846153846,2.8846153846153846,2.8846153846153846,2.770083102493075,2.770083102493075,2.770083102493075,2.435064935064935,2.435064935064935],"raf":[464,372,284,332,467,548,340,398,297,336,413,346,282,325,380,660,351,315,360,365,429,296,358,396,431,405,306]}