{"time":[3.269,3.8200000000000003,4.333,4.833,5.332,5.837,6.3229999999999995,6.8229999999999995,7.316,7.808,8.302999999999999,8.812,9.290999999999999,9.781999999999998,10.350999999999999,10.837,11.329,11.819,12.361,12.875],"fps":[1.7761989342806395,1.550387596899225,1.550387596899225,1.9743336623889438,1.9743336623889438,1.9920318725099602,1.9920318725099602,1.9920318725099602,2.028397565922921,2.028397565922921,2.028397565922921,2.0053475935828877,2.0053475935828877,2.0053475935828877,1.949317738791423,1.949317738791423,1.949317738791423,2.043596730245232,2.043596730245232,1.893939393939394],"raf":[739,551,513,500,499,505,486,500,493,492,496,508,479,491,569,486,492,490,542,514]}