{"time":[3.0340000000000003,3.14,3.2430000000000003,3.3430000000000004,3.4710000000000005,3.5550000000000006,3.646000000000001,3.749000000000001,3.864000000000001,3.945000000000001,4.0310000000000015,4.138000000000002,4.230000000000001,4.3290000000000015,4.426000000000002,4.517000000000002,4.608000000000002,4.695000000000002,4.798000000000002,4.887000000000002,4.979000000000002,5.073000000000002,5.161000000000002,5.258000000000003,5.344000000000003,5.438000000000003,5.527000000000004,5.618000000000004,5.707000000000004,5.801000000000005,5.885000000000004,5.9710000000000045,6.055000000000004,6.145000000000004,6.232000000000004,6.329000000000004,6.426000000000005,6.5240000000000045,6.637000000000005,6.727000000000005,6.823000000000005,6.916000000000005,7.010000000000005,7.098000000000005,7.1840000000000055,7.278000000000006,7.372000000000006,7.4690000000000065,7.559000000000006,7.645000000000007,7.732000000000006,7.8200000000000065,7.9130000000000065,8.009000000000006,8.107000000000006,8.195000000000006,8.299000000000005,8.387000000000004,8.475000000000003,8.578000000000003,8.666000000000002,8.752000000000002,8.840000000000002,8.927000000000001,9.023000000000001,9.116000000000001,9.208000000000002,9.317000000000002,9.407000000000002,9.498000000000001,9.600000000000001,9.712000000000002,9.802000000000001,9.894000000000002,9.996000000000002,10.090000000000002,10.187000000000001,10.3,10.438,10.540000000000001,10.639000000000001,10.737000000000002,10.832000000000003,10.930000000000003,11.115000000000004,11.264000000000003,11.369000000000003,11.475000000000003,11.582000000000003,11.682000000000002,11.774000000000003,11.866000000000003,11.965000000000003,12.091000000000003,12.350000000000003,12.445000000000004,12.545000000000003,12.646000000000004,12.742000000000004,12.904000000000005,12.986000000000006],"fps":[8.653846153846153,8.653846153846153,8.653846153846153,8.653846153846153,8.653846153846153,8.653846153846153,8.653846153846153,8.653846153846153,8.653846153846153,8.653846153846153,8.653846153846153,9.96376811594203,9.96376811594203,9.96376811594203,9.96376811594203,9.96376811594203,9.96376811594203,9.96376811594203,9.96376811594203,9.96376811594203,9.96376811594203,9.96376811594203,10.75268817204301,10.75268817204301,10.75268817204301,10.75268817204301,10.75268817204301,10.75268817204301,10.75268817204301,10.75268817204301,10.75268817204301,10.75268817204301,10.75268817204301,10.75268817204301,11.204481792717086,11.204481792717086,11.204481792717086,11.204481792717086,11.204481792717086,11.204481792717086,11.204481792717086,11.204481792717086,11.204481792717086,11.204481792717086,11.204481792717086,10.516252390057362,10.516252390057362,10.516252390057362,10.516252390057362,10.516252390057362,10.516252390057362,10.516252390057362,10.516252390057362,10.516252390057362,10.516252390057362,10.516252390057362,10.773751224289912,10.773751224289912,10.773751224289912,10.773751224289912,10.773751224289912,10.773751224289912,10.773751224289912,10.773751224289912,10.773751224289912,10.773751224289912,10.773751224289912,10.805500982318271,10.805500982318271,10.805500982318271,10.805500982318271,10.805500982318271,10.805500982318271,10.805500982318271,10.805500982318271,10.805500982318271,10.805500982318271,10.805500982318271,9.812667261373774,9.812667261373774,9.812667261373774,9.812667261373774,9.812667261373774,9.812667261373774,9.812667261373774,9.812667261373774,9.812667261373774,8.678881388621022,8.678881388621022,8.678881388621022,8.678881388621022,8.678881388621022,8.678881388621022,8.678881388621022,8.678881388621022,8.678881388621022,8.411214953271028,8.411214953271028,8.411214953271028,8.411214953271028,8.411214953271028],"raf":[101,106,103,100,128,84,91,103,115,81,86,107,92,99,97,91,91,87,103,89,92,94,88,97,86,94,89,91,90,93,84,86,84,90,87,97,97,98,113,90,96,93,94,88,86,94,94,97,90,86,87,88,93,96,98,88,104,88,88,103,88,87,87,87,96,93,92,109,90,91,102,112,90,92,102,94,97,113,138,102,100,97,95,98,186,148,105,106,107,100,92,93,98,126,259,95,100,101,96,162,82]}