{"time":[3.331,3.757,4.196,4.681,5.14,5.574999999999999,6.015,6.451,6.888,7.327,7.76,8.197,8.642999999999999,9.088,9.53,9.968,10.415,10.856,11.339,11.8,12.274000000000001,12.778],"fps":[1.899335232668566,1.9047619047619047,1.9047619047619047,1.9047619047619047,2.1691973969631237,2.1691973969631237,2.1691973969631237,2.288329519450801,2.288329519450801,2.288329519450801,2.291825821237586,2.291825821237586,2.291825821237586,2.2590361445783134,2.2590361445783134,2.2590361445783134,2.260738507912585,2.260738507912585,2.260738507912585,2.1660649819494586,2.1660649819494586,2.1660649819494586],"raf":[625,425,440,484,459,435,440,436,437,439,433,437,446,445,442,438,447,441,483,461,474,504]}