{"time":[3.367,4.7940000000000005,6.2250000000000005,7.338000000000001,8.384,9.509,10.575000000000001,11.642000000000001,12.660000000000002],"fps":[1.5748031496062993,0.7002801120448179,0.6993006993006993,0.8984725965858041,0.9551098376313276,0.8896797153024911,0.9380863039399625,0.9363295880149812,0.983284169124877],"raf":[1255,1428,1430,1113,1047,1124,1066,1068,1017]}