{"time":[3.1490000000000005,3.2890000000000006,3.4290000000000007,3.5660000000000007,3.7030000000000007,3.847000000000001,3.9570000000000007,4.075000000000001,4.1720000000000015,4.287000000000002,4.435000000000001,4.562000000000001,4.671000000000001,4.799000000000001,4.963000000000001,5.141000000000001,5.287000000000001,5.425000000000001,5.537000000000001,5.650000000000001,5.743000000000001,5.8690000000000015,6.001000000000001,6.131000000000001,6.256000000000001,6.395000000000001,6.590000000000002,6.7730000000000015,6.921000000000001,7.045000000000001,7.178000000000001,7.314000000000001,7.474000000000001,7.654000000000001,7.803000000000001,7.964,8.126000000000001,8.277000000000001,8.457,8.608,8.839,9.023,9.154,9.396,9.601,9.785,9.941,10.152000000000001,10.272,10.428,10.600000000000001,10.755,10.9,11.074,11.395999999999999,11.53,11.674999999999999,11.822999999999999,12.037999999999998,12.194999999999999,12.376999999999999,12.533,12.706999999999999,12.855999999999998],"fps":[7.434944237918216,7.434944237918216,7.434944237918216,7.434944237918216,7.434944237918216,7.434944237918216,7.4487895716946,7.4487895716946,7.4487895716946,7.4487895716946,7.4487895716946,7.4487895716946,7.4487895716946,7.4487895716946,7.952286282306163,7.952286282306163,7.952286282306163,7.952286282306163,7.952286282306163,7.952286282306163,7.952286282306163,7.952286282306163,7.707129094412331,7.707129094412331,7.707129094412331,7.707129094412331,7.707129094412331,7.707129094412331,7.707129094412331,6.704980842911877,6.704980842911877,6.704980842911877,6.704980842911877,6.704980842911877,6.704980842911877,6.704980842911877,6.475485661424607,6.475485661424607,6.475485661424607,6.475485661424607,6.475485661424607,6.475485661424607,5.836575875486381,5.836575875486381,5.836575875486381,5.836575875486381,5.836575875486381,5.836575875486381,5.366726296958855,5.366726296958855,5.366726296958855,5.366726296958855,5.366726296958855,5.366726296958855,5.338078291814947,5.338078291814947,5.338078291814947,5.338078291814947,5.338078291814947,5.338078291814947,5.338078291814947,6.156552330694811,6.156552330694811,6.156552330694811],"raf":[164,140,140,138,136,144,110,118,97,115,148,127,109,128,164,178,146,138,112,113,93,127,131,131,124,139,195,183,148,124,133,136,160,181,148,161,162,151,180,151,231,184,131,242,206,183,156,211,120,156,171,155,145,174,322,134,145,148,215,158,181,156,174,150]}