{"time":[3.168,3.6470000000000002,4.104,4.58,5.067,5.566,6.098,6.762,7.231999999999999,7.803999999999999,8.27,8.737,9.209,9.687,10.145,10.61,11.071,11.536,12.288,12.854000000000001],"fps":[1.6090104585679808,1.6090104585679808,1.6090104585679808,2.1246458923512748,2.1246458923512748,2.1246458923512748,1.976284584980237,1.976284584980237,1.763668430335097,1.763668430335097,1.9267822736030829,1.9267822736030829,1.9267822736030829,2.117148906139732,2.117148906139732,2.117148906139732,2.167630057803468,2.167630057803468,1.6433853738701725,1.6433853738701725],"raf":[605,479,457,476,487,499,532,664,470,572,466,467,472,478,458,465,461,466,751,566]}