{"time":[3.0100000000000002,3.0930000000000004,3.2180000000000004,3.3430000000000004,3.4130000000000003,3.483,3.557,3.626,3.73,3.828,3.892,3.96,4.027,4.097,4.165,4.233,4.303,4.368,4.438000000000001,4.508000000000001,4.575000000000001,4.642000000000001,4.708000000000001,4.775000000000001,4.843000000000001,4.923000000000001,4.988000000000001,5.0550000000000015,5.123000000000001,5.191000000000001,5.258000000000001,5.325000000000001,5.396000000000001,5.462000000000001,5.53,5.596,5.664,5.731999999999999,5.802,5.877999999999999,5.946999999999999,6.014999999999999,6.0859999999999985,6.153999999999998,6.222999999999998,6.296999999999998,6.3729999999999976,6.440999999999997,6.509999999999997,6.580999999999997,6.649999999999997,6.7209999999999965,6.787999999999997,6.8539999999999965,6.923999999999997,6.991999999999996,7.062999999999996,7.134999999999996,7.202999999999996,7.271999999999996,7.341999999999996,7.415999999999996,7.485999999999996,7.565999999999996,7.674999999999996,7.759999999999996,7.847999999999996,7.940999999999996,8.015999999999996,8.110999999999997,8.190999999999997,8.259999999999998,8.336999999999998,8.405999999999999,8.475,8.555,8.623,8.7,8.774,8.85,8.935,9.008000000000001,9.079,9.185,9.258000000000001,9.382000000000001,9.448000000000002,9.557000000000002,9.683000000000002,9.757000000000001,9.830000000000002,9.906000000000002,9.980000000000002,10.079000000000002,10.164000000000003,10.229000000000003,10.294000000000002,10.364000000000003,10.434000000000003,10.508000000000003,10.704000000000002,10.769000000000002,10.836000000000002,10.902000000000003,10.973000000000003,11.040000000000003,11.108000000000002,11.179000000000002,11.247000000000002,11.320000000000002,11.392000000000001,11.514000000000001,11.656,11.721,11.792,11.858,11.929,12.029,12.147,12.211,12.277000000000001,12.345,12.413,12.547,12.662,12.725000000000001,12.792000000000002,12.859000000000002,12.980000000000002],"fps":[6.814310051107325,6.814310051107325,6.814310051107325,6.814310051107325,6.814310051107325,6.814310051107325,6.814310051107325,6.814310051107325,6.814310051107325,10.377358490566039,10.377358490566039,10.377358490566039,10.377358490566039,10.377358490566039,10.377358490566039,10.377358490566039,10.377358490566039,10.377358490566039,10.377358490566039,10.377358490566039,10.377358490566039,10.377358490566039,10.377358490566039,10.377358490566039,14.77832512315271,14.77832512315271,14.77832512315271,14.77832512315271,14.77832512315271,14.77832512315271,14.77832512315271,14.77832512315271,14.77832512315271,14.77832512315271,14.77832512315271,14.77832512315271,14.77832512315271,14.77832512315271,14.77832512315271,14.492753623188406,14.492753623188406,14.492753623188406,14.492753623188406,14.492753623188406,14.492753623188406,14.492753623188406,14.492753623188406,14.492753623188406,14.492753623188406,14.492753623188406,14.492753623188406,14.492753623188406,14.492753623188406,14.492753623188406,14.340344168260039,14.340344168260039,14.340344168260039,14.340344168260039,14.340344168260039,14.340344168260039,14.340344168260039,14.340344168260039,14.340344168260039,14.340344168260039,14.340344168260039,14.340344168260039,14.340344168260039,12.770137524557956,12.770137524557956,12.770137524557956,12.770137524557956,12.770137524557956,12.770137524557956,12.770137524557956,12.770137524557956,12.770137524557956,12.770137524557956,12.770137524557956,12.770137524557956,12.770137524557956,12.770137524557956,13.133208255159476,13.133208255159476,13.133208255159476,13.133208255159476,13.133208255159476,13.133208255159476,13.133208255159476,13.133208255159476,13.133208255159476,13.133208255159476,13.133208255159476,13.133208255159476,11.204481792717086,11.204481792717086,11.204481792717086,11.204481792717086,11.204481792717086,11.204481792717086,11.204481792717086,11.204481792717086,11.204481792717086,11.204481792717086,11.204481792717086,11.204481792717086,11.204481792717086,12.633624878522838,12.633624878522838,12.633624878522838,12.633624878522838,12.633624878522838,12.633624878522838,12.633624878522838,12.633624878522838,12.633624878522838,12.633624878522838,12.633624878522838,12.633624878522838,11.549566891241579,11.549566891241579,11.549566891241579,11.549566891241579,11.549566891241579,11.549566891241579,11.549566891241579,11.549566891241579,11.549566891241579,11.549566891241579,11.549566891241579],"raf":[81,83,125,125,70,70,74,69,104,98,64,68,67,70,68,68,70,65,70,70,67,67,66,67,68,80,65,67,68,68,67,67,71,66,68,66,68,68,70,76,69,68,71,68,69,74,77,67,69,71,69,71,67,66,70,68,71,72,68,69,70,74,70,80,109,85,88,94,74,95,80,69,77,69,69,80,68,77,74,77,84,73,71,106,73,124,66,109,126,74,73,76,74,99,85,65,65,70,70,74,196,65,67,66,72,66,68,71,68,73,72,122,142,65,71,66,71,100,118,64,66,68,68,134,115,63,67,67,121]}