{"time":[3.182,3.526,3.9779999999999998,4.446,4.742999999999999,5.0569999999999995,5.403,5.733,6.08,6.4110000000000005,6.776000000000001,7.053000000000001,7.346000000000001,7.654000000000001,7.9510000000000005,8.259,8.564,8.944,9.339,9.6,9.929,10.257,10.613999999999999,10.922999999999998,11.222999999999999,11.568999999999999,11.889,12.194999999999999,12.475999999999999,12.773],"fps":[2.407704654895666,2.407704654895666,2.479338842975207,2.479338842975207,2.479338842975207,2.782931354359926,2.782931354359926,2.782931354359926,2.932551319648094,2.932551319648094,2.932551319648094,2.932551319648094,3.1595576619273302,3.1595576619273302,3.1595576619273302,3.1595576619273302,3.284072249589491,3.284072249589491,3.284072249589491,2.8957528957528957,2.8957528957528957,2.8957528957528957,2.9585798816568047,2.9585798816568047,2.9585798816568047,2.9585798816568047,3.1372549019607843,3.1372549019607843,3.1372549019607843,3.1372549019607843],"raf":[413,344,452,468,297,314,346,330,347,331,365,277,293,308,297,308,305,380,395,261,329,328,357,309,300,346,320,307,280,297]}