{"time":[4.263,6.053,7.779,9.882,11.556],"fps":[0.9876543209876543,0.5586592178770949,0.5793742757821553,0.47551117451260105,0.5973715651135006],"raf":[1774,1790,1726,2103,1674]}