{"time":[3.439,4.764,5.985,7.0280000000000005,8.405000000000001,9.594000000000001,10.664000000000001,11.737000000000002,12.769000000000002],"fps":[1.6068559185859668,0.7547169811320755,0.819000819000819,0.9587727708533078,0.7262164124909223,0.8410428931875525,0.9345794392523364,0.9319664492078286,0.9689922480620154],"raf":[1444,1325,1221,1043,1377,1189,1070,1073,1032]}