{"time":[3.2849999999999997,3.8299999999999996,4.114999999999999,4.396999999999999,4.661,4.925,5.207,5.45,5.7010000000000005,5.979000000000001,6.246000000000001,6.553000000000002,6.858000000000001,7.133000000000002,7.4060000000000015,7.666000000000001,7.932000000000001,8.198,8.465,8.707,9.001000000000001,9.319,9.601,9.867,10.177000000000001,10.503000000000002,10.815000000000001,11.100000000000001,11.461000000000002,11.821000000000002,12.091000000000001,12.348,12.631,12.899000000000001],"fps":[2.6315789473684212,2.6315789473684212,2.592912705272256,2.592912705272256,2.592912705272256,2.592912705272256,3.663003663003663,3.663003663003663,3.663003663003663,3.663003663003663,3.8498556304138596,3.8498556304138596,3.8498556304138596,3.8498556304138596,3.4453057708871664,3.4453057708871664,3.4453057708871664,3.4453057708871664,3.780718336483932,3.780718336483932,3.780718336483932,3.780718336483932,3.5211267605633805,3.5211267605633805,3.5211267605633805,3.5211267605633805,3.2948929159802307,3.2948929159802307,3.2948929159802307,2.9791459781529297,2.9791459781529297,2.9791459781529297,2.9791459781529297,3.714020427112349],"raf":[327,545,285,282,264,264,282,243,251,278,267,307,305,275,274,259,266,266,267,242,294,318,282,267,311,324,312,285,361,361,269,257,283,268]}