{"time":[3.0129999999999995,3.1049999999999995,3.1869999999999994,3.2809999999999993,3.3599999999999994,3.4429999999999996,3.5239999999999996,3.6029999999999998,3.6929999999999996,3.772,3.8579999999999997,3.9399999999999995,4.0169999999999995,4.124999999999999,4.209999999999999,4.294999999999999,4.369999999999999,4.456999999999999,4.548999999999999,4.634999999999999,4.714999999999999,4.798999999999999,4.882999999999998,4.975999999999998,5.063999999999998,5.150999999999998,5.238999999999998,5.326999999999998,5.463999999999999,5.543999999999999,5.634999999999999,5.722999999999999,5.810999999999999,5.8999999999999995,5.986999999999999,6.074999999999999,6.161,6.257,6.345,6.555,6.6979999999999995,6.776,6.859999999999999,6.9799999999999995,7.061,7.152,7.243,7.3740000000000006,7.506,7.59,7.68,7.762,7.8999999999999995,8.036,8.12,8.209999999999999,8.303999999999998,8.394999999999998,8.555999999999997,8.646999999999997,8.738999999999997,8.827999999999998,8.926999999999998,9.025999999999998,9.109999999999998,9.198999999999998,9.291999999999998,9.386999999999999,9.474999999999998,9.572999999999999,9.662999999999998,9.758999999999999,9.849999999999998,9.937999999999997,10.037999999999997,10.129999999999997,10.221999999999998,10.312999999999997,10.403999999999996,10.491999999999996,10.579999999999995,10.675999999999995,10.765999999999995,10.857999999999995,10.948999999999995,11.039999999999994,11.133999999999993,11.221999999999992,11.316999999999993,11.407999999999992,11.497999999999992,11.583999999999993,11.669999999999993,11.761999999999993,11.852999999999993,11.937999999999994,12.031999999999993,12.130999999999993,12.225999999999994,12.313999999999993,12.416999999999993,12.508999999999993,12.593999999999994,12.692999999999994,12.791999999999994,12.874999999999995,12.966999999999995],"fps":[9.82318271119843,9.82318271119843,9.82318271119843,9.82318271119843,9.82318271119843,9.82318271119843,9.82318271119843,9.82318271119843,9.82318271119843,9.82318271119843,9.82318271119843,11.892963330029733,11.892963330029733,11.892963330029733,11.892963330029733,11.892963330029733,11.892963330029733,11.892963330029733,11.892963330029733,11.892963330029733,11.892963330029733,11.892963330029733,11.892963330029733,11.583011583011583,11.583011583011583,11.583011583011583,11.583011583011583,11.583011583011583,11.583011583011583,11.583011583011583,11.583011583011583,11.583011583011583,11.583011583011583,11.583011583011583,10.880316518298715,10.880316518298715,10.880316518298715,10.880316518298715,10.880316518298715,10.880316518298715,10.880316518298715,10.880316518298715,10.880316518298715,10.880316518298715,9.31098696461825,9.31098696461825,9.31098696461825,9.31098696461825,9.31098696461825,9.31098696461825,9.31098696461825,9.31098696461825,9.31098696461825,9.31098696461825,9.442870632672332,9.442870632672332,9.442870632672332,9.442870632672332,9.442870632672332,9.442870632672332,9.442870632672332,9.442870632672332,9.442870632672332,9.442870632672332,9.442870632672332,10.194624652455978,10.194624652455978,10.194624652455978,10.194624652455978,10.194624652455978,10.194624652455978,10.194624652455978,10.194624652455978,10.194624652455978,10.194624652455978,10.194624652455978,10.75268817204301,10.75268817204301,10.75268817204301,10.75268817204301,10.75268817204301,10.75268817204301,10.75268817204301,10.75268817204301,10.75268817204301,10.75268817204301,10.75268817204301,10.989010989010989,10.989010989010989,10.989010989010989,10.989010989010989,10.989010989010989,10.989010989010989,10.989010989010989,10.989010989010989,10.989010989010989,10.989010989010989,10.989010989010989,10.967098703888334,10.967098703888334,10.967098703888334,10.967098703888334,10.967098703888334,10.967098703888334,10.967098703888334,10.967098703888334,10.967098703888334],"raf":[82,92,82,94,79,83,81,79,90,79,86,82,77,109,84,85,75,87,92,86,80,84,84,93,88,87,88,88,137,80,91,89,87,89,87,88,86,96,88,210,143,78,84,120,81,91,91,131,132,84,90,82,138,136,84,90,94,91,161,91,92,89,99,99,84,89,93,95,88,98,90,96,91,89,99,92,92,91,91,88,88,96,90,92,91,91,94,89,94,91,90,86,86,92,91,85,94,99,95,88,103,92,85,99,99,83,92]}