{"time":[3.462,4.1850000000000005,4.672000000000001,5.144,5.638,6.16,6.622,7.109,7.589,8.124,8.648,9.192,9.703,10.251,10.991,11.6,12.15,12.722],"fps":[1.7652250661959399,1.7652250661959399,1.6528925619834711,1.6528925619834711,1.6528925619834711,2.0161290322580645,2.0161290322580645,2.0161290322580645,2.099370188943317,2.099370188943317,1.8885741265344664,1.8885741265344664,1.8957345971563981,1.8957345971563981,1.5515903801396431,1.5515903801396431,1.7271157167530224,1.7271157167530224],"raf":[593,723,487,472,494,522,462,487,480,535,524,544,511,548,741,608,550,572]}