{"time":[3.084,3.2,3.343,3.469,3.6189999999999998,3.7529999999999997,3.8829999999999996,4.132,4.258,4.403,4.5489999999999995,4.675,4.795999999999999,4.943,5.053999999999999,5.193999999999999,5.329999999999999,5.473999999999999,5.605999999999999,5.779999999999999,5.952999999999999,6.063,6.186,6.317,6.461,6.598000000000001,6.698,6.804,6.907,7.0200000000000005,7.112,7.259,7.369000000000001,7.506,7.636,7.766,7.881,8.002,8.125,8.253,8.383000000000001,8.515,8.648,8.776,8.876,8.988,9.113999999999999,9.231,9.333,9.455,9.586,9.695,9.81,9.909,10.011000000000001,10.094000000000001,10.190000000000001,10.330000000000002,10.459000000000001,10.600000000000001,10.754000000000001,10.861,11.014000000000001,11.125000000000002,11.256000000000002,11.395000000000001,11.523000000000001,11.660000000000002,11.823000000000002,11.966000000000003,12.082000000000003,12.226000000000003,12.368000000000002,12.522000000000002,12.686000000000002,12.831000000000001,12.942000000000002],"fps":[7.8671328671328675,7.8671328671328675,7.8671328671328675,7.8671328671328675,7.518796992481203,7.518796992481203,7.518796992481203,7.518796992481203,7.518796992481203,7.518796992481203,7.518796992481203,6.628787878787879,6.628787878787879,6.628787878787879,6.628787878787879,6.628787878787879,6.628787878787879,6.628787878787879,6.628787878787879,7.239819004524887,7.239819004524887,7.239819004524887,7.239819004524887,7.239819004524887,7.239819004524887,7.239819004524887,7.239819004524887,7.8125,7.8125,7.8125,7.8125,7.8125,7.8125,7.8125,7.8125,7.8125,8.356545961002785,8.356545961002785,8.356545961002785,8.356545961002785,8.356545961002785,8.356545961002785,8.356545961002785,8.356545961002785,8.356545961002785,8.130081300813009,8.130081300813009,8.130081300813009,8.130081300813009,8.130081300813009,8.130081300813009,8.130081300813009,8.130081300813009,8.130081300813009,8.79765395894428,8.79765395894428,8.79765395894428,8.79765395894428,8.79765395894428,8.79765395894428,8.79765395894428,8.79765395894428,7.976071784646062,7.976071784646062,7.976071784646062,7.976071784646062,7.976071784646062,7.976071784646062,7.976071784646062,7.976071784646062,7.49063670411985,7.49063670411985,7.49063670411985,7.49063670411985,7.49063670411985,7.49063670411985,7.49063670411985],"raf":[120,116,143,126,150,134,130,249,126,145,146,126,121,147,111,140,136,144,132,174,173,110,123,131,144,137,100,106,103,113,93,146,110,137,130,130,115,121,123,128,130,132,133,129,99,112,126,117,102,122,131,109,115,99,102,83,96,139,129,141,154,107,153,111,131,139,128,137,163,143,116,144,142,154,165,144,111]}