{"time":[3.037,3.167,3.299,3.426,3.556,3.686,3.816,3.9429999999999996,4.071999999999999,4.200999999999999,4.328999999999999,4.455999999999999,4.581999999999999,4.712999999999999,4.841999999999999,4.972999999999999,5.100999999999999,5.231999999999999,5.355999999999999,5.482999999999999,5.611999999999998,5.748999999999999,5.886999999999999,6.019999999999999,6.1469999999999985,6.291999999999998,6.440999999999998,6.575999999999998,6.728999999999997,6.8779999999999974,7.024999999999998,7.1599999999999975,7.314999999999998,7.472999999999998,7.645999999999998,7.826999999999998,8.089999999999998,8.303999999999998,8.469999999999999,8.595999999999998,8.729,8.86,8.991,9.173,9.359,9.489,9.626000000000001,9.767000000000001,9.933000000000002,10.063000000000002,10.192000000000002,10.524000000000003,10.703000000000003,10.828000000000003,11.047000000000002,11.188000000000002,11.318000000000003,11.447000000000003,11.583000000000002,11.723000000000003,11.859000000000002,12.008000000000001,12.246,12.445,12.571,12.705,12.846],"fps":[7.155635062611807,7.155635062611807,7.155635062611807,7.155635062611807,7.155635062611807,7.155635062611807,7.155635062611807,7.729468599033816,7.729468599033816,7.729468599033816,7.729468599033816,7.729468599033816,7.729468599033816,7.729468599033816,7.729468599033816,7.766990291262136,7.766990291262136,7.766990291262136,7.766990291262136,7.766990291262136,7.766990291262136,7.766990291262136,7.766990291262136,7.640878701050621,7.640878701050621,7.640878701050621,7.640878701050621,7.640878701050621,7.640878701050621,7.640878701050621,6.965174129353234,6.965174129353234,6.965174129353234,6.965174129353234,6.965174129353234,6.965174129353234,5.633802816901408,5.633802816901408,5.633802816901408,5.633802816901408,5.633802816901408,5.633802816901408,5.633802816901408,6.463527239150507,6.463527239150507,6.463527239150507,6.463527239150507,6.463527239150507,6.463527239150507,6.463527239150507,6.869479882237488,6.869479882237488,6.869479882237488,6.869479882237488,6.869479882237488,6.869479882237488,5.328596802841918,5.328596802841918,5.328596802841918,5.328596802841918,5.328596802841918,5.328596802841918,5.328596802841918,6.211180124223603,6.211180124223603,6.211180124223603,6.211180124223603],"raf":[129,130,132,127,130,130,130,127,129,129,128,127,127,130,129,131,128,131,124,128,128,137,138,133,127,146,148,135,153,149,147,135,155,158,173,181,263,214,166,126,133,131,131,182,186,130,137,141,166,130,129,332,179,125,219,141,130,129,136,140,136,149,238,199,126,134,141]}