{"time":[3.032,3.73,4.319,4.797,5.285,5.757,6.254,6.741,7.247999999999999,7.763999999999999,8.234,8.839,9.363,9.860999999999999,10.399999999999999,11.133999999999999,11.730999999999998,12.237999999999998,12.771999999999998],"fps":[1.8535681186283597,1.5625,1.5625,1.8744142455482662,1.8744142455482662,1.8744142455482662,2.059025394646534,2.059025394646534,2.059025394646534,1.9867549668874172,1.9867549668874172,1.8604651162790697,1.8604651162790697,1.9569471624266144,1.9569471624266144,1.5710919088766693,1.5710919088766693,1.8115942028985508,1.8115942028985508],"raf":[582,698,589,478,488,472,497,487,507,516,471,604,524,498,539,734,597,507,534]}