{"time":[3.1819999999999995,3.5389999999999997,3.804,4.061,4.372,4.7139999999999995,5.021999999999999,5.3469999999999995,5.818999999999999,6.162999999999999,6.585999999999999,6.8759999999999994,7.2059999999999995,7.571,7.949,8.225,8.551,8.859,9.171,9.472999999999999,9.831,10.103,10.37,10.623999999999999,10.866999999999999,11.123,11.381,11.644,11.91,12.165000000000001,12.429,12.681000000000001,12.99],"fps":[3.3030553261767133,3.3030553261767133,3.3030553261767133,3.3030553261767133,3.361344537815126,3.361344537815126,3.361344537815126,3.361344537815126,2.7643400138217,2.7643400138217,2.7643400138217,2.838221381267739,2.838221381267739,2.838221381267739,2.7958993476234855,2.7958993476234855,2.7958993476234855,2.7958993476234855,3.2733224222585924,3.2733224222585924,3.2733224222585924,3.2733224222585924,3.336113427856547,3.336113427856547,3.336113427856547,3.336113427856547,3.9564787339268053,3.9564787339268053,3.9564787339268053,3.9564787339268053,3.816793893129771,3.816793893129771,3.816793893129771],"raf":[292,357,265,258,310,342,308,325,472,344,423,290,330,366,377,276,326,308,312,303,357,271,267,254,243,256,258,263,266,255,264,252,309]}