{"time":[3.318,3.798,4.256,4.622,4.995,5.36,5.776000000000001,6.134,6.510000000000001,6.996,7.359,7.725,8.09,8.459,8.879999999999999,9.233999999999998,9.616999999999997,9.992999999999997,10.358999999999996,10.721999999999996,11.091999999999995,11.457999999999995,11.819999999999995,12.191999999999995,12.575999999999995,12.946999999999996],"fps":[1.8165304268846503,1.8165304268846503,1.8165304268846503,2.3006134969325154,2.3006134969325154,2.3006134969325154,2.5996533795493932,2.5996533795493932,2.5996533795493932,2.459016393442623,2.459016393442623,2.459016393442623,2.742230347349177,2.742230347349177,2.742230347349177,2.6223776223776225,2.6223776223776225,2.6223776223776225,2.6666666666666665,2.6666666666666665,2.6666666666666665,2.72975432211101,2.72975432211101,2.72975432211101,2.6833631484794274,2.6833631484794274],"raf":[584,480,458,366,373,365,416,358,376,486,363,366,365,369,421,354,383,376,366,363,370,366,362,372,384,371]}