{"time":[3.069,3.961,5.122,5.934,6.674,7.458,8.142,8.84,9.577,10.292,11.024,11.681999999999999,12.379999999999999],"fps":[1.7291066282420748,1.7291066282420748,0.9737098344693281,0.9737098344693281,1.2894906511927788,1.2894906511927788,1.3623978201634876,1.3623978201634876,1.3937282229965158,1.3937282229965158,1.38217000691085,1.38217000691085,1.4749262536873156],"raf":[1200,893,1161,811,740,784,684,698,737,715,732,658,698]}