{"time":[3.2350000000000003,3.761,4.208,4.6370000000000005,5.067,5.496,5.909000000000001,6.384,6.833,7.284,7.786,8.280999999999999,8.738999999999999,9.140999999999998,9.542999999999997,9.952999999999998,10.381999999999998,10.841999999999999,11.271999999999998,11.746999999999998,12.227999999999998,12.621999999999998],"fps":[1.834862385321101,2.1037868162692845,2.1037868162692845,2.1037868162692845,2.295332823259373,2.295332823259373,2.295332823259373,2.2796352583586628,2.2796352583586628,2.2796352583586628,2.1398002853067046,2.1398002853067046,2.1398002853067046,2.2140221402214024,2.2140221402214024,2.2140221402214024,2.4174053182917,2.4174053182917,2.4174053182917,2.197802197802198,2.197802197802198,2.197802197802198],"raf":[418,526,447,429,431,428,413,475,449,451,502,495,458,402,402,410,429,460,430,475,481,394]}