{"time":[4.186,5.51,6.819,8.075,9.334999999999999,10.553999999999998,11.852999999999998],"fps":[0.7112375533428165,0.7552870090634441,0.7639419404125286,0.7961783439490446,0.7936507936507936,0.8203445447087777,0.7698229407236336],"raf":[1406,1324,1309,1256,1260,1219,1299]}