{"time":[3.4370000000000007,3.8640000000000008,4.221000000000001,4.609000000000001,5.024000000000001,5.416000000000001,5.793000000000001,6.206000000000001,6.584000000000001,7.054000000000001,7.483000000000001,7.9620000000000015,8.438000000000002,8.971000000000002,9.501000000000001,10.05,10.638,11.036,11.491999999999999,11.904,12.32,12.921],"fps":[1.834862385321101,1.834862385321101,2.4,2.4,2.4,2.510460251046025,2.510460251046025,2.510460251046025,2.5684931506849313,2.5684931506849313,2.5684931506849313,2.1770682148040637,2.1770682148040637,1.9821605550049555,1.9821605550049555,1.8535681186283597,1.8535681186283597,1.8535681186283597,2.0804438280166435,2.0804438280166435,2.0804438280166435,2.099370188943317],"raf":[466,427,357,388,415,392,377,413,378,470,429,479,476,533,530,549,588,398,456,412,416,601]}