{"time":[3.6229999999999993,4.1899999999999995,4.749,5.345,5.893,6.484999999999999,7.0569999999999995,7.5969999999999995,8.134,8.667,9.248,10.148,11.372,12.440999999999999],"fps":[1.2539184952978057,1.680672268907563,1.680672268907563,1.7316017316017316,1.7316017316017316,1.7528483786152498,1.7528483786152498,1.8001800180018002,1.8001800180018002,1.8674136321195145,1.8674136321195145,1.3513513513513513,0.8169934640522876,0.9354536950420954],"raf":[623,567,559,596,548,593,571,540,537,534,580,900,1224,1069]}