{"time":[3.1430000000000002,3.383,3.646,3.866,4.102,4.357,4.611000000000001,4.848000000000001,5.085000000000001,5.331000000000001,5.559000000000001,5.793000000000001,6.016000000000001,6.222000000000001,6.449000000000002,6.660000000000002,6.879000000000002,7.099000000000002,7.320000000000002,7.561000000000002,7.792000000000002,7.999000000000001,8.231000000000002,8.535000000000002,8.812000000000001,9.109000000000002,9.439000000000002,9.675000000000002,9.904000000000002,10.113000000000001,10.328000000000001,10.536000000000001,10.733,10.938,11.179,11.436,11.686,11.877,12.082,12.287,12.638000000000002,12.874000000000002],"fps":[3.4722222222222223,4.065040650406504,4.065040650406504,4.065040650406504,4.065040650406504,4.065040650406504,4.071661237785016,4.071661237785016,4.071661237785016,4.071661237785016,4.071661237785016,4.230118443316413,4.230118443316413,4.230118443316413,4.230118443316413,4.230118443316413,4.6040515653775325,4.6040515653775325,4.6040515653775325,4.6040515653775325,4.6040515653775325,4.464285714285714,4.464285714285714,4.464285714285714,4.464285714285714,3.6036036036036037,3.6036036036036037,3.6036036036036037,3.6036036036036037,3.9840637450199203,3.9840637450199203,3.9840637450199203,3.9840637450199203,3.9840637450199203,4.690431519699812,4.690431519699812,4.690431519699812,4.690431519699812,4.690431519699812,4.512635379061372,4.512635379061372,4.512635379061372],"raf":[232,240,263,221,235,255,254,237,237,246,228,234,223,206,227,211,219,220,221,241,231,207,232,305,276,297,330,236,229,209,215,208,197,205,241,257,250,191,205,205,351,236]}