{"time":[3.1630000000000003,3.644,4.334,4.840999999999999,5.355999999999999,5.795999999999999,6.236,6.672,7.101999999999999,7.512,7.965999999999999,8.376,8.847,9.269,9.784,10.292000000000002,10.850000000000001,11.350000000000001,11.756000000000002,12.207000000000003,12.710000000000003],"fps":[1.8518518518518519,1.8518518518518519,1.7079419299743808,1.7079419299743808,1.9569471624266144,1.9569471624266144,1.9569471624266144,2.2796352583586628,2.2796352583586628,2.2796352583586628,2.3183925811437405,2.3183925811437405,2.3183925811437405,2.3023791250959325,2.3023791250959325,1.9550342130987293,1.9550342130987293,1.890359168241966,1.890359168241966,1.890359168241966,2.2058823529411766],"raf":[529,481,690,507,515,441,439,436,430,410,454,410,471,422,515,508,558,500,406,451,503]}