{"time":[3.0310000000000006,3.1560000000000006,3.287000000000001,3.4050000000000007,3.505000000000001,3.608000000000001,3.737000000000001,3.858000000000001,3.960000000000001,4.065000000000001,4.182000000000001,4.2890000000000015,4.412000000000002,4.514000000000002,4.602000000000002,4.700000000000002,4.863000000000002,4.979000000000002,5.059000000000002,5.154000000000002,5.251000000000002,5.3400000000000025,5.429000000000003,5.517000000000003,5.622000000000003,5.719000000000004,5.805000000000004,5.9470000000000045,6.031000000000004,6.138000000000004,6.236000000000004,6.334000000000004,6.434000000000004,6.531000000000004,6.712000000000004,6.794000000000004,6.885000000000004,7.089000000000004,7.236000000000004,7.325000000000005,7.4150000000000045,7.526000000000004,7.643000000000004,7.751000000000004,7.856000000000004,7.960000000000004,8.101000000000004,8.215000000000005,8.449000000000005,8.595000000000006,8.710000000000006,8.814000000000005,8.922000000000006,9.049000000000007,9.188000000000006,9.314000000000005,9.424000000000005,9.543000000000005,9.679000000000004,9.797000000000004,9.914000000000005,10.037000000000004,10.145000000000005,10.263000000000005,10.387000000000006,10.498000000000006,10.620000000000006,10.731000000000007,10.841000000000006,10.949000000000007,11.060000000000008,11.176000000000007,11.294000000000008,11.395000000000008,11.521000000000008,11.638000000000009,11.750000000000009,11.872000000000009,11.979000000000008,12.077000000000009,12.202000000000009,12.32000000000001,12.44100000000001,12.56500000000001,12.69700000000001,12.81400000000001,12.92400000000001],"fps":[9.30232558139535,9.30232558139535,9.30232558139535,9.30232558139535,9.30232558139535,7.575757575757576,7.575757575757576,7.575757575757576,7.575757575757576,7.575757575757576,7.575757575757576,7.575757575757576,7.575757575757576,7.575757575757576,7.575757575757576,9.157509157509157,9.157509157509157,9.157509157509157,9.157509157509157,9.157509157509157,9.157509157509157,9.157509157509157,9.157509157509157,9.157509157509157,9.157509157509157,9.813542688910697,9.813542688910697,9.813542688910697,9.813542688910697,9.813542688910697,9.813542688910697,9.813542688910697,9.813542688910697,9.813542688910697,9.813542688910697,9.293680297397769,9.293680297397769,9.293680297397769,9.293680297397769,9.293680297397769,9.293680297397769,9.293680297397769,9.293680297397769,9.293680297397769,8.482563619227145,8.482563619227145,8.482563619227145,8.482563619227145,8.482563619227145,8.482563619227145,8.482563619227145,8.482563619227145,7.5046904315197,7.5046904315197,7.5046904315197,7.5046904315197,7.5046904315197,7.5046904315197,7.5046904315197,7.5046904315197,7.5046904315197,8.071748878923767,8.071748878923767,8.071748878923767,8.071748878923767,8.071748878923767,8.071748878923767,8.071748878923767,8.071748878923767,8.071748878923767,8.79765395894428,8.79765395894428,8.79765395894428,8.79765395894428,8.79765395894428,8.79765395894428,8.79765395894428,8.79765395894428,8.79765395894428,8.849557522123893,8.849557522123893,8.849557522123893,8.849557522123893,8.849557522123893,8.849557522123893,8.849557522123893,8.849557522123893],"raf":[149,125,131,118,100,103,129,121,102,105,117,107,123,102,88,98,163,116,80,95,97,89,89,88,105,97,86,143,83,107,98,98,100,97,181,83,90,204,147,89,90,111,117,108,105,104,141,114,234,146,115,104,108,127,139,126,110,119,136,118,117,123,108,118,124,111,122,112,109,108,111,116,118,101,126,117,112,122,107,98,125,118,121,124,132,117,110]}