{"time":[3.5470000000000006,4.715000000000001,5.825000000000001,6.690000000000001,7.732000000000001,8.926000000000002,10.008000000000003,11.325000000000003,12.149000000000003],"fps":[0.9276437847866419,0.856898029134533,0.9009009009009009,0.9009009009009009,1.048767697954903,0.8375209380234506,0.9242144177449169,0.7593014426727411,0.7593014426727411],"raf":[1077,1167,1110,865,1042,1194,1082,1317,825]}