{"time":[3.6229999999999998,4.188,4.7459999999999996,5.372,5.813,6.276,6.724,7.189,7.6690000000000005,8.127,8.64,9.214,9.8,10.39,11.31,11.84,12.34,12.847],"fps":[1.2861736334405145,1.5822784810126582,1.5822784810126582,1.6891891891891893,1.6891891891891893,1.6891891891891893,2.2189349112426036,2.2189349112426036,2.2189349112426036,2.1382751247327154,2.1382751247327154,1.8399264029438822,1.8399264029438822,1.7006802721088434,1.7006802721088434,1.3793103448275863,1.3793103448275863,1.9860973187686197],"raf":[699,565,558,626,441,463,448,465,480,458,513,574,586,590,920,530,500,507]}