{"time":[3.675,4.538,5.602,6.486000000000001,7.580000000000001,8.332,9.039000000000001,9.757000000000001,10.38,11.106000000000002,11.822000000000001,12.479000000000001],"fps":[0.8496176720475785,1.122334455667789,0.9398496240601504,0.9398496240601504,1.0111223458038423,1.0111223458038423,1.3708019191226868,1.3708019191226868,1.4914243102162565,1.4914243102162565,1.3869625520110958,1.3869625520110958],"raf":[920,862,1064,884,1094,752,707,718,623,726,716,657]}