{"time":[3.338,4.908,6.348000000000001,7.815000000000001,9.928,11.298000000000002,12.595000000000002],"fps":[0.6451612903225806,0.6369426751592356,0.6944444444444444,0.6816632583503749,0.47326076668244205,0.7299270072992701,0.7710100231303006],"raf":[1550,1570,1440,1467,2113,1370,1297]}