{"time":[3.0040000000000004,3.3600000000000003,3.7410000000000005,4.120000000000001,4.481000000000001,4.896000000000001,5.2490000000000006,5.598000000000001,5.956,6.313000000000001,6.666,7.015000000000001,7.3790000000000004,7.809,8.214,8.690000000000001,9.150000000000002,9.787000000000003,10.325000000000003,10.820000000000002,11.203000000000003,11.618000000000002,12.028000000000002,12.393000000000002,12.790000000000003],"fps":[2.1367521367521367,2.1367521367521367,2.1367521367521367,2.6881720430107525,2.6881720430107525,2.6881720430107525,2.657218777679362,2.657218777679362,2.657218777679362,2.819548872180451,2.819548872180451,2.819548872180451,2.8142589118198873,2.8142589118198873,2.8142589118198873,2.288329519450801,2.288329519450801,1.8231540565177757,1.8231540565177757,1.936108422071636,1.936108422071636,1.936108422071636,2.4834437086092715,2.4834437086092715,2.4834437086092715],"raf":[428,356,381,379,361,415,353,349,358,357,353,349,364,430,405,476,460,637,538,495,383,415,410,365,397]}