{"time":[3.0460000000000003,3.29,3.496,3.716,3.9120000000000004,4.1290000000000004,4.346,4.625,4.831,5.047000000000001,5.2620000000000005,5.494000000000001,5.711,5.913,6.172000000000001,6.434000000000001,6.627000000000001,6.823,7.021000000000001,7.237000000000001,7.444000000000001,7.6850000000000005,7.9,8.108,8.308,8.512,8.711,8.928,9.125,9.326,9.524000000000001,9.722000000000001,9.927000000000001,10.144000000000002,10.338000000000003,10.544000000000002,10.741000000000001,10.935000000000002,11.151000000000002,11.355000000000002,11.564000000000002,11.774000000000003,11.991000000000003,12.206000000000003,12.422000000000002,12.629000000000003,12.849000000000004],"fps":[3.616636528028933,3.883495145631068,3.883495145631068,3.883495145631068,3.883495145631068,3.883495145631068,4.734848484848484,4.734848484848484,4.734848484848484,4.734848484848484,4.734848484848484,4.355400696864112,4.355400696864112,4.355400696864112,4.355400696864112,4.355400696864112,4.41306266548985,4.41306266548985,4.41306266548985,4.41306266548985,4.41306266548985,4.725897920604915,4.725897920604915,4.725897920604915,4.725897920604915,4.725897920604915,4.8732943469785575,4.8732943469785575,4.8732943469785575,4.8732943469785575,4.8732943469785575,4.940711462450593,4.940711462450593,4.940711462450593,4.940711462450593,4.940711462450593,4.911591355599215,4.911591355599215,4.911591355599215,4.911591355599215,4.911591355599215,4.84027105517909,4.84027105517909,4.84027105517909,4.84027105517909,4.84027105517909,4.646840148698884],"raf":[225,244,206,220,196,217,217,279,206,216,215,232,218,201,259,262,193,196,199,215,207,241,215,208,200,204,199,217,197,201,198,199,204,217,194,206,197,195,215,205,208,210,217,215,216,207,221]}