{"time":[3.265,3.693,4.045,4.366,4.673,4.983,5.295999999999999,5.590999999999999,5.867999999999999,6.129999999999999,6.395999999999999,6.643999999999999,6.909999999999999,7.167999999999999,7.428999999999999,7.843999999999999,8.084999999999999,8.343,8.588,8.829999999999998,9.078999999999999,9.328,9.658999999999999,9.895,10.222999999999999,10.526,10.801,11.067,11.317,11.645,12.097,12.456,12.748],"fps":[2.6857654431512983,2.172338884866039,2.172338884866039,2.172338884866039,2.172338884866039,3.10077519379845,3.10077519379845,3.10077519379845,3.10077519379845,3.4873583260680037,3.4873583260680037,3.4873583260680037,3.4873583260680037,3.8498556304138596,3.8498556304138596,3.8498556304138596,3.8498556304138596,3.4071550255536627,3.4071550255536627,3.4071550255536627,3.4071550255536627,3.4071550255536627,3.7993920972644375,3.7993920972644375,3.7993920972644375,3.7993920972644375,3.502626970227671,3.502626970227671,3.502626970227671,3.502626970227671,3.0864197530864197,3.0864197530864197,3.0864197530864197],"raf":[383,428,352,321,307,310,313,295,277,262,266,248,266,259,260,415,241,258,245,242,249,249,331,236,328,303,275,266,250,328,452,359,292]}