{"time":[3.0609999999999995,3.1129999999999995,3.1719999999999997,3.2259999999999995,3.2819999999999996,3.3389999999999995,3.4109999999999996,3.4659999999999997,3.521,3.5789999999999997,3.6369999999999996,3.6929999999999996,3.7549999999999994,3.8269999999999995,4.002999999999999,4.132,4.183,4.2379999999999995,4.297,4.358,4.414,4.5,4.604,4.655,4.7170000000000005,4.775,4.835,4.893,5.016,5.119,5.176,5.232,5.289000000000001,5.347,5.418,5.518,5.569999999999999,5.630999999999999,5.686999999999999,5.741999999999999,5.804999999999999,5.860999999999999,5.916999999999999,5.9769999999999985,6.038999999999999,6.095999999999999,6.151999999999999,6.206999999999999,6.262999999999999,6.322999999999999,6.3809999999999985,6.437999999999999,6.494999999999999,6.557999999999999,6.613999999999999,6.670999999999999,6.733,6.792999999999999,6.852999999999999,6.908999999999999,6.966999999999999,7.023999999999999,7.089999999999999,7.145999999999999,7.202999999999999,7.26,7.319,7.376,7.4350000000000005,7.492000000000001,7.551000000000001,7.607000000000001,7.669000000000001,7.727000000000001,7.806000000000001,7.865000000000001,7.923000000000001,7.982000000000001,8.044,8.124,8.187000000000001,8.245000000000001,8.325000000000001,8.386000000000001,8.444,8.503,8.566,8.625,8.683,8.74,8.799,8.898,8.974,9.037,9.134,9.207,9.266,9.327,9.397,9.459,9.523,9.594,9.665,9.741,9.804,9.868,9.934000000000001,9.997000000000002,10.060000000000002,10.142000000000003,10.207000000000003,10.295000000000002,10.393000000000002,10.509000000000002,10.607000000000003,10.694000000000003,10.797000000000002,10.862000000000002,11.019000000000002,11.094000000000001,11.169,11.232000000000001,11.293000000000001,11.352,11.412,11.475000000000001,11.535000000000002,11.596000000000002,11.659000000000002,11.814000000000002,11.869000000000002,11.930000000000001,11.996000000000002,12.058000000000002,12.125000000000002,12.200000000000001,12.257000000000001,12.315000000000001,12.375000000000002,12.436000000000002,12.500000000000002,12.562000000000001,12.739,12.913,12.972],"fps":[13.409961685823754,13.409961685823754,13.409961685823754,13.409961685823754,13.409961685823754,13.409961685823754,13.409961685823754,13.409961685823754,16.129032258064516,16.129032258064516,16.129032258064516,16.129032258064516,16.129032258064516,16.129032258064516,16.129032258064516,16.129032258064516,16.129032258064516,16.129032258064516,16.129032258064516,16.129032258064516,16.129032258064516,16.129032258064516,12.927054478301015,12.927054478301015,12.927054478301015,12.927054478301015,12.927054478301015,12.927054478301015,12.927054478301015,12.927054478301015,12.927054478301015,12.927054478301015,12.927054478301015,12.927054478301015,12.927054478301015,12.927054478301015,12.927054478301015,14.605647517039921,14.605647517039921,14.605647517039921,14.605647517039921,14.605647517039921,14.605647517039921,14.605647517039921,14.605647517039921,14.605647517039921,14.605647517039921,14.605647517039921,14.605647517039921,14.605647517039921,14.605647517039921,14.605647517039921,14.605647517039921,14.605647517039921,14.605647517039921,17.307692307692307,17.307692307692307,17.307692307692307,17.307692307692307,17.307692307692307,17.307692307692307,17.307692307692307,17.307692307692307,17.307692307692307,17.307692307692307,17.307692307692307,17.307692307692307,17.307692307692307,17.307692307692307,17.307692307692307,17.307692307692307,17.307692307692307,17.307692307692307,17.045454545454547,17.045454545454547,17.045454545454547,17.045454545454547,17.045454545454547,17.045454545454547,17.045454545454547,17.045454545454547,17.045454545454547,17.045454545454547,17.045454545454547,17.045454545454547,17.045454545454547,17.045454545454547,17.045454545454547,17.045454545454547,15.79466929911155,15.79466929911155,15.79466929911155,15.79466929911155,15.79466929911155,15.79466929911155,15.79466929911155,15.79466929911155,15.79466929911155,15.79466929911155,15.79466929911155,15.79466929911155,15.79466929911155,15.79466929911155,13.986013986013987,13.986013986013987,13.986013986013987,13.986013986013987,13.986013986013987,13.986013986013987,13.986013986013987,13.986013986013987,13.986013986013987,13.986013986013987,13.986013986013987,13.986013986013987,13.986013986013987,12.31060606060606,12.31060606060606,12.31060606060606,12.31060606060606,12.31060606060606,12.31060606060606,12.31060606060606,12.31060606060606,12.31060606060606,12.31060606060606,12.31060606060606,12.31060606060606,12.31060606060606,12.782694198623402,12.782694198623402,12.782694198623402,12.782694198623402,12.782694198623402,12.782694198623402,12.782694198623402,12.782694198623402,12.782694198623402,12.782694198623402,12.782694198623402,12.782694198623402,12.782694198623402,12.782694198623402,12.738853503184714,12.738853503184714],"raf":[118,52,59,54,56,57,72,55,55,58,58,56,62,72,176,129,51,55,59,61,56,86,104,51,62,59,59,58,123,103,57,56,57,58,71,100,52,61,56,55,63,56,56,60,62,57,56,55,56,60,58,57,57,63,56,57,62,60,60,57,57,57,66,56,57,57,59,58,58,58,58,56,62,58,79,59,58,59,62,80,63,58,80,61,58,59,63,59,58,57,59,99,76,63,97,73,59,61,70,62,64,71,71,76,63,64,66,63,63,82,65,88,98,116,98,87,103,65,157,75,75,63,61,59,60,63,60,62,62,155,55,61,67,61,67,75,57,58,59,61,64,62,177,174,60]}