{"time":[3.542,4.108,4.662999999999999,5.244999999999999,5.911999999999999,6.576999999999999,7.218999999999999,7.877999999999999,8.596,9.314,10.01,10.728,11.493,12.083,12.697000000000001],"fps":[1.3689253935660506,1.7108639863130881,1.7108639863130881,1.7590149516270888,1.7590149516270888,1.5003750937734435,1.5003750937734435,1.5372790161414296,1.5372790161414296,1.3937282229965158,1.3937282229965158,1.4134275618374559,1.4134275618374559,1.4771048744460857,1.4771048744460857],"raf":[603,566,555,582,668,665,641,660,717,718,696,719,764,590,614]}