{"time":[3.043,3.248,3.422,3.599,3.77,3.947,4.158,4.401000000000001,4.583000000000001,4.784000000000001,4.98,5.162000000000001,5.361000000000001,5.549,5.753,5.931,6.114,6.305,6.497,6.6819999999999995,6.866999999999999,7.060999999999999,7.277999999999999,7.473999999999998,7.671999999999999,7.866999999999999,8.072,8.264,8.469999999999999,8.669999999999998,8.882999999999997,9.083999999999998,9.284999999999998,9.485999999999999,9.685999999999998,9.890999999999998,10.093999999999998,10.306999999999997,10.518999999999997,10.729999999999997,10.928999999999997,11.157999999999996,11.369999999999996,11.591999999999995,11.837999999999996,12.095999999999997,12.284999999999997,12.589999999999996,12.827999999999996],"fps":[4.945598417408506,3.8058991436726926,3.8058991436726926,3.8058991436726926,3.8058991436726926,3.8058991436726926,3.8058991436726926,5.203816131830009,5.203816131830009,5.203816131830009,5.203816131830009,5.203816131830009,5.203816131830009,5.2264808362369335,5.2264808362369335,5.2264808362369335,5.2264808362369335,5.2264808362369335,5.2264808362369335,5.29567519858782,5.29567519858782,5.29567519858782,5.29567519858782,5.29567519858782,5.29567519858782,5.063291139240507,5.063291139240507,5.063291139240507,5.063291139240507,5.063291139240507,4.916420845624385,4.916420845624385,4.916420845624385,4.916420845624385,4.916420845624385,4.9603174603174605,4.9603174603174605,4.9603174603174605,4.9603174603174605,4.9603174603174605,4.821600771456123,4.821600771456123,4.821600771456123,4.821600771456123,4.821600771456123,4.284490145672665,4.284490145672665,4.284490145672665,4.284490145672665],"raf":[173,205,174,177,171,177,211,243,182,201,196,182,199,188,204,178,183,191,192,185,185,194,217,196,198,195,205,192,206,200,214,200,201,201,200,206,202,213,212,211,199,229,212,223,245,258,189,305,238]}