{"time":[3.2380000000000004,3.4620000000000006,3.682000000000001,3.8930000000000007,4.103000000000001,4.316000000000001,4.521000000000001,4.73,4.9830000000000005,5.246,5.447,5.664,5.882,6.0889999999999995,6.302,6.512,6.7219999999999995,6.928999999999999,7.135999999999999,7.343999999999999,7.552,7.762,7.968999999999999,8.171,8.386999999999999,8.595999999999998,8.809999999999999,9.014999999999999,9.225999999999999,9.44,9.654,9.865,10.076,10.290000000000001,10.501000000000001,10.709000000000001,10.916000000000002,11.121000000000002,11.344000000000003,11.555000000000003,11.784000000000002,12.016000000000002,12.244000000000002,12.480000000000002,12.711000000000002,12.966000000000003],"fps":[2.512562814070352,2.512562814070352,2.512562814070352,3.9486673247778876,3.9486673247778876,3.9486673247778876,3.9486673247778876,3.9486673247778876,4.587155963302752,4.587155963302752,4.587155963302752,4.587155963302752,4.587155963302752,4.5167118337850045,4.5167118337850045,4.5167118337850045,4.5167118337850045,4.5167118337850045,4.775549188156638,4.775549188156638,4.775549188156638,4.775549188156638,4.775549188156638,4.835589941972921,4.835589941972921,4.835589941972921,4.835589941972921,4.835589941972921,4.739336492890995,4.739336492890995,4.739336492890995,4.739336492890995,4.739336492890995,4.6992481203007515,4.6992481203007515,4.6992481203007515,4.6992481203007515,4.6992481203007515,4.743833017077799,4.743833017077799,4.743833017077799,4.743833017077799,4.743833017077799,4.401408450704225,4.401408450704225,4.401408450704225],"raf":[358,224,220,211,210,213,205,209,253,263,201,217,218,208,212,210,210,207,208,207,208,210,207,202,216,209,214,205,211,214,214,211,211,214,211,208,207,205,223,211,229,232,228,236,231,255]}