{"time":[3.116,3.452,3.726,4.001,4.2620000000000005,4.522,4.766,5.01,5.263999999999999,5.507999999999999,5.752999999999999,6.0089999999999995,6.2589999999999995,6.502,6.749,6.992,7.2379999999999995,7.486999999999999,7.743999999999999,7.989999999999998,8.242999999999999,8.502999999999998,8.759999999999998,9.030999999999999,9.326999999999998,9.607999999999999,9.860999999999999,10.18,10.583,10.875,11.114,11.372,11.62,11.869,12.173,12.425,12.672,12.921000000000001],"fps":[3.3085194375516958,3.06044376434583,3.06044376434583,3.06044376434583,3.06044376434583,3.7383177570093458,3.7383177570093458,3.7383177570093458,3.7383177570093458,3.7383177570093458,4.061738424045491,4.061738424045491,4.061738424045491,4.061738424045491,4.061738424045491,4.035512510088782,4.035512510088782,4.035512510088782,4.035512510088782,4.035512510088782,3.9968025579536373,3.9968025579536373,3.9968025579536373,3.9968025579536373,3.690036900369004,3.690036900369004,3.690036900369004,3.690036900369004,3.1847133757961785,3.1847133757961785,3.1847133757961785,3.1847133757961785,3.8572806171648986,3.8572806171648986,3.8572806171648986,3.8572806171648986,3.802281368821293,3.802281368821293],"raf":[263,336,274,276,260,260,244,245,253,244,245,256,250,243,247,243,246,249,257,246,253,260,257,271,296,281,253,319,403,292,239,258,248,249,304,252,247,249]}