{"time":[4.3260000000000005,5.735,7.497,9.195,10.748000000000001,12.323],"fps":[0.9528346831824679,0.7097232079489,0.5675368898978433,0.5885815185403178,0.6439150032195751,0.6353240152477764],"raf":[1698,1409,1762,1699,1553,1574]}