{"time":[3.174,3.3569999999999998,3.6069999999999998,3.9579999999999997,4.14,4.345,4.537999999999999,4.7299999999999995,4.912,5.095,5.321,5.521,5.7059999999999995,5.8919999999999995,6.082,6.278,6.473,6.661,6.848999999999999,7.0329999999999995,7.223,7.417,7.606,7.789,7.9719999999999995,8.157,8.363,8.561,8.754,8.953999999999999,9.171999999999999,9.403999999999998,9.590999999999998,9.795999999999998,10.021999999999998,10.265999999999998,10.577999999999998,10.759999999999998,11.052999999999997,11.282999999999998,11.456999999999997,11.637999999999996,11.830999999999996,12.014999999999995,12.203999999999995,12.673999999999996,12.845999999999997],"fps":[4.397537379067722,4.397537379067722,4.397537379067722,3.9564787339268053,3.9564787339268053,3.9564787339268053,3.9564787339268053,3.9564787339268053,3.9564787339268053,5.277044854881266,5.277044854881266,5.277044854881266,5.277044854881266,5.277044854881266,5.277044854881266,5.07185122569738,5.07185122569738,5.07185122569738,5.07185122569738,5.07185122569738,5.07185122569738,5.267778753292362,5.267778753292362,5.267778753292362,5.267778753292362,5.267778753292362,5.267778753292362,5.244755244755245,5.244755244755245,5.244755244755245,5.244755244755245,5.244755244755245,4.854368932038835,4.854368932038835,4.854368932038835,4.854368932038835,4.854368932038835,4.277159965782721,4.277159965782721,4.277159965782721,4.277159965782721,4.277159965782721,4.6685340802987865,4.6685340802987865,4.6685340802987865,4.6685340802987865,3.9408866995073892],"raf":[227,183,250,351,182,205,193,192,182,183,226,200,185,186,190,196,195,188,188,184,190,194,189,183,183,185,206,198,193,200,218,232,187,205,226,244,312,182,293,230,174,181,193,184,189,470,172]}