{"time":[3.746,4.486,5.186,5.812,6.5440000000000005,7.244000000000001,8.044,8.669,9.267000000000001,9.870000000000001,10.602,11.356,11.991999999999999,12.654],"fps":[1.33422281521014,1.33422281521014,1.3888888888888888,1.3888888888888888,1.4727540500736378,1.4727540500736378,1.3324450366422385,1.3324450366422385,1.6366612111292962,1.6366612111292962,1.4981273408239701,1.4981273408239701,1.4388489208633093,1.4388489208633093],"raf":[815,740,700,626,732,700,801,624,598,603,732,754,636,662]}