{"time":[3.2359999999999998,3.8379999999999996,4.457,5.0729999999999995,5.6579999999999995,6.273,6.8709999999999996,7.752999999999999,8.327,8.952,9.527,10.122,10.754,11.379,11.982999999999999,12.595999999999998],"fps":[1.404494382022472,1.404494382022472,1.638001638001638,1.638001638001638,1.665278934221482,1.665278934221482,1.6488046166529267,1.6488046166529267,1.3736263736263736,1.3736263736263736,1.6666666666666667,1.6666666666666667,1.6299918500407498,1.6299918500407498,1.627339300244101,1.627339300244101],"raf":[748,602,619,616,585,616,597,882,574,625,575,595,632,625,604,613]}