{"time":[4,5.628,7.107,8.557,10.583,12.004],"fps":[1.203369434416366,0.6142506142506142,0.676132521974307,0.6896551724137931,0.49358341559723595,0.7037297677691766],"raf":[1678,1628,1479,1450,2026,1421]}