{"time":[3.2510000000000003,3.91,4.559,5.0840000000000005,5.518000000000001,5.963000000000001,6.405000000000001,6.850000000000001,7.301000000000001,7.733000000000001,8.176000000000002,8.612000000000002,9.067000000000002,9.598000000000003,10.066000000000003,10.505000000000003,10.964000000000002,11.399000000000003,11.839000000000002,12.274000000000003,12.723000000000003],"fps":[1.976284584980237,1.784121320249777,1.784121320249777,1.7035775127768313,1.7035775127768313,1.7035775127768313,2.2710068130204393,2.2710068130204393,2.2710068130204393,2.2573363431151243,2.2573363431151243,2.2573363431151243,2.250562640660165,2.250562640660165,2.250562640660165,2.086230876216968,2.086230876216968,2.086230876216968,2.2488755622188905,2.2488755622188905,2.2488755622188905],"raf":[462,659,649,525,434,445,442,445,451,433,442,436,455,531,468,439,460,434,440,435,449]}