{"time":[3.153,3.7110000000000003,4.372,4.947,5.706,6.444000000000001,7.178000000000001,7.751000000000001,8.348,8.895000000000001,9.394000000000002,9.853000000000002,10.334000000000001,10.936000000000002,11.520000000000001,12.291000000000002,12.940000000000001],"fps":[2.349256068911511,1.6722408026755853,1.6722408026755853,1.6181229773462784,1.6181229773462784,1.3360053440213762,1.3360053440213762,1.530221882172915,1.530221882172915,1.7482517482517483,1.7482517482517483,1.7482517482517483,2.0847810979847115,2.0847810979847115,1.6863406408094435,1.6863406408094435,1.408450704225352],"raf":[638,558,661,575,759,738,734,573,597,547,499,459,481,602,584,771,649]}