{"time":[3.152,3.307,3.461,3.617,3.789,3.919,4.114,4.306,4.469,4.601,4.807,5.061,5.253,5.46,5.652,5.771,5.917,6.112,6.412,6.5809999999999995,6.707,6.858,6.992999999999999,7.130999999999999,7.249999999999999,7.385999999999999,7.525999999999999,7.667999999999999,7.811999999999999,7.9559999999999995,8.075999999999999,8.214999999999998,8.349999999999998,8.512999999999998,8.648999999999997,8.787999999999997,8.933999999999997,9.065999999999997,9.206999999999997,9.358999999999996,9.495999999999997,9.652999999999997,9.769999999999998,9.911999999999997,10.048999999999998,10.181999999999999,10.315999999999999,10.482,10.633,10.761,10.892,11.056,11.200999999999999,11.349999999999998,11.482999999999997,11.638999999999998,11.785999999999998,11.933999999999997,12.144999999999998,12.381999999999998,12.499999999999998,12.639999999999999,12.78,12.902999999999999],"fps":[4.587155963302752,4.587155963302752,4.587155963302752,4.488330341113106,4.488330341113106,4.488330341113106,4.488330341113106,4.488330341113106,4.488330341113106,4.488330341113106,5.882352941176471,5.882352941176471,5.882352941176471,5.882352941176471,5.882352941176471,5.882352941176471,5.4005400540054005,5.4005400540054005,5.4005400540054005,5.4005400540054005,5.4005400540054005,5.4005400540054005,5.5813953488372094,5.5813953488372094,5.5813953488372094,5.5813953488372094,5.5813953488372094,5.5813953488372094,5.5813953488372094,5.5813953488372094,7.386888273314866,7.386888273314866,7.386888273314866,7.386888273314866,7.386888273314866,7.386888273314866,7.386888273314866,7.386888273314866,7.0609002647837595,7.0609002647837595,7.0609002647837595,7.0609002647837595,7.0609002647837595,7.0609002647837595,7.0609002647837595,7.0609002647837595,7.226738934056007,7.226738934056007,7.226738934056007,7.226738934056007,7.226738934056007,7.226738934056007,7.226738934056007,6.769825918762089,6.769825918762089,6.769825918762089,6.769825918762089,6.769825918762089,6.769825918762089,5.813953488372093,5.813953488372093,5.813953488372093,5.813953488372093,5.813953488372093],"raf":[221,155,154,156,172,130,195,192,163,132,206,254,192,207,192,119,147,194,300,169,126,151,135,138,119,136,140,142,144,144,120,139,135,163,136,139,146,132,143,150,137,157,117,142,137,134,133,166,151,128,131,164,145,149,133,156,147,148,211,237,118,140,140,124]}