{"time":[3.011,3.208,3.467,3.737,3.9050000000000002,4.083,4.257000000000001,4.485,4.664000000000001,4.8420000000000005,5.0200000000000005,5.2090000000000005,5.392,5.590000000000001,5.789000000000001,5.962000000000001,6.146000000000001,6.328000000000001,6.5230000000000015,6.705000000000002,6.885000000000002,7.066000000000002,7.255000000000002,7.432000000000001,7.623000000000001,7.808000000000001,7.9830000000000005,8.163,8.342,8.527000000000001,8.719000000000001,8.904000000000002,9.085,9.265,9.442,9.644,9.828,10.007,10.186,10.37,10.545,10.74,10.93,11.125,11.303,11.511000000000001,11.714,11.924000000000001,12.123000000000001,12.314000000000002,12.513000000000002,12.727000000000002],"fps":[4.3591979075850045,4.3591979075850045,4.3591979075850045,4.608294930875576,4.608294930875576,4.608294930875576,4.608294930875576,4.608294930875576,4.608294930875576,5.429864253393665,5.429864253393665,5.429864253393665,5.429864253393665,5.429864253393665,5.429864253393665,5.357142857142857,5.357142857142857,5.357142857142857,5.357142857142857,5.357142857142857,5.357142857142857,5.434782608695652,5.434782608695652,5.434782608695652,5.434782608695652,5.434782608695652,5.434782608695652,5.469462169553327,5.469462169553327,5.469462169553327,5.469462169553327,5.469462169553327,5.469462169553327,5.44464609800363,5.44464609800363,5.44464609800363,5.44464609800363,5.44464609800363,5.44464609800363,5.429864253393665,5.429864253393665,5.429864253393665,5.429864253393665,5.429864253393665,5.429864253393665,5.253940455341506,5.253940455341506,5.253940455341506,5.253940455341506,5.253940455341506,4.995004995004995,4.995004995004995],"raf":[174,197,259,270,168,178,174,228,179,178,178,189,183,198,199,173,184,182,195,182,180,181,189,177,191,185,175,180,179,185,192,185,181,180,177,202,184,179,179,184,175,195,190,195,178,209,202,210,199,191,199,214]}