{"time":[3.3120000000000003,3.6530000000000005,3.9720000000000004,4.298,4.632,4.9639999999999995,5.356999999999999,5.677999999999999,6.217999999999999,6.659999999999999,6.967,7.295999999999999,7.622999999999999,7.964999999999999,8.296999999999999,8.613999999999999,8.946,9.275,9.607000000000001,9.930000000000001,10.314000000000002,10.705000000000002,11.056000000000001,11.384,11.739,12.079,12.425,12.755],"fps":[2.4311183144246353,2.6833631484794274,2.6833631484794274,2.6833631484794274,2.6833631484794274,3.051106025934401,3.051106025934401,3.051106025934401,2.3923444976076556,2.3923444976076556,2.3923444976076556,2.782931354359926,2.782931354359926,2.782931354359926,2.997002997002997,2.997002997002997,2.997002997002997,2.997002997002997,3.053435114503817,3.053435114503817,3.053435114503817,2.73224043715847,2.73224043715847,2.73224043715847,2.9013539651837523,2.9013539651837523,2.9013539651837523,2.952755905511811],"raf":[395,341,319,326,334,332,393,321,540,442,307,329,327,342,332,317,332,329,332,323,384,391,351,328,355,340,346,330]}