{"time":[3.2190000000000003,3.455,3.68,3.91,4.1450000000000005,4.369000000000001,4.602,4.832000000000001,5.075000000000001,5.309000000000001,5.548000000000001,5.790000000000001,6.024000000000001,6.285000000000001,6.527000000000001,6.792000000000001,7.051000000000001,7.296000000000001,7.560000000000001,7.871000000000001,8.174000000000001,8.489,8.785,9.144,9.632,9.924999999999999,10.222,10.559999999999999,10.86,11.231,11.578,11.926,12.212,12.528,12.766],"fps":[3.4812880765883376,4.159733777038269,4.159733777038269,4.159733777038269,4.159733777038269,4.159733777038269,4.3591979075850045,4.3591979075850045,4.3591979075850045,4.3591979075850045,4.3591979075850045,4.2087542087542085,4.2087542087542085,4.2087542087542085,4.2087542087542085,3.992015968063872,3.992015968063872,3.992015968063872,3.992015968063872,3.7071362372567194,3.7071362372567194,3.7071362372567194,3.7071362372567194,3.1421838177533385,3.1421838177533385,3.1421838177533385,2.782931354359926,2.782931354359926,2.782931354359926,2.9732408325074333,2.9732408325074333,2.9732408325074333,2.9732408325074333,3.0840400925212026,3.0840400925212026],"raf":[228,236,225,231,234,224,233,230,243,234,239,242,234,261,242,265,259,245,264,311,303,315,296,359,488,293,297,338,300,371,347,348,286,316,238]}