{"time":[3.828,4.689,5.4190000000000005,6.132000000000001,6.804,7.445,8.084,8.76,9.475,10.206,10.87,12.312,12.985999999999999],"fps":[1.1527377521613833,1.1527377521613833,1.2570710245128849,1.2570710245128849,1.444043321299639,1.444043321299639,1.5625,1.5625,1.4378145219266714,1.4378145219266714,1.4336917562724014,0.693000693000693,0.693000693000693],"raf":[972,861,730,713,672,641,639,676,715,731,664,1442,673]}