{"time":[3.1620000000000004,3.3930000000000002,3.6530000000000005,3.8900000000000006,4.127000000000001,4.36,4.588,4.817,5.05,5.28,5.5040000000000004,5.744000000000001,5.973000000000001,6.199000000000001,6.425000000000001,6.659000000000001,6.898000000000001,7.132000000000001,7.369000000000001,7.609000000000001,7.855,8.106,8.37,8.638,8.947,9.295,9.633,9.86,10.091,10.318999999999999,10.542,10.773,11.006,11.327,11.572,11.832999999999998,12.061999999999998,12.293999999999997,12.523999999999997,12.773999999999997,12.999999999999998],"fps":[3.2765399737876804,3.2765399737876804,3.9682539682539684,3.9682539682539684,3.9682539682539684,3.9682539682539684,3.9682539682539684,4.29553264604811,4.29553264604811,4.29553264604811,4.29553264604811,4.29553264604811,4.32152117545376,4.32152117545376,4.32152117545376,4.32152117545376,4.32152117545376,4.317789291882556,4.317789291882556,4.317789291882556,4.317789291882556,4.317789291882556,4.038772213247173,4.038772213247173,4.038772213247173,4.038772213247173,3.1670625494853524,3.1670625494853524,3.1670625494853524,3.1670625494853524,3.1670625494853524,4.385964912280702,4.385964912280702,4.385964912280702,4.385964912280702,3.7735849056603774,3.7735849056603774,3.7735849056603774,3.7735849056603774,3.7735849056603774,4.284490145672665],"raf":[229,231,260,237,237,233,228,229,233,230,224,240,230,225,226,235,238,234,238,239,246,251,264,268,309,348,338,227,231,228,223,231,233,321,245,261,229,232,230,250,226]}