{"time":[3.185,3.722,4.204,4.667,5.127,5.551,5.974,6.372,6.821,7.254,7.6579999999999995,8.039,8.453,8.850999999999999,9.276,9.714,10.099,10.476,10.888000000000002,11.283000000000001,11.693000000000001,12.063,12.439,12.939],"fps":[1.8867924528301887,1.8867924528301887,1.9627085377821394,1.9627085377821394,1.9627085377821394,2.2271714922048997,2.2271714922048997,2.2271714922048997,2.3622047244094486,2.3622047244094486,2.3622047244094486,2.4630541871921183,2.4630541871921183,2.4630541871921183,2.4252223120452707,2.4252223120452707,2.4252223120452707,2.5,2.5,2.5,2.4650780608052587,2.4650780608052587,2.4650780608052587,2.407704654895666],"raf":[502,537,482,463,460,424,423,398,449,433,404,381,414,398,425,439,384,377,412,395,410,370,376,500]}