{"time":[3.356,4.186,5.071,6.1,7.032,7.895,9.116,9.966999999999999,10.841,11.766,12.964],"fps":[0.9794319294809011,0.9794319294809011,1.1661807580174928,0.9718172983479106,0.9718172983479106,1.1142061281337048,0.819000819000819,0.819000819000819,1.1587485515643106,1.1587485515643106,0.942507068803016],"raf":[1021,830,885,1029,932,863,1221,851,875,924,1198]}