{"time":[3.0570000000000004,3.1780000000000004,3.3070000000000004,3.4390000000000005,3.5970000000000004,3.724,3.85,4.14,4.348999999999999,4.469999999999999,4.603999999999999,4.7379999999999995,4.866999999999999,4.998999999999999,5.132999999999999,5.265999999999999,5.395,5.526,5.6659999999999995,5.802999999999999,5.935999999999999,6.068999999999999,6.219999999999999,6.381999999999999,6.511999999999999,6.655999999999999,6.8039999999999985,6.966999999999999,7.132999999999999,7.336999999999999,7.565999999999999,7.688999999999999,7.895999999999999,8.017,8.142,8.267,8.399,8.575999999999999,8.736999999999998,8.855999999999998,8.982999999999999,9.116,9.254999999999999,9.395999999999999,9.524,9.655,9.963,10.126,10.245999999999999,10.37,10.5,10.628,10.753,10.883000000000001,11.012,11.143,11.272,11.402000000000001,11.531,11.664000000000001,11.798000000000002,11.975000000000001,12.159,12.283000000000001,12.417000000000002,12.548000000000002,12.703000000000001,12.851,12.978000000000002],"fps":[6.386861313868613,6.386861313868613,6.386861313868613,6.386861313868613,6.386861313868613,6.386861313868613,6.386861313868613,6.463527239150507,6.463527239150507,6.463527239150507,6.463527239150507,6.463527239150507,6.463527239150507,6.463527239150507,6.463527239150507,7.104795737122558,7.104795737122558,7.104795737122558,7.104795737122558,7.104795737122558,7.104795737122558,7.104795737122558,7.104795737122558,7.168458781362007,7.168458781362007,7.168458781362007,7.168458781362007,7.168458781362007,7.168458781362007,7.168458781362007,5.912162162162162,5.912162162162162,5.912162162162162,5.912162162162162,5.912162162162162,5.912162162162162,5.912162162162162,6.930693069306931,6.930693069306931,6.930693069306931,6.930693069306931,6.930693069306931,6.930693069306931,6.930693069306931,6.930693069306931,7.414272474513439,7.414272474513439,7.414272474513439,7.414272474513439,7.414272474513439,7.414272474513439,7.414272474513439,6.375227686703097,6.375227686703097,6.375227686703097,6.375227686703097,6.375227686703097,6.375227686703097,6.375227686703097,6.375227686703097,7.655502392344498,7.655502392344498,7.655502392344498,7.655502392344498,7.655502392344498,7.655502392344498,7.655502392344498,6.647673314339981,6.647673314339981],"raf":[116,121,129,132,158,127,126,290,209,121,134,134,129,132,134,133,129,131,140,137,133,133,151,162,130,144,148,163,166,204,229,124,206,121,125,125,132,177,161,119,127,133,139,141,128,131,308,163,120,124,130,128,125,130,129,131,129,130,129,133,134,177,184,124,134,131,155,148,127]}