{"time":[3.444,3.952,4.33,4.6850000000000005,5.017,5.473000000000001,5.789000000000001,6.120000000000001,6.477000000000001,6.7280000000000015,6.942000000000002,7.133000000000002,7.378000000000002,7.633000000000002,7.808000000000002,8.000000000000002,8.174000000000001,8.365000000000002,8.582000000000003,8.762000000000002,8.962000000000002,9.145000000000001,9.343000000000002,9.553000000000003,9.742000000000003,9.933000000000003,10.127000000000004,10.331000000000005,10.515000000000004,10.720000000000004,10.898000000000005,11.134000000000006,11.338000000000006,11.580000000000005,11.778000000000006,11.968000000000005,12.181000000000004,12.403000000000004,12.633000000000004,12.832000000000004],"fps":[2.207505518763797,2.207505518763797,2.207505518763797,2.4174053182917,2.4174053182917,2.4174053182917,2.717391304347826,2.717391304347826,2.717391304347826,2.717391304347826,3.4692107545533393,3.4692107545533393,3.4692107545533393,3.4692107545533393,3.4692107545533393,4.721435316336166,4.721435316336166,4.721435316336166,4.721435316336166,4.721435316336166,4.721435316336166,5.244755244755245,5.244755244755245,5.244755244755245,5.244755244755245,5.244755244755245,5.244755244755245,5.059021922428331,5.059021922428331,5.059021922428331,5.059021922428331,5.059021922428331,4.965243296921549,4.965243296921549,4.965243296921549,4.965243296921549,4.965243296921549,4.694835680751174,4.694835680751174,4.694835680751174],"raf":[492,508,378,355,332,456,316,331,357,251,214,191,245,255,175,193,173,191,217,180,200,183,198,210,189,191,194,204,184,205,178,236,204,242,198,190,213,222,230,199]}