{"time":[3.192,3.406,3.5900000000000003,3.8080000000000003,4.035,4.228,4.449,4.657,4.865,5.09,5.32,5.524,5.724,5.956,6.1850000000000005,6.391000000000001,6.640000000000001,6.889,7.1240000000000006,7.3580000000000005,7.613,7.87,8.073,8.282,8.514,8.712,8.927999999999999,9.228,9.442,9.647,9.854000000000001,10.087000000000002,10.331000000000001,10.572000000000001,10.770000000000001,10.991000000000001,11.299000000000001,11.602000000000002,11.874000000000002,12.106000000000002,12.318000000000001,12.518,12.719000000000001,12.931000000000001],"fps":[3.75234521575985,3.75234521575985,3.75234521575985,4.7303689687795645,4.7303689687795645,4.7303689687795645,4.7303689687795645,4.7303689687795645,4.7303689687795645,4.7303689687795645,4.7303689687795645,4.7303689687795645,4.7303689687795645,4.5787545787545785,4.5787545787545785,4.5787545787545785,4.5787545787545785,4.5787545787545785,4.284490145672665,4.284490145672665,4.284490145672665,4.284490145672665,4.284490145672665,4.317789291882556,4.317789291882556,4.317789291882556,4.317789291882556,4.317789291882556,4.310344827586207,4.310344827586207,4.310344827586207,4.310344827586207,4.310344827586207,4.424778761061947,4.424778761061947,4.424778761061947,4.424778761061947,3.883495145631068,3.883495145631068,3.883495145631068,3.883495145631068,3.883495145631068,4.476275738585497,4.476275738585497],"raf":[231,214,184,218,227,193,221,208,208,225,230,204,200,232,229,206,249,249,235,234,255,257,203,209,232,198,216,300,214,205,207,233,244,241,198,221,308,303,272,232,212,200,201,212]}