{"time":[3.019,3.2670000000000003,3.599,3.867,4.125,4.393,4.66,4.915,5.223,5.504,5.768999999999999,6.049999999999999,6.318999999999999,6.5809999999999995,6.837,7.087,7.35,7.614999999999999,7.879,8.155,8.434,8.692,8.953,9.213999999999999,9.476999999999999,9.736999999999998,10.026999999999997,10.295999999999998,10.579999999999998,10.845999999999998,11.186999999999998,11.529999999999998,11.850999999999997,12.211999999999998,12.551999999999998,12.816999999999998],"fps":[3.6968576709796674,3.6968576709796674,3.4692107545533393,3.4692107545533393,3.4692107545533393,3.4692107545533393,3.770028275212064,3.770028275212064,3.770028275212064,3.770028275212064,3.606853020739405,3.606853020739405,3.606853020739405,3.606853020739405,3.745318352059925,3.745318352059925,3.745318352059925,3.745318352059925,3.838771593090211,3.838771593090211,3.838771593090211,3.838771593090211,3.7243947858473,3.7243947858473,3.7243947858473,3.7243947858473,3.7243947858473,3.7243947858473,3.7243947858473,3.7243947858473,3.4482758620689653,3.4482758620689653,3.4482758620689653,2.926829268292683,2.926829268292683,2.926829268292683],"raf":[262,248,332,268,258,268,267,255,308,281,265,281,269,262,256,250,263,265,264,276,279,258,261,261,263,260,290,269,284,266,341,343,321,361,340,265]}