{"time":[3.021,3.3659999999999997,3.695,4.028,4.375,4.708,5.026,5.387,5.685,6.007,6.340999999999999,6.666999999999999,6.986999999999999,7.3069999999999995,7.627999999999999,7.959,8.291,8.623000000000001,8.947000000000001,9.277000000000001,9.610000000000001,9.951,10.416,10.793000000000001,11.111,11.483,11.867,12.23],"fps":[2.288329519450801,2.288329519450801,2.9382957884427032,2.9382957884427032,2.9382957884427032,2.9615004935834155,2.9615004935834155,2.9615004935834155,2.9615004935834155,3.079291762894534,3.079291762894534,3.079291762894534,3.079291762894534,3.076923076923077,3.076923076923077,3.076923076923077,3.076923076923077,3.0395136778115504,3.0395136778115504,3.0395136778115504,3.0395136778115504,3.0120481927710845,3.0120481927710845,3.0120481927710845,2.586206896551724,2.586206896551724,2.586206896551724,2.680965147453083],"raf":[347,345,329,333,347,333,318,361,298,322,334,326,320,320,321,331,332,332,324,330,333,341,465,377,318,372,384,363]}