{"time":[3.346,3.697,4.051,4.4030000000000005,4.761,5.158,5.5440000000000005,5.930000000000001,6.336,6.785,7.362,7.873,8.484,8.978,9.398,9.791,10.186,10.571,11.004,11.385,11.765,12.141,12.514,12.876],"fps":[2.72975432211101,2.72975432211101,2.72975432211101,2.838221381267739,2.838221381267739,2.838221381267739,2.629272567922875,2.629272567922875,2.629272567922875,2.4174053182917,2.4174053182917,1.838235294117647,1.838235294117647,1.8099547511312217,1.8099547511312217,1.8099547511312217,2.4834437086092715,2.4834437086092715,2.4834437086092715,2.5020850708924103,2.5020850708924103,2.5020850708924103,2.657218777679362,2.657218777679362],"raf":[356,351,354,352,358,397,386,386,406,449,577,511,611,494,420,393,395,385,433,381,380,376,373,363]}