{"time":[3.0170000000000003,3.2330000000000005,3.4660000000000006,3.7110000000000007,3.9690000000000007,4.250000000000001,4.531000000000001,4.829000000000001,5.095000000000001,5.3660000000000005,5.643000000000001,5.939000000000001,6.247000000000001,6.5120000000000005,6.774000000000001,7.059000000000001,7.371000000000001,7.652000000000001,7.955000000000001,8.244000000000002,8.539000000000001,8.815000000000001,9.103000000000002,9.331000000000001,9.581000000000001,9.871,10.085,10.304,10.5,10.698,10.901,11.088,11.290999999999999,11.490999999999998,11.683999999999997,11.895999999999997,12.110999999999997,12.307999999999996,12.507999999999996,12.697999999999995,12.903999999999995],"fps":[3.9447731755424065,3.9447731755424065,3.9447731755424065,4.0551500405515,4.0551500405515,4.0551500405515,4.0551500405515,3.5778175313059033,3.5778175313059033,3.5778175313059033,3.5778175313059033,3.6036036036036037,3.6036036036036037,3.6036036036036037,3.6036036036036037,3.5714285714285716,3.5714285714285716,3.5714285714285716,3.5714285714285716,3.3755274261603376,3.3755274261603376,3.3755274261603376,3.3755274261603376,3.6798528058877644,3.6798528058877644,3.6798528058877644,3.6798528058877644,3.6798528058877644,4.277159965782721,4.277159965782721,4.277159965782721,4.277159965782721,4.277159965782721,4.277159965782721,5.063291139240507,5.063291139240507,5.063291139240507,5.063291139240507,5.063291139240507,4.935834155972359,4.935834155972359],"raf":[246,216,233,245,258,281,281,298,266,271,277,296,308,265,262,285,312,281,303,289,295,276,288,228,250,290,214,219,196,198,203,187,203,200,194,211,215,197,200,190,206]}