{"time":[3.005000000000001,3.093000000000001,3.1790000000000007,3.266000000000001,3.351000000000001,3.438000000000001,3.5250000000000012,3.610000000000001,3.6940000000000013,3.7790000000000012,3.864000000000001,3.949000000000001,4.034000000000002,4.118000000000001,4.201000000000001,4.285000000000001,4.369000000000001,4.454000000000001,4.538,4.621,4.706,4.789000000000001,4.8740000000000006,4.957000000000001,5.042000000000001,5.126,5.211,5.295,5.382,5.467,5.550999999999999,5.632,5.717,5.800999999999999,5.884999999999999,5.9689999999999985,6.051999999999999,6.135999999999998,6.219999999999998,6.303999999999998,6.387999999999997,6.470999999999997,6.552999999999997,6.633999999999998,6.718999999999998,6.8009999999999975,6.882999999999997,6.964999999999997,7.047999999999997,7.132999999999997,7.2159999999999975,7.298999999999998,7.381999999999998,7.466999999999998,7.5509999999999975,7.634999999999997,7.720999999999997,7.804999999999997,7.888999999999997,7.972999999999996,8.057999999999996,8.141999999999996,8.226999999999997,8.311999999999998,8.396999999999998,8.479999999999999,8.565999999999999,8.649999999999999,8.732,8.815999999999999,8.901,8.983,9.068000000000001,9.153000000000002,9.236000000000002,9.320000000000002,9.403000000000002,9.488000000000003,9.572000000000003,9.656000000000002,9.739000000000003,9.822000000000003,9.907000000000004,9.992000000000004,10.077000000000005,10.161000000000005,10.246000000000006,10.331000000000007,10.415000000000006,10.502000000000006,10.584000000000007,10.669000000000008,10.752000000000008,10.836000000000007,10.921000000000008,11.006000000000009,11.08900000000001,11.17200000000001,11.256000000000009,11.33900000000001,11.42400000000001,11.51000000000001,11.59400000000001,11.67800000000001,11.76300000000001,11.85000000000001,11.935000000000011,12.020000000000012,12.105000000000013,12.189000000000012,12.273000000000012,12.357000000000012,12.442000000000013,12.544000000000013,12.628000000000013,12.712000000000012,12.796000000000012,12.880000000000011,12.966000000000012],"fps":[9.354536950420954,9.354536950420954,9.354536950420954,9.354536950420954,9.354536950420954,10.816125860373647,10.816125860373647,10.816125860373647,10.816125860373647,10.816125860373647,10.816125860373647,10.816125860373647,10.816125860373647,10.816125860373647,10.816125860373647,10.816125860373647,10.816125860373647,11.811023622047244,11.811023622047244,11.811023622047244,11.811023622047244,11.811023622047244,11.811023622047244,11.811023622047244,11.811023622047244,11.811023622047244,11.811023622047244,11.811023622047244,11.811023622047244,11.846001974333662,11.846001974333662,11.846001974333662,11.846001974333662,11.846001974333662,11.846001974333662,11.846001974333662,11.846001974333662,11.846001974333662,11.846001974333662,11.846001974333662,11.846001974333662,11.952191235059761,11.952191235059761,11.952191235059761,11.952191235059761,11.952191235059761,11.952191235059761,11.952191235059761,11.952191235059761,11.952191235059761,11.952191235059761,11.952191235059761,11.952191235059761,11.952191235059761,12.037037037037036,12.037037037037036,12.037037037037036,12.037037037037036,12.037037037037036,12.037037037037036,12.037037037037036,12.037037037037036,12.037037037037036,12.037037037037036,12.037037037037036,12.037037037037036,11.822660098522167,11.822660098522167,11.822660098522167,11.822660098522167,11.822660098522167,11.822660098522167,11.822660098522167,11.822660098522167,11.822660098522167,11.822660098522167,11.822660098522167,11.822660098522167,11.928429423459244,11.928429423459244,11.928429423459244,11.928429423459244,11.928429423459244,11.928429423459244,11.928429423459244,11.928429423459244,11.928429423459244,11.928429423459244,11.928429423459244,11.928429423459244,11.857707509881424,11.857707509881424,11.857707509881424,11.857707509881424,11.857707509881424,11.857707509881424,11.857707509881424,11.857707509881424,11.857707509881424,11.857707509881424,11.857707509881424,11.857707509881424,11.881188118811881,11.881188118811881,11.881188118811881,11.881188118811881,11.881188118811881,11.881188118811881,11.881188118811881,11.881188118811881,11.881188118811881,11.881188118811881,11.881188118811881,11.881188118811881,11.60541586073501,11.60541586073501,11.60541586073501,11.60541586073501,11.60541586073501],"raf":[88,88,86,87,85,87,87,85,84,85,85,85,85,84,83,84,84,85,84,83,85,83,85,83,85,84,85,84,87,85,84,81,85,84,84,84,83,84,84,84,84,83,82,81,85,83,81,82,83,85,83,83,83,85,84,84,86,84,84,84,85,84,85,85,85,83,86,84,82,84,85,82,85,85,83,84,83,85,84,84,83,83,85,85,85,84,85,85,85,86,82,85,83,84,85,85,83,83,84,83,85,86,84,84,85,87,85,85,85,84,84,84,85,102,84,84,84,84,86]}