{"time":[3.13,3.3899999999999997,3.6199999999999997,3.8569999999999998,4.093,4.321,4.563,4.802,5.045999999999999,5.295999999999999,5.539,5.768,6,6.247,6.476,6.718,6.955,7.184,7.415,7.658,7.891,8.123,8.376999999999999,8.613999999999999,8.858999999999998,9.096999999999998,9.329999999999998,9.566999999999998,9.806,10.039,10.286,10.533999999999999,10.777999999999999,11.015999999999998,11.265999999999998,11.501999999999999,11.732,11.966,12.199,12.443,12.689,12.92],"fps":[4.071661237785016,3.8204393505253105,3.8204393505253105,3.8204393505253105,3.8204393505253105,3.8204393505253105,4.262574595055414,4.262574595055414,4.262574595055414,4.262574595055414,4.262574595055414,4.149377593360996,4.149377593360996,4.149377593360996,4.149377593360996,4.149377593360996,4.212299915754001,4.212299915754001,4.212299915754001,4.212299915754001,4.212299915754001,4.280821917808219,4.280821917808219,4.280821917808219,4.280821917808219,4.280821917808219,4.142502071251036,4.142502071251036,4.142502071251036,4.142502071251036,4.142502071251036,4.152823920265781,4.152823920265781,4.152823920265781,4.152823920265781,4.152823920265781,4.173622704507513,4.173622704507513,4.173622704507513,4.173622704507513,4.173622704507513,4.2087542087542085],"raf":[262,260,230,237,236,229,241,239,244,250,243,229,232,247,229,242,237,229,231,243,233,232,254,237,245,238,233,237,239,233,247,248,244,238,250,236,230,234,233,244,246,231]}