{"time":[3.0180000000000002,3.072,3.1350000000000002,3.204,3.285,3.366,3.442,3.5100000000000002,3.5770000000000004,3.6470000000000002,3.725,3.819,3.91,3.987,4.064,4.132,4.194,4.261,4.331,4.396000000000001,4.450000000000001,4.517000000000001,4.581000000000001,4.653000000000001,4.710000000000002,4.776000000000002,4.846000000000002,4.913000000000002,4.983000000000002,5.046000000000002,5.113000000000002,5.179000000000002,5.255000000000002,5.328000000000002,5.398000000000002,5.470000000000002,5.547000000000002,5.629000000000002,5.716000000000002,5.798000000000002,5.871000000000002,5.940000000000002,6.015000000000002,6.085000000000003,6.155000000000003,6.233000000000003,6.2950000000000035,6.356000000000003,6.424000000000003,6.489000000000003,6.554000000000004,6.622000000000003,6.689000000000004,6.7550000000000034,6.832000000000003,6.909000000000003,6.974000000000004,7.064000000000004,7.145000000000004,7.238000000000004,7.345000000000004,7.416000000000004,7.485000000000004,7.551000000000004,7.641000000000004,7.729000000000004,7.820000000000004,7.906000000000004,7.980000000000004,8.063000000000004,8.139000000000005,8.235000000000005,8.329000000000004,8.386000000000005,8.453000000000005,8.521000000000004,8.581000000000005,8.690000000000005,8.771000000000004,8.844000000000005,8.916000000000004,8.987000000000004,9.066000000000004,9.140000000000004,9.208000000000004,9.283000000000003,9.362000000000004,9.447000000000005,9.522000000000004,9.611000000000004,9.726000000000004,9.832000000000004,9.932000000000004,10.023000000000003,10.123000000000003,10.195000000000002,10.270000000000001,10.342,10.422,10.525,10.614,10.680000000000001,10.756000000000002,10.837000000000002,10.907000000000002,10.991000000000001,11.068000000000001,11.153000000000002,11.255000000000003,11.340000000000003,11.452000000000004,11.533000000000003,11.603000000000003,11.670000000000003,11.757000000000003,11.841000000000003,11.918000000000003,11.980000000000002,12.064000000000002,12.147000000000002,12.217000000000002,12.282000000000002,12.368000000000002,12.442000000000002,12.512000000000002,12.565000000000003,12.635000000000003,12.705000000000004,12.780000000000003,12.852000000000002,12.916000000000002,12.984000000000002],"fps":[14.272121788772598,14.272121788772598,14.272121788772598,14.272121788772598,14.218009478672986,14.218009478672986,14.218009478672986,14.218009478672986,14.218009478672986,14.218009478672986,14.218009478672986,14.218009478672986,14.218009478672986,14.218009478672986,14.218009478672986,14.218009478672986,14.218009478672986,14.218009478672986,13.38432122370937,13.38432122370937,13.38432122370937,13.38432122370937,13.38432122370937,13.38432122370937,13.38432122370937,13.38432122370937,13.38432122370937,13.38432122370937,13.38432122370937,13.38432122370937,13.38432122370937,13.38432122370937,13.38432122370937,13.38432122370937,14.99531396438613,14.99531396438613,14.99531396438613,14.99531396438613,14.99531396438613,14.99531396438613,14.99531396438613,14.99531396438613,14.99531396438613,14.99531396438613,14.99531396438613,14.99531396438613,14.99531396438613,14.99531396438613,13.645224171539962,13.645224171539962,13.645224171539962,13.645224171539962,13.645224171539962,13.645224171539962,13.645224171539962,13.645224171539962,13.645224171539962,13.645224171539962,13.645224171539962,13.645224171539962,13.645224171539962,13.645224171539962,13.195098963242224,13.195098963242224,13.195098963242224,13.195098963242224,13.195098963242224,13.195098963242224,13.195098963242224,13.195098963242224,13.195098963242224,13.195098963242224,13.195098963242224,13.195098963242224,13.195098963242224,12.548262548262548,12.548262548262548,12.548262548262548,12.548262548262548,12.548262548262548,12.548262548262548,12.548262548262548,12.548262548262548,12.548262548262548,12.548262548262548,12.548262548262548,12.548262548262548,12.548262548262548,12.987012987012987,12.987012987012987,12.987012987012987,12.987012987012987,12.987012987012987,12.987012987012987,12.987012987012987,12.987012987012987,12.987012987012987,12.987012987012987,12.987012987012987,10.967098703888334,10.967098703888334,10.967098703888334,10.967098703888334,10.967098703888334,10.967098703888334,10.967098703888334,10.967098703888334,10.967098703888334,10.967098703888334,10.967098703888334,10.967098703888334,11.904761904761905,11.904761904761905,11.904761904761905,11.904761904761905,11.904761904761905,11.904761904761905,11.904761904761905,11.904761904761905,11.904761904761905,11.904761904761905,11.904761904761905,11.904761904761905,11.904761904761905,11.904761904761905,13.565891472868216,13.565891472868216,13.565891472868216,13.565891472868216,13.565891472868216,13.565891472868216,13.565891472868216],"raf":[64,54,63,69,81,81,76,68,67,71,77,94,91,77,77,68,62,67,70,65,54,67,64,72,57,66,71,66,70,63,67,66,76,73,70,72,77,82,87,82,73,69,75,70,70,79,61,61,68,65,65,68,67,66,77,77,65,90,81,93,107,71,69,67,89,88,91,86,73,83,76,96,94,57,67,68,60,109,81,73,72,71,79,74,68,75,79,85,75,89,115,106,100,91,100,72,76,71,80,103,89,66,76,81,70,84,77,85,102,85,112,81,70,67,87,84,77,61,84,83,70,65,86,74,70,53,70,70,75,72,64,68]}