{"time":[3.203,3.711,4.364,4.853,5.279,5.6209999999999996,6.026,6.439,6.788,7.085,7.391,7.784,8.132,8.508,8.931,9.344,9.7,10.135,10.472,10.764999999999999,11.174999999999999,11.555,11.884,12.246,12.538,12.957],"fps":[1.593625498007968,1.593625498007968,1.7226528854435832,1.7226528854435832,1.7226528854435832,2.386634844868735,2.386634844868735,2.386634844868735,2.570694087403599,2.570694087403599,2.570694087403599,2.570694087403599,2.9761904761904763,2.9761904761904763,2.9761904761904763,2.4752475247524752,2.4752475247524752,2.4752475247524752,2.6595744680851063,2.6595744680851063,2.6595744680851063,2.770083102493075,2.770083102493075,2.770083102493075,2.770083102493075,2.8530670470756063],"raf":[574,508,653,489,426,342,405,413,349,297,306,393,348,376,423,413,356,435,337,293,410,380,329,362,292,419]}