{"time":[3.0560000000000014,3.1560000000000015,3.2670000000000017,3.379000000000002,3.4680000000000017,3.555000000000002,3.644000000000002,3.712000000000002,3.789000000000002,3.856000000000002,3.9390000000000023,4.016000000000003,4.092000000000002,4.1590000000000025,4.232000000000003,4.3000000000000025,4.373000000000003,4.463000000000003,4.549000000000003,4.616000000000003,4.690000000000003,4.757000000000003,4.822000000000004,4.890000000000003,4.956000000000003,5.022000000000003,5.097000000000003,5.161000000000003,5.223000000000003,5.2870000000000035,5.3510000000000035,5.414000000000003,5.478000000000003,5.542000000000003,5.606000000000003,5.669000000000003,5.736000000000003,5.813000000000003,5.879000000000003,5.937000000000003,6.000000000000003,6.059000000000003,6.123000000000003,6.184000000000003,6.246000000000003,6.306000000000003,6.375000000000003,6.434000000000003,6.506000000000003,6.577000000000003,6.654000000000003,6.717000000000002,6.7840000000000025,6.844000000000002,6.9090000000000025,6.972000000000002,7.032000000000002,7.094000000000002,7.155000000000002,7.214000000000002,7.275000000000002,7.336000000000002,7.400000000000002,7.4650000000000025,7.5260000000000025,7.599000000000003,7.661000000000003,7.729000000000003,7.793000000000003,7.852000000000003,7.925000000000003,7.987000000000004,8.051000000000004,8.111000000000004,8.170000000000003,8.237000000000004,8.303000000000004,8.364000000000004,8.424000000000005,8.493000000000006,8.551000000000005,8.613000000000005,8.672000000000004,8.741000000000005,8.799000000000005,8.873000000000005,8.934000000000005,9.010000000000005,9.080000000000005,9.145000000000005,9.217000000000004,9.281000000000004,9.346000000000004,9.411000000000003,9.479000000000003,9.546000000000003,9.612000000000004,9.670000000000003,9.738000000000003,9.806000000000003,9.867000000000003,9.930000000000003,9.989000000000003,10.050000000000002,10.112000000000002,10.179000000000002,10.237000000000002,10.308000000000002,10.369000000000002,10.430000000000001,10.489,10.551,10.616,10.68,10.748,10.824,10.886,10.953,11.02,11.084999999999999,11.146999999999998,11.219999999999999,11.277999999999999,11.338,11.405999999999999,11.482,11.543999999999999,11.604999999999999,11.671,11.741999999999999,11.799999999999999,11.86,11.931,11.998999999999999,12.065999999999999,12.133,12.194999999999999,12.258,12.318999999999999,12.383,12.457999999999998,12.524,12.588999999999999,12.652,12.716,12.789,12.854,12.917,12.98],"fps":[12.999071494893222,12.999071494893222,12.999071494893222,12.999071494893222,12.999071494893222,12.999071494893222,12.999071494893222,12.999071494893222,12.999071494893222,12.999071494893222,12.999071494893222,12.999071494893222,11.583011583011583,11.583011583011583,11.583011583011583,11.583011583011583,11.583011583011583,11.583011583011583,11.583011583011583,11.583011583011583,11.583011583011583,11.583011583011583,11.583011583011583,11.583011583011583,11.583011583011583,11.583011583011583,13.930348258706468,13.930348258706468,13.930348258706468,13.930348258706468,13.930348258706468,13.930348258706468,13.930348258706468,13.930348258706468,13.930348258706468,13.930348258706468,13.930348258706468,13.930348258706468,13.930348258706468,13.930348258706468,13.930348258706468,13.930348258706468,15.594541910331383,15.594541910331383,15.594541910331383,15.594541910331383,15.594541910331383,15.594541910331383,15.594541910331383,15.594541910331383,15.594541910331383,15.594541910331383,15.594541910331383,15.594541910331383,15.594541910331383,15.594541910331383,15.594541910331383,15.594541910331383,15.503875968992247,15.503875968992247,15.503875968992247,15.503875968992247,15.503875968992247,15.503875968992247,15.503875968992247,15.503875968992247,15.503875968992247,15.503875968992247,15.503875968992247,15.503875968992247,15.503875968992247,15.503875968992247,15.503875968992247,15.503875968992247,15.748031496062993,15.748031496062993,15.748031496062993,15.748031496062993,15.748031496062993,15.748031496062993,15.748031496062993,15.748031496062993,15.748031496062993,15.748031496062993,15.748031496062993,15.748031496062993,15.748031496062993,15.748031496062993,15.748031496062993,15.748031496062993,15.296367112810707,15.296367112810707,15.296367112810707,15.296367112810707,15.296367112810707,15.296367112810707,15.296367112810707,15.296367112810707,15.296367112810707,15.296367112810707,15.296367112810707,15.296367112810707,15.296367112810707,15.296367112810707,15.296367112810707,15.296367112810707,15.686274509803921,15.686274509803921,15.686274509803921,15.686274509803921,15.686274509803921,15.686274509803921,15.686274509803921,15.686274509803921,15.686274509803921,15.686274509803921,15.686274509803921,15.686274509803921,15.686274509803921,15.686274509803921,15.686274509803921,15.686274509803921,15.36983669548511,15.36983669548511,15.36983669548511,15.36983669548511,15.36983669548511,15.36983669548511,15.36983669548511,15.36983669548511,15.36983669548511,15.36983669548511,15.36983669548511,15.36983669548511,15.36983669548511,15.36983669548511,15.36983669548511,15.36983669548511,15.36983669548511,15.36983669548511,15.36983669548511,15.36983669548511,15.36983669548511,15.36983669548511,15.36983669548511,15.36983669548511,15.36983669548511,15.36983669548511,15.36983669548511],"raf":[81,100,111,112,89,87,89,68,77,67,84,76,76,67,73,68,73,90,86,67,74,67,65,68,66,66,75,64,62,64,64,63,64,64,64,63,67,77,66,58,63,59,64,61,62,60,69,59,72,71,77,63,67,60,65,63,60,62,61,60,60,61,64,65,61,73,62,68,64,59,73,62,64,60,59,66,66,61,60,69,58,62,59,69,59,73,61,76,70,65,72,64,65,65,68,67,66,58,68,68,61,63,59,61,62,67,58,71,61,61,59,62,65,64,68,76,62,67,67,65,62,73,58,60,68,76,62,61,66,71,58,60,71,68,67,67,62,63,61,64,75,66,65,63,64,73,65,63,63]}