{"time":[3.65,4.364,5.019,5.683,6.3469999999999995,7.018999999999999,7.6659999999999995,8.299999999999999,8.922999999999998,9.517999999999999,10.149999999999999,10.770999999999999,11.364999999999998,11.970999999999998,12.614999999999998],"fps":[2.028397565922921,1.3386880856760375,1.3386880856760375,1.5163002274450341,1.5163002274450341,1.4970059880239521,1.4970059880239521,1.56128024980484,1.56128024980484,1.6420361247947455,1.6420361247947455,1.596169193934557,1.596169193934557,1.6666666666666667,1.6666666666666667],"raf":[780,714,656,663,665,671,647,634,623,595,632,621,594,606,644]}