{"time":[3.075,3.311,3.5709999999999997,3.8299999999999996,4.114,4.369,4.609,4.867,5.106,5.356,5.639,5.933,6.218999999999999,6.518,6.803999999999999,7.063999999999999,7.373999999999999,7.7189999999999985,8.014,8.28,8.527,8.776,9.033999999999999,9.277,9.553999999999998,9.848999999999998,10.108999999999998,10.467999999999998,10.761999999999999,11.027,11.274999999999999,11.569999999999999,11.896999999999998,12.274999999999999,12.637999999999998,12.981999999999998],"fps":[3.7243947858473,3.7243947858473,3.802281368821293,3.802281368821293,3.802281368821293,3.802281368821293,3.8535645472061657,3.8535645472061657,3.8535645472061657,3.8535645472061657,3.883495145631068,3.883495145631068,3.883495145631068,3.883495145631068,3.4334763948497855,3.4334763948497855,3.4334763948497855,3.4334763948497855,3.3057851239669422,3.3057851239669422,3.3057851239669422,3.3057851239669422,3.9215686274509802,3.9215686274509802,3.9215686274509802,3.9215686274509802,3.7209302325581395,3.7209302325581395,3.7209302325581395,3.7209302325581395,3.4305317324185247,3.4305317324185247,3.4305317324185247,3.4305317324185247,2.93470286133529,2.93470286133529],"raf":[286,236,260,259,284,255,240,258,239,250,283,294,286,299,286,261,309,345,295,266,247,249,258,243,277,295,260,359,294,265,248,295,328,377,363,344]}