{"time":[3.07,3.8169999999999997,4.3759999999999994,4.933999999999999,5.515999999999999,6.060999999999999,6.643999999999999,7.172999999999999,7.712999999999999,8.216999999999999,8.777999999999999,9.306,9.828,10.428999999999998,10.881999999999998,11.390999999999998,11.848999999999998,12.255999999999998,12.706999999999999],"fps":[1.9447685725398678,1.9447685725398678,1.530221882172915,1.530221882172915,1.7559262510974538,1.7559262510974538,1.7730496453900708,1.7730496453900708,1.8709073900841908,1.8709073900841908,1.876172607879925,1.876172607879925,1.9065776930409915,1.9065776930409915,1.8975332068311195,1.8975332068311195,1.8975332068311195,2.183406113537118,2.183406113537118],"raf":[1817,747,560,557,582,545,583,530,539,504,561,528,522,601,453,509,458,407,451]}