{"time":[3.145,3.436,3.725,4.018,4.297,4.609,4.8870000000000005,5.1770000000000005,5.465000000000001,5.750000000000001,6.040000000000001,6.322000000000001,6.611000000000001,6.898000000000001,7.179,7.464,7.739000000000001,8.017000000000001,8.3,8.577,8.850999999999999,9.130999999999998,9.408999999999999,9.693999999999999,9.973999999999998,10.263999999999998,10.550999999999998,10.841999999999999,11.129,11.404,11.686,11.969,12.258,12.532,12.813],"fps":[3.316749585406302,3.316749585406302,3.3557046979865772,3.3557046979865772,3.3557046979865772,3.3557046979865772,3.442340791738382,3.442340791738382,3.442340791738382,3.442340791738382,3.4692107545533393,3.4692107545533393,3.4692107545533393,3.4692107545533393,3.5118525021949076,3.5118525021949076,3.5118525021949076,3.5118525021949076,3.568242640499554,3.568242640499554,3.568242640499554,3.568242640499554,3.606853020739405,3.606853020739405,3.606853020739405,3.606853020739405,3.502626970227671,3.502626970227671,3.502626970227671,3.502626970227671,3.5242290748898677,3.5242290748898677,3.5242290748898677,3.5242290748898677,3.54924578527063],"raf":[293,291,289,293,279,312,278,290,288,285,290,283,288,287,281,285,275,278,283,277,274,280,278,285,280,290,287,291,287,275,282,283,289,274,281]}