{"time":[3.061,3.239,3.404,3.581,3.749,3.9210000000000003,4.101,4.257,4.444,4.637,4.819,4.995,5.194,5.349,5.51,5.725,5.954,6.181,6.343,6.516,6.69,6.931,7.163,7.362,7.578,7.789000000000001,7.9830000000000005,8.187000000000001,8.413000000000002,8.578000000000001,8.728000000000002,8.918000000000001,9.116000000000001,9.328000000000001,9.557,9.766,9.983,10.174000000000001,10.392000000000001,10.586000000000002,10.781000000000002,11.030000000000003,11.212000000000003,11.384000000000004,11.578000000000005,11.768000000000004,11.957000000000004,12.137000000000004,12.326000000000004,12.494000000000003,12.697000000000003,12.867000000000003],"fps":[3.949447077409163,3.949447077409163,3.949447077409163,3.949447077409163,3.949447077409163,3.949447077409163,5.774783445620789,5.774783445620789,5.774783445620789,5.774783445620789,5.774783445620789,5.774783445620789,5.489478499542543,5.489478499542543,5.489478499542543,5.489478499542543,5.489478499542543,5.489478499542543,5.221932114882507,5.221932114882507,5.221932114882507,5.221932114882507,5.221932114882507,4.901960784313726,4.901960784313726,4.901960784313726,4.901960784313726,4.901960784313726,4.757373929590866,4.757373929590866,4.757373929590866,4.757373929590866,4.757373929590866,4.757373929590866,5.2493438320209975,5.2493438320209975,5.2493438320209975,5.2493438320209975,5.2493438320209975,4.859086491739553,4.859086491739553,4.859086491739553,4.859086491739553,4.859086491739553,4.859086491739553,5.0761421319796955,5.0761421319796955,5.0761421319796955,5.0761421319796955,5.0761421319796955,5.0761421319796955,5.45950864422202],"raf":[299,177,165,177,168,172,180,156,187,193,182,176,199,155,161,215,229,227,162,173,174,241,232,200,216,210,194,204,227,164,150,191,197,212,229,209,218,190,218,194,195,249,182,172,194,190,189,181,188,168,203,170]}