{"time":[3.015,3.218,3.39,3.5580000000000003,3.7140000000000004,3.8700000000000006,4.019,4.167,4.314,4.464,4.613,4.761,4.909,5.058,5.209,5.3549999999999995,5.5009999999999994,5.6499999999999995,5.794,5.941999999999999,6.092,6.242,6.39,6.537,6.685,6.832,6.976999999999999,7.132999999999999,7.2989999999999995,7.459999999999999,7.6419999999999995,7.794999999999999,7.985999999999999,8.190999999999999,8.357,8.501999999999999,8.645,8.793,8.94,9.087,9.233,9.382,9.529,9.676,9.826,9.975,10.122,10.268,10.416,10.564,10.712,10.859,11.008,11.158,11.305,11.452,11.600999999999999,11.748999999999999,11.897999999999998,12.044999999999998,12.192999999999998,12.341999999999997,12.489999999999997,12.656999999999996,12.803999999999997,12.951999999999996],"fps":[5.774783445620789,5.371530886302597,5.371530886302597,5.371530886302597,5.371530886302597,5.371530886302597,5.371530886302597,5.371530886302597,6.386861313868613,6.386861313868613,6.386861313868613,6.386861313868613,6.386861313868613,6.386861313868613,6.386861313868613,6.724303554274736,6.724303554274736,6.724303554274736,6.724303554274736,6.724303554274736,6.724303554274736,6.724303554274736,6.763285024154589,6.763285024154589,6.763285024154589,6.763285024154589,6.763285024154589,6.763285024154589,6.763285024154589,6.542056074766355,6.542056074766355,6.542056074766355,6.542056074766355,6.542056074766355,6.542056074766355,5.758157389635317,5.758157389635317,5.758157389635317,5.758157389635317,5.758157389635317,5.758157389635317,5.758157389635317,6.815968841285297,6.815968841285297,6.815968841285297,6.815968841285297,6.815968841285297,6.815968841285297,6.815968841285297,6.763285024154589,6.763285024154589,6.763285024154589,6.763285024154589,6.763285024154589,6.763285024154589,6.763285024154589,6.750241080038573,6.750241080038573,6.750241080038573,6.750241080038573,6.750241080038573,6.750241080038573,6.750241080038573,6.628787878787879,6.628787878787879,6.628787878787879],"raf":[178,203,172,168,156,156,149,148,147,150,149,148,148,149,151,146,146,149,144,148,150,150,148,147,148,147,144,156,166,161,182,153,191,205,166,145,144,147,147,147,146,149,147,148,149,149,147,146,148,148,148,147,149,150,147,147,149,148,149,147,147,149,148,167,147,148]}