{"time":[3.1409999999999996,3.2919999999999994,3.494999999999999,3.6389999999999993,3.7849999999999993,3.930999999999999,4.076999999999999,4.223999999999999,4.377999999999999,4.539999999999999,4.695999999999999,4.839999999999999,4.985999999999999,5.132999999999999,5.277999999999999,5.426999999999999,5.573999999999999,5.719999999999999,5.866999999999999,6.012999999999999,6.160999999999999,6.307999999999999,6.456999999999999,6.6099999999999985,6.758999999999999,6.907999999999999,7.056999999999999,7.205999999999999,7.354999999999999,7.504999999999999,7.655999999999999,7.807999999999999,7.956999999999999,8.104999999999999,8.253999999999998,8.401999999999997,8.551999999999998,8.713999999999999,8.886,9.059999999999999,9.224999999999998,9.385999999999997,9.546999999999997,9.703999999999997,9.855999999999996,10.006999999999996,10.169999999999996,10.325999999999997,10.489999999999997,10.655999999999997,10.805999999999997,10.970999999999997,11.122999999999996,11.312999999999995,11.526999999999996,11.761999999999995,12.012999999999995,12.193999999999994,12.341999999999993,12.491999999999994,12.641999999999994,12.795999999999994,12.946999999999994],"fps":[6.5055762081784385,6.5055762081784385,6.17828773168579,6.17828773168579,6.17828773168579,6.17828773168579,6.17828773168579,6.17828773168579,6.17828773168579,6.698564593301436,6.698564593301436,6.698564593301436,6.698564593301436,6.698564593301436,6.698564593301436,6.698564593301436,6.769825918762089,6.769825918762089,6.769825918762089,6.769825918762089,6.769825918762089,6.769825918762089,6.769825918762089,6.756756756756757,6.756756756756757,6.756756756756757,6.756756756756757,6.756756756756757,6.756756756756757,6.756756756756757,6.692160611854685,6.692160611854685,6.692160611854685,6.692160611854685,6.692160611854685,6.692160611854685,6.692160611854685,6.616257088846881,6.616257088846881,6.616257088846881,6.616257088846881,6.616257088846881,6.616257088846881,6.616257088846881,6.129597197898423,6.129597197898423,6.129597197898423,6.129597197898423,6.129597197898423,6.129597197898423,6.129597197898423,6.278026905829597,6.278026905829597,6.278026905829597,6.278026905829597,6.278026905829597,4.798464491362764,4.798464491362764,4.798464491362764,4.798464491362764,4.798464491362764,4.798464491362764,4.798464491362764],"raf":[150,150,203,144,146,146,146,147,154,162,156,144,146,147,145,149,147,146,147,146,148,147,149,153,149,149,149,149,149,150,151,152,149,148,149,148,151,161,172,174,165,161,161,157,152,151,163,156,164,166,150,165,152,189,214,235,251,181,148,151,149,154,151]}