{"time":[3.1180000000000003,3.446,3.726,4.124,4.481999999999999,4.762999999999999,5.052999999999999,5.344999999999999,5.652999999999999,5.943999999999999,6.241999999999999,6.5249999999999995,6.808,7.101,7.372,7.688,7.9799999999999995,8.276,8.558,8.866,9.135,9.399,9.693999999999999,9.959999999999999,10.225,10.503,10.765,10.999,11.294,11.575000000000001,11.834000000000001,12.071000000000002,12.329,12.624,12.89],"fps":[2.8328611898016995,2.8328611898016995,2.8328611898016995,2.982107355864811,2.982107355864811,2.982107355864811,2.982107355864811,3.276003276003276,3.276003276003276,3.276003276003276,3.276003276003276,3.3869602032176123,3.3869602032176123,3.3869602032176123,3.3869602032176123,3.442340791738382,3.442340791738382,3.442340791738382,3.442340791738382,3.395585738539898,3.395585738539898,3.395585738539898,3.395585738539898,3.656307129798903,3.656307129798903,3.656307129798903,3.656307129798903,3.8498556304138596,3.8498556304138596,3.8498556304138596,3.8498556304138596,3.7313432835820897,3.7313432835820897,3.7313432835820897,3.7313432835820897],"raf":[350,328,280,398,358,281,290,292,308,291,298,284,282,293,271,316,292,296,282,308,269,264,295,266,265,278,262,234,295,281,259,237,259,294,266]}