{"time":[3.245,3.606,4.028,4.412,4.7459999999999996,5.1739999999999995,5.68,6.045999999999999,6.430999999999999,6.8919999999999995,7.297999999999999,7.645,8.027999999999999,8.511,8.907,9.253,9.612,10.038,10.422,11,11.411,11.9,12.343,12.71],"fps":[2.1818181818181817,2.1818181818181817,2.1818181818181817,2.570694087403599,2.570694087403599,2.570694087403599,2.365930599369085,2.365930599369085,2.365930599369085,2.4732069249793898,2.4732069249793898,2.4732069249793898,2.643171806167401,2.643171806167401,2.643171806167401,2.4489795918367347,2.4489795918367347,2.4489795918367347,2.5662959794696323,2.5662959794696323,2.5662959794696323,2.029769959404601,2.029769959404601,2.029769959404601],"raf":[456,361,422,383,334,428,506,366,385,461,405,347,383,483,396,346,359,426,384,578,411,489,444,366]}