{"time":[3.5080000000000005,4.3180000000000005,5.113,5.996,6.822,7.684,8.497,9.32,10.179,11.013,11.919,12.778],"fps":[1.607717041800643,1.607717041800643,1.2461059190031152,1.2461059190031152,1.1702750146284377,1.1702750146284377,1.1940298507462686,1.1940298507462686,1.1890606420927468,1.1890606420927468,1.1494252873563218,1.1494252873563218],"raf":[2224,810,795,884,825,862,813,823,859,835,905,859]}