{"time":[3.2550000000000003,3.6790000000000003,4.159000000000001,4.599000000000001,5.074000000000001,5.563000000000001,5.970000000000001,6.356000000000001,6.783,7.662000000000001,8.124,8.541,8.951,9.431000000000001,9.942,10.477,10.904,11.34,11.773,12.113,12.543,12.915999999999999],"fps":[1.9267822736030829,1.9267822736030829,1.9267822736030829,2.232142857142857,2.232142857142857,2.232142857142857,2.1881838074398248,2.1881838074398248,2.1881838074398248,1.772002362669817,1.772002362669817,1.772002362669817,2.329192546583851,2.329192546583851,2.329192546583851,1.9659239842726082,1.9659239842726082,1.9659239842726082,2.314814814814815,2.314814814814815,2.314814814814815,2.6246719160104988],"raf":[499,424,480,440,475,489,407,387,426,880,461,417,410,480,511,535,427,436,433,340,430,373]}