{"time":[3.006,3.081,3.153,3.23,3.307,3.385,3.46,3.533,3.602,3.669,3.734,3.798,3.862,3.926,3.9890000000000003,4.0520000000000005,4.115,4.176,4.239,4.3,4.361,4.423,4.482,4.546,4.611000000000001,4.673000000000001,4.735000000000001,4.798000000000001,4.862000000000001,4.922000000000001,4.985,5.047000000000001,5.109000000000001,5.173000000000001,5.2330000000000005,5.2940000000000005,5.356000000000001,5.418000000000001,5.479000000000001,5.541000000000001,5.6030000000000015,5.6640000000000015,5.724000000000001,5.785000000000001,5.845000000000001,5.905,5.968,6.03,6.093,6.155,6.2170000000000005,6.281000000000001,6.344,6.407,6.469,6.53,6.591,6.6530000000000005,6.7170000000000005,6.78,6.8420000000000005,6.905,6.966,7.029,7.091,7.156000000000001,7.218000000000001,7.281000000000001,7.345000000000001,7.410000000000001,7.476000000000001,7.537000000000001,7.597,7.659000000000001,7.721000000000001,7.783000000000001,7.847000000000001,7.910000000000001,7.973000000000001,8.034,8.097000000000001,8.160000000000002,8.222000000000001,8.284,8.348,8.411000000000001,8.473,8.538,8.599,8.659,8.724,8.788,8.852,8.915000000000001,8.976,9.040000000000001,9.101,9.162,9.224,9.286,9.349,9.412,9.475000000000001,9.538000000000002,9.599000000000002,9.664000000000001,9.726,9.788,9.85,9.911999999999999,9.972999999999999,10.036,10.097,10.158,10.227,10.288,10.349,10.411,10.474,10.538,10.601,10.665000000000001,10.725000000000001,10.789000000000001,10.850000000000001,10.911000000000001,10.972000000000001,11.035000000000002,11.096000000000002,11.160000000000002,11.224000000000002,11.287000000000003,11.348000000000003,11.410000000000002,11.475000000000001,11.542000000000002,11.604000000000001,11.666,11.73,11.791,11.859,11.919,11.981,12.044,12.104000000000001,12.167000000000002,12.229000000000001,12.293000000000001,12.358,12.421000000000001,12.483,12.546000000000001,12.608,12.671000000000001,12.732000000000001,12.795000000000002,12.857000000000001,12.924000000000001,12.986],"fps":[13.270142180094787,13.270142180094787,13.270142180094787,13.270142180094787,13.270142180094787,13.270142180094787,13.270142180094787,13.270142180094787,13.270142180094787,13.270142180094787,13.270142180094787,13.270142180094787,13.270142180094787,13.270142180094787,13.270142180094787,14.340344168260039,14.340344168260039,14.340344168260039,14.340344168260039,14.340344168260039,14.340344168260039,14.340344168260039,14.340344168260039,14.340344168260039,14.340344168260039,14.340344168260039,14.340344168260039,14.340344168260039,14.340344168260039,14.340344168260039,14.340344168260039,14.340344168260039,16.08325449385052,16.08325449385052,16.08325449385052,16.08325449385052,16.08325449385052,16.08325449385052,16.08325449385052,16.08325449385052,16.08325449385052,16.08325449385052,16.08325449385052,16.08325449385052,16.08325449385052,16.08325449385052,16.08325449385052,16.08325449385052,16.08325449385052,16.252390057361378,16.252390057361378,16.252390057361378,16.252390057361378,16.252390057361378,16.252390057361378,16.252390057361378,16.252390057361378,16.252390057361378,16.252390057361378,16.252390057361378,16.252390057361378,16.252390057361378,16.252390057361378,16.252390057361378,16.252390057361378,15.984015984015985,15.984015984015985,15.984015984015985,15.984015984015985,15.984015984015985,15.984015984015985,15.984015984015985,15.984015984015985,15.984015984015985,15.984015984015985,15.984015984015985,15.984015984015985,15.984015984015985,15.984015984015985,15.984015984015985,15.984015984015985,15.936254980079681,15.936254980079681,15.936254980079681,15.936254980079681,15.936254980079681,15.936254980079681,15.936254980079681,15.936254980079681,15.936254980079681,15.936254980079681,15.936254980079681,15.936254980079681,15.936254980079681,15.936254980079681,15.936254980079681,15.936254980079681,15.968063872255488,15.968063872255488,15.968063872255488,15.968063872255488,15.968063872255488,15.968063872255488,15.968063872255488,15.968063872255488,15.968063872255488,15.968063872255488,15.968063872255488,15.968063872255488,15.968063872255488,15.968063872255488,15.968063872255488,15.968063872255488,15.968063872255488,15.96244131455399,15.96244131455399,15.96244131455399,15.96244131455399,15.96244131455399,15.96244131455399,15.96244131455399,15.96244131455399,15.96244131455399,15.96244131455399,15.96244131455399,15.96244131455399,15.96244131455399,15.96244131455399,15.96244131455399,15.96244131455399,15.96244131455399,16.037735849056602,16.037735849056602,16.037735849056602,16.037735849056602,16.037735849056602,16.037735849056602,16.037735849056602,16.037735849056602,16.037735849056602,16.037735849056602,16.037735849056602,16.037735849056602,16.037735849056602,16.037735849056602,16.037735849056602,16.037735849056602,15.904572564612327,15.904572564612327,15.904572564612327,15.904572564612327,15.904572564612327,15.904572564612327,15.904572564612327,15.904572564612327,15.904572564612327,15.904572564612327,15.904572564612327,15.904572564612327],"raf":[72,75,72,77,77,78,75,73,69,67,65,64,65,63,63,63,63,61,63,61,61,62,59,64,65,62,62,63,64,60,63,62,62,64,60,61,62,62,61,62,62,61,60,61,60,60,63,62,63,62,62,64,63,63,62,61,61,62,64,63,62,63,61,63,63,64,62,63,64,65,66,61,60,62,62,62,64,63,63,61,62,63,62,62,64,63,62,65,62,59,65,64,64,63,61,64,61,61,62,62,63,63,63,63,61,65,62,62,62,62,61,63,61,61,69,61,61,62,63,64,63,64,60,64,61,61,61,63,61,64,64,63,61,62,65,67,62,62,64,61,68,60,62,63,60,63,62,64,65,63,62,63,63,62,61,63,62,67,62]}