{"time":[3.119,3.7110000000000003,4.285,4.862,5.4190000000000005,5.942,6.5,7.086,7.67,8.325,8.878,9.388,9.953,10.497,11.01,11.51,11.972999999999999,12.453,12.911],"fps":[1.7543859649122806,1.7543859649122806,1.7152658662092624,1.7152658662092624,1.763668430335097,1.763668430335097,1.8501387604070305,1.8501387604070305,1.7094017094017093,1.7094017094017093,1.6556291390728477,1.6556291390728477,1.8604651162790697,1.8604651162790697,1.8921475875118259,1.8921475875118259,1.8921475875118259,2.079002079002079,2.079002079002079],"raf":[604,592,574,578,556,523,558,586,584,655,553,511,564,544,513,500,463,480,458]}