{"time":[3.3289999999999997,3.6049999999999995,3.8389999999999995,4.162,4.4559999999999995,4.808999999999999,5.113999999999999,5.429999999999999,5.703999999999999,5.985999999999999,6.304999999999999,6.599999999999999,6.913999999999999,7.205999999999999,7.519999999999999,7.832999999999998,8.130999999999998,8.408999999999999,8.799,9.142,9.427,9.684999999999999,9.967999999999998,10.209999999999997,10.517999999999997,10.793999999999997,11.073999999999996,11.349999999999996,11.629999999999995,11.908999999999995,12.169999999999995,12.452999999999994,12.675999999999995,12.945999999999994],"fps":[3.048780487804878,3.048780487804878,3.048780487804878,3.048780487804878,3.54924578527063,3.54924578527063,3.54924578527063,3.54924578527063,3.202562049639712,3.202562049639712,3.202562049639712,3.202562049639712,3.3085194375516958,3.3085194375516958,3.3085194375516958,3.3085194375516958,3.286770747740345,3.286770747740345,3.286770747740345,2.9673590504451037,2.9673590504451037,2.9673590504451037,2.9673590504451037,3.745318352059925,3.745318352059925,3.745318352059925,3.745318352059925,3.508771929824561,3.508771929824561,3.508771929824561,3.508771929824561,3.626473254759746,3.626473254759746,3.626473254759746],"raf":[365,276,234,323,294,353,305,316,275,281,319,295,314,292,314,313,298,278,390,343,285,258,283,242,308,276,280,276,280,279,261,283,223,270]}