{"time":[3.133,3.595,4.066,4.527,5.003,5.476,6.027,6.566,7.077,7.6419999999999995,8.193,8.703,9.221,9.76,10.282,10.814,11.357,11.896999999999998,12.440999999999999,12.980999999999998],"fps":[1.7551557700745941,1.7551557700745941,2.097902097902098,2.097902097902098,2.097902097902098,2.127659574468085,2.127659574468085,1.834862385321101,1.834862385321101,1.858736059479554,1.858736059479554,1.885014137606032,1.885014137606032,1.8921475875118259,1.8921475875118259,1.8975332068311195,1.8975332068311195,1.845018450184502,1.845018450184502,1.8467220683287164],"raf":[497,462,471,461,476,473,552,538,511,565,551,510,518,539,522,532,543,540,544,540]}