{"time":[3.0050000000000003,3.115,3.217,3.339,3.445,3.5549999999999997,3.6609999999999996,3.7689999999999997,3.9059999999999997,4.018,4.123,4.24,4.3500000000000005,4.455000000000001,4.580000000000001,4.695000000000001,4.796000000000001,4.893000000000002,4.995000000000002,5.104000000000002,5.213000000000002,5.322000000000002,5.426000000000002,5.531000000000002,5.637000000000002,5.732000000000002,5.824000000000002,5.9140000000000015,6.012000000000001,6.115000000000001,6.223000000000001,6.3180000000000005,6.413,6.501,6.597,6.687,6.775,6.884,6.989000000000001,7.080000000000001,7.169000000000001,7.255000000000002,7.355000000000001,7.452000000000002,7.552000000000001,7.6480000000000015,7.739000000000002,7.827000000000002,7.919000000000001,8.011000000000001,8.100000000000001,8.186000000000002,8.272000000000002,8.378000000000002,8.469000000000001,8.555000000000001,8.645000000000001,8.738000000000001,8.828000000000001,8.922,9.024000000000001,9.112,9.211,9.296000000000001,9.387,9.471,9.568,9.667,9.758,9.838999999999999,9.931999999999999,10.025999999999998,10.110999999999999,10.197,10.286999999999999,10.383999999999999,10.479999999999999,10.581,10.671,10.756,10.848,10.934000000000001,11.042000000000002,11.125000000000002,11.215000000000002,11.301000000000002,11.389000000000001,11.482000000000001,11.569,11.652000000000001,11.738000000000001,11.825000000000001,11.913,12.011000000000001,12.103000000000002,12.198000000000002,12.287000000000003,12.377000000000002,12.477000000000002,12.570000000000002,12.663000000000002,12.755000000000003,12.846000000000002,12.949000000000002],"fps":[9.033423667570009,9.033423667570009,9.033423667570009,9.033423667570009,9.033423667570009,9.033423667570009,9.033423667570009,9.033423667570009,9.033423667570009,8.884501480750247,8.884501480750247,8.884501480750247,8.884501480750247,8.884501480750247,8.884501480750247,8.884501480750247,8.884501480750247,8.884501480750247,8.884501480750247,9.19963201471941,9.19963201471941,9.19963201471941,9.19963201471941,9.19963201471941,9.19963201471941,9.19963201471941,9.19963201471941,9.19963201471941,9.19963201471941,9.900990099009901,9.900990099009901,9.900990099009901,9.900990099009901,9.900990099009901,9.900990099009901,9.900990099009901,9.900990099009901,9.900990099009901,9.900990099009901,9.900990099009901,10.436432637571157,10.436432637571157,10.436432637571157,10.436432637571157,10.436432637571157,10.436432637571157,10.436432637571157,10.436432637571157,10.436432637571157,10.436432637571157,10.436432637571157,10.805500982318271,10.805500982318271,10.805500982318271,10.805500982318271,10.805500982318271,10.805500982318271,10.805500982318271,10.805500982318271,10.805500982318271,10.805500982318271,10.805500982318271,10.7421875,10.7421875,10.7421875,10.7421875,10.7421875,10.7421875,10.7421875,10.7421875,10.7421875,10.7421875,10.7421875,10.7421875,11.152416356877323,11.152416356877323,11.152416356877323,11.152416356877323,11.152416356877323,11.152416356877323,11.152416356877323,11.152416356877323,11.152416356877323,11.152416356877323,11.152416356877323,10.848126232741617,10.848126232741617,10.848126232741617,10.848126232741617,10.848126232741617,10.848126232741617,10.848126232741617,10.848126232741617,10.848126232741617,10.848126232741617,10.848126232741617,10.848126232741617,11.152416356877323,11.152416356877323,11.152416356877323,11.152416356877323,11.152416356877323,11.152416356877323,11.152416356877323],"raf":[109,110,102,123,105,110,106,108,137,112,105,117,110,105,125,115,101,97,102,110,108,109,104,105,106,96,91,90,98,103,108,95,95,88,96,90,89,108,105,91,89,86,100,97,100,96,91,88,92,92,89,86,85,106,91,86,90,93,90,94,102,88,99,85,91,84,97,99,91,81,93,94,85,86,90,97,96,101,90,85,92,86,108,83,90,86,88,93,87,83,86,87,88,98,92,95,89,90,100,93,93,92,91,103]}