{"time":[3.016,3.168,3.317,3.4730000000000003,3.623,3.7670000000000003,3.91,4.0600000000000005,4.199000000000001,4.346000000000001,4.506000000000001,4.652000000000001,4.803000000000001,4.947000000000001,5.091000000000001,5.248000000000001,5.394000000000001,5.539000000000001,5.694000000000001,5.831000000000001,5.961000000000001,6.090000000000002,6.216000000000002,6.339000000000002,6.462000000000002,6.584000000000002,6.704000000000002,6.822000000000003,6.9410000000000025,7.060000000000002,7.179000000000002,7.294000000000002,7.412000000000003,7.539000000000002,7.6590000000000025,7.7920000000000025,7.9090000000000025,8.027000000000003,8.142000000000003,8.262000000000002,8.381000000000002,8.499000000000002,8.617000000000003,8.735000000000003,8.854000000000003,8.972000000000003,9.091000000000003,9.209000000000003,9.327000000000004,9.452000000000004,9.573000000000004,9.693000000000003,9.822000000000003,9.947000000000003,10.081000000000003,10.225000000000003,10.348000000000003,10.483000000000002,10.624000000000002,10.748000000000003,10.879000000000003,11.018000000000002,11.176000000000002,11.341000000000001,11.46,11.575000000000001,11.693000000000001,11.813,11.931000000000001,12.05,12.168000000000001,12.287,12.406,12.526,12.645,12.764999999999999,12.883999999999999],"fps":[3.6330608537693005,3.6330608537693005,3.6330608537693005,5.785920925747348,5.785920925747348,5.785920925747348,5.785920925747348,5.785920925747348,5.785920925747348,5.785920925747348,6.776379477250726,6.776379477250726,6.776379477250726,6.776379477250726,6.776379477250726,6.776379477250726,6.776379477250726,6.776379477250726,6.776379477250726,6.776379477250726,6.776379477250726,6.776379477250726,6.776379477250726,6.776379477250726,6.776379477250726,7.655502392344498,7.655502392344498,7.655502392344498,7.655502392344498,7.655502392344498,7.655502392344498,7.655502392344498,7.655502392344498,7.655502392344498,8.372093023255815,8.372093023255815,8.372093023255815,8.372093023255815,8.372093023255815,8.372093023255815,8.372093023255815,8.372093023255815,8.372093023255815,8.356545961002785,8.356545961002785,8.356545961002785,8.356545961002785,8.356545961002785,8.356545961002785,8.356545961002785,8.356545961002785,8.356545961002785,8.287292817679559,8.287292817679559,8.287292817679559,8.287292817679559,8.287292817679559,8.287292817679559,8.287292817679559,8.287292817679559,7.5685903500473035,7.5685903500473035,7.5685903500473035,7.5685903500473035,7.5685903500473035,7.5685903500473035,7.5685903500473035,7.5685903500473035,7.604562737642586,7.604562737642586,7.604562737642586,7.604562737642586,7.604562737642586,7.604562737642586,7.604562737642586,7.604562737642586,7.604562737642586],"raf":[173,152,149,156,150,144,143,150,139,147,160,146,151,144,144,157,146,145,155,137,130,130,125,123,123,122,120,118,119,119,119,115,118,127,120,133,117,118,115,121,118,118,118,119,118,118,119,118,118,125,122,119,129,125,134,144,124,134,141,124,131,139,158,165,119,115,118,120,118,119,118,119,119,120,119,120,119]}