{"time":[3.18,3.369,3.556,3.744,3.9290000000000003,4.1160000000000005,4.301,4.487,4.682,4.875,5.067,5.258,5.445,5.63,5.817,6.001,6.184,6.373,6.563000000000001,6.753000000000001,6.938000000000001,7.126,7.313000000000001,7.497000000000001,7.687000000000001,7.883000000000001,8.078000000000001,8.271,8.479000000000001,8.696000000000002,8.934000000000001,9.195,9.483,9.771,9.97,10.168000000000001,10.354000000000001,10.554,10.751,10.943999999999999,11.133999999999999,11.322999999999999,11.511999999999999,11.700999999999999,11.889,12.077,12.261,12.456999999999999,12.649999999999999,12.841],"fps":[5.1063829787234045,5.1063829787234045,5.1194539249146755,5.1194539249146755,5.1194539249146755,5.1194539249146755,5.1194539249146755,5.1194539249146755,5.333333333333333,5.333333333333333,5.333333333333333,5.333333333333333,5.333333333333333,5.333333333333333,5.286343612334802,5.286343612334802,5.286343612334802,5.286343612334802,5.286343612334802,5.286343612334802,5.352363960749331,5.352363960749331,5.352363960749331,5.352363960749331,5.352363960749331,5.352363960749331,5.2631578947368425,5.2631578947368425,5.2631578947368425,5.2631578947368425,5.2631578947368425,4.476275738585497,4.476275738585497,4.476275738585497,4.476275738585497,4.476275738585497,4.3140638481449525,4.3140638481449525,4.3140638481449525,4.3140638481449525,4.3140638481449525,4.3140638481449525,5.181347150259067,5.181347150259067,5.181347150259067,5.181347150259067,5.181347150259067,5.181347150259067,5.272407732864675,5.272407732864675],"raf":[193,189,187,187,185,187,185,186,195,193,192,192,186,185,187,184,183,189,190,190,185,188,187,184,190,196,195,193,208,217,238,261,288,288,199,198,186,200,198,192,190,189,189,189,188,188,184,196,193,191]}