{"time":[3.127,3.275,3.436,3.589,3.743,3.9139999999999997,4.058,4.204,4.353,4.5,4.649,4.798,4.947,5.093,5.2379999999999995,5.388,5.532,5.72,5.874,6.029,6.193,6.335,6.481,6.628,6.773,6.912999999999999,7.071,7.223,7.367,7.515,7.6659999999999995,7.805999999999999,7.944999999999999,8.088,8.229999999999999,8.371999999999998,8.512999999999998,8.667999999999997,8.815999999999997,8.965999999999998,9.105999999999998,9.251999999999999,9.395999999999999,9.543999999999999,9.687,9.825,9.982999999999999,10.127999999999998,10.293999999999999,10.434999999999999,10.591999999999999,10.754,10.91,11.055,11.202,11.353,11.497,11.64,11.792,11.942,12.08,12.229,12.383,12.531999999999998,12.687999999999999,12.848999999999998],"fps":[6.261180679785331,6.261180679785331,6.261180679785331,6.463527239150507,6.463527239150507,6.463527239150507,6.463527239150507,6.463527239150507,6.463527239150507,6.463527239150507,6.60377358490566,6.60377358490566,6.60377358490566,6.60377358490566,6.60377358490566,6.60377358490566,6.60377358490566,6.5359477124183005,6.5359477124183005,6.5359477124183005,6.5359477124183005,6.5359477124183005,6.5359477124183005,6.5359477124183005,6.647673314339981,6.647673314339981,6.647673314339981,6.647673314339981,6.647673314339981,6.647673314339981,6.647673314339981,6.776379477250726,6.776379477250726,6.776379477250726,6.776379477250726,6.776379477250726,6.776379477250726,6.776379477250726,6.930693069306931,6.930693069306931,6.930693069306931,6.930693069306931,6.930693069306931,6.930693069306931,6.930693069306931,6.937561942517344,6.937561942517344,6.937561942517344,6.937561942517344,6.937561942517344,6.937561942517344,6.937561942517344,6.451612903225806,6.451612903225806,6.451612903225806,6.451612903225806,6.451612903225806,6.451612903225806,6.451612903225806,6.782945736434108,6.782945736434108,6.782945736434108,6.782945736434108,6.782945736434108,6.782945736434108,6.782945736434108],"raf":[147,148,161,153,154,171,144,146,149,147,149,149,149,146,145,150,145,187,154,155,164,142,146,147,145,140,158,152,144,148,151,140,139,143,142,142,141,155,148,150,140,146,144,148,143,138,158,146,165,141,157,162,156,145,147,151,144,143,152,150,138,149,154,149,156,161]}