{"time":[3.0810000000000004,3.1750000000000003,3.2670000000000003,3.3580000000000005,3.4540000000000006,3.5480000000000005,3.6420000000000003,3.7350000000000003,3.8260000000000005,3.9170000000000007,4.009,4.102,4.1930000000000005,4.285,4.376,4.468,4.56,4.654999999999999,4.749,4.840999999999999,4.932999999999999,5.025999999999999,5.118999999999999,5.2109999999999985,5.3039999999999985,5.395999999999998,5.487999999999998,5.584999999999998,5.681999999999999,5.7799999999999985,5.884999999999999,5.993999999999999,6.091999999999999,6.185999999999999,6.280999999999999,6.384999999999999,6.4929999999999986,6.5939999999999985,6.704999999999998,6.824999999999998,6.916999999999998,7.055999999999998,7.180999999999998,7.273999999999998,7.3679999999999986,7.462999999999998,7.562999999999998,7.672999999999998,7.7639999999999985,7.854999999999999,7.945999999999999,8.036,8.126999999999999,8.219999999999999,8.312,8.402999999999999,8.495,8.584,8.676,8.767,8.857999999999999,8.950999999999999,9.041999999999998,9.132999999999997,9.225999999999997,9.317999999999998,9.409999999999998,9.502999999999998,9.594999999999999,9.688999999999998,9.780999999999999,9.871999999999998,9.960999999999999,10.050999999999998,10.143999999999998,10.235999999999999,10.328,10.418999999999999,10.509999999999998,10.601999999999999,10.692999999999998,10.785999999999998,10.878999999999998,10.969999999999997,11.059999999999997,11.148999999999997,11.239999999999997,11.331999999999997,11.423999999999998,11.515999999999998,11.606999999999998,11.695999999999998,11.786999999999997,11.878999999999998,11.969999999999997,12.059999999999997,12.152999999999997,12.243999999999996,12.335999999999997,12.427999999999997,12.518999999999997,12.611999999999997,12.702999999999996,12.795999999999996,12.886999999999995,12.984999999999996],"fps":[9.433962264150944,10.456273764258555,10.456273764258555,10.456273764258555,10.456273764258555,10.456273764258555,10.456273764258555,10.456273764258555,10.456273764258555,10.456273764258555,10.456273764258555,10.456273764258555,10.805500982318271,10.805500982318271,10.805500982318271,10.805500982318271,10.805500982318271,10.805500982318271,10.805500982318271,10.805500982318271,10.805500982318271,10.805500982318271,10.805500982318271,10.805500982318271,10.805500982318271,10.805500982318271,10.805500982318271,10.805500982318271,10.805500982318271,10.805500982318271,10.805500982318271,10.805500982318271,10.805500982318271,10.805500982318271,10.280373831775702,10.280373831775702,10.280373831775702,10.280373831775702,10.280373831775702,10.280373831775702,10.280373831775702,10.280373831775702,10.280373831775702,10.280373831775702,9.19963201471941,9.19963201471941,9.19963201471941,9.19963201471941,9.19963201471941,9.19963201471941,9.19963201471941,9.19963201471941,9.19963201471941,9.19963201471941,9.19963201471941,10.628019323671497,10.628019323671497,10.628019323671497,10.628019323671497,10.628019323671497,10.628019323671497,10.628019323671497,10.628019323671497,10.628019323671497,10.628019323671497,10.628019323671497,10.923535253227408,10.923535253227408,10.923535253227408,10.923535253227408,10.923535253227408,10.923535253227408,10.923535253227408,10.923535253227408,10.923535253227408,10.923535253227408,10.923535253227408,10.901883052527255,10.901883052527255,10.901883052527255,10.901883052527255,10.901883052527255,10.901883052527255,10.901883052527255,10.901883052527255,10.901883052527255,10.901883052527255,10.901883052527255,10.945273631840797,10.945273631840797,10.945273631840797,10.945273631840797,10.945273631840797,10.945273631840797,10.945273631840797,10.945273631840797,10.945273631840797,10.945273631840797,10.945273631840797,10.95617529880478,10.95617529880478,10.95617529880478,10.95617529880478,10.95617529880478,10.95617529880478,10.95617529880478],"raf":[94,94,92,91,96,94,94,93,91,91,92,93,91,92,91,92,92,95,94,92,92,93,93,92,93,92,92,97,97,98,105,109,98,94,95,104,108,101,111,120,92,139,125,93,94,95,100,110,91,91,91,90,91,93,92,91,92,89,92,91,91,93,91,91,93,92,92,93,92,94,92,91,89,90,93,92,92,91,91,92,91,93,93,91,90,89,91,92,92,92,91,89,91,92,91,90,93,91,92,92,92,92,91,93,91,98]}