{"time":[3.075,3.306,3.577,3.8289999999999997,4.069,4.302,4.534,4.765,4.994,5.2219999999999995,5.454,5.688,5.918,6.148000000000001,6.376,6.606000000000001,6.857000000000001,7.084000000000001,7.310000000000001,7.543000000000001,7.770000000000001,7.997000000000002,8.223000000000003,8.457000000000003,8.684000000000003,8.910000000000004,9.136000000000005,9.363000000000005,9.594000000000005,9.821000000000005,10.051000000000005,10.277000000000006,10.509000000000006,10.735000000000007,10.964000000000006,11.190000000000007,11.417000000000007,11.659000000000006,11.893000000000006,12.123000000000006,12.353000000000007,12.582000000000006,12.810000000000006],"fps":[4.051863857374392,4.051863857374392,4.1017227235438884,4.1017227235438884,4.1017227235438884,4.1017227235438884,4.1017227235438884,4.2087542087542085,4.2087542087542085,4.2087542087542085,4.2087542087542085,4.2087542087542085,4.336513443191674,4.336513443191674,4.336513443191674,4.336513443191674,4.336513443191674,4.288164665523156,4.288164665523156,4.288164665523156,4.288164665523156,4.288164665523156,4.389815627743634,4.389815627743634,4.389815627743634,4.389815627743634,4.389815627743634,4.385964912280702,4.385964912280702,4.385964912280702,4.385964912280702,4.385964912280702,4.363001745200698,4.363001745200698,4.363001745200698,4.363001745200698,4.363001745200698,4.3478260869565215,4.3478260869565215,4.3478260869565215,4.3478260869565215,4.3478260869565215,4.344048653344918],"raf":[233,231,271,252,240,233,232,231,229,228,232,234,230,230,228,230,251,227,226,233,227,227,226,234,227,226,226,226,231,227,230,226,232,226,229,226,227,242,234,230,230,229,228]}