{"time":[3.0740000000000007,3.2290000000000005,3.3810000000000007,3.5140000000000007,3.6390000000000007,3.7610000000000006,3.876000000000001,3.995000000000001,4.108000000000001,4.239000000000002,4.355000000000001,4.465000000000002,4.580000000000002,4.693000000000002,4.802000000000002,4.924000000000002,5.037000000000003,5.155000000000003,5.264000000000003,5.375000000000003,5.484000000000003,5.592000000000002,5.700000000000002,5.811000000000002,5.919000000000001,6.0310000000000015,6.159000000000002,6.2810000000000015,6.387000000000001,6.496000000000001,6.616000000000001,6.730000000000001,6.836000000000001,6.944000000000001,7.054000000000001,7.163000000000001,7.282000000000001,7.390000000000001,7.505000000000001,7.6160000000000005,7.728000000000001,7.835000000000001,7.945000000000001,8.068000000000001,8.181000000000001,8.307,8.415000000000001,8.533000000000001,8.663000000000002,8.779000000000002,8.892000000000001,9.003000000000002,9.118000000000002,9.233000000000002,9.343000000000002,9.457000000000003,9.566000000000003,9.687000000000003,9.796000000000003,9.911000000000003,10.020000000000003,10.144000000000004,10.253000000000004,10.385000000000003,10.514000000000003,10.619000000000003,10.730000000000004,10.837000000000003,10.962000000000003,11.089000000000004,11.211000000000004,11.320000000000004,11.429000000000004,11.541000000000004,11.656000000000004,11.769000000000004,11.875000000000004,11.991000000000003,12.098000000000003,12.223000000000003,12.335000000000003,12.442000000000002,12.552000000000001,12.668000000000001,12.771,12.883000000000001,12.992],"fps":[8.637236084452976,7.922535211267606,7.922535211267606,7.922535211267606,7.922535211267606,7.922535211267606,7.922535211267606,7.922535211267606,7.922535211267606,7.920792079207921,7.920792079207921,7.920792079207921,7.920792079207921,7.920792079207921,7.920792079207921,7.920792079207921,7.920792079207921,7.920792079207921,8.78048780487805,8.78048780487805,8.78048780487805,8.78048780487805,8.78048780487805,8.78048780487805,8.78048780487805,8.78048780487805,8.78048780487805,8.849557522123893,8.849557522123893,8.849557522123893,8.849557522123893,8.849557522123893,8.849557522123893,8.849557522123893,8.849557522123893,8.849557522123893,8.991008991008991,8.991008991008991,8.991008991008991,8.991008991008991,8.991008991008991,8.991008991008991,8.991008991008991,8.991008991008991,8.991008991008991,8.78048780487805,8.78048780487805,8.78048780487805,8.78048780487805,8.78048780487805,8.78048780487805,8.78048780487805,8.78048780487805,8.78048780487805,8.687258687258687,8.687258687258687,8.687258687258687,8.687258687258687,8.687258687258687,8.687258687258687,8.687258687258687,8.687258687258687,8.687258687258687,8.637236084452976,8.637236084452976,8.637236084452976,8.637236084452976,8.637236084452976,8.637236084452976,8.637236084452976,8.637236084452976,8.637236084452976,8.620689655172415,8.620689655172415,8.620689655172415,8.620689655172415,8.620689655172415,8.620689655172415,8.620689655172415,8.620689655172415,8.620689655172415,8.884501480750247,8.884501480750247,8.884501480750247,8.884501480750247,8.884501480750247,8.884501480750247],"raf":[133,155,152,133,125,122,115,119,113,131,116,110,115,113,109,122,113,118,109,111,109,108,108,111,108,112,128,122,106,109,120,115,105,108,110,109,119,108,115,111,112,107,110,123,113,126,108,118,130,116,113,111,115,115,110,114,109,121,109,115,109,124,109,132,129,105,111,107,125,127,122,109,109,112,115,113,106,116,107,125,112,107,110,116,103,112,109]}