{"time":[3.1670000000000007,3.4130000000000007,3.6750000000000007,4.0280000000000005,4.345000000000001,4.595000000000001,4.841000000000001,5.088000000000001,5.345000000000001,5.602,5.869000000000001,6.093000000000001,6.333000000000001,6.568000000000001,6.782000000000002,6.991000000000001,7.231000000000002,7.4620000000000015,7.719000000000001,7.936000000000001,8.162,8.378,8.636,8.886999999999999,9.140999999999998,9.403999999999998,9.634999999999998,9.874999999999998,10.128999999999998,10.368999999999998,10.616999999999997,10.841999999999997,11.071999999999997,11.299999999999997,11.543999999999997,11.785999999999998,12.017999999999997,12.253999999999998,12.503999999999998,12.761999999999997],"fps":[3.3333333333333335,3.3333333333333335,3.3333333333333335,3.3333333333333335,3.395585738539898,3.395585738539898,3.395585738539898,3.395585738539898,3.395585738539898,3.977724741447892,3.977724741447892,3.977724741447892,3.977724741447892,3.977724741447892,4.237288135593221,4.237288135593221,4.237288135593221,4.237288135593221,4.237288135593221,4.332755632582322,4.332755632582322,4.332755632582322,4.332755632582322,4.332755632582322,4.149377593360996,4.149377593360996,4.149377593360996,4.149377593360996,4.149377593360996,4.071661237785016,4.071661237785016,4.071661237785016,4.071661237785016,4.071661237785016,4.25531914893617,4.25531914893617,4.25531914893617,4.25531914893617,4.25531914893617,4.105090311986864],"raf":[260,246,262,353,317,250,246,247,257,257,267,224,240,235,214,209,240,231,257,217,226,216,258,251,254,263,231,241,253,240,248,225,230,228,244,242,232,236,250,258]}