{"time":[3.1679999999999997,3.4549999999999996,3.7609999999999997,4.047,4.3229999999999995,4.606999999999999,4.882,5.146,5.403,5.6659999999999995,5.898,6.148,6.412999999999999,6.667999999999999,6.9079999999999995,7.154999999999999,7.417,7.64,7.885999999999999,8.132,8.381,8.635,8.883,9.113999999999999,9.354999999999999,9.607,9.895999999999999,10.155999999999999,10.421999999999999,10.678999999999998,11.036999999999999,11.341,11.596,11.847,12.094,12.338999999999999,12.572999999999999,12.844],"fps":[2.9917726252804786,2.9917726252804786,2.9917726252804786,2.9917726252804786,3.463203463203463,3.463203463203463,3.463203463203463,3.463203463203463,3.7037037037037037,3.7037037037037037,3.7037037037037037,3.7037037037037037,3.9603960396039604,3.9603960396039604,3.9603960396039604,3.9603960396039604,3.9840637450199203,3.9840637450199203,3.9840637450199203,3.9840637450199203,3.9840637450199203,4.1017227235438884,4.1017227235438884,4.1017227235438884,4.1017227235438884,4.1017227235438884,3.9682539682539684,3.9682539682539684,3.9682539682539684,3.9682539682539684,3.5056967572304996,3.5056967572304996,3.5056967572304996,3.5056967572304996,3.7842951750236518,3.7842951750236518,3.7842951750236518,3.7842951750236518],"raf":[442,287,306,286,276,284,275,264,257,263,232,250,265,255,240,247,262,223,246,246,249,255,247,231,242,251,289,260,267,256,358,304,255,251,247,245,234,271]}