{"time":[3.02,3.5,3.9,4.278,4.651,4.9959999999999996,5.3389999999999995,5.7059999999999995,6.077999999999999,6.436999999999999,6.792,7.114,7.467,7.861,8.278,8.599,8.93,9.283,9.629,9.965,10.291,10.592,10.909,11.195,11.528,11.849,12.206,12.57,12.886000000000001],"fps":[2.2970903522205206,2.2970903522205206,2.2970903522205206,2.384737678855326,2.384737678855326,2.384737678855326,2.827521206409048,2.827521206409048,2.827521206409048,2.73224043715847,2.73224043715847,2.73224043715847,2.912621359223301,2.912621359223301,2.912621359223301,2.64783759929391,2.64783759929391,2.64783759929391,2.9154518950437316,2.9154518950437316,2.9154518950437316,2.9154518950437316,3.125,3.125,3.125,3.125,3.0840400925212026,3.0840400925212026,3.0840400925212026],"raf":[493,481,399,378,373,345,343,367,372,359,355,322,353,394,417,322,330,353,346,336,326,301,317,286,333,321,357,364,316]}