{"time":[3.024,3.094,3.1679999999999997,3.2239999999999998,3.2939999999999996,3.3509999999999995,3.4239999999999995,3.4819999999999993,3.5419999999999994,3.6179999999999994,3.7079999999999993,3.7729999999999992,3.8529999999999993,3.9259999999999993,4.004999999999999,4.081999999999999,4.159999999999999,4.241999999999999,4.3149999999999995,4.380999999999999,4.459999999999999,4.5249999999999995,4.5889999999999995,4.667999999999999,4.741999999999999,4.811999999999999,4.8759999999999994,4.965,5.071,5.1419999999999995,5.207999999999999,5.284999999999999,5.3919999999999995,5.457999999999999,5.529999999999999,5.6,5.672,5.7509999999999994,5.821999999999999,5.884999999999999,5.9449999999999985,6.018999999999998,6.089999999999998,6.1549999999999985,6.219999999999999,6.286999999999999,6.354999999999999,6.431999999999999,6.494999999999998,6.5539999999999985,6.6179999999999986,6.684999999999999,6.764999999999999,6.840999999999998,6.897999999999999,6.954999999999999,7.023999999999999,7.094999999999999,7.172999999999999,7.228999999999999,7.288999999999999,7.361999999999999,7.427,7.491,7.564,7.63,7.704,7.766,7.834,7.899,7.969,8.039,8.113,8.177,8.241999999999999,8.306,8.401,8.478,8.546,8.617999999999999,8.679999999999998,8.758999999999999,8.823999999999998,8.891999999999998,8.960999999999999,9.032999999999998,9.099999999999998,9.168999999999999,9.242999999999999,9.303999999999998,9.363999999999999,9.434999999999999,9.495,9.568,9.633,9.702,9.772,9.843,9.907,9.974,10.045,10.105,10.175,10.242,10.308000000000002,10.369000000000002,10.425,10.492,10.557,10.617,10.680000000000001,10.765000000000002,10.824000000000002,10.884000000000002,10.950000000000003,11.008000000000003,11.068000000000003,11.129000000000003,11.197000000000003,11.257000000000003,11.309000000000003,11.382000000000003,11.457000000000003,11.515000000000002,11.572000000000003,11.629000000000003,11.722000000000003,11.790000000000003,11.860000000000003,11.945000000000004,12.007000000000003,12.066000000000003,12.126000000000003,12.181000000000003,12.238000000000003,12.297000000000002,12.352000000000002,12.412000000000003,12.467000000000002,12.519000000000002,12.574000000000002,12.633000000000001,12.707,12.766,12.833,12.9,12.962],"fps":[12.544802867383513,12.544802867383513,12.544802867383513,12.544802867383513,10.7421875,10.7421875,10.7421875,10.7421875,10.7421875,10.7421875,10.7421875,10.7421875,10.7421875,10.7421875,10.7421875,10.7421875,10.7421875,10.7421875,13.712047012732615,13.712047012732615,13.712047012732615,13.712047012732615,13.712047012732615,13.712047012732615,13.712047012732615,13.712047012732615,13.712047012732615,13.712047012732615,13.712047012732615,13.712047012732615,13.712047012732615,13.712047012732615,12.999071494893222,12.999071494893222,12.999071494893222,12.999071494893222,12.999071494893222,12.999071494893222,12.999071494893222,12.999071494893222,12.999071494893222,12.999071494893222,12.999071494893222,12.999071494893222,12.999071494893222,12.999071494893222,12.999071494893222,14.423076923076923,14.423076923076923,14.423076923076923,14.423076923076923,14.423076923076923,14.423076923076923,14.423076923076923,14.423076923076923,14.423076923076923,14.423076923076923,14.423076923076923,14.423076923076923,14.423076923076923,14.423076923076923,14.423076923076923,14.423076923076923,15.09433962264151,15.09433962264151,15.09433962264151,15.09433962264151,15.09433962264151,15.09433962264151,15.09433962264151,15.09433962264151,15.09433962264151,15.09433962264151,15.09433962264151,15.09433962264151,15.09433962264151,15.09433962264151,15.09433962264151,14.231499051233397,14.231499051233397,14.231499051233397,14.231499051233397,14.231499051233397,14.231499051233397,14.231499051233397,14.231499051233397,14.231499051233397,14.231499051233397,14.231499051233397,14.231499051233397,14.231499051233397,14.231499051233397,14.231499051233397,14.677103718199609,14.677103718199609,14.677103718199609,14.677103718199609,14.677103718199609,14.677103718199609,14.677103718199609,14.677103718199609,14.677103718199609,14.677103718199609,14.677103718199609,14.677103718199609,14.677103718199609,14.677103718199609,14.677103718199609,14.677103718199609,15.238095238095237,15.238095238095237,15.238095238095237,15.238095238095237,15.238095238095237,15.238095238095237,15.238095238095237,15.238095238095237,15.238095238095237,15.238095238095237,15.238095238095237,15.238095238095237,15.238095238095237,15.238095238095237,15.238095238095237,15.238095238095237,15.825914935707221,15.825914935707221,15.825914935707221,15.825914935707221,15.825914935707221,15.825914935707221,15.825914935707221,15.825914935707221,15.825914935707221,15.825914935707221,15.825914935707221,15.825914935707221,15.825914935707221,15.825914935707221,15.825914935707221,15.825914935707221,15.936254980079681,15.936254980079681,15.936254980079681,15.936254980079681,15.936254980079681,15.936254980079681],"raf":[77,70,74,56,70,57,73,58,60,77,89,65,80,73,80,76,78,82,73,67,78,65,64,79,74,70,64,89,106,71,66,77,107,66,72,70,72,79,71,63,60,74,71,65,65,67,68,77,63,59,64,67,80,76,57,57,69,71,78,56,60,73,65,65,72,66,74,62,68,65,70,70,74,64,65,64,95,77,68,72,62,79,65,68,69,72,67,69,74,61,60,71,61,72,65,69,71,70,65,66,72,60,70,66,66,61,56,67,65,60,63,85,59,60,67,57,60,61,68,60,53,72,75,58,57,57,93,68,70,85,62,59,60,55,57,60,54,60,55,52,55,59,74,59,67,67,62]}