{"time":[3.057000000000001,3.229000000000001,3.404000000000001,3.628000000000001,3.813000000000001,3.990000000000001,4.160000000000001,4.344000000000001,4.552000000000001,4.766000000000002,4.944000000000002,5.122000000000002,5.310000000000001,5.5070000000000014,5.721000000000002,5.905000000000002,6.056000000000002,6.207000000000002,6.355000000000001,6.504000000000001,6.657000000000001,6.807000000000001,6.977000000000001,7.1400000000000015,7.310000000000001,7.4540000000000015,7.610000000000001,7.767000000000001,7.919000000000001,8.068000000000001,8.219000000000001,8.410000000000002,8.591000000000001,8.784,9.013,9.173,9.34,9.520999999999999,9.687,9.854,10.069999999999999,10.241999999999999,10.389,10.545,10.691,10.836,10.986,11.161000000000001,11.317000000000002,11.470000000000002,11.683000000000002,11.855000000000002,12.004000000000001,12.154000000000002,12.324000000000002,12.507000000000001,12.693000000000001,12.889000000000001],"fps":[4.863813229571984,4.863813229571984,4.854368932038835,4.854368932038835,4.854368932038835,4.854368932038835,4.854368932038835,4.854368932038835,5.2264808362369335,5.2264808362369335,5.2264808362369335,5.2264808362369335,5.2264808362369335,5.2264808362369335,5.132591958939265,5.132591958939265,5.132591958939265,5.132591958939265,5.132591958939265,5.132591958939265,5.132591958939265,6.445672191528545,6.445672191528545,6.445672191528545,6.445672191528545,6.445672191528545,6.445672191528545,6.445672191528545,6.294964028776978,6.294964028776978,6.294964028776978,6.294964028776978,6.294964028776978,6.294964028776978,5.484460694698354,5.484460694698354,5.484460694698354,5.484460694698354,5.484460694698354,5.484460694698354,5.676442762535478,5.676442762535478,5.676442762535478,5.676442762535478,5.676442762535478,5.676442762535478,5.676442762535478,6.416131989000917,6.416131989000917,6.416131989000917,6.416131989000917,6.416131989000917,6.416131989000917,6.416131989000917,6.0189165950128976,6.0189165950128976,6.0189165950128976,6.0189165950128976],"raf":[176,172,175,224,185,177,170,184,208,214,178,178,188,197,214,184,151,151,148,149,153,150,170,163,170,144,156,157,152,149,151,191,181,193,229,160,167,181,166,167,216,172,147,156,146,145,150,175,156,153,213,172,149,150,170,183,186,196]}