{"time":[3.0099999999999993,3.1619999999999995,3.3199999999999994,3.474999999999999,3.6269999999999993,3.7869999999999995,3.9469999999999996,4.108,4.255999999999999,4.403999999999999,4.558999999999999,4.715999999999999,4.879,5.036,5.212,5.3709999999999996,5.537,5.699,5.857,6.017,6.186,6.369,6.547,6.705,6.867,7.055,7.26,7.484999999999999,7.667,7.84,7.994,8.154,8.312,8.469999999999999,8.629999999999999,8.783,8.939,9.087,9.263,9.416,9.577,9.739,9.888,10.047,10.21,10.363000000000001,10.514000000000001,10.669,10.823,10.977,11.134,11.292,11.442,11.606,11.784,11.964,12.116,12.276,12.427999999999999,12.581999999999999,12.744,12.894],"fps":[6.25,6.329113924050633,6.329113924050633,6.329113924050633,6.329113924050633,6.329113924050633,6.329113924050633,6.329113924050633,6.39853747714808,6.39853747714808,6.39853747714808,6.39853747714808,6.39853747714808,6.39853747714808,6.39853747714808,6.278026905829597,6.278026905829597,6.278026905829597,6.278026905829597,6.278026905829597,6.278026905829597,6.278026905829597,5.9523809523809526,5.9523809523809526,5.9523809523809526,5.9523809523809526,5.9523809523809526,5.9523809523809526,5.357142857142857,5.357142857142857,5.357142857142857,5.357142857142857,5.357142857142857,5.357142857142857,5.357142857142857,6.272401433691757,6.272401433691757,6.272401433691757,6.272401433691757,6.272401433691757,6.272401433691757,6.272401433691757,6.334841628959276,6.334841628959276,6.334841628959276,6.334841628959276,6.334841628959276,6.334841628959276,6.334841628959276,6.4279155188246095,6.4279155188246095,6.4279155188246095,6.4279155188246095,6.4279155188246095,6.4279155188246095,6.4279155188246095,6.145741878841089,6.145741878841089,6.145741878841089,6.145741878841089,6.145741878841089,6.145741878841089],"raf":[153,152,158,155,152,160,161,160,148,148,155,157,163,157,176,159,166,162,158,160,169,183,178,158,162,188,205,225,182,173,155,159,158,158,160,153,156,148,176,153,161,162,149,160,162,153,151,155,154,154,157,158,150,164,178,180,152,160,152,154,162,150]}