{"time":[3.0970000000000004,3.3400000000000003,3.5840000000000005,3.8180000000000005,4.046,4.274,4.5040000000000004,4.736000000000001,4.962000000000001,5.188000000000001,5.510000000000001,5.768000000000001,6.0200000000000005,6.283,6.550000000000001,6.9,7.264,7.558,7.838,8.12,8.476999999999999,8.835999999999999,9.102999999999998,9.351999999999999,9.592999999999998,9.825999999999999,10.065,10.302,10.536999999999999,10.77,10.997,11.229,11.457999999999998,11.685999999999998,11.918999999999999,12.169999999999998,12.398999999999997,12.626999999999997,12.854999999999997],"fps":[4.248088360237893,4.248088360237893,4.248088360237893,4.065040650406504,4.065040650406504,4.065040650406504,4.065040650406504,4.065040650406504,4.370629370629371,4.370629370629371,4.370629370629371,4.370629370629371,3.780718336483932,3.780718336483932,3.780718336483932,3.780718336483932,3.215434083601286,3.215434083601286,3.215434083601286,3.215434083601286,3.2976092333058533,3.2976092333058533,3.2976092333058533,3.2976092333058533,3.5810205908683974,3.5810205908683974,3.5810205908683974,3.5810205908683974,3.5810205908683974,4.2517006802721085,4.2517006802721085,4.2517006802721085,4.2517006802721085,4.2517006802721085,4.351610095735422,4.351610095735422,4.351610095735422,4.351610095735422,4.351610095735422],"raf":[244,243,244,234,228,228,230,232,226,226,322,258,252,263,267,350,364,294,280,282,357,359,267,249,242,232,239,237,235,233,227,232,229,228,233,251,229,228,228]}