{"time":[3.003,3.1310000000000002,3.2510000000000003,3.3930000000000002,3.5210000000000004,3.6580000000000004,3.7820000000000005,3.9140000000000006,4.034000000000001,4.15,4.266,4.398,4.521999999999999,4.653999999999999,4.783999999999999,4.925999999999999,5.052999999999999,5.1899999999999995,5.335999999999999,5.480999999999999,5.647999999999999,5.788999999999999,5.9209999999999985,6.098999999999998,6.3119999999999985,6.501999999999999,6.626999999999999,6.7559999999999985,6.871999999999998,6.990999999999998,7.107999999999998,7.222999999999998,7.348999999999998,7.481999999999998,7.598999999999998,7.708999999999999,7.822999999999999,7.938999999999998,8.054999999999998,8.172999999999998,8.288999999999998,8.402999999999999,8.517999999999999,8.635,8.759,8.876000000000001,8.991000000000001,9.106000000000002,9.220000000000002,9.345000000000002,9.462000000000003,9.575000000000003,9.691000000000003,9.827000000000002,9.948000000000002,10.074000000000002,10.189000000000002,10.309000000000001,10.430000000000001,10.547000000000002,10.667000000000002,10.785000000000002,10.900000000000002,11.021000000000003,11.137000000000002,11.253000000000002,11.380000000000003,11.495000000000003,11.612000000000004,11.730000000000004,11.854000000000005,11.974000000000004,12.118000000000004,12.226000000000004,12.336000000000004,12.449000000000003,12.564000000000004,12.690000000000003,12.815000000000003,12.935000000000002],"fps":[7.648183556405353,7.648183556405353,7.648183556405353,7.648183556405353,7.648183556405353,7.648183556405353,7.648183556405353,7.648183556405353,7.759456838021339,7.759456838021339,7.759456838021339,7.759456838021339,7.759456838021339,7.759456838021339,7.759456838021339,7.759456838021339,7.8431372549019605,7.8431372549019605,7.8431372549019605,7.8431372549019605,7.8431372549019605,7.8431372549019605,7.8431372549019605,6.698564593301436,6.698564593301436,6.698564593301436,6.698564593301436,6.698564593301436,6.698564593301436,6.698564593301436,6.937561942517344,6.937561942517344,6.937561942517344,6.937561942517344,6.937561942517344,6.937561942517344,6.937561942517344,6.937561942517344,6.937561942517344,8.450704225352112,8.450704225352112,8.450704225352112,8.450704225352112,8.450704225352112,8.450704225352112,8.450704225352112,8.450704225352112,8.450704225352112,8.595988538681949,8.595988538681949,8.595988538681949,8.595988538681949,8.595988538681949,8.595988538681949,8.595988538681949,8.595988538681949,8.595988538681949,8.264462809917354,8.264462809917354,8.264462809917354,8.264462809917354,8.264462809917354,8.264462809917354,8.264462809917354,8.264462809917354,8.264462809917354,8.403361344537815,8.403361344537815,8.403361344537815,8.403361344537815,8.403361344537815,8.403361344537815,8.403361344537815,8.403361344537815,8.403361344537815,8.419083255378858,8.419083255378858,8.419083255378858,8.419083255378858,8.419083255378858],"raf":[124,128,120,142,128,137,124,132,120,116,116,132,124,132,130,142,128,136,146,145,167,141,132,178,213,190,125,129,116,119,117,115,126,133,117,110,114,116,116,118,117,113,115,117,124,117,115,115,114,125,117,113,116,136,121,126,115,120,121,117,120,118,116,121,115,116,127,115,117,118,124,120,144,108,110,113,115,126,126,119]}