{"time":[3.0550000000000006,3.1850000000000005,3.3190000000000004,3.4490000000000003,3.5930000000000004,3.7370000000000005,3.8680000000000003,3.9960000000000004,4.132000000000001,4.2700000000000005,4.396000000000001,4.525,4.651000000000001,4.780000000000001,4.907000000000001,5.040000000000001,5.179000000000001,5.310000000000001,5.439000000000002,5.572000000000002,5.700000000000002,5.840000000000002,5.968000000000002,6.108000000000001,6.2360000000000015,6.365000000000002,6.5020000000000024,6.6270000000000024,6.754000000000002,6.883000000000003,7.0180000000000025,7.146000000000003,7.273000000000002,7.405000000000002,7.538000000000002,7.671000000000002,7.799000000000002,7.932000000000002,8.062000000000003,8.194000000000003,8.321000000000003,8.450000000000003,8.584000000000003,8.732000000000003,8.861000000000002,8.991000000000003,9.123000000000003,9.252000000000002,9.391000000000002,9.526000000000002,9.659000000000002,9.785000000000002,9.915000000000003,10.046000000000003,10.178000000000003,10.314000000000002,10.453000000000001,10.588000000000001,10.717,10.846,10.974,11.101,11.232000000000001,11.360000000000001,11.504000000000001,11.634000000000002,11.760000000000002,11.904000000000002,12.042000000000002,12.178,12.321000000000002,12.454,12.591000000000001,12.742,12.884],"fps":[7.604562737642586,7.604562737642586,7.604562737642586,7.540056550424128,7.540056550424128,7.540056550424128,7.540056550424128,7.540056550424128,7.540056550424128,7.540056550424128,7.540056550424128,7.441860465116279,7.441860465116279,7.441860465116279,7.441860465116279,7.441860465116279,7.441860465116279,7.441860465116279,7.441860465116279,7.640878701050621,7.640878701050621,7.640878701050621,7.640878701050621,7.640878701050621,7.640878701050621,7.640878701050621,7.640878701050621,7.5829383886255926,7.5829383886255926,7.5829383886255926,7.5829383886255926,7.5829383886255926,7.5829383886255926,7.5829383886255926,7.5829383886255926,7.662835249042145,7.662835249042145,7.662835249042145,7.662835249042145,7.662835249042145,7.662835249042145,7.662835249042145,7.662835249042145,7.540056550424128,7.540056550424128,7.540056550424128,7.540056550424128,7.540056550424128,7.540056550424128,7.540056550424128,7.540056550424128,7.597340930674264,7.597340930674264,7.597340930674264,7.597340930674264,7.597340930674264,7.597340930674264,7.597340930674264,7.597340930674264,7.540056550424128,7.540056550424128,7.540056550424128,7.540056550424128,7.540056550424128,7.540056550424128,7.540056550424128,7.540056550424128,7.561436672967864,7.561436672967864,7.561436672967864,7.561436672967864,7.561436672967864,7.561436672967864,7.561436672967864,7.561436672967864],"raf":[137,130,134,130,143,144,131,128,136,138,126,129,126,129,127,133,139,131,129,133,128,140,128,141,127,129,137,125,127,129,135,128,127,132,133,133,128,133,130,132,127,129,134,148,129,130,132,129,139,135,133,126,130,131,132,136,139,135,129,129,129,126,131,128,144,130,127,143,138,136,143,133,137,151,142]}