{"time":[3.036,3.152,3.27,3.4050000000000002,3.5580000000000003,3.6790000000000003,3.7920000000000003,3.8920000000000003,4.009,4.128,4.236,4.343999999999999,4.457,4.558,4.661,4.779999999999999,4.882,5.005999999999999,5.111999999999999,5.2139999999999995,5.3069999999999995,5.411,5.526999999999999,5.630999999999999,5.723999999999999,5.823999999999999,5.917999999999999,6.026999999999999,6.130999999999999,6.236,6.325,6.417,6.537,6.63,6.719,6.817,6.905,6.998,7.0920000000000005,7.192,7.279,7.37,7.469,7.574000000000001,7.663000000000001,7.759000000000001,7.847000000000001,7.944000000000002,8.044000000000002,8.163000000000002,8.264000000000003,8.349000000000004,8.435000000000004,8.535000000000004,8.628000000000004,8.713000000000005,8.797000000000004,8.893000000000004,8.986000000000004,9.072000000000005,9.163000000000004,9.250000000000004,9.338000000000003,9.432000000000002,9.529000000000002,9.643000000000002,9.740000000000002,9.853000000000002,9.959000000000001,10.068000000000001,10.187000000000001,10.307,10.41,10.529,10.645,10.793999999999999,10.929999999999998,11.057999999999998,11.169999999999998,11.265999999999998,11.409999999999998,11.551999999999998,11.651999999999997,11.751999999999997,11.936999999999998,12.106999999999998,12.248999999999997,12.455999999999998,12.625999999999998,12.752999999999998,12.881999999999998,12.994999999999997],"fps":[8.968609865470851,8.968609865470851,8.968609865470851,8.968609865470851,7.766990291262136,7.766990291262136,7.766990291262136,7.766990291262136,7.766990291262136,7.766990291262136,7.766990291262136,7.766990291262136,7.766990291262136,7.766990291262136,9.066183136899365,9.066183136899365,9.066183136899365,9.066183136899365,9.066183136899365,9.066183136899365,9.066183136899365,9.066183136899365,9.066183136899365,9.066183136899365,9.407337723424272,9.407337723424272,9.407337723424272,9.407337723424272,9.407337723424272,9.407337723424272,9.407337723424272,9.407337723424272,9.407337723424272,9.407337723424272,9.407337723424272,10.064043915827996,10.064043915827996,10.064043915827996,10.064043915827996,10.064043915827996,10.064043915827996,10.064043915827996,10.064043915827996,10.064043915827996,10.064043915827996,10.064043915827996,10.679611650485437,10.679611650485437,10.679611650485437,10.679611650485437,10.679611650485437,10.679611650485437,10.679611650485437,10.679611650485437,10.679611650485437,10.679611650485437,10.679611650485437,10.516252390057362,10.516252390057362,10.516252390057362,10.516252390057362,10.516252390057362,10.516252390057362,10.516252390057362,10.516252390057362,10.516252390057362,10.516252390057362,10.516252390057362,10.318949343339588,10.318949343339588,10.318949343339588,10.318949343339588,10.318949343339588,10.318949343339588,10.318949343339588,10.318949343339588,10.318949343339588,8.18926296633303,8.18926296633303,8.18926296633303,8.18926296633303,8.18926296633303,8.18926296633303,8.18926296633303,8.18926296633303,7.626310772163966,7.626310772163966,7.626310772163966,7.626310772163966,7.626310772163966,7.626310772163966,7.626310772163966],"raf":[117,116,118,136,152,121,113,100,117,119,108,108,113,101,103,119,102,124,106,102,93,104,116,104,93,100,94,109,104,105,89,92,120,93,89,98,88,93,94,100,87,91,99,105,89,96,88,97,100,119,101,85,86,100,93,85,84,96,93,86,91,87,88,94,97,114,97,113,106,109,119,120,103,119,116,149,136,128,112,96,144,142,100,100,185,170,142,207,171,126,129,113]}