{"time":[3.2690000000000006,3.4900000000000007,3.6730000000000005,3.8800000000000003,4.125,4.33,4.581,4.827,5.015,5.207,5.412,5.62,5.846,6.055,6.282,6.477,6.676,6.91,7.1080000000000005,7.349,7.5840000000000005,7.795000000000001,7.973000000000001,8.186,8.418,8.609,8.857,9.085999999999999,9.322999999999999,9.501999999999999,9.749999999999998,10.018999999999998,10.410999999999998,10.674999999999997,10.957999999999997,11.227999999999996,11.430999999999996,11.729999999999995,12.041999999999994,12.333999999999994,12.608999999999995,12.857999999999995],"fps":[3.1298904538341157,3.1298904538341157,3.1298904538341157,3.1298904538341157,3.1298904538341157,4.71253534401508,4.71253534401508,4.71253534401508,4.71253534401508,4.71253534401508,4.621072088724584,4.621072088724584,4.621072088724584,4.621072088724584,4.621072088724584,4.694835680751174,4.694835680751174,4.694835680751174,4.694835680751174,4.694835680751174,4.5167118337850045,4.5167118337850045,4.5167118337850045,4.5167118337850045,4.5167118337850045,4.878048780487805,4.878048780487805,4.878048780487805,4.878048780487805,4.878048780487805,4.382120946538125,4.382120946538125,4.382120946538125,4.382120946538125,3.3085194375516958,3.3085194375516958,3.3085194375516958,3.3085194375516958,3.693444136657433,3.693444136657433,3.693444136657433,3.693444136657433],"raf":[297,221,183,207,245,205,251,246,188,193,204,208,226,209,227,195,199,234,198,241,235,211,178,213,232,191,248,229,237,179,248,269,393,263,284,269,203,299,312,292,275,249]}