{"time":[3.2019999999999995,3.5239999999999996,3.8579999999999997,4.2299999999999995,4.603999999999999,4.908999999999999,5.2029999999999985,5.504999999999998,5.7959999999999985,6.091999999999999,6.3969999999999985,6.692999999999999,6.999999999999999,7.304999999999999,7.607999999999999,7.891999999999999,8.165999999999999,8.450999999999999,8.730999999999998,9.012999999999998,9.319999999999999,9.616999999999999,9.917,10.212,10.501,10.786,11.09,11.379999999999999,11.661,11.95,12.242999999999999,12.543999999999999,12.836999999999998],"fps":[3.278688524590164,3.278688524590164,3.117692907248636,3.117692907248636,3.117692907248636,2.8544243577545196,2.8544243577545196,2.8544243577545196,2.8544243577545196,3.3812341504649197,3.3812341504649197,3.3812341504649197,3.3812341504649197,3.2976092333058533,3.2976092333058533,3.2976092333058533,3.2976092333058533,3.4904013961605584,3.4904013961605584,3.4904013961605584,3.4904013961605584,3.4305317324185247,3.4305317324185247,3.4305317324185247,3.4305317324185247,3.4217279726261762,3.4217279726261762,3.4217279726261762,3.4217279726261762,3.4364261168384878,3.4364261168384878,3.4364261168384878,3.4364261168384878],"raf":[287,322,334,372,374,305,294,302,292,295,306,295,307,305,303,284,274,285,280,282,307,297,300,295,289,285,304,290,281,289,293,301,293]}