{"time":[3.263,3.762,4.237,4.711,5.188000000000001,5.666,6.15,6.641,7.105,7.573,8.068,8.554,9.034,9.511000000000001,9.988000000000001,10.471000000000002,10.941000000000003,11.405000000000003,11.870000000000003,12.373000000000003,12.847000000000003],"fps":[5.47808764940239,1.9212295869356388,1.9212295869356388,1.9212295869356388,2.1037868162692845,2.1037868162692845,2.1037868162692845,2.064693737095664,2.064693737095664,2.064693737095664,2.102312543798178,2.102312543798178,2.102312543798178,2.079002079002079,2.079002079002079,2.079002079002079,2.097902097902098,2.097902097902098,2.097902097902098,2.094972067039106,2.094972067039106],"raf":[542,499,475,474,477,478,484,491,464,468,495,486,480,477,477,483,470,464,465,503,474]}