{"time":[3.0699999999999994,3.2529999999999992,3.4179999999999993,3.623999999999999,3.802999999999999,4.025999999999999,4.259999999999999,4.480999999999999,4.652999999999999,4.8039999999999985,4.953999999999999,5.112999999999999,5.260999999999998,5.419999999999998,5.572999999999998,5.721999999999998,5.869999999999997,6.0189999999999975,6.168999999999998,6.320999999999998,6.4739999999999975,6.620999999999998,6.769999999999998,6.9259999999999975,7.075999999999998,7.229999999999998,7.378999999999998,7.541999999999998,7.699999999999998,7.861999999999998,8.015999999999998,8.161999999999999,8.321,8.485999999999999,8.632,8.79,8.949,9.104,9.261,9.412999999999998,9.565999999999999,9.722999999999999,9.911999999999999,10.09,10.243,10.408,10.556,10.703999999999999,10.854999999999999,11.017,11.164,11.318,11.466,11.613999999999999,11.777,11.943999999999999,12.088,12.234,12.391,12.537,12.692,12.854000000000001],"fps":[5.8765915768854065,5.8765915768854065,5.8765915768854065,5.8765915768854065,5.8765915768854065,5.8765915768854065,5.042016806722689,5.042016806722689,5.042016806722689,5.042016806722689,5.042016806722689,5.042016806722689,5.994005994005994,5.994005994005994,5.994005994005994,5.994005994005994,5.994005994005994,5.994005994005994,5.994005994005994,6.60377358490566,6.60377358490566,6.60377358490566,6.60377358490566,6.60377358490566,6.60377358490566,6.60377358490566,6.616257088846881,6.616257088846881,6.616257088846881,6.616257088846881,6.616257088846881,6.616257088846881,6.616257088846881,6.323396567299007,6.323396567299007,6.323396567299007,6.323396567299007,6.323396567299007,6.323396567299007,6.323396567299007,6.481481481481482,6.481481481481482,6.481481481481482,6.481481481481482,6.481481481481482,6.481481481481482,6.481481481481482,6.151142355008787,6.151142355008787,6.151142355008787,6.151142355008787,6.151142355008787,6.151142355008787,6.151142355008787,6.523765144454799,6.523765144454799,6.523765144454799,6.523765144454799,6.523765144454799,6.523765144454799,6.523765144454799,6.499535747446611],"raf":[174,183,165,206,179,223,234,221,172,151,150,159,148,159,153,149,148,149,150,152,153,147,149,156,150,154,149,163,158,162,154,146,159,165,146,158,159,155,157,152,153,157,189,178,153,165,148,148,151,162,147,154,148,148,163,168,143,146,157,146,155,162]}