{"time":[3.0550000000000006,3.3380000000000005,3.6020000000000003,3.873,4.126,4.355,4.572,4.831,5.0920000000000005,5.397,5.623,5.837000000000001,6.082000000000001,6.327000000000001,6.546000000000001,6.760000000000002,6.951000000000001,7.151000000000002,7.374000000000001,7.598000000000002,7.786000000000001,7.971000000000001,8.206000000000001,8.428,8.607000000000001,8.814000000000002,8.996000000000002,9.200000000000003,9.416000000000002,9.635000000000002,9.816,10.002,10.234,10.449,10.664,10.924,11.15,11.43,11.701,11.905000000000001,12.101,12.325000000000001,12.568000000000001,12.766000000000002,12.983000000000002],"fps":[4.29553264604811,4.29553264604811,4.29553264604811,4.29553264604811,3.734827264239029,3.734827264239029,3.734827264239029,3.734827264239029,3.734827264239029,3.933910306845004,3.933910306845004,3.933910306845004,3.933910306845004,3.933910306845004,4.351610095735422,4.351610095735422,4.351610095735422,4.351610095735422,4.351610095735422,4.752851711026616,4.752851711026616,4.752851711026616,4.752851711026616,4.752851711026616,4.9504950495049505,4.9504950495049505,4.9504950495049505,4.9504950495049505,4.9504950495049505,4.868549172346641,4.868549172346641,4.868549172346641,4.868549172346641,4.868549172346641,4.859086491739553,4.859086491739553,4.859086491739553,4.859086491739553,3.8572806171648986,3.8572806171648986,3.8572806171648986,3.8572806171648986,3.8572806171648986,4.694835680751174,4.694835680751174],"raf":[216,283,264,271,253,229,217,259,261,305,226,214,245,245,219,214,191,200,223,224,188,185,235,222,180,206,182,205,215,219,181,186,232,215,215,260,226,281,270,204,196,224,243,198,217]}