{"time":[3.114,3.286,3.439,3.612,3.753,3.92,4.078,4.2540000000000004,4.407,4.547,4.709,4.88,5.037,5.1899999999999995,5.348,5.495,5.649,5.781,5.912999999999999,6.044999999999999,6.190999999999999,6.313999999999999,6.4639999999999995,6.584,6.723999999999999,6.8469999999999995,6.973999999999999,7.1,7.237,7.372,7.503,7.6240000000000006,7.746,7.891,8.011,8.136,8.261,8.409999999999998,8.528999999999998,8.651999999999997,8.771999999999997,8.911999999999997,9.053999999999997,9.173999999999996,9.296999999999995,9.431999999999995,9.550999999999995,9.679999999999994,9.800999999999995,9.929999999999994,10.055999999999994,10.185999999999995,10.321999999999994,10.445999999999994,10.585999999999995,10.712999999999996,10.832999999999995,10.962999999999996,11.093999999999996,11.243999999999996,11.372999999999996,11.503999999999996,11.635999999999996,11.767999999999995,11.903999999999995,12.023999999999994,12.155999999999993,12.282999999999994,12.420999999999994,12.558999999999994,12.692999999999994,12.814999999999994,12.944999999999995],"fps":[6.776379477250726,6.776379477250726,6.776379477250726,6.167400881057269,6.167400881057269,6.167400881057269,6.167400881057269,6.167400881057269,6.167400881057269,6.167400881057269,6.381039197812215,6.381039197812215,6.381039197812215,6.381039197812215,6.381039197812215,6.381039197812215,6.381039197812215,6.529850746268656,6.529850746268656,6.529850746268656,6.529850746268656,6.529850746268656,6.529850746268656,6.529850746268656,6.529850746268656,7.5046904315197,7.5046904315197,7.5046904315197,7.5046904315197,7.5046904315197,7.5046904315197,7.5046904315197,7.5046904315197,7.662835249042145,7.662835249042145,7.662835249042145,7.662835249042145,7.662835249042145,7.662835249042145,7.662835249042145,7.662835249042145,7.835455435847209,7.835455435847209,7.835455435847209,7.835455435847209,7.835455435847209,7.835455435847209,7.835455435847209,7.835455435847209,7.858546168958743,7.858546168958743,7.858546168958743,7.858546168958743,7.858546168958743,7.858546168958743,7.858546168958743,7.858546168958743,7.744433688286544,7.744433688286544,7.744433688286544,7.744433688286544,7.744433688286544,7.744433688286544,7.744433688286544,7.744433688286544,7.540056550424128,7.540056550424128,7.540056550424128,7.540056550424128,7.540056550424128,7.540056550424128,7.540056550424128,7.540056550424128],"raf":[145,172,153,173,141,167,158,176,153,141,161,171,157,153,158,147,154,132,132,132,146,123,150,120,140,123,127,126,137,135,131,122,121,145,120,125,125,150,118,123,120,140,142,120,123,135,119,129,121,129,126,130,136,124,140,127,120,130,131,150,129,131,132,132,136,120,132,127,138,138,134,122,130]}