{"time":[3.0850000000000004,3.2640000000000002,3.4450000000000003,3.604,3.751,3.897,4.045999999999999,4.193999999999999,4.341999999999999,4.508999999999999,4.656999999999998,4.810999999999998,4.962999999999998,5.113999999999998,5.262999999999998,5.417999999999998,5.566999999999998,5.715999999999998,5.866999999999998,6.014999999999998,6.163999999999998,6.312999999999998,6.464999999999998,6.614999999999998,6.766999999999999,6.915999999999999,7.066999999999998,7.215999999999998,7.364999999999998,7.512999999999998,7.667999999999998,7.817999999999999,7.966999999999999,8.120999999999999,8.268999999999998,8.426999999999998,8.574999999999998,8.724999999999998,8.873999999999997,9.021999999999997,9.170999999999996,9.316999999999997,9.466999999999997,9.617999999999997,9.768999999999997,9.916999999999996,10.064999999999996,10.217999999999996,10.367999999999997,10.517999999999997,10.666999999999996,10.814999999999996,10.963999999999995,11.115999999999994,11.264999999999993,11.416999999999993,11.568999999999992,11.719999999999992,11.868999999999991,12.01699999999999,12.166999999999991,12.31899999999999,12.47099999999999,12.61899999999999,12.77799999999999,12.929999999999989],"fps":[5.0675675675675675,5.277044854881266,5.277044854881266,5.277044854881266,5.277044854881266,5.277044854881266,5.277044854881266,5.277044854881266,6.487488415199259,6.487488415199259,6.487488415199259,6.487488415199259,6.487488415199259,6.487488415199259,6.487488415199259,6.511627906976744,6.511627906976744,6.511627906976744,6.511627906976744,6.511627906976744,6.511627906976744,6.511627906976744,6.685768863419293,6.685768863419293,6.685768863419293,6.685768863419293,6.685768863419293,6.685768863419293,6.685768863419293,6.679389312977099,6.679389312977099,6.679389312977099,6.679389312977099,6.679389312977099,6.679389312977099,6.679389312977099,6.5913370998116765,6.5913370998116765,6.5913370998116765,6.5913370998116765,6.5913370998116765,6.5913370998116765,6.5913370998116765,6.7114093959731544,6.7114093959731544,6.7114093959731544,6.7114093959731544,6.7114093959731544,6.7114093959731544,6.7114093959731544,6.67302192564347,6.67302192564347,6.67302192564347,6.67302192564347,6.67302192564347,6.67302192564347,6.67302192564347,6.647673314339981,6.647673314339981,6.647673314339981,6.647673314339981,6.647673314339981,6.647673314339981,6.647673314339981,6.616257088846881,6.616257088846881],"raf":[185,179,181,159,147,146,149,148,148,167,148,154,152,151,149,155,149,150,151,147,149,149,152,150,152,149,151,149,149,148,155,151,148,154,148,158,148,150,149,148,149,146,150,151,151,148,148,153,150,150,149,148,149,152,148,152,152,151,149,148,150,152,152,148,159,152]}