{"time":[3.015,3.1390000000000002,3.2640000000000002,3.4090000000000003,3.5360000000000005,3.6630000000000003,3.7940000000000005,3.9600000000000004,4.1000000000000005,4.238,4.37,4.5520000000000005,4.755000000000001,4.898000000000001,5.034000000000001,5.1690000000000005,5.299,5.430000000000001,5.565,5.689,5.808,5.9239999999999995,6.039,6.1579999999999995,6.276,6.397,6.516,6.632,6.752,6.875,6.997,7.117,7.2379999999999995,7.359999999999999,7.483,7.6049999999999995,7.728999999999999,7.851999999999999,8.003,8.135,8.283,8.437999999999999,8.555,8.683,8.802999999999999,8.940999999999999,9.088999999999999,9.283999999999999,9.470999999999998,9.606999999999998,9.725999999999997,9.852999999999998,9.986999999999998,10.098999999999998,10.209999999999999,10.322999999999999,10.442999999999998,10.565999999999997,10.687999999999997,10.811999999999998,10.931999999999997,11.067999999999996,11.182999999999996,11.303999999999997,11.423999999999996,11.538999999999996,11.665999999999997,11.784999999999997,11.923999999999996,12.037999999999997,12.160999999999996,12.284999999999997,12.404999999999996,12.515999999999996,12.629999999999997,12.750999999999998,12.865999999999998,12.998999999999999],"fps":[7.5046904315197,7.707129094412331,7.707129094412331,7.707129094412331,7.707129094412331,7.707129094412331,7.707129094412331,7.707129094412331,7.707129094412331,7.2727272727272725,7.2727272727272725,7.2727272727272725,7.2727272727272725,7.2727272727272725,7.2727272727272725,7.2727272727272725,6.60377358490566,6.60377358490566,6.60377358490566,6.60377358490566,6.60377358490566,6.60377358490566,6.60377358490566,6.60377358490566,6.60377358490566,8.19672131147541,8.19672131147541,8.19672131147541,8.19672131147541,8.19672131147541,8.19672131147541,8.19672131147541,8.19672131147541,8.19672131147541,8.287292817679559,8.287292817679559,8.287292817679559,8.287292817679559,8.287292817679559,8.287292817679559,8.287292817679559,8.287292817679559,7.462686567164179,7.462686567164179,7.462686567164179,7.462686567164179,7.462686567164179,7.462686567164179,7.462686567164179,6.653992395437262,6.653992395437262,6.653992395437262,6.653992395437262,6.653992395437262,6.653992395437262,6.653992395437262,6.653992395437262,6.653992395437262,8.325624421831638,8.325624421831638,8.325624421831638,8.325624421831638,8.325624421831638,8.325624421831638,8.325624421831638,8.325624421831638,8.325624421831638,8.20419325432999,8.20419325432999,8.20419325432999,8.20419325432999,8.20419325432999,8.20419325432999,8.20419325432999,8.20419325432999,8.20419325432999,8.325624421831638,8.325624421831638],"raf":[132,124,125,145,127,127,131,166,140,139,131,182,203,143,136,135,130,131,135,125,118,116,115,119,118,121,119,116,120,123,122,120,121,122,123,122,124,123,151,132,148,155,117,128,120,138,148,195,187,136,119,127,134,112,111,113,120,123,122,124,120,136,115,121,120,115,127,119,139,114,123,124,120,111,114,121,115,133]}