{"time":[3.2610000000000006,3.4410000000000007,3.5880000000000005,3.7540000000000004,3.9310000000000005,4.125000000000001,4.288000000000001,4.458000000000001,4.607000000000001,4.774000000000001,4.9430000000000005,5.136,5.338,5.493,5.641,5.833,6.013,6.241,6.46,6.702,6.993,7.258,7.53,7.82,8.104000000000001,8.384,8.675,8.958,9.209,9.455,9.745,10.005999999999998,10.274,10.559999999999999,10.786,11.044,11.311,11.605,11.843,12.147,12.442,12.725],"fps":[3.1055900621118013,3.1055900621118013,3.1055900621118013,3.1055900621118013,3.1055900621118013,3.1055900621118013,5.8422590068159685,5.8422590068159685,5.8422590068159685,5.8422590068159685,5.8422590068159685,5.8422590068159685,5.714285714285714,5.714285714285714,5.714285714285714,5.714285714285714,5.714285714285714,5.714285714285714,5.347593582887701,5.347593582887701,5.347593582887701,5.347593582887701,3.7383177570093458,3.7383177570093458,3.7383177570093458,3.7383177570093458,3.493449781659389,3.493449781659389,3.493449781659389,3.493449781659389,3.7383177570093458,3.7383177570093458,3.7383177570093458,3.7383177570093458,3.838771593090211,3.838771593090211,3.838771593090211,3.838771593090211,3.787878787878788,3.787878787878788,3.787878787878788,3.787878787878788],"raf":[336,180,147,166,177,194,163,170,149,167,169,193,202,155,148,192,180,228,219,242,291,265,272,290,284,280,291,283,251,246,290,261,268,286,227,257,267,294,238,304,295,283]}