{"time":[3.2230000000000003,3.934,4.7490000000000006,5.470000000000001,6.168000000000001,6.849000000000001,7.536000000000001,7.985000000000001,8.391000000000002,8.791000000000002,9.222000000000001,9.63,10.265,10.691,11.06,11.47,11.870000000000001,12.231000000000002,12.557000000000002,12.893000000000002],"fps":[1.644736842105263,1.644736842105263,1.3106159895150722,1.3106159895150722,1.409443269908386,1.409443269908386,1.4619883040935673,1.4619883040935673,1.4619883040935673,2.3904382470119523,2.3904382470119523,2.3904382470119523,2.03527815468114,2.03527815468114,2.03527815468114,2.4896265560165975,2.4896265560165975,2.4896265560165975,2.7598896044158234,2.7598896044158234],"raf":[701,711,815,721,698,681,687,450,405,400,431,408,635,426,369,410,400,361,326,336]}