{"time":[3.1109999999999998,3.367,3.63,3.8979999999999997,4.205,4.466,4.732,5.006,5.2620000000000005,5.5200000000000005,5.792000000000001,6.048000000000001,6.308000000000001,6.566000000000001,6.841000000000001,7.117000000000001,7.377000000000001,7.6530000000000005,7.917000000000001,8.199,8.462,8.727,8.987,9.267,9.548,9.814,10.111,10.374,10.629000000000001,10.901000000000002,11.165000000000001,11.451,11.713000000000001,11.983,12.265,12.532,12.799],"fps":[3.629764065335753,3.7209302325581395,3.7209302325581395,3.7209302325581395,3.7209302325581395,3.6396724294813465,3.6396724294813465,3.6396724294813465,3.6396724294813465,3.795066413662239,3.795066413662239,3.795066413662239,3.795066413662239,3.8240917782026767,3.8240917782026767,3.8240917782026767,3.8240917782026767,3.6798528058877644,3.6798528058877644,3.6798528058877644,3.6798528058877644,3.7243947858473,3.7243947858473,3.7243947858473,3.7243947858473,3.6798528058877644,3.6798528058877644,3.6798528058877644,3.6798528058877644,3.6798528058877644,3.6798528058877644,3.6798528058877644,3.6798528058877644,3.6968576709796674,3.6968576709796674,3.6968576709796674,3.6968576709796674],"raf":[267,256,263,268,307,261,266,274,256,258,272,256,260,258,275,276,261,275,264,282,263,265,260,280,281,266,297,263,255,272,264,286,262,270,282,267,267]}