{"time":[3.077,3.305,3.5490000000000004,3.8030000000000004,4.059,4.313000000000001,4.5520000000000005,4.7860000000000005,5.0120000000000005,5.239000000000001,5.472,5.699000000000001,5.925000000000001,6.148000000000001,6.375000000000001,6.603000000000001,6.832000000000001,7.056000000000001,7.277000000000001,7.503000000000001,7.729000000000001,7.950000000000001,8.170000000000002,8.394000000000002,8.615000000000002,8.835000000000003,9.056000000000003,9.285000000000002,9.528000000000002,9.827000000000002,10.107000000000001,10.361,10.605,10.838000000000001,11.07,11.297,11.535,11.763,11.988,12.221,12.451,12.678,12.905000000000001],"fps":[4.11522633744856,4.11522633744856,4.11522633744856,4.1017227235438884,4.1017227235438884,4.1017227235438884,4.1017227235438884,4.1017227235438884,4.1356492969396195,4.1356492969396195,4.1356492969396195,4.1356492969396195,4.1356492969396195,4.401408450704225,4.401408450704225,4.401408450704225,4.401408450704225,4.401408450704225,4.428697962798937,4.428697962798937,4.428697962798937,4.428697962798937,4.428697962798937,4.476275738585497,4.476275738585497,4.476275738585497,4.476275738585497,4.476275738585497,4.409171075837743,4.409171075837743,4.409171075837743,4.409171075837743,3.714020427112349,3.714020427112349,3.714020427112349,3.714020427112349,3.714020427112349,4.317789291882556,4.317789291882556,4.317789291882556,4.317789291882556,4.317789291882556,4.378283712784588],"raf":[232,228,244,254,256,254,239,234,226,227,233,227,226,223,228,227,229,225,220,227,225,221,220,224,221,220,221,229,243,299,280,254,244,233,232,227,238,228,225,233,230,227,227]}