{"time":[3.1880000000000006,3.4070000000000005,3.6100000000000003,3.8340000000000005,4.074000000000001,4.284000000000001,4.488,4.75,4.972,5.2,5.423,5.676,5.961,6.21,6.449,6.652,6.884,7.12,7.319,7.513,7.7379999999999995,7.911,8.110999999999999,8.302,8.517,8.722999999999999,8.934999999999999,9.194999999999999,9.419999999999998,9.635999999999997,9.851999999999997,10.109999999999996,10.365999999999996,10.649999999999997,10.916999999999996,11.148999999999996,11.360999999999995,11.585999999999995,11.816999999999995,12.043999999999995,12.245999999999995,12.497999999999996,12.730999999999996,12.953999999999997],"fps":[4.638218923933209,4.638218923933209,4.378283712784588,4.378283712784588,4.378283712784588,4.378283712784588,4.378283712784588,4.385964912280702,4.385964912280702,4.385964912280702,4.385964912280702,4.385964912280702,4.1288191577208915,4.1288191577208915,4.1288191577208915,4.1288191577208915,4.1288191577208915,4.3140638481449525,4.3140638481449525,4.3140638481449525,4.3140638481449525,4.3140638481449525,4.3140638481449525,5.0761421319796955,5.0761421319796955,5.0761421319796955,5.0761421319796955,5.0761421319796955,4.47227191413238,4.47227191413238,4.47227191413238,4.47227191413238,4.47227191413238,4.065040650406504,4.065040650406504,4.065040650406504,4.065040650406504,4.065040650406504,4.284490145672665,4.284490145672665,4.284490145672665,4.284490145672665,4.284490145672665,4.397537379067722],"raf":[245,219,203,224,240,210,204,262,223,228,222,253,285,249,239,203,232,236,199,194,225,173,200,191,215,206,212,260,225,216,217,257,257,283,267,232,212,225,231,227,202,252,233,223]}