{"time":[3.0839999999999996,3.1759999999999997,3.271,3.343,3.425,3.505,3.582,3.6719999999999997,3.7409999999999997,3.8389999999999995,3.9309999999999996,3.9979999999999998,4.077,4.146,4.221,4.301,4.393,4.468,4.556,4.625,4.712,4.773,4.87,4.952,5.031,5.13,5.199,5.294,5.382,5.473999999999999,5.561999999999999,5.645,5.7299999999999995,5.805999999999999,5.896999999999999,5.991999999999999,6.082999999999999,6.158999999999999,6.259999999999999,6.352999999999999,6.449999999999999,6.541999999999999,6.625999999999999,6.736999999999998,6.809999999999999,6.903999999999999,7.0009999999999994,7.071999999999999,7.164999999999999,7.2509999999999994,7.332,7.418,7.506,7.591,7.680000000000001,7.765000000000001,7.851000000000001,7.941000000000001,8.035,8.127,8.202,8.289,8.376,8.459999999999999,8.549,8.634,8.712,8.802999999999999,8.898,8.98,9.067,9.163,9.247,9.34,9.44,9.511,9.601999999999999,9.684,9.761,9.846,9.922,10.009,10.102,10.195,10.285,10.381,10.467,10.551,10.645,10.746,10.841000000000001,10.926000000000002,11.006000000000002,11.108000000000002,11.190000000000003,11.290000000000003,11.369000000000003,11.450000000000003,11.533000000000003,11.610000000000003,11.680000000000003,11.768000000000002,11.858000000000002,11.951000000000002,12.040000000000003,12.125000000000004,12.196000000000003,12.279000000000003,12.373000000000003,12.446000000000003,12.523000000000003,12.628000000000004,12.707000000000004,12.777000000000005,12.859000000000005,12.940000000000005],"fps":[9.881422924901186,9.881422924901186,9.881422924901186,9.881422924901186,9.363295880149813,9.363295880149813,9.363295880149813,9.363295880149813,9.363295880149813,9.363295880149813,9.363295880149813,9.363295880149813,9.363295880149813,9.363295880149813,9.363295880149813,9.363295880149813,9.363295880149813,12.464046021093,12.464046021093,12.464046021093,12.464046021093,12.464046021093,12.464046021093,12.464046021093,12.464046021093,12.464046021093,12.464046021093,12.464046021093,12.464046021093,11.916583912611719,11.916583912611719,11.916583912611719,11.916583912611719,11.916583912611719,11.916583912611719,11.916583912611719,11.916583912611719,11.916583912611719,11.916583912611719,11.916583912611719,11.916583912611719,11.246485473289598,11.246485473289598,11.246485473289598,11.246485473289598,11.246485473289598,11.246485473289598,11.246485473289598,11.246485473289598,11.246485473289598,11.246485473289598,11.246485473289598,11.246485473289598,11.43946615824595,11.43946615824595,11.43946615824595,11.43946615824595,11.43946615824595,11.43946615824595,11.43946615824595,11.43946615824595,11.43946615824595,11.43946615824595,11.43946615824595,11.43946615824595,11.505273250239693,11.505273250239693,11.505273250239693,11.505273250239693,11.505273250239693,11.505273250239693,11.505273250239693,11.505273250239693,11.505273250239693,11.505273250239693,11.505273250239693,11.505273250239693,11.428571428571429,11.428571428571429,11.428571428571429,11.428571428571429,11.428571428571429,11.428571428571429,11.428571428571429,11.428571428571429,11.428571428571429,11.428571428571429,11.428571428571429,11.428571428571429,11.299435028248588,11.299435028248588,11.299435028248588,11.299435028248588,11.299435028248588,11.299435028248588,11.299435028248588,11.299435028248588,11.299435028248588,11.299435028248588,11.299435028248588,11.299435028248588,11.741682974559687,11.741682974559687,11.741682974559687,11.741682974559687,11.741682974559687,11.741682974559687,11.741682974559687,11.741682974559687,11.741682974559687,11.741682974559687,11.741682974559687,11.741682974559687,11.892963330029733,11.892963330029733,11.892963330029733],"raf":[106,92,95,72,82,80,77,90,69,98,92,67,79,70,75,80,91,75,88,69,87,61,97,82,79,99,69,95,88,93,87,83,85,76,91,95,91,77,100,93,97,92,84,111,73,94,97,71,93,87,80,86,88,85,89,85,86,90,94,92,75,87,87,84,89,85,78,91,95,82,87,96,84,93,100,71,91,82,77,85,76,87,93,93,90,96,86,84,94,101,95,85,80,102,82,101,78,81,83,77,70,88,90,93,89,85,70,83,95,71,77,105,79,70,82,81]}