{"time":[3.027,3.2470000000000003,3.4670000000000005,3.6860000000000004,3.9010000000000002,4.118,4.346,4.572,4.806,5.025,5.246,5.464,5.680000000000001,5.896000000000001,6.109000000000001,6.330000000000001,6.549000000000001,6.7650000000000015,6.990000000000001,7.2200000000000015,7.435000000000001,7.651000000000002,7.871000000000001,8.093000000000002,8.312000000000001,8.528,8.744,8.963,9.181999999999999,9.394999999999998,9.612999999999998,9.827999999999998,10.043999999999997,10.260999999999997,10.483999999999998,10.702999999999998,10.922999999999998,11.142999999999999,11.360999999999999,11.578,11.796999999999999,12.014,12.228,12.447,12.664,12.879],"fps":[4.095004095004095,4.095004095004095,4.405286343612334,4.405286343612334,4.405286343612334,4.405286343612334,4.405286343612334,4.524886877828054,4.524886877828054,4.524886877828054,4.524886877828054,4.524886877828054,4.512635379061372,4.512635379061372,4.512635379061372,4.512635379061372,4.512635379061372,4.608294930875576,4.608294930875576,4.608294930875576,4.608294930875576,4.608294930875576,4.520795660036167,4.520795660036167,4.520795660036167,4.520795660036167,4.520795660036167,4.5787545787545785,4.5787545787545785,4.5787545787545785,4.5787545787545785,4.5787545787545785,4.621072088724584,4.621072088724584,4.621072088724584,4.621072088724584,4.621072088724584,4.553734061930784,4.553734061930784,4.553734061930784,4.553734061930784,4.553734061930784,4.608294930875576,4.608294930875576,4.608294930875576,4.608294930875576],"raf":[223,220,220,219,215,217,228,226,234,219,221,218,216,216,213,221,219,216,225,230,215,216,220,222,219,216,216,219,219,213,218,215,217,216,223,219,221,219,218,217,219,217,214,219,217,215]}