{"time":[3.0449999999999995,3.1059999999999994,3.1709999999999994,3.2279999999999993,3.289999999999999,3.345999999999999,3.407999999999999,3.464999999999999,3.527999999999999,3.585999999999999,3.650999999999999,3.710999999999999,3.770999999999999,3.825999999999999,3.8849999999999993,3.9439999999999995,4.004,4.066999999999999,4.124,4.181,4.24,4.296,4.357,4.415,4.48,4.541,4.602,4.662,4.724,4.781000000000001,4.841,4.898000000000001,4.957000000000001,5.019000000000001,5.079000000000001,5.1370000000000005,5.195,5.253,5.312,5.369000000000001,5.430000000000001,5.489000000000001,5.548000000000001,5.6080000000000005,5.670000000000001,5.743000000000001,5.806000000000001,5.8740000000000006,5.936000000000001,6.006000000000001,6.0710000000000015,6.1400000000000015,6.2120000000000015,6.285000000000002,6.359000000000002,6.4300000000000015,6.503000000000002,6.568000000000002,6.645000000000002,6.728000000000002,6.805000000000002,6.878000000000003,6.948000000000003,7.020000000000003,7.094000000000003,7.161000000000003,7.231000000000003,7.3030000000000035,7.384000000000004,7.448000000000004,7.521000000000004,7.592000000000004,7.658000000000004,7.738000000000004,7.809000000000004,7.8800000000000034,7.948000000000003,8.019000000000004,8.083000000000004,8.152000000000005,8.227000000000004,8.310000000000004,8.371000000000004,8.452000000000004,8.523000000000003,8.584000000000003,8.663000000000004,8.728000000000003,8.786000000000003,8.855000000000004,8.923000000000004,8.992000000000004,9.056000000000004,9.133000000000004,9.213000000000005,9.292000000000005,9.356000000000005,9.420000000000005,9.494000000000005,9.556000000000004,9.636000000000005,9.717000000000004,9.789000000000003,9.854000000000003,9.919000000000002,9.986000000000002,10.051000000000002,10.116000000000001,10.195000000000002,10.279000000000002,10.347000000000001,10.410000000000002,10.468000000000002,10.531000000000002,10.590000000000002,10.655000000000001,10.714,10.773,10.83,10.888,10.945,11.003,11.059,11.116,11.174999999999999,11.232,11.292,11.356,11.416,11.47,11.529,11.586,11.645,11.700999999999999,11.761999999999999,11.817999999999998,11.877999999999998,11.935999999999998,11.994999999999997,12.053999999999997,12.115999999999996,12.176999999999996,12.237999999999996,12.295999999999996,12.358999999999996,12.417999999999996,12.479999999999995,12.534999999999995,12.597999999999995,12.653999999999995,12.712999999999994,12.775999999999994,12.832999999999995,12.887999999999995,12.946999999999994],"fps":[16.314779270633398,16.314779270633398,16.314779270633398,16.314779270633398,16.314779270633398,16.314779270633398,16.314779270633398,16.314779270633398,16.314779270633398,16.314779270633398,16.314779270633398,16.314779270633398,16.314779270633398,16.65034280117532,16.65034280117532,16.65034280117532,16.65034280117532,16.65034280117532,16.65034280117532,16.65034280117532,16.65034280117532,16.65034280117532,16.65034280117532,16.65034280117532,16.65034280117532,16.65034280117532,16.65034280117532,16.65034280117532,16.65034280117532,16.65034280117532,16.748768472906406,16.748768472906406,16.748768472906406,16.748768472906406,16.748768472906406,16.748768472906406,16.748768472906406,16.748768472906406,16.748768472906406,16.748768472906406,16.748768472906406,16.748768472906406,16.748768472906406,16.748768472906406,16.748768472906406,16.748768472906406,16.748768472906406,16.456921587608907,16.456921587608907,16.456921587608907,16.456921587608907,16.456921587608907,16.456921587608907,16.456921587608907,16.456921587608907,16.456921587608907,16.456921587608907,16.456921587608907,16.456921587608907,16.456921587608907,16.456921587608907,13.944223107569721,13.944223107569721,13.944223107569721,13.944223107569721,13.944223107569721,13.944223107569721,13.944223107569721,13.944223107569721,13.944223107569721,13.944223107569721,13.944223107569721,13.944223107569721,13.944223107569721,13.944223107569721,13.972055888223553,13.972055888223553,13.972055888223553,13.972055888223553,13.972055888223553,13.972055888223553,13.972055888223553,13.972055888223553,13.972055888223553,13.972055888223553,13.972055888223553,13.972055888223553,13.972055888223553,13.972055888223553,13.972055888223553,14.381591562799617,14.381591562799617,14.381591562799617,14.381591562799617,14.381591562799617,14.381591562799617,14.381591562799617,14.381591562799617,14.381591562799617,14.381591562799617,14.381591562799617,14.381591562799617,14.381591562799617,14.381591562799617,14.381591562799617,14.111006585136407,14.111006585136407,14.111006585136407,14.111006585136407,14.111006585136407,14.111006585136407,14.111006585136407,14.111006585136407,14.111006585136407,14.111006585136407,14.111006585136407,14.111006585136407,14.111006585136407,14.111006585136407,14.111006585136407,14.111006585136407,15.732546705998033,15.732546705998033,15.732546705998033,15.732546705998033,15.732546705998033,15.732546705998033,15.732546705998033,15.732546705998033,15.732546705998033,15.732546705998033,15.732546705998033,15.732546705998033,15.732546705998033,15.732546705998033,15.732546705998033,15.732546705998033,15.732546705998033,15.732546705998033,17.12654614652712,17.12654614652712,17.12654614652712,17.12654614652712,17.12654614652712,17.12654614652712,17.12654614652712,17.12654614652712,17.12654614652712,17.12654614652712,17.12654614652712,17.12654614652712,17.12654614652712,17.12654614652712,17.12654614652712,17.12654614652712],"raf":[63,61,65,57,62,56,62,57,63,58,65,60,60,55,59,59,60,63,57,57,59,56,61,58,65,61,61,60,62,57,60,57,59,62,60,58,58,58,59,57,61,59,59,60,62,73,63,68,62,70,65,69,72,73,74,71,73,65,77,83,77,73,70,72,74,67,70,72,81,64,73,71,66,80,71,71,68,71,64,69,75,83,61,81,71,61,79,65,58,69,68,69,64,77,80,79,64,64,74,62,80,81,72,65,65,67,65,65,79,84,68,63,58,63,59,65,59,59,57,58,57,58,56,57,59,57,60,64,60,54,59,57,59,56,61,56,60,58,59,59,62,61,61,58,63,59,62,56,62,56,59,63,57,55,59]}