{"time":[3.024,3.232,3.447,3.645,3.8,3.988,4.173,4.345,4.552,4.734999999999999,4.935,5.116,5.412,5.6209999999999996,5.821,6.013,6.204,6.38,6.5569999999999995,6.736,6.938,7.170999999999999,7.380999999999999,7.603,7.81,8.03,8.248999999999999,8.469,8.696,8.902,9.130999999999998,9.322999999999999,9.527,9.732,9.949,10.184,10.514,10.709,10.927999999999999,11.145999999999999,11.344,11.549,11.801,11.992,12.177000000000001,12.417000000000002,12.659000000000002,12.858000000000002],"fps":[4.191114836546522,4.191114836546522,4.191114836546522,4.191114836546522,4.191114836546522,4.191114836546522,5.2264808362369335,5.2264808362369335,5.2264808362369335,5.2264808362369335,5.2264808362369335,5.2264808362369335,4.842615012106537,4.842615012106537,4.842615012106537,4.842615012106537,4.842615012106537,4.842615012106537,5.240174672489083,5.240174672489083,5.240174672489083,5.240174672489083,5.240174672489083,4.780114722753346,4.780114722753346,4.780114722753346,4.780114722753346,4.780114722753346,4.574565416285453,4.574565416285453,4.574565416285453,4.574565416285453,4.574565416285453,4.821600771456123,4.821600771456123,4.821600771456123,4.821600771456123,4.821600771456123,4.184100418410042,4.184100418410042,4.184100418410042,4.184100418410042,4.184100418410042,4.6992481203007515,4.6992481203007515,4.6992481203007515,4.6992481203007515,4.6992481203007515],"raf":[244,207,215,198,155,188,185,172,207,183,200,181,296,209,200,192,191,176,177,179,202,233,210,222,207,220,219,220,227,206,230,191,204,206,216,235,334,191,219,218,198,205,252,191,185,240,242,199]}