{"time":[4.492,5.555,6.571,7.590999999999999,8.591,9.62,10.642,11.693,12.754999999999999],"fps":[0.7054673721340388,0.9398496240601504,0.9852216748768473,0.9803921568627451,0.999000999000999,0.9727626459143969,0.9784735812133072,0.9514747859181731,0.9416195856873822],"raf":[2713,1063,1016,1020,1001,1028,1022,1051,1062]}