{"time":[3.1180000000000003,3.2300000000000004,3.3340000000000005,3.5560000000000005,3.8000000000000007,3.9380000000000006,4.071000000000001,4.200000000000001,4.295000000000001,4.408000000000001,4.525000000000001,4.620000000000001,4.709000000000001,4.834000000000001,4.967000000000001,5.0790000000000015,5.181000000000002,5.267000000000002,5.360000000000002,5.456000000000002,5.545000000000003,5.642000000000003,5.757000000000003,5.873000000000003,5.978000000000003,6.076000000000003,6.156000000000003,6.283000000000003,6.392000000000003,6.499000000000003,6.607000000000003,6.702000000000003,6.814000000000003,6.922000000000002,7.051000000000002,7.164000000000002,7.286000000000002,7.397000000000002,7.5180000000000025,7.640000000000002,7.756000000000002,7.876000000000002,7.955000000000002,8.036000000000001,8.115000000000002,8.197000000000003,8.266000000000004,8.350000000000003,8.437000000000003,8.513000000000003,8.586000000000004,8.654000000000003,8.738000000000003,8.825000000000003,8.915000000000003,9.009000000000002,9.092000000000002,9.189000000000002,9.270000000000001,9.349000000000002,9.424000000000001,9.492,9.574000000000002,9.663000000000002,9.775000000000002,9.867000000000003,9.950000000000003,10.031000000000002,10.101000000000003,10.177000000000003,10.260000000000003,10.331000000000003,10.409000000000002,10.493000000000002,10.562000000000003,10.634000000000002,10.704000000000002,10.777000000000003,10.845000000000002,10.929000000000002,10.999000000000002,11.069000000000003,11.161000000000003,11.261000000000003,11.338000000000003,11.418000000000003,11.486000000000002,11.564000000000002,11.632000000000001,11.716000000000001,11.794,11.878,11.964,12.036,12.106,12.193,12.264999999999999,12.364999999999998,12.447,12.518999999999998,12.597999999999999,12.671999999999999,12.748999999999999,12.818999999999999,12.902999999999999,12.969],"fps":[8.78048780487805,8.78048780487805,8.78048780487805,6.903353057199211,6.903353057199211,6.903353057199211,6.903353057199211,6.903353057199211,6.903353057199211,6.903353057199211,6.903353057199211,7.518796992481203,7.518796992481203,7.518796992481203,7.518796992481203,7.518796992481203,7.518796992481203,7.518796992481203,7.518796992481203,7.518796992481203,7.518796992481203,9.784735812133073,9.784735812133073,9.784735812133073,9.784735812133073,9.784735812133073,9.784735812133073,9.784735812133073,9.784735812133073,9.784735812133073,9.784735812133073,9.433962264150944,9.433962264150944,9.433962264150944,9.433962264150944,9.433962264150944,9.433962264150944,9.433962264150944,9.433962264150944,9.433962264150944,8.538899430740038,8.538899430740038,8.538899430740038,8.538899430740038,8.538899430740038,8.538899430740038,8.538899430740038,8.538899430740038,8.538899430740038,8.538899430740038,8.538899430740038,8.538899430740038,8.538899430740038,12.160898035547241,12.160898035547241,12.160898035547241,12.160898035547241,12.160898035547241,12.160898035547241,12.160898035547241,12.160898035547241,12.160898035547241,12.160898035547241,12.160898035547241,12.160898035547241,11.516314779270633,11.516314779270633,11.516314779270633,11.516314779270633,11.516314779270633,11.516314779270633,11.516314779270633,11.516314779270633,11.516314779270633,11.516314779270633,11.516314779270633,11.516314779270633,11.516314779270633,11.516314779270633,13.182674199623353,13.182674199623353,13.182674199623353,13.182674199623353,13.182674199623353,13.182674199623353,13.182674199623353,13.182674199623353,13.182674199623353,13.182674199623353,13.182674199623353,13.182674199623353,13.182674199623353,12.560386473429952,12.560386473429952,12.560386473429952,12.560386473429952,12.560386473429952,12.560386473429952,12.560386473429952,12.560386473429952,12.560386473429952,12.560386473429952,12.560386473429952,12.560386473429952,12.560386473429952,12.935323383084578],"raf":[131,112,104,222,244,138,133,129,95,113,117,95,89,125,133,112,102,86,93,96,89,97,115,116,106,97,80,127,109,107,108,95,113,107,129,113,122,111,121,122,116,120,79,81,79,82,69,84,87,76,73,68,84,87,90,94,83,97,81,79,75,68,82,89,112,92,83,82,69,76,83,71,78,84,69,72,70,73,68,84,70,71,92,99,77,80,68,78,68,84,78,84,86,72,70,87,72,100,82,72,79,74,77,70,84,66]}