{"time":[3.184,3.431,3.678,3.924,4.192,4.431,4.684,4.929,5.19,5.457000000000001,5.735000000000001,5.9780000000000015,6.238000000000001,6.5790000000000015,6.931000000000002,7.251000000000002,7.493000000000002,7.724000000000002,7.968000000000002,8.218000000000002,8.481000000000002,8.759000000000002,9.031000000000002,9.288000000000002,9.541000000000002,9.784000000000002,10.031000000000002,10.280000000000003,10.521000000000003,10.769000000000002,11.017000000000001,11.260000000000002,11.498000000000001,11.750000000000002,11.994000000000002,12.227000000000002,12.462000000000002,12.702000000000002,12.945000000000002],"fps":[3.827751196172249,3.8095238095238093,3.8095238095238093,3.8095238095238093,3.8095238095238093,3.8095238095238093,3.9904229848363926,3.9904229848363926,3.9904229848363926,3.9904229848363926,3.8058991436726926,3.8058991436726926,3.8058991436726926,3.8058991436726926,3.3444816053511706,3.3444816053511706,3.3444816053511706,3.3444816053511706,3.8572806171648986,3.8572806171648986,3.8572806171648986,3.8572806171648986,3.762935089369708,3.762935089369708,3.762935089369708,3.762935089369708,3.762935089369708,4.00320256204964,4.00320256204964,4.00320256204964,4.00320256204964,4.00320256204964,4.105090311986864,4.105090311986864,4.105090311986864,4.105090311986864,4.105090311986864,4.152823920265781,4.152823920265781],"raf":[243,247,247,246,268,239,253,245,261,267,278,243,260,341,352,320,242,231,244,250,263,278,272,257,253,243,247,249,241,248,248,243,238,252,244,233,235,240,243]}