{"time":[3.052,3.141,3.224,3.3120000000000003,3.4200000000000004,3.5030000000000006,3.5950000000000006,3.7050000000000005,3.7890000000000006,3.8640000000000008,3.9490000000000007,4.021000000000001,4.087000000000001,4.168000000000001,4.258000000000001,4.341000000000001,4.421000000000001,4.509000000000001,4.591000000000001,4.677000000000001,4.759000000000001,4.839000000000001,4.929000000000001,5.0230000000000015,5.131000000000001,5.226000000000001,5.320000000000001,5.400000000000001,5.501000000000001,5.580000000000001,5.657000000000001,5.728000000000001,5.8100000000000005,5.885000000000001,5.979000000000001,6.058000000000001,6.151000000000001,6.251,6.340000000000001,6.428000000000001,6.510000000000001,6.597,6.682,6.766,6.858,6.933,7.007,7.076,7.14,7.209,7.292,7.374,7.465999999999999,7.552,7.643,7.729,7.812,7.894,7.977,8.062000000000001,8.154000000000002,8.227000000000002,8.316000000000003,8.401000000000003,8.482000000000003,8.565000000000003,8.651000000000003,8.746000000000004,8.848000000000004,8.948000000000004,9.044000000000004,9.160000000000004,9.257000000000003,9.323000000000004,9.423000000000004,9.546000000000003,9.687000000000003,9.801000000000004,9.886000000000005,9.968000000000005,10.083000000000006,10.193000000000005,10.310000000000006,10.421000000000006,10.585000000000006,10.748000000000006,10.915000000000006,11.083000000000006,11.223000000000006,11.363000000000007,11.495000000000006,11.576000000000006,11.665000000000006,11.771000000000006,11.851000000000006,11.973000000000006,12.100000000000007,12.215000000000007,12.330000000000007,12.442000000000007,12.555000000000007,12.662000000000006,12.799000000000007,12.953000000000007],"fps":[10.794896957801766,10.794896957801766,10.794896957801766,11.278195488721805,11.278195488721805,11.278195488721805,11.278195488721805,11.278195488721805,11.278195488721805,11.278195488721805,11.278195488721805,11.278195488721805,11.278195488721805,11.278195488721805,11.278195488721805,11.661807580174926,11.661807580174926,11.661807580174926,11.661807580174926,11.661807580174926,11.661807580174926,11.661807580174926,11.661807580174926,11.661807580174926,11.661807580174926,11.661807580174926,11.661807580174926,11.331444759206798,11.331444759206798,11.331444759206798,11.331444759206798,11.331444759206798,11.331444759206798,11.331444759206798,11.331444759206798,11.331444759206798,11.331444759206798,11.331444759206798,11.331444759206798,11.673151750972762,11.673151750972762,11.673151750972762,11.673151750972762,11.673151750972762,11.673151750972762,11.673151750972762,11.673151750972762,11.673151750972762,11.673151750972762,11.673151750972762,11.673151750972762,11.673151750972762,12.524084778420038,12.524084778420038,12.524084778420038,12.524084778420038,12.524084778420038,12.524084778420038,12.524084778420038,12.524084778420038,12.524084778420038,12.524084778420038,12.524084778420038,12.524084778420038,11.811023622047244,11.811023622047244,11.811023622047244,11.811023622047244,11.811023622047244,11.811023622047244,11.811023622047244,11.811023622047244,11.811023622047244,11.811023622047244,11.811023622047244,10.338345864661655,10.338345864661655,10.338345864661655,10.338345864661655,10.338345864661655,10.338345864661655,10.338345864661655,10.338345864661655,10.338345864661655,8.662175168431183,8.662175168431183,8.662175168431183,8.662175168431183,8.662175168431183,8.662175168431183,8.662175168431183,8.662175168431183,7.407407407407407,7.407407407407407,7.407407407407407,7.407407407407407,7.407407407407407,7.407407407407407,7.407407407407407,7.407407407407407,7.407407407407407,7.407407407407407,8.818342151675486,8.818342151675486],"raf":[76,89,83,88,108,84,91,110,84,75,85,72,66,81,90,83,80,88,82,86,82,80,90,94,108,95,94,80,101,79,77,71,82,75,94,79,93,100,89,88,82,87,85,84,92,75,74,69,64,69,83,82,92,86,91,86,83,82,83,85,92,73,89,85,81,83,86,95,102,100,96,116,97,66,100,123,141,114,85,82,115,110,117,111,164,163,167,168,140,140,132,81,89,106,80,122,127,115,115,112,113,107,137,154]}