{"time":[3.1310000000000002,3.2720000000000002,3.462,3.6830000000000003,3.853,4.006,4.167,4.324,4.476999999999999,4.651,4.814,4.977,5.1240000000000006,5.273000000000001,5.401000000000001,5.526000000000001,5.675000000000001,5.82,5.963,6.089,6.219,6.346,6.492,6.622,6.757,6.885,7.031,7.185,7.311999999999999,7.4319999999999995,7.5649999999999995,7.696,7.8309999999999995,7.973999999999999,8.116,8.26,8.39,8.524000000000001,8.651000000000002,8.780000000000001,8.912,9.038,9.175,9.303,9.424000000000001,9.561000000000002,9.691000000000003,9.839000000000002,9.970000000000002,10.096000000000002,10.237000000000002,10.362000000000002,10.480000000000002,10.604000000000003,10.743000000000002,10.874000000000002,11.019000000000002,11.150000000000002,11.275000000000002,11.396000000000003,11.517000000000003,11.636000000000003,11.768000000000002,11.911000000000003,12.040000000000003,12.201000000000002,12.328000000000003,12.480000000000002,12.616000000000001,12.738000000000001,12.873000000000001],"fps":[5.911330049261084,5.911330049261084,6.071118820468343,6.071118820468343,6.071118820468343,6.071118820468343,6.071118820468343,6.071118820468343,5.911330049261084,5.911330049261084,5.911330049261084,5.911330049261084,5.911330049261084,5.911330049261084,5.911330049261084,6.67302192564347,6.67302192564347,6.67302192564347,6.67302192564347,6.67302192564347,6.67302192564347,6.67302192564347,6.67302192564347,7.299270072992701,7.299270072992701,7.299270072992701,7.299270072992701,7.299270072992701,7.299270072992701,7.299270072992701,7.299270072992701,7.4487895716946,7.4487895716946,7.4487895716946,7.4487895716946,7.4487895716946,7.4487895716946,7.4487895716946,7.4487895716946,7.380073800738008,7.380073800738008,7.380073800738008,7.380073800738008,7.380073800738008,7.380073800738008,7.380073800738008,7.380073800738008,7.554296506137866,7.554296506137866,7.554296506137866,7.554296506137866,7.554296506137866,7.554296506137866,7.554296506137866,7.554296506137866,7.729468599033816,7.729468599033816,7.729468599033816,7.729468599033816,7.729468599033816,7.729468599033816,7.729468599033816,7.729468599033816,7.714561234329797,7.714561234329797,7.714561234329797,7.714561234329797,7.714561234329797,7.714561234329797,7.714561234329797,7.714561234329797],"raf":[173,141,190,221,170,153,161,157,153,174,163,163,147,149,128,125,149,145,143,126,130,127,146,130,135,128,147,153,127,120,133,131,135,143,142,144,130,134,127,129,132,126,137,128,122,136,130,148,131,126,141,125,118,125,138,131,145,131,125,121,121,119,132,143,129,161,127,152,136,122,135]}