{"time":[3.4389999999999996,4.018999999999999,4.437999999999999,4.915999999999999,5.471999999999999,5.970999999999998,6.510999999999998,6.990999999999998,7.498999999999998,7.9979999999999976,8.504999999999997,9.010999999999997,9.456999999999997,9.912999999999997,10.370999999999997,10.815999999999997,11.294999999999996,11.738999999999997,12.151999999999997,12.605999999999998],"fps":[1.8181818181818181,1.8181818181818181,1.8181818181818181,2.031144211238998,2.031144211238998,1.8957345971563981,1.8957345971563981,1.9588638589618022,1.9588638589618022,1.9880715705765408,1.9880715705765408,1.9743336623889438,1.9743336623889438,1.9743336623889438,2.2058823529411766,2.2058823529411766,2.2058823529411766,2.192982456140351,2.192982456140351,2.192982456140351],"raf":[578,580,419,478,556,499,540,481,507,499,507,506,446,456,458,445,479,444,413,454]}