{"time":[3.0020000000000002,3.1900000000000004,3.3770000000000002,3.567,3.753,3.9490000000000003,4.13,4.3229999999999995,4.505999999999999,4.688999999999999,4.879999999999999,5.099999999999999,5.338999999999999,5.607999999999999,5.8889999999999985,6.103999999999998,6.314999999999999,6.5139999999999985,6.704999999999998,6.903999999999998,7.091999999999998,7.311999999999998,7.5029999999999974,7.695999999999997,7.883999999999997,8.069999999999997,8.268999999999997,8.459999999999997,8.655999999999997,8.849999999999998,9.038999999999998,9.232999999999999,9.421,9.633999999999999,9.893999999999998,10.105999999999998,10.304999999999998,10.503999999999998,10.722999999999997,10.943999999999997,11.136999999999997,11.325999999999997,11.531999999999996,11.720999999999997,11.919999999999996,12.109999999999996,12.308999999999996,12.517999999999995,12.735999999999995,12.934999999999995],"fps":[4.775549188156638,4.975124378109452,4.975124378109452,4.975124378109452,4.975124378109452,4.975124378109452,4.975124378109452,5.29567519858782,5.29567519858782,5.29567519858782,5.29567519858782,5.29567519858782,4.921259842519685,4.921259842519685,4.921259842519685,4.921259842519685,4.921259842519685,4.25531914893617,4.25531914893617,4.25531914893617,4.25531914893617,4.25531914893617,4.25531914893617,5.0761421319796955,5.0761421319796955,5.0761421319796955,5.0761421319796955,5.0761421319796955,5.0761421319796955,5.1993067590987865,5.1993067590987865,5.1993067590987865,5.1993067590987865,5.1993067590987865,4.789272030651341,4.789272030651341,4.789272030651341,4.789272030651341,4.789272030651341,4.761904761904762,4.761904761904762,4.761904761904762,4.761904761904762,4.761904761904762,4.761904761904762,5.145797598627787,5.145797598627787,5.145797598627787,5.145797598627787,5.145797598627787],"raf":[193,188,187,190,186,196,181,193,183,183,191,220,239,269,281,215,211,199,191,199,188,220,191,193,188,186,199,191,196,194,189,194,188,213,260,212,199,199,219,221,193,189,206,189,199,190,199,209,218,199]}