{"time":[3.285,4.205,5.03,5.908,6.854,7.816,8.762,9.631,10.501,11.282,12.114,12.942],"fps":[1.091703056768559,1.091703056768559,1.146131805157593,1.146131805157593,1.095890410958904,1.095890410958904,1.048767697954903,1.048767697954903,1.1500862564692351,1.1500862564692351,1.2399256044637321,1.2399256044637321],"raf":[2092,921,824,878,947,961,946,870,869,781,832,828]}