{"time":[3.0230000000000006,3.0940000000000007,3.165000000000001,3.236000000000001,3.309000000000001,3.378000000000001,3.449000000000001,3.519000000000001,3.588000000000001,3.656000000000001,3.724000000000001,3.792000000000001,3.861000000000001,3.929000000000001,3.997000000000001,4.066000000000002,4.135000000000002,4.203000000000001,4.270000000000001,4.339000000000001,4.405000000000001,4.473000000000001,4.542000000000001,4.61,4.678,4.747,4.8149999999999995,4.8839999999999995,4.949999999999999,5.015,5.084,5.151999999999999,5.2219999999999995,5.295,5.366,5.433999999999999,5.504,5.577,5.651,5.726,5.8,5.874,5.951,6.021999999999999,6.095999999999999,6.164999999999999,6.234999999999999,6.305,6.374,6.441999999999999,6.5089999999999995,6.577999999999999,6.648999999999999,6.731999999999999,6.7989999999999995,6.866999999999999,6.933999999999999,7.0009999999999994,7.066999999999999,7.135999999999999,7.203999999999999,7.2719999999999985,7.339999999999998,7.410999999999998,7.490999999999998,7.565999999999998,7.648999999999998,7.731999999999998,7.799999999999998,7.877999999999998,7.946999999999998,8.016999999999998,8.095999999999998,8.163999999999998,8.231999999999998,8.314999999999998,8.381999999999998,8.460999999999999,8.528999999999998,8.607999999999999,8.681,8.748999999999999,8.836999999999998,8.914999999999997,8.982999999999997,9.089999999999996,9.196999999999996,9.270999999999995,9.339999999999996,9.409999999999997,9.476999999999997,9.544999999999996,9.612999999999996,9.678999999999997,9.744999999999997,9.810999999999998,9.877999999999998,9.943999999999999,10.011999999999999,10.078999999999999,10.145999999999999,10.215,10.282,10.35,10.418,10.484,10.549,10.615,10.685,10.752,10.821000000000002,10.888000000000002,10.958000000000002,11.025000000000002,11.093000000000002,11.162000000000003,11.229000000000003,11.297000000000002,11.362000000000002,11.428000000000003,11.494000000000003,11.562000000000003,11.630000000000003,11.696000000000003,11.761000000000003,11.831000000000003,11.956000000000003,12.040000000000003,12.124000000000002,12.246000000000002,12.313000000000002,12.383000000000003,12.452000000000004,12.520000000000003,12.621000000000004,12.711000000000004,12.777000000000005,12.846000000000005,12.914000000000005,12.984000000000005],"fps":[14.231499051233397,14.231499051233397,14.231499051233397,14.231499051233397,13.108614232209737,13.108614232209737,13.108614232209737,13.108614232209737,13.108614232209737,13.108614232209737,13.108614232209737,13.108614232209737,13.108614232209737,13.108614232209737,13.108614232209737,13.108614232209737,13.108614232209737,13.108614232209737,13.108614232209737,14.563106796116505,14.563106796116505,14.563106796116505,14.563106796116505,14.563106796116505,14.563106796116505,14.563106796116505,14.563106796116505,14.563106796116505,14.563106796116505,14.563106796116505,14.563106796116505,14.563106796116505,14.563106796116505,14.563106796116505,14.605647517039921,14.605647517039921,14.605647517039921,14.605647517039921,14.605647517039921,14.605647517039921,14.605647517039921,14.605647517039921,14.605647517039921,14.605647517039921,14.605647517039921,14.605647517039921,14.605647517039921,14.605647517039921,13.88888888888889,13.88888888888889,13.88888888888889,13.88888888888889,13.88888888888889,13.88888888888889,13.88888888888889,13.88888888888889,13.88888888888889,13.88888888888889,13.88888888888889,13.88888888888889,13.88888888888889,13.88888888888889,13.88888888888889,14.46480231436837,14.46480231436837,14.46480231436837,14.46480231436837,14.46480231436837,14.46480231436837,14.46480231436837,14.46480231436837,14.46480231436837,14.46480231436837,14.46480231436837,14.46480231436837,14.46480231436837,14.46480231436837,13.333333333333334,13.333333333333334,13.333333333333334,13.333333333333334,13.333333333333334,13.333333333333334,13.333333333333334,13.333333333333334,13.333333333333334,13.333333333333334,13.333333333333334,13.333333333333334,13.333333333333334,12.795275590551181,12.795275590551181,12.795275590551181,12.795275590551181,12.795275590551181,12.795275590551181,12.795275590551181,12.795275590551181,12.795275590551181,12.795275590551181,12.795275590551181,12.795275590551181,12.795275590551181,12.795275590551181,12.795275590551181,14.895729890764647,14.895729890764647,14.895729890764647,14.895729890764647,14.895729890764647,14.895729890764647,14.895729890764647,14.895729890764647,14.895729890764647,14.895729890764647,14.895729890764647,14.895729890764647,14.895729890764647,14.895729890764647,14.895729890764647,14.851485148514852,14.851485148514852,14.851485148514852,14.851485148514852,14.851485148514852,14.851485148514852,14.851485148514852,14.851485148514852,14.851485148514852,14.851485148514852,14.851485148514852,14.851485148514852,14.851485148514852,12.670565302144249,12.670565302144249,12.670565302144249,12.670565302144249,12.670565302144249,12.670565302144249,12.670565302144249],"raf":[70,71,71,71,73,69,71,70,69,68,68,68,69,68,68,70,68,68,67,69,66,68,69,68,68,69,68,69,66,65,69,68,70,73,71,68,70,73,74,75,74,74,77,71,74,69,70,70,69,68,67,69,71,83,67,68,67,67,66,69,68,68,68,71,80,75,83,83,68,78,69,70,79,68,68,83,67,79,68,79,73,68,88,78,68,107,107,74,69,70,67,68,68,66,66,66,67,66,68,67,67,69,67,68,68,66,65,66,70,67,69,67,70,67,68,69,67,68,65,66,66,68,68,66,65,70,125,84,84,122,67,70,69,68,101,90,66,69,68,70]}