{"time":[3.108,3.245,3.3890000000000002,3.5290000000000004,3.6670000000000003,3.813,3.962,4.109,4.253,4.4030000000000005,4.566000000000001,4.726000000000001,4.910000000000001,5.111000000000001,5.292000000000001,5.542000000000001,5.937000000000001,6.125000000000001,6.321000000000001,6.514,6.679,6.841,6.99,7.1290000000000004,7.266,7.408,7.548,7.692,7.832,7.967,8.1,8.233,8.366,8.514,8.655,8.790999999999999,8.928999999999998,9.073999999999998,9.208999999999998,9.343999999999998,9.478999999999997,9.609999999999998,9.738999999999997,9.872999999999998,10.002999999999998,10.133,10.263,10.395,10.527,10.665,10.815999999999999,10.956999999999999,11.092999999999998,11.226999999999999,11.36,11.503,11.632,11.770999999999999,11.902999999999999,12.035999999999998,12.167999999999997,12.300999999999998,12.432999999999998,12.566999999999998,12.708999999999998,12.840999999999998,12.970999999999998],"fps":[7.359705611775529,7.359705611775529,7.359705611775529,7.359705611775529,7.359705611775529,7.359705611775529,7.359705611775529,7.054673721340388,7.054673721340388,7.054673721340388,7.054673721340388,7.054673721340388,7.054673721340388,5.9880239520958085,5.9880239520958085,5.9880239520958085,5.9880239520958085,3.9447731755424065,3.9447731755424065,3.9447731755424065,3.9447731755424065,3.9447731755424065,3.9447731755424065,5.9760956175298805,5.9760956175298805,5.9760956175298805,5.9760956175298805,5.9760956175298805,5.9760956175298805,5.9760956175298805,5.9760956175298805,7.246376811594203,7.246376811594203,7.246376811594203,7.246376811594203,7.246376811594203,7.246376811594203,7.246376811594203,7.246376811594203,7.200720072007201,7.200720072007201,7.200720072007201,7.200720072007201,7.200720072007201,7.200720072007201,7.200720072007201,7.200720072007201,7.611798287345385,7.611798287345385,7.611798287345385,7.611798287345385,7.611798287345385,7.611798287345385,7.611798287345385,7.611798287345385,7.2202166064981945,7.2202166064981945,7.2202166064981945,7.2202166064981945,7.2202166064981945,7.2202166064981945,7.2202166064981945,7.2202166064981945,7.518796992481203,7.518796992481203,7.518796992481203,7.518796992481203],"raf":[133,137,144,140,138,146,150,146,144,150,163,160,184,201,181,250,395,188,196,193,165,162,149,139,137,142,140,144,140,135,133,133,133,148,141,136,138,145,135,135,135,131,129,134,130,130,130,132,132,138,151,141,136,134,133,143,129,139,132,133,132,133,132,134,142,132,131]}