{"time":[3.0260000000000002,3.1590000000000003,3.2790000000000004,3.4110000000000005,3.5260000000000007,3.641000000000001,3.769000000000001,3.9000000000000012,4.035000000000001,4.186000000000001,4.343000000000001,4.456000000000001,4.562000000000001,4.671000000000001,4.784000000000002,4.899000000000002,5.009000000000002,5.157000000000002,5.262000000000002,5.394000000000002,5.503000000000002,5.616000000000002,5.725000000000002,5.841000000000002,5.961000000000002,6.075000000000002,6.188000000000002,6.295000000000003,6.403000000000002,6.515000000000002,6.624000000000002,6.737000000000003,6.846000000000003,6.966000000000003,7.083000000000003,7.188000000000003,7.296000000000003,7.403000000000003,7.5210000000000035,7.632000000000003,7.745000000000004,7.854000000000004,7.962000000000003,8.074000000000003,8.193000000000003,8.306000000000003,8.413000000000002,8.526000000000002,8.637000000000002,8.759000000000002,8.868000000000002,8.981000000000002,9.095000000000002,9.218000000000002,9.333000000000002,9.449000000000002,9.560000000000002,9.684000000000003,9.797000000000002,9.914000000000003,10.025000000000004,10.133000000000004,10.246000000000004,10.358000000000004,10.470000000000004,10.581000000000005,10.701000000000004,10.826000000000004,10.940000000000005,11.066000000000004,11.180000000000005,11.297000000000006,11.411000000000007,11.534000000000006,11.661000000000007,11.796000000000006,11.936000000000007,12.058000000000007,12.187000000000006,12.302000000000007,12.411000000000007,12.536000000000007,12.649000000000006,12.762000000000006,12.881000000000006,12.988000000000005],"fps":[8.387698042870456,8.387698042870456,8.387698042870456,8.387698042870456,8.387698042870456,8.387698042870456,8.387698042870456,8.387698042870456,7.957559681697613,7.957559681697613,7.957559681697613,7.957559681697613,7.957559681697613,7.957559681697613,7.957559681697613,7.957559681697613,7.957559681697613,8.02139037433155,8.02139037433155,8.02139037433155,8.02139037433155,8.02139037433155,8.02139037433155,8.02139037433155,8.02139037433155,8.02139037433155,8.729388942774007,8.729388942774007,8.729388942774007,8.729388942774007,8.729388942774007,8.729388942774007,8.729388942774007,8.729388942774007,8.729388942774007,8.729388942774007,9.025270758122744,9.025270758122744,9.025270758122744,9.025270758122744,9.025270758122744,9.025270758122744,9.025270758122744,9.025270758122744,9.025270758122744,8.910891089108912,8.910891089108912,8.910891089108912,8.910891089108912,8.910891089108912,8.910891089108912,8.910891089108912,8.910891089108912,8.910891089108912,8.763388510223953,8.763388510223953,8.763388510223953,8.763388510223953,8.763388510223953,8.763388510223953,8.763388510223953,8.763388510223953,8.763388510223953,8.78048780487805,8.78048780487805,8.78048780487805,8.78048780487805,8.78048780487805,8.78048780487805,8.78048780487805,8.78048780487805,8.78048780487805,8.547008547008547,8.547008547008547,8.547008547008547,8.547008547008547,8.547008547008547,8.547008547008547,8.547008547008547,8.547008547008547,8.547008547008547,8,8,8,8,8],"raf":[122,133,120,132,115,115,128,131,135,151,157,113,106,109,113,115,110,148,105,132,109,113,109,116,120,114,113,107,108,112,109,113,109,120,117,105,108,107,118,111,113,109,108,112,119,113,107,113,111,122,109,113,114,123,115,117,110,124,113,117,111,108,113,112,112,111,120,125,114,126,114,117,114,123,127,135,140,122,129,115,109,125,113,113,119,107]}