{"time":[3.0640000000000005,3.1790000000000007,3.295000000000001,3.4090000000000007,3.5220000000000007,3.6430000000000007,3.7640000000000007,3.9150000000000005,4.0760000000000005,4.252000000000001,4.399000000000001,4.508000000000001,4.6240000000000006,4.74,4.853000000000001,4.966000000000001,5.084000000000001,5.197000000000002,5.3130000000000015,5.427000000000001,5.540000000000002,5.6560000000000015,5.779000000000002,5.899000000000002,6.018000000000002,6.138000000000002,6.254000000000001,6.368000000000001,6.484000000000001,6.601000000000001,6.716000000000001,6.850000000000001,6.9620000000000015,7.075000000000002,7.191000000000002,7.304000000000002,7.4170000000000025,7.536000000000002,7.648000000000002,7.761000000000003,7.873000000000003,7.985000000000003,8.100000000000003,8.213000000000003,8.327000000000004,8.439000000000004,8.553000000000004,8.667000000000005,8.779000000000005,8.893000000000006,9.006000000000006,9.121000000000006,9.243000000000006,9.376000000000005,9.511000000000005,9.641000000000005,9.766000000000005,9.887000000000006,10.007000000000005,10.125000000000005,10.244000000000005,10.359000000000005,10.476000000000006,10.597000000000007,10.717000000000006,10.837000000000005,10.955000000000005,11.071000000000005,11.186000000000005,11.306000000000004,11.422000000000004,11.539000000000005,11.659000000000004,11.777000000000005,11.892000000000005,12.008000000000004,12.126000000000005,12.244000000000005,12.362000000000005,12.477000000000006,12.599000000000006,12.719000000000005,12.836000000000006,12.965000000000005],"fps":[8.064516129032258,8.064516129032258,8.064516129032258,8.064516129032258,8.064516129032258,8.064516129032258,8.064516129032258,8.064516129032258,7.9787234042553195,7.9787234042553195,7.9787234042553195,7.9787234042553195,7.9787234042553195,7.9787234042553195,7.9787234042553195,7.9787234042553195,7.936507936507937,7.936507936507937,7.936507936507937,7.936507936507937,7.936507936507937,7.936507936507937,7.936507936507937,7.936507936507937,7.936507936507937,8.538899430740038,8.538899430740038,8.538899430740038,8.538899430740038,8.538899430740038,8.538899430740038,8.538899430740038,8.538899430740038,8.538899430740038,8.547008547008547,8.547008547008547,8.547008547008547,8.547008547008547,8.547008547008547,8.547008547008547,8.547008547008547,8.547008547008547,8.547008547008547,8.806262230919765,8.806262230919765,8.806262230919765,8.806262230919765,8.806262230919765,8.806262230919765,8.806262230919765,8.806262230919765,8.806262230919765,8.737864077669903,8.737864077669903,8.737864077669903,8.737864077669903,8.737864077669903,8.737864077669903,8.737864077669903,8.737864077669903,7.992007992007992,7.992007992007992,7.992007992007992,7.992007992007992,7.992007992007992,7.992007992007992,7.992007992007992,7.992007992007992,7.992007992007992,8.474576271186441,8.474576271186441,8.474576271186441,8.474576271186441,8.474576271186441,8.474576271186441,8.474576271186441,8.474576271186441,8.474576271186441,8.522727272727273,8.522727272727273,8.522727272727273,8.522727272727273,8.522727272727273,8.522727272727273],"raf":[116,115,116,114,113,121,121,151,161,176,147,109,116,116,113,113,118,114,115,114,114,115,123,120,119,120,116,115,115,117,115,134,112,113,116,113,113,119,112,113,112,112,115,113,114,112,114,114,112,114,113,115,122,133,135,130,125,121,120,118,119,115,117,121,120,120,118,116,115,120,116,117,121,117,115,116,118,118,118,115,122,120,117,129]}