{"time":[3.0529999999999995,3.2359999999999993,3.4059999999999993,3.5819999999999994,3.7549999999999994,3.9299999999999993,4.098999999999999,4.2669999999999995,4.4399999999999995,4.6129999999999995,4.792,4.976999999999999,5.156,5.342,5.5169999999999995,5.696999999999999,5.869999999999999,6.038999999999999,6.208999999999999,6.385999999999998,6.5699999999999985,6.757999999999998,6.930999999999998,7.114999999999998,7.301999999999999,7.479999999999999,7.660999999999999,7.836999999999999,8.020999999999999,8.204999999999998,8.380999999999998,8.548999999999998,8.722999999999997,8.896999999999997,9.071999999999997,9.259999999999998,9.437999999999999,9.620999999999999,9.801999999999998,10.002999999999998,10.184999999999999,10.368999999999998,10.547999999999998,10.725999999999999,10.908999999999999,11.091,11.270999999999999,11.446,11.634,11.812000000000001,11.991000000000001,12.165000000000001,12.342,12.525,12.718,12.901],"fps":[5.338078291814947,5.333333333333333,5.333333333333333,5.333333333333333,5.333333333333333,5.333333333333333,5.333333333333333,5.819592628516004,5.819592628516004,5.819592628516004,5.819592628516004,5.819592628516004,5.819592628516004,5.5813953488372094,5.5813953488372094,5.5813953488372094,5.5813953488372094,5.5813953488372094,5.5813953488372094,5.747126436781609,5.747126436781609,5.747126436781609,5.747126436781609,5.747126436781609,5.747126436781609,5.484460694698354,5.484460694698354,5.484460694698354,5.484460694698354,5.484460694698354,5.484460694698354,5.612722170252573,5.612722170252573,5.612722170252573,5.612722170252573,5.612722170252573,5.612722170252573,5.597014925373134,5.597014925373134,5.597014925373134,5.597014925373134,5.597014925373134,5.597014925373134,5.429864253393665,5.429864253393665,5.429864253393665,5.429864253393665,5.429864253393665,5.429864253393665,5.524861878453039,5.524861878453039,5.524861878453039,5.524861878453039,5.524861878453039,5.524861878453039,5.509641873278237],"raf":[176,182,170,176,173,175,169,168,173,173,179,185,180,185,175,180,173,169,170,177,184,188,173,184,187,178,182,175,184,184,176,168,174,174,175,188,178,183,181,201,182,184,179,178,183,182,180,175,188,178,179,175,176,183,193,183]}