{"time":[3.0250000000000004,3.325,3.5890000000000004,3.9210000000000003,4.274,4.534,4.797,5.082999999999999,5.355999999999999,5.655999999999999,5.956999999999999,6.245999999999999,6.4609999999999985,6.741999999999998,7.042999999999998,7.376999999999998,7.818999999999998,8.130999999999998,8.373999999999999,8.679999999999998,8.958999999999998,9.258999999999999,9.525999999999998,9.793999999999999,10.075,10.351999999999999,10.661999999999999,10.966,11.258,11.539,11.828999999999999,12.123,12.426,12.676,12.949],"fps":[3.4782608695652173,3.4782608695652173,3.4782608695652173,3.4782608695652173,3.202562049639712,3.202562049639712,3.202562049639712,3.202562049639712,3.6968576709796674,3.6968576709796674,3.6968576709796674,3.6968576709796674,3.6199095022624435,3.6199095022624435,3.6199095022624435,3.6199095022624435,2.9455081001472756,2.9455081001472756,2.9455081001472756,2.9455081001472756,3.508771929824561,3.508771929824561,3.508771929824561,3.508771929824561,3.5842293906810037,3.5842293906810037,3.5842293906810037,3.5842293906810037,3.3812341504649197,3.3812341504649197,3.3812341504649197,3.3812341504649197,3.4246575342465753,3.4246575342465753,3.4246575342465753],"raf":[276,300,264,332,353,261,262,286,273,300,301,289,215,281,301,335,441,312,243,307,278,300,267,268,281,277,310,304,292,281,291,293,303,250,273]}