{"time":[3.015,3.2310000000000003,3.4290000000000003,3.623,3.8510000000000004,4.043,4.237,4.449,4.6659999999999995,4.877,5.069999999999999,5.286,5.505,5.703,5.896,6.112,6.32,6.526000000000001,6.7410000000000005,6.95,7.174,7.381,7.606,7.8069999999999995,8.001999999999999,8.200999999999999,8.397999999999998,8.615999999999998,8.817999999999998,9.053999999999998,9.255999999999998,9.482,9.684,9.892999999999999,10.100999999999999,10.334,10.532,10.749,10.962,11.16,11.363,11.591999999999999,11.802,12.007,12.212,12.418,12.633999999999999,12.829999999999998],"fps":[4.492362982929021,4.480286738351254,4.480286738351254,4.480286738351254,4.480286738351254,4.480286738351254,4.970178926441352,4.970178926441352,4.970178926441352,4.970178926441352,4.970178926441352,4.7664442326024785,4.7664442326024785,4.7664442326024785,4.7664442326024785,4.7664442326024785,4.835589941972921,4.835589941972921,4.835589941972921,4.835589941972921,4.835589941972921,4.71253534401508,4.71253534401508,4.71253534401508,4.71253534401508,4.71253534401508,4.916420845624385,4.916420845624385,4.916420845624385,4.916420845624385,4.916420845624385,4.612546125461255,4.612546125461255,4.612546125461255,4.612546125461255,4.612546125461255,4.761904761904762,4.761904761904762,4.761904761904762,4.761904761904762,4.761904761904762,4.716981132075472,4.716981132075472,4.716981132075472,4.716981132075472,4.716981132075472,4.798464491362764,4.798464491362764],"raf":[196,216,198,194,228,192,194,212,217,211,193,216,219,199,192,216,208,206,215,209,224,207,226,200,195,199,197,218,202,236,202,226,202,209,208,233,198,217,213,198,203,229,210,205,205,206,216,196]}