{"time":[3.032000000000001,3.145000000000001,3.277000000000001,3.396000000000001,3.6350000000000007,3.8450000000000006,4.123000000000001,4.349000000000001,4.590000000000001,4.699000000000001,4.798000000000001,4.904000000000001,5.002000000000001,5.1080000000000005,5.226000000000001,5.337000000000001,5.457000000000001,5.563000000000001,5.6690000000000005,5.766000000000001,5.870000000000001,5.965000000000001,6.081,6.194000000000001,6.307000000000001,6.705000000000001,6.978000000000001,7.138000000000001,7.304000000000001,7.439000000000001,7.709000000000001,7.905000000000001,8.027000000000001,8.207,8.404,8.631,8.762,8.886000000000001,9.007000000000001,9.118000000000002,9.249000000000002,9.351000000000003,9.488000000000003,9.592000000000002,9.701000000000002,9.809000000000003,9.920000000000003,10.022000000000004,10.131000000000004,10.269000000000004,10.374000000000004,10.509000000000004,10.626000000000005,10.730000000000004,10.836000000000004,10.960000000000004,11.063000000000004,11.170000000000003,11.270000000000003,11.379000000000003,11.482000000000003,11.590000000000003,11.692000000000004,11.808000000000003,11.908000000000003,12.007000000000003,12.109000000000004,12.212000000000003,12.329000000000004,12.432000000000004,12.536000000000003,12.638000000000003,12.740000000000004,12.846000000000004,12.966000000000003],"fps":[9.140767824497258,9.140767824497258,9.140767824497258,8.704061895551257,8.704061895551257,8.704061895551257,8.704061895551257,8.704061895551257,4.187604690117253,4.187604690117253,4.187604690117253,4.187604690117253,4.187604690117253,4.187604690117253,4.187604690117253,4.187604690117253,4.187604690117253,4.187604690117253,9.25925925925926,9.25925925925926,9.25925925925926,9.25925925925926,9.25925925925926,9.25925925925926,9.25925925925926,6.763285024154589,6.763285024154589,6.763285024154589,6.763285024154589,6.763285024154589,4.9800796812749,4.9800796812749,4.9800796812749,4.9800796812749,4.9800796812749,4.9800796812749,5.698005698005698,5.698005698005698,5.698005698005698,5.698005698005698,5.698005698005698,5.698005698005698,5.698005698005698,5.698005698005698,5.698005698005698,8.595988538681949,8.595988538681949,8.595988538681949,8.595988538681949,8.595988538681949,8.595988538681949,8.595988538681949,8.595988538681949,8.595988538681949,8.763388510223953,8.763388510223953,8.763388510223953,8.763388510223953,8.763388510223953,8.763388510223953,8.763388510223953,8.763388510223953,8.763388510223953,8.763388510223953,9.328358208955224,9.328358208955224,9.328358208955224,9.328358208955224,9.328358208955224,9.328358208955224,9.328358208955224,9.328358208955224,9.328358208955224,9.328358208955224,9.45179584120983],"raf":[98,113,132,119,239,210,278,226,241,110,98,106,98,106,118,111,120,106,107,96,104,95,116,113,113,398,273,160,166,136,269,196,122,180,197,227,131,124,121,112,130,102,137,104,109,108,111,103,108,138,105,136,116,104,106,124,103,107,100,109,103,108,102,116,100,99,102,103,117,102,104,103,101,106,120]}