{"time":[3.037000000000001,3.121000000000001,3.2110000000000007,3.302000000000001,3.388000000000001,3.4700000000000006,3.553000000000001,3.644000000000001,3.730000000000001,3.8320000000000007,3.923000000000001,4.009000000000001,4.094000000000001,4.186000000000001,4.271000000000001,4.359000000000001,4.444000000000001,4.5280000000000005,4.612,4.7010000000000005,4.817,4.904,4.991,5.077,5.162,5.247,5.333,5.4190000000000005,5.511,5.599,5.684,5.771,5.857,5.948,6.038,6.125,6.213,6.301,6.384,6.469,6.551,6.652,6.753,6.848,6.936,7.022,7.1160000000000005,7.202000000000001,7.297000000000001,7.388000000000001,7.471000000000001,7.559000000000001,7.642000000000001,7.748000000000001,7.835000000000001,7.929000000000001,8.012,8.099,8.194,8.277000000000001,8.361,8.453000000000001,8.541,8.624,8.71,8.794,8.9,8.982000000000001,9.066,9.149000000000001,9.233,9.318000000000001,9.403000000000002,9.486000000000002,9.569000000000003,9.654000000000003,9.740000000000004,9.826000000000004,9.911000000000005,9.997000000000005,10.083000000000006,10.169000000000006,10.259000000000006,10.344000000000007,10.427000000000007,10.514000000000006,10.597000000000007,10.682000000000007,10.786000000000007,10.880000000000006,10.972000000000007,11.066000000000006,11.162000000000006,11.280000000000006,11.371000000000006,11.450000000000006,11.535000000000007,11.620000000000008,11.706000000000008,11.805000000000009,11.899000000000008,11.997000000000009,12.087000000000009,12.20100000000001,12.29700000000001,12.39000000000001,12.48500000000001,12.58200000000001,12.67100000000001,12.78100000000001,12.87000000000001,12.97200000000001],"fps":[10.396975425330814,10.396975425330814,10.396975425330814,10.396975425330814,10.396975425330814,10.396975425330814,10.396975425330814,10.396975425330814,11.342155009451796,11.342155009451796,11.342155009451796,11.342155009451796,11.342155009451796,11.342155009451796,11.342155009451796,11.342155009451796,11.342155009451796,11.342155009451796,11.342155009451796,11.342155009451796,11.049723756906078,11.049723756906078,11.049723756906078,11.049723756906078,11.049723756906078,11.049723756906078,11.049723756906078,11.049723756906078,11.049723756906078,11.049723756906078,11.049723756906078,11.049723756906078,11.538461538461538,11.538461538461538,11.538461538461538,11.538461538461538,11.538461538461538,11.538461538461538,11.538461538461538,11.538461538461538,11.538461538461538,11.538461538461538,11.538461538461538,11.538461538461538,11.11111111111111,11.11111111111111,11.11111111111111,11.11111111111111,11.11111111111111,11.11111111111111,11.11111111111111,11.11111111111111,11.11111111111111,11.11111111111111,11.11111111111111,11.11111111111111,11.162790697674419,11.162790697674419,11.162790697674419,11.162790697674419,11.162790697674419,11.162790697674419,11.162790697674419,11.162790697674419,11.162790697674419,11.162790697674419,11.162790697674419,11.162790697674419,11.385199240986717,11.385199240986717,11.385199240986717,11.385199240986717,11.385199240986717,11.385199240986717,11.385199240986717,11.385199240986717,11.385199240986717,11.385199240986717,11.385199240986717,11.385199240986717,11.799410029498524,11.799410029498524,11.799410029498524,11.799410029498524,11.799410029498524,11.799410029498524,11.799410029498524,11.799410029498524,11.799410029498524,11.799410029498524,11.799410029498524,11.799410029498524,11.121408711770158,11.121408711770158,11.121408711770158,11.121408711770158,11.121408711770158,11.121408711770158,11.121408711770158,11.121408711770158,11.121408711770158,11.121408711770158,11.121408711770158,10.587102983638113,10.587102983638113,10.587102983638113,10.587102983638113,10.587102983638113,10.587102983638113,10.587102983638113,10.587102983638113,10.587102983638113],"raf":[87,84,90,91,86,82,83,91,87,101,91,86,85,92,85,88,85,84,84,89,116,87,87,86,85,85,86,86,92,88,85,87,86,91,90,87,88,88,83,85,82,101,101,95,88,85,94,86,95,92,82,88,83,106,87,94,83,87,95,83,84,92,88,83,86,84,106,82,84,83,84,85,85,83,83,85,86,86,85,86,86,86,90,85,83,87,83,85,104,94,93,93,96,118,91,79,85,85,86,99,94,98,90,114,96,94,94,97,89,110,89,102]}