{"time":[3.367,3.6390000000000002,3.9530000000000003,4.221,4.496,4.801,5.075,5.377,5.678,5.968,6.263,6.616,6.951,7.265,7.563,7.878,8.195,8.478,8.778,9.067,9.367,9.678,9.982000000000001,10.274000000000001,10.590000000000002,10.886000000000001,11.199000000000002,11.573000000000002,11.945000000000002,12.294000000000002,12.608000000000002,12.990000000000002],"fps":[2.742230347349177,2.742230347349177,2.742230347349177,3.2336297493936943,3.2336297493936943,3.2336297493936943,3.2336297493936943,3.4602076124567476,3.4602076124567476,3.4602076124567476,3.4602076124567476,3.228410008071025,3.228410008071025,3.228410008071025,3.228410008071025,3.1670625494853524,3.1670625494853524,3.1670625494853524,3.1670625494853524,3.367003367003367,3.367003367003367,3.367003367003367,3.367003367003367,3.3140016570008286,3.3140016570008286,3.3140016570008286,3.3140016570008286,3.079291762894534,3.079291762894534,3.079291762894534,2.898550724637681,2.898550724637681],"raf":[383,272,314,268,276,304,274,302,301,290,295,353,335,314,298,316,316,283,300,289,300,311,304,292,316,296,314,373,372,349,314,383]}