{"time":[3.0920000000000014,3.2070000000000016,3.318000000000002,3.431000000000002,3.5370000000000017,3.641000000000002,3.754000000000002,3.865000000000002,3.970000000000002,4.079000000000002,4.192000000000003,4.301000000000003,4.422000000000002,4.5340000000000025,4.653000000000002,4.766000000000003,4.874000000000002,4.979000000000003,5.091000000000003,5.197000000000003,5.325000000000003,5.436000000000003,5.539000000000002,5.6590000000000025,5.766000000000003,5.873000000000003,5.978000000000003,6.087000000000003,6.213000000000004,6.321000000000003,6.431000000000004,6.542000000000003,6.652000000000004,6.764000000000004,6.870000000000004,6.981000000000003,7.1010000000000035,7.204000000000003,7.305000000000003,7.422000000000003,7.538000000000003,7.644000000000003,7.751000000000003,7.857000000000003,7.967000000000003,8.096000000000004,8.211000000000004,8.314000000000004,8.422000000000004,8.526000000000003,8.631000000000004,8.738000000000003,8.844000000000003,8.959000000000003,9.068000000000003,9.179000000000004,9.288000000000004,9.394000000000004,9.501000000000003,9.616000000000003,9.734000000000004,9.836000000000004,9.950000000000005,10.053000000000004,10.154000000000005,10.262000000000006,10.364000000000006,10.472000000000007,10.587000000000007,10.706000000000007,10.822000000000006,10.924000000000007,11.028000000000006,11.138000000000005,11.245000000000005,11.347000000000005,11.459000000000005,11.565000000000005,11.667000000000005,11.772000000000006,11.886000000000006,12.013000000000007,12.128000000000007,12.234000000000007,12.341000000000006,12.450000000000006,12.561000000000007,12.668000000000006,12.793000000000006,12.899000000000006],"fps":[8.704061895551257,8.704061895551257,8.704061895551257,8.704061895551257,8.704061895551257,8.704061895551257,8.704061895551257,8.704061895551257,9.157509157509157,9.157509157509157,9.157509157509157,9.157509157509157,9.157509157509157,9.157509157509157,9.157509157509157,9.157509157509157,9.157509157509157,8.910891089108912,8.910891089108912,8.910891089108912,8.910891089108912,8.910891089108912,8.910891089108912,8.910891089108912,8.910891089108912,8.910891089108912,8.910891089108912,9.033423667570009,9.033423667570009,9.033423667570009,9.033423667570009,9.033423667570009,9.033423667570009,9.033423667570009,9.033423667570009,9.033423667570009,8.875739644970414,8.875739644970414,8.875739644970414,8.875739644970414,8.875739644970414,8.875739644970414,8.875739644970414,8.875739644970414,8.875739644970414,8.875739644970414,9.00900900900901,9.00900900900901,9.00900900900901,9.00900900900901,9.00900900900901,9.00900900900901,9.00900900900901,9.00900900900901,9.00900900900901,9.00900900900901,9.285051067780874,9.285051067780874,9.285051067780874,9.285051067780874,9.285051067780874,9.285051067780874,9.285051067780874,9.285051067780874,9.285051067780874,9.285051067780874,9.293680297397769,9.293680297397769,9.293680297397769,9.293680297397769,9.293680297397769,9.293680297397769,9.293680297397769,9.293680297397769,9.293680297397769,9.293680297397769,9.132420091324201,9.132420091324201,9.132420091324201,9.132420091324201,9.132420091324201,9.132420091324201,9.132420091324201,9.132420091324201,9.132420091324201,9.132420091324201,9.074410163339383,9.074410163339383,9.074410163339383,9.074410163339383],"raf":[107,115,111,113,106,104,113,111,105,109,113,109,121,112,119,113,108,106,111,106,128,111,103,120,107,107,105,109,126,109,109,111,110,112,106,111,120,103,101,117,116,106,107,106,110,129,115,103,108,104,105,107,106,115,109,111,109,106,107,115,118,102,114,103,101,108,102,108,115,119,116,102,104,110,107,102,112,106,102,105,114,127,115,106,107,109,111,107,125,106]}