{"time":[3.085,3.357,3.5820000000000003,3.8880000000000003,4.134,4.402,4.667,4.879,5.098,5.338,5.586,5.865,6.128,6.332,6.555,6.803,7.057,7.306,7.54,7.767,7.9910000000000005,8.225000000000001,8.478000000000002,8.731000000000002,8.986000000000002,9.199000000000002,9.432000000000002,9.644000000000002,9.892000000000001,10.165000000000001,10.4,10.658000000000001,10.950000000000001,11.197000000000001,11.586,12.085,12.635000000000002,12.866000000000001],"fps":[2.5641025641025643,2.5641025641025643,2.5641025641025643,3.6330608537693005,3.6330608537693005,3.6330608537693005,3.6330608537693005,3.6330608537693005,4.132231404958677,4.132231404958677,4.132231404958677,4.132231404958677,3.883495145631068,3.883495145631068,3.883495145631068,3.883495145631068,3.883495145631068,4.244482173174872,4.244482173174872,4.244482173174872,4.244482173174872,4.244482173174872,4.266211604095563,4.266211604095563,4.266211604095563,4.266211604095563,4.266211604095563,4.288164665523156,4.288164665523156,4.288164665523156,4.288164665523156,3.9447731755424065,3.9447731755424065,3.9447731755424065,3.9447731755424065,2.803083391730904,2.803083391730904,2.803083391730904],"raf":[298,272,225,306,246,269,264,212,219,240,248,279,263,204,223,248,254,249,234,227,224,234,253,253,255,213,233,212,248,273,235,258,292,247,389,499,550,231]}