{"time":[3.0309999999999997,3.1319999999999997,3.2299999999999995,3.3629999999999995,3.4739999999999998,3.574,3.6919999999999997,3.807,3.917,4.027,4.143,4.241,4.34,4.438,4.56,4.662999999999999,4.760999999999999,4.858999999999999,4.959999999999999,5.066999999999999,5.170999999999999,5.278,5.379,5.478999999999999,5.585999999999999,5.694999999999999,5.8149999999999995,5.912999999999999,6.015999999999999,6.134999999999999,6.243999999999999,6.350999999999999,6.4479999999999995,6.558999999999999,6.669999999999999,6.771999999999999,6.874,6.986,7.087,7.183,7.3,7.414,7.524,7.656,7.785,7.8790000000000004,7.978000000000001,8.092,8.194,8.293000000000001,8.385000000000002,8.480000000000002,8.583000000000002,8.674000000000001,8.766000000000002,8.867000000000003,8.967000000000002,9.061000000000002,9.164000000000001,9.254000000000001,9.348,9.452,9.557,9.667,9.763,9.859,9.957,10.073,10.165000000000001,10.261000000000001,10.366000000000001,10.464000000000002,10.560000000000002,10.654000000000002,10.748000000000001,10.842,10.939,11.037,11.132000000000001,11.237000000000002,11.326000000000002,11.424000000000003,11.516000000000004,11.616000000000003,11.715000000000003,11.808000000000003,11.902000000000003,12.013000000000003,12.106000000000003,12.213000000000003,12.309000000000003,12.398000000000003,12.492000000000003,12.590000000000003,12.692000000000004,12.786000000000003,12.878000000000004,12.972000000000003],"fps":[9.074410163339383,9.074410163339383,9.074410163339383,9.074410163339383,9.074410163339383,9.074410163339383,9.074410163339383,9.074410163339383,9.074410163339383,9.090909090909092,9.090909090909092,9.090909090909092,9.090909090909092,9.090909090909092,9.090909090909092,9.090909090909092,9.090909090909092,9.090909090909092,9.090909090909092,9.615384615384615,9.615384615384615,9.615384615384615,9.615384615384615,9.615384615384615,9.615384615384615,9.615384615384615,9.615384615384615,9.615384615384615,9.615384615384615,9.363295880149813,9.363295880149813,9.363295880149813,9.363295880149813,9.363295880149813,9.363295880149813,9.363295880149813,9.363295880149813,9.363295880149813,9.363295880149813,9.541984732824428,9.541984732824428,9.541984732824428,9.541984732824428,9.541984732824428,9.541984732824428,9.541984732824428,9.541984732824428,9.541984732824428,8.90207715133531,8.90207715133531,8.90207715133531,8.90207715133531,8.90207715133531,8.90207715133531,8.90207715133531,8.90207715133531,8.90207715133531,8.90207715133531,8.90207715133531,10.377358490566039,10.377358490566039,10.377358490566039,10.377358490566039,10.377358490566039,10.377358490566039,10.377358490566039,10.377358490566039,10.377358490566039,10.377358490566039,9.930486593843098,9.930486593843098,9.930486593843098,9.930486593843098,9.930486593843098,9.930486593843098,9.930486593843098,9.930486593843098,9.930486593843098,9.930486593843098,9.930486593843098,10.328638497652582,10.328638497652582,10.328638497652582,10.328638497652582,10.328638497652582,10.328638497652582,10.328638497652582,10.328638497652582,10.328638497652582,10.328638497652582,10.328638497652582,10.261194029850746,10.261194029850746,10.261194029850746,10.261194029850746,10.261194029850746,10.261194029850746,10.261194029850746],"raf":[104,101,98,133,111,100,118,115,110,110,116,98,99,98,122,103,98,98,101,107,104,107,101,100,107,109,120,98,103,119,109,107,97,111,111,102,103,111,101,96,117,114,110,132,129,94,99,114,102,99,92,96,102,92,91,101,100,94,103,90,94,104,105,110,96,96,98,116,92,96,105,98,96,94,94,94,97,98,95,105,89,98,92,100,99,93,94,111,93,107,96,89,94,98,102,94,92,94]}