{"time":[3.0689999999999995,3.2989999999999995,3.5419999999999994,3.748999999999999,3.974999999999999,4.187999999999999,4.413999999999999,4.6469999999999985,4.864999999999998,5.096999999999999,5.310999999999999,5.528999999999999,5.742999999999999,5.954999999999999,6.182999999999999,6.406999999999999,6.629999999999999,6.850999999999999,7.067999999999999,7.2959999999999985,7.528999999999998,7.738999999999998,7.949999999999998,8.162999999999998,8.376999999999999,8.594999999999999,8.805,9.017,9.235,9.450999999999999,9.663999999999998,9.877999999999998,10.090999999999998,10.304999999999998,10.512999999999998,10.731999999999998,10.945999999999998,11.171999999999999,11.399,11.651,11.929,12.23,12.515,12.729000000000001,12.947000000000001],"fps":[4.32152117545376,4.32152117545376,4.269854824935952,4.269854824935952,4.269854824935952,4.269854824935952,4.269854824935952,4.524886877828054,4.524886877828054,4.524886877828054,4.524886877828054,4.524886877828054,4.562043795620438,4.562043795620438,4.562043795620438,4.562043795620438,4.562043795620438,4.512635379061372,4.512635379061372,4.512635379061372,4.512635379061372,4.512635379061372,4.549590536851683,4.549590536851683,4.549590536851683,4.549590536851683,4.549590536851683,4.686035613870666,4.686035613870666,4.686035613870666,4.686035613870666,4.686035613870666,4.655493482309125,4.655493482309125,4.655493482309125,4.655493482309125,4.655493482309125,4.6253469010175765,4.6253469010175765,4.6253469010175765,4.6253469010175765,3.780718336483932,3.780718336483932,3.780718336483932,3.780718336483932],"raf":[221,230,243,207,226,213,226,233,219,231,214,218,214,212,228,224,223,221,217,228,233,210,211,213,214,218,210,212,218,216,213,214,213,214,208,219,214,226,227,252,278,301,285,214,218]}