{"time":[3.2,3.4200000000000004,3.6460000000000004,3.8710000000000004,4.097,4.314,4.541,4.758,4.973,5.2,5.431,5.648,5.867,6.089,6.304,6.526000000000001,6.744000000000001,6.965000000000001,7.182,7.402,7.623,7.8420000000000005,8.061,8.278,8.491,8.703,8.924999999999999,9.133999999999999,9.357999999999999,9.579999999999998,9.819999999999999,10.047999999999998,10.254999999999999,10.481,10.696,10.916,11.137,11.362,11.581,11.812999999999999,12.050999999999998,12.291999999999998,12.521999999999998,12.764999999999999],"fps":[4.2087542087542085,4.329004329004329,4.329004329004329,4.329004329004329,4.329004329004329,4.329004329004329,4.460303300624442,4.460303300624442,4.460303300624442,4.460303300624442,4.460303300624442,4.5167118337850045,4.5167118337850045,4.5167118337850045,4.5167118337850045,4.5167118337850045,4.562043795620438,4.562043795620438,4.562043795620438,4.562043795620438,4.562043795620438,4.553734061930784,4.553734061930784,4.553734061930784,4.553734061930784,4.553734061930784,4.616805170821792,4.616805170821792,4.616805170821792,4.616805170821792,4.616805170821792,4.452359750667854,4.452359750667854,4.452359750667854,4.452359750667854,4.452359750667854,4.591368227731864,4.591368227731864,4.591368227731864,4.591368227731864,4.591368227731864,4.329004329004329,4.329004329004329,4.329004329004329],"raf":[231,220,226,225,226,217,227,217,215,227,232,216,219,222,215,222,218,221,217,220,221,219,219,217,213,212,222,209,224,222,240,228,207,226,215,220,221,225,219,232,238,241,230,243]}