{"time":[3.017999999999999,3.175999999999999,3.3229999999999986,3.4659999999999984,3.6019999999999985,3.7449999999999983,3.8749999999999982,4.000999999999999,4.136999999999999,4.274999999999999,4.4049999999999985,4.536999999999998,4.665999999999999,4.793999999999999,4.913999999999999,5.032999999999999,5.160999999999999,5.286999999999999,5.425999999999999,5.544,5.657,5.788,5.91,6.031000000000001,6.149000000000001,6.264000000000001,6.377000000000002,6.498000000000001,6.618000000000001,6.735000000000001,6.849000000000001,6.963000000000001,7.079000000000001,7.196000000000001,7.315,7.466,7.5760000000000005,7.695,7.828,7.96,8.102,8.234,8.344,8.459999999999999,8.572999999999999,8.695999999999998,8.816999999999998,8.934,9.052,9.184,9.296,9.41,9.541,9.667,9.784,9.899000000000001,10.026000000000002,10.148000000000001,10.261000000000001,10.376000000000001,10.497000000000002,10.615000000000002,10.738000000000001,10.858,10.973,11.095,11.208,11.325000000000001,11.441,11.557,11.676,11.793000000000001,11.909,12.031,12.16,12.293,12.408,12.525,12.64,12.76,12.875],"fps":[6.278026905829597,6.278026905829597,6.278026905829597,6.4279155188246095,6.4279155188246095,6.4279155188246095,6.4279155188246095,6.4279155188246095,6.4279155188246095,6.4279155188246095,6.4279155188246095,7.469654528478058,7.469654528478058,7.469654528478058,7.469654528478058,7.469654528478058,7.469654528478058,7.469654528478058,7.469654528478058,7.944389275074479,7.944389275074479,7.944389275074479,7.944389275074479,7.944389275074479,7.944389275074479,7.944389275074479,7.944389275074479,7.944389275074479,8.379888268156424,8.379888268156424,8.379888268156424,8.379888268156424,8.379888268156424,8.379888268156424,8.379888268156424,8.379888268156424,8.379888268156424,8.356545961002785,8.356545961002785,8.356545961002785,8.356545961002785,8.356545961002785,8.356545961002785,8.356545961002785,8.356545961002785,7.992007992007992,7.992007992007992,7.992007992007992,7.992007992007992,7.992007992007992,7.992007992007992,7.992007992007992,7.992007992007992,7.992007992007992,8.272058823529411,8.272058823529411,8.272058823529411,8.272058823529411,8.272058823529411,8.272058823529411,8.272058823529411,8.272058823529411,8.272058823529411,8.379888268156424,8.379888268156424,8.379888268156424,8.379888268156424,8.379888268156424,8.379888268156424,8.379888268156424,8.379888268156424,8.379888268156424,8.56327307326356,8.56327307326356,8.56327307326356,8.56327307326356,8.56327307326356,8.56327307326356,8.56327307326356,8.56327307326356,8.56327307326356],"raf":[158,158,147,143,136,143,130,126,136,138,130,132,129,128,120,119,128,126,139,118,113,131,122,121,118,115,114,120,120,117,114,114,116,117,119,151,110,119,133,132,142,132,110,116,113,123,121,117,119,131,112,114,131,126,117,115,127,122,113,115,121,118,123,120,115,122,113,117,116,116,119,117,116,122,129,133,115,117,115,120,116]}