{"time":[3.126,3.2199999999999998,3.312,3.3939999999999997,3.4779999999999998,3.554,3.653,3.755,3.856,3.951,4.034,4.116,4.181,4.266,4.335,4.428,4.505,4.594,4.687,4.775,4.846,4.9190000000000005,5.0040000000000004,5.1000000000000005,5.204000000000001,5.303000000000001,5.371,5.461,5.5360000000000005,5.609000000000001,5.699000000000001,5.781000000000001,5.86,5.948,6.03,6.106,6.185,6.271,6.343,6.433,6.531,6.595,6.683,6.77,6.84,6.912,6.985,7.062,7.126,7.199000000000001,7.2700000000000005,7.351000000000001,7.4430000000000005,7.532000000000001,7.628000000000001,7.710000000000001,7.787000000000001,7.851000000000001,7.9510000000000005,8.042,8.112,8.178,8.274000000000001,8.368,8.481,8.558,8.651,8.729,8.816999999999998,8.886,8.957999999999998,9.046999999999999,9.124999999999998,9.202999999999998,9.266999999999998,9.337999999999997,9.428999999999997,9.508999999999997,9.597999999999997,9.666999999999998,9.749999999999998,9.817999999999998,9.886999999999999,9.969,10.033,10.118,10.185,10.270000000000001,10.344000000000001,10.420000000000002,10.493000000000002,10.573000000000002,10.643000000000002,10.711000000000002,10.796000000000003,10.883000000000003,10.965000000000003,11.037000000000003,11.110000000000003,11.185000000000002,11.248000000000003,11.326000000000002,11.397000000000002,11.471000000000002,11.536000000000001,11.611,11.676,11.755,11.832,11.927000000000001,11.995000000000001,12.087000000000002,12.185000000000002,12.284000000000002,12.399000000000003,12.497000000000003,12.592000000000004,12.659000000000004,12.741000000000005,12.804000000000006,12.866000000000005,12.963000000000005],"fps":[11.131725417439704,11.131725417439704,8.450704225352112,8.450704225352112,8.450704225352112,8.450704225352112,8.450704225352112,8.450704225352112,8.450704225352112,8.450704225352112,8.450704225352112,8.450704225352112,8.450704225352112,8.450704225352112,11.730205278592376,11.730205278592376,11.730205278592376,11.730205278592376,11.730205278592376,11.730205278592376,11.730205278592376,11.730205278592376,11.730205278592376,11.730205278592376,11.730205278592376,11.730205278592376,11.583011583011583,11.583011583011583,11.583011583011583,11.583011583011583,11.583011583011583,11.583011583011583,11.583011583011583,11.583011583011583,11.583011583011583,11.583011583011583,11.583011583011583,11.583011583011583,11.583011583011583,12.24105461393597,12.24105461393597,12.24105461393597,12.24105461393597,12.24105461393597,12.24105461393597,12.24105461393597,12.24105461393597,12.24105461393597,12.24105461393597,12.24105461393597,12.24105461393597,12.24105461393597,12.871287128712872,12.871287128712872,12.871287128712872,12.871287128712872,12.871287128712872,12.871287128712872,12.871287128712872,12.871287128712872,12.871287128712872,12.871287128712872,12.871287128712872,12.871287128712872,11.560693641618498,11.560693641618498,11.560693641618498,11.560693641618498,11.560693641618498,11.560693641618498,11.560693641618498,11.560693641618498,11.560693641618498,11.560693641618498,11.560693641618498,11.560693641618498,11.560693641618498,12.645914396887159,12.645914396887159,12.645914396887159,12.645914396887159,12.645914396887159,12.645914396887159,12.645914396887159,12.645914396887159,12.645914396887159,12.645914396887159,12.645914396887159,12.645914396887159,12.645914396887159,12.645914396887159,13.157894736842104,13.157894736842104,13.157894736842104,13.157894736842104,13.157894736842104,13.157894736842104,13.157894736842104,13.157894736842104,13.157894736842104,13.157894736842104,13.157894736842104,13.157894736842104,13.157894736842104,13.157894736842104,13.48747591522158,13.48747591522158,13.48747591522158,13.48747591522158,13.48747591522158,13.48747591522158,13.48747591522158,13.48747591522158,13.48747591522158,13.48747591522158,13.48747591522158,13.48747591522158,11.450381679389313,11.450381679389313,11.450381679389313,11.450381679389313,11.450381679389313],"raf":[150,94,92,82,84,76,99,102,101,95,83,82,65,86,68,93,77,89,93,87,71,73,85,96,104,99,68,90,75,73,90,82,79,88,82,76,79,86,72,90,98,64,87,87,70,72,73,77,64,73,71,81,92,89,96,83,76,64,100,91,70,67,95,95,112,77,93,78,88,69,72,89,78,78,64,72,90,80,89,69,83,68,69,82,64,85,67,85,75,75,73,80,70,68,85,87,82,72,73,75,63,78,71,74,65,75,66,78,77,96,67,92,98,99,115,98,95,67,82,63,62,97]}