{"time":[3.048000000000001,3.312000000000001,3.6370000000000013,3.941000000000001,4.248000000000001,4.559000000000001,4.887000000000001,5.175000000000002,5.457000000000002,5.7810000000000015,6.084000000000001,6.378000000000001,6.678000000000001,6.9510000000000005,7.256,7.535,7.819,8.11,8.436,8.73,9.069,9.437000000000001,9.772000000000002,10.080000000000002,10.356000000000002,10.640000000000002,10.872000000000002,11.154000000000002,11.396,11.655000000000001,11.919,12.165000000000001,12.443000000000001,12.703000000000001,12.988000000000001],"fps":[3.289473684210526,3.289473684210526,3.289473684210526,3.2706459525756335,3.2706459525756335,3.2706459525756335,3.2706459525756335,3.2414910858995136,3.2414910858995136,3.2414910858995136,3.2414910858995136,3.3222591362126246,3.3222591362126246,3.3222591362126246,3.3222591362126246,3.4602076124567476,3.4602076124567476,3.4602076124567476,3.4602076124567476,3.3472803347280333,3.3472803347280333,3.3472803347280333,2.8790786948176583,2.8790786948176583,2.8790786948176583,2.8790786948176583,3.6363636363636362,3.6363636363636362,3.6363636363636362,3.6363636363636362,3.8204393505253105,3.8204393505253105,3.8204393505253105,3.8204393505253105,3.7418147801683816],"raf":[330,264,325,304,307,311,328,288,282,324,303,295,299,273,305,279,284,291,326,294,339,368,335,308,276,284,232,282,242,259,264,246,278,260,285]}