{"time":[3.0130000000000003,3.224,3.435,3.6470000000000002,3.8590000000000004,4.072,4.281,4.478,4.668,4.855,5.039000000000001,5.220000000000001,5.404000000000001,5.585000000000001,5.769000000000001,5.952000000000001,6.133000000000001,6.314000000000001,6.494000000000001,6.682,6.864000000000001,7.045000000000001,7.229000000000001,7.410000000000001,7.591000000000001,7.772000000000001,7.952000000000001,8.138000000000002,8.317000000000002,8.494000000000002,8.676000000000002,8.856000000000002,9.033000000000001,9.217,9.397,9.579,9.759,9.941,10.123000000000001,10.304,10.484,10.673,10.854,11.042,11.229,11.427999999999999,11.616,11.801,11.986,12.168000000000001,12.350000000000001,12.531,12.715,12.895999999999999],"fps":[4.488330341113106,4.5787545787545785,4.5787545787545785,4.5787545787545785,4.5787545787545785,4.5787545787545785,4.7303689687795645,4.7303689687795645,4.7303689687795645,4.7303689687795645,4.7303689687795645,4.7303689687795645,5.342831700801424,5.342831700801424,5.342831700801424,5.342831700801424,5.342831700801424,5.342831700801424,5.504587155963303,5.504587155963303,5.504587155963303,5.504587155963303,5.504587155963303,5.504587155963303,5.469462169553327,5.469462169553327,5.469462169553327,5.469462169553327,5.469462169553327,5.469462169553327,5.529953917050691,5.529953917050691,5.529953917050691,5.529953917050691,5.529953917050691,5.529953917050691,5.54016620498615,5.54016620498615,5.54016620498615,5.54016620498615,5.54016620498615,5.54016620498615,5.47945205479452,5.47945205479452,5.47945205479452,5.47945205479452,5.47945205479452,5.47945205479452,5.30035335689046,5.30035335689046,5.30035335689046,5.30035335689046,5.30035335689046,5.30035335689046],"raf":[217,211,211,212,212,213,209,197,190,187,185,180,184,181,184,183,182,180,180,188,182,181,184,181,181,181,180,186,179,177,182,180,177,184,180,182,180,182,182,181,180,189,181,188,187,199,188,185,185,182,182,181,184,181]}