{"time":[3.050000000000001,3.1290000000000013,3.2050000000000014,3.2860000000000014,3.3730000000000016,3.4650000000000016,3.5460000000000016,3.6260000000000017,3.7060000000000017,3.7910000000000017,3.8670000000000018,3.9530000000000016,4.029000000000002,4.106000000000002,4.184000000000002,4.265000000000002,4.343000000000003,4.4410000000000025,4.524000000000003,4.607000000000003,4.701000000000003,4.778000000000003,4.860000000000003,4.946000000000003,5.023000000000003,5.103000000000003,5.1860000000000035,5.267000000000004,5.346000000000004,5.425000000000003,5.5130000000000035,5.607000000000004,5.709000000000004,5.805000000000004,5.903000000000004,5.986000000000004,6.084000000000004,6.1650000000000045,6.2580000000000044,6.355000000000005,6.4390000000000045,6.530000000000005,6.635000000000005,6.7160000000000055,6.814000000000005,6.909000000000005,7.003000000000005,7.098000000000005,7.197000000000005,7.2770000000000055,7.360000000000006,7.440000000000006,7.5270000000000055,7.602000000000006,7.683000000000006,7.760000000000006,7.839000000000006,7.921000000000006,8.001000000000005,8.079000000000004,8.164000000000005,8.240000000000006,8.320000000000006,8.414000000000005,8.491000000000005,8.568000000000005,8.643000000000004,8.721000000000004,8.806000000000004,8.889000000000005,8.967000000000004,9.051000000000004,9.130000000000004,9.210000000000004,9.290000000000004,9.373000000000005,9.456000000000005,9.579000000000004,9.653000000000004,9.731000000000003,9.808000000000003,9.890000000000004,9.968000000000004,10.045000000000003,10.133000000000003,10.212000000000003,10.290000000000003,10.364000000000003,10.441000000000003,10.519000000000002,10.614000000000003,10.700000000000003,10.785000000000004,10.861000000000004,10.947000000000005,11.031000000000004,11.114000000000004,11.196000000000005,11.274000000000004,11.353000000000005,11.446000000000005,11.522000000000006,11.598000000000006,11.688000000000006,11.777000000000006,11.856000000000007,11.935000000000008,12.016000000000007,12.101000000000008,12.179000000000007,12.263000000000007,12.345000000000008,12.423000000000007,12.503000000000007,12.580000000000007,12.668000000000006,12.746000000000006,12.822000000000006,12.899000000000006,12.985000000000007],"fps":[12.322274881516588,12.322274881516588,12.322274881516588,12.322274881516588,12.149532710280374,12.149532710280374,12.149532710280374,12.149532710280374,12.149532710280374,12.149532710280374,12.149532710280374,12.149532710280374,12.149532710280374,12.149532710280374,12.149532710280374,12.149532710280374,12.149532710280374,12.172284644194757,12.172284644194757,12.172284644194757,12.172284644194757,12.172284644194757,12.172284644194757,12.172284644194757,12.172284644194757,12.172284644194757,12.172284644194757,12.172284644194757,12.172284644194757,12.172284644194757,12.126865671641792,12.126865671641792,12.126865671641792,12.126865671641792,12.126865671641792,12.126865671641792,12.126865671641792,12.126865671641792,12.126865671641792,12.126865671641792,12.126865671641792,10.816125860373647,10.816125860373647,10.816125860373647,10.816125860373647,10.816125860373647,10.816125860373647,10.816125860373647,10.816125860373647,10.816125860373647,10.816125860373647,10.816125860373647,10.816125860373647,11.194029850746269,11.194029850746269,11.194029850746269,11.194029850746269,11.194029850746269,11.194029850746269,11.194029850746269,11.194029850746269,11.194029850746269,11.194029850746269,11.194029850746269,11.194029850746269,11.194029850746269,12.487992315081652,12.487992315081652,12.487992315081652,12.487992315081652,12.487992315081652,12.487992315081652,12.487992315081652,12.487992315081652,12.487992315081652,12.487992315081652,12.487992315081652,12.487992315081652,11.881188118811881,11.881188118811881,11.881188118811881,11.881188118811881,11.881188118811881,11.881188118811881,11.881188118811881,11.881188118811881,11.881188118811881,11.881188118811881,11.881188118811881,11.881188118811881,11.881188118811881,12.41642788920726,12.41642788920726,12.41642788920726,12.41642788920726,12.41642788920726,12.41642788920726,12.41642788920726,12.41642788920726,12.41642788920726,12.41642788920726,12.41642788920726,12.41642788920726,12.41642788920726,12.070566388115134,12.070566388115134,12.070566388115134,12.070566388115134,12.070566388115134,12.070566388115134,12.070566388115134,12.070566388115134,12.070566388115134,12.070566388115134,12.070566388115134,12.070566388115134,12.070566388115134,12.440191387559809,12.440191387559809,12.440191387559809],"raf":[82,79,76,81,87,92,81,80,80,85,76,86,76,77,78,81,78,98,83,83,94,77,82,86,77,80,83,81,79,79,88,94,102,96,98,83,98,81,93,97,84,91,105,80,98,95,94,95,100,79,83,80,87,75,81,77,79,82,80,79,84,76,80,94,77,77,75,78,85,83,78,84,80,79,80,83,83,123,74,78,77,82,78,77,88,79,78,74,77,78,95,86,85,76,86,85,82,82,78,79,93,76,77,89,89,79,79,81,85,78,84,82,78,81,76,88,78,76,77,86]}