{"time":[3.135,3.264,3.388,3.512,3.633,3.754,3.876,3.997,4.116,4.234,4.35,4.468,4.585,4.705,4.823,4.942,5.063000000000001,5.183000000000001,5.303000000000001,5.422000000000001,5.540000000000001,5.658000000000001,5.776000000000002,5.894000000000002,6.0230000000000015,6.1480000000000015,6.269000000000002,6.389000000000002,6.509000000000002,6.629000000000002,6.749000000000002,6.866000000000002,6.986000000000002,7.108000000000002,7.227000000000002,7.346000000000002,7.4620000000000015,7.580000000000002,7.697000000000002,7.818000000000001,7.937000000000001,8.057,8.183,8.301,8.418000000000001,8.537,8.66,8.785,8.921,9.056999999999999,9.200999999999999,9.323999999999998,9.456999999999997,9.589999999999996,9.726999999999997,9.879999999999997,10.039999999999997,10.166999999999998,10.286999999999997,10.406999999999996,10.524999999999997,10.641999999999998,10.757999999999997,10.876999999999997,10.993999999999998,11.111999999999998,11.229,11.347999999999999,11.463999999999999,11.579999999999998,11.697999999999999,11.815,11.933,12.049,12.17,12.29,12.408,12.527,12.645,12.766,12.882],"fps":[6.517690875232774,6.517690875232774,6.517690875232774,6.796116504854369,6.796116504854369,6.796116504854369,6.796116504854369,6.796116504854369,6.796116504854369,6.796116504854369,6.796116504854369,6.796116504854369,8.387698042870456,8.387698042870456,8.387698042870456,8.387698042870456,8.387698042870456,8.387698042870456,8.387698042870456,8.387698042870456,8.387698042870456,8.387698042870456,8.387698042870456,8.387698042870456,8.387698042870456,8.387698042870456,8.387698042870456,8.387698042870456,8.387698042870456,8.387698042870456,8.249312557286892,8.249312557286892,8.249312557286892,8.249312557286892,8.249312557286892,8.249312557286892,8.249312557286892,8.249312557286892,8.249312557286892,8.419083255378858,8.419083255378858,8.419083255378858,8.419083255378858,8.419083255378858,8.419083255378858,8.419083255378858,8.419083255378858,8.419083255378858,8.159564823209429,8.159564823209429,8.159564823209429,8.159564823209429,8.159564823209429,8.159564823209429,8.159564823209429,8.159564823209429,7.149240393208221,7.149240393208221,7.149240393208221,7.149240393208221,7.149240393208221,7.149240393208221,7.149240393208221,7.149240393208221,7.149240393208221,8.395522388059701,8.395522388059701,8.395522388059701,8.395522388059701,8.395522388059701,8.395522388059701,8.395522388059701,8.395522388059701,8.395522388059701,8.506616257088847,8.506616257088847,8.506616257088847,8.506616257088847,8.506616257088847,8.506616257088847,8.506616257088847],"raf":[140,129,124,124,121,121,122,121,119,118,116,118,117,120,118,119,121,120,120,120,117,118,118,118,129,125,121,120,120,120,120,117,120,122,119,119,116,118,117,121,119,120,126,118,118,118,123,125,136,136,144,123,133,133,137,153,160,127,120,120,118,117,116,119,117,118,117,119,116,117,117,117,118,116,121,120,118,119,118,121,116]}