{"time":[3.1690000000000005,3.3810000000000007,3.6160000000000005,4.050000000000001,4.346000000000001,4.602000000000001,4.849000000000001,5.0790000000000015,5.359000000000002,5.5950000000000015,5.827000000000002,6.098000000000002,6.362000000000002,6.582000000000002,6.785000000000002,6.979000000000002,7.170000000000002,7.355000000000001,7.540000000000001,7.729000000000001,7.918000000000001,8.114,8.312000000000001,8.533000000000001,8.745000000000001,8.950000000000001,9.154000000000002,9.358000000000002,9.574000000000002,9.797000000000002,10.012000000000002,10.228000000000002,10.466000000000001,10.716000000000001,10.925,11.125,11.319,11.507000000000001,11.698000000000002,11.887000000000002,12.073000000000002,12.291000000000002,12.465000000000002,12.646,12.828000000000001],"fps":[5.042016806722689,4.897159647404505,4.897159647404505,4.897159647404505,4.897159647404505,3.276003276003276,3.276003276003276,3.276003276003276,3.276003276003276,3.276003276003276,4.081632653061225,4.081632653061225,4.081632653061225,4.081632653061225,4.081632653061225,4.340277777777778,4.340277777777778,4.340277777777778,4.340277777777778,4.340277777777778,4.340277777777778,5.286343612334802,5.286343612334802,5.286343612334802,5.286343612334802,5.286343612334802,4.8076923076923075,4.8076923076923075,4.8076923076923075,4.8076923076923075,4.8076923076923075,4.651162790697675,4.651162790697675,4.651162790697675,4.651162790697675,4.651162790697675,4.587155963302752,4.587155963302752,4.587155963302752,4.587155963302752,4.587155963302752,4.587155963302752,5.2356020942408374,5.2356020942408374,5.2356020942408374],"raf":[201,212,235,434,296,256,247,231,279,236,232,271,264,220,204,193,191,185,185,189,189,196,198,221,212,205,204,204,216,223,215,217,237,250,209,200,194,188,191,189,186,218,174,181,183]}