{"time":[3.042,3.256,3.4309999999999996,3.5769999999999995,3.7479999999999993,3.922999999999999,4.222999999999999,4.374999999999999,4.5329999999999995,4.6979999999999995,4.824,4.962,5.117999999999999,5.263999999999999,5.414,5.571,5.717,5.879,6.0409999999999995,6.1979999999999995,6.361,6.513999999999999,6.661,6.821,6.973,7.116,7.268,7.449,7.608,7.7909999999999995,7.954,8.119,8.274,8.447,8.59,8.745,8.907,9.049,9.206999999999999,9.341999999999999,9.504999999999999,9.649999999999999,9.807999999999998,9.961999999999998,10.100999999999997,10.248999999999997,10.398999999999997,10.560999999999998,10.698999999999998,10.833999999999998,11.014999999999997,11.182999999999996,11.338999999999997,11.490999999999996,11.685999999999996,11.890999999999996,12.062999999999997,12.225999999999997,12.465999999999998,12.738999999999997,12.995999999999997],"fps":[4.464285714285714,4.464285714285714,4.464285714285714,4.464285714285714,4.464285714285714,4.464285714285714,5.080440304826419,5.080440304826419,5.080440304826419,5.080440304826419,5.080440304826419,5.080440304826419,5.080440304826419,6.724303554274736,6.724303554274736,6.724303554274736,6.724303554274736,6.724303554274736,6.724303554274736,6.724303554274736,6.381039197812215,6.381039197812215,6.381039197812215,6.381039197812215,6.381039197812215,6.381039197812215,6.381039197812215,6.4338235294117645,6.4338235294117645,6.4338235294117645,6.4338235294117645,6.4338235294117645,6.4338235294117645,6.4338235294117645,6.134969325153374,6.134969325153374,6.134969325153374,6.134969325153374,6.134969325153374,6.134969325153374,6.134969325153374,6.60377358490566,6.60377358490566,6.60377358490566,6.60377358490566,6.60377358490566,6.60377358490566,6.60377358490566,6.67302192564347,6.67302192564347,6.67302192564347,6.67302192564347,6.67302192564347,6.67302192564347,6.67302192564347,5.87248322147651,5.87248322147651,5.87248322147651,5.87248322147651,5.87248322147651,4.524886877828054],"raf":[248,214,176,145,171,175,300,152,158,165,126,138,156,146,150,157,146,162,162,158,162,153,147,160,152,143,153,180,159,183,163,165,155,173,143,155,162,142,158,135,163,145,158,154,139,148,150,162,138,135,181,168,156,152,195,205,172,164,239,274,256]}