{"time":[3.1149999999999998,3.242,3.358,3.4730000000000003,3.587,3.697,3.803,3.908,4.022,4.132000000000001,4.238,4.343000000000001,4.447000000000001,4.549000000000001,4.652000000000001,4.752000000000001,4.855,4.961,5.074000000000001,5.186000000000001,5.295000000000001,5.399000000000001,5.501000000000001,5.604000000000001,5.706000000000001,5.8130000000000015,5.915000000000002,6.021000000000002,6.121000000000001,6.223000000000002,6.324000000000002,6.426000000000002,6.525000000000002,6.631000000000002,6.732000000000002,6.840000000000002,6.941000000000002,7.040000000000002,7.142000000000002,7.242000000000002,7.343000000000002,7.443000000000001,7.546000000000001,7.647000000000001,7.751000000000001,7.8610000000000015,7.963000000000002,8.066000000000003,8.171000000000003,8.273000000000003,8.376000000000003,8.477000000000004,8.580000000000004,8.680000000000003,8.784000000000002,8.885000000000003,8.985000000000003,9.085000000000003,9.198000000000002,9.297000000000002,9.401000000000002,9.504000000000001,9.602000000000002,9.702000000000002,9.802000000000001,9.901000000000002,10.001000000000001,10.101,10.202000000000002,10.303000000000003,10.405000000000003,10.506000000000004,10.611000000000004,10.717000000000004,10.822000000000005,10.924000000000005,11.027000000000005,11.129000000000005,11.231000000000005,11.336000000000006,11.440000000000005,11.541000000000006,11.642000000000007,11.742000000000006,11.842000000000006,11.943000000000007,12.044000000000008,12.166000000000007,12.272000000000007,12.376000000000007,12.480000000000006,12.598000000000006,12.698000000000006,12.800000000000006,12.903000000000006],"fps":[8.249312557286892,8.249312557286892,8.249312557286892,8.249312557286892,8.249312557286892,8.249312557286892,8.587786259541986,8.587786259541986,8.587786259541986,8.587786259541986,8.587786259541986,8.587786259541986,8.587786259541986,8.587786259541986,8.587786259541986,8.587786259541986,9.505703422053232,9.505703422053232,9.505703422053232,9.505703422053232,9.505703422053232,9.505703422053232,9.505703422053232,9.505703422053232,9.505703422053232,9.505703422053232,9.433962264150944,9.433962264150944,9.433962264150944,9.433962264150944,9.433962264150944,9.433962264150944,9.433962264150944,9.433962264150944,9.433962264150944,9.433962264150944,9.746588693957115,9.746588693957115,9.746588693957115,9.746588693957115,9.746588693957115,9.746588693957115,9.746588693957115,9.746588693957115,9.746588693957115,9.746588693957115,9.784735812133073,9.784735812133073,9.784735812133073,9.784735812133073,9.784735812133073,9.784735812133073,9.784735812133073,9.784735812133073,9.784735812133073,9.784735812133073,9.784735812133073,9.784735812133073,9.784735812133073,9.784735812133073,9.784735812133073,9.784735812133073,9.784735812133073,9.784735812133073,9.784735812133073,9.784735812133073,9.84251968503937,9.84251968503937,9.84251968503937,9.84251968503937,9.84251968503937,9.84251968503937,9.84251968503937,9.84251968503937,9.84251968503937,9.84251968503937,9.746588693957115,9.746588693957115,9.746588693957115,9.746588693957115,9.746588693957115,9.746588693957115,9.746588693957115,9.746588693957115,9.746588693957115,9.746588693957115,9.83284169124877,9.83284169124877,9.83284169124877,9.83284169124877,9.83284169124877,9.83284169124877,9.83284169124877,9.83284169124877,9.83284169124877],"raf":[125,127,116,115,114,111,105,105,114,110,106,105,104,102,103,100,103,106,113,112,109,104,103,102,102,107,102,106,100,102,101,102,100,105,101,108,101,99,102,101,100,100,104,100,104,110,102,103,105,102,103,101,103,100,104,101,100,100,113,99,104,103,98,100,100,99,100,100,102,100,102,101,105,106,105,102,103,102,102,105,104,101,101,100,100,101,101,122,106,104,104,118,100,102,103]}