{"time":[3.1590000000000007,3.3520000000000008,3.5550000000000006,3.7440000000000007,3.9180000000000006,4.104000000000001,4.282000000000001,4.444000000000001,4.614000000000001,4.7860000000000005,4.957000000000001,5.144000000000001,5.303000000000001,5.455000000000001,5.626000000000001,5.7970000000000015,5.951000000000001,6.117000000000002,6.268000000000002,6.421000000000001,6.591000000000001,6.770000000000001,6.929000000000001,7.083000000000001,7.241000000000001,7.412000000000002,7.566000000000002,7.729000000000002,7.894000000000002,8.056000000000003,8.211000000000002,8.371000000000002,8.547000000000002,8.704000000000002,8.853000000000002,9.010000000000002,9.170000000000002,9.336000000000002,9.488000000000001,9.654000000000002,9.810000000000002,9.961000000000002,10.119000000000002,10.286000000000001,10.442000000000002,10.603000000000002,10.767000000000001,10.928,11.077,11.227,11.381,11.549,11.699,11.872,12.025,12.185,12.336,12.492,12.659,12.822000000000001,12.979000000000001],"fps":[5.347593582887701,5.347593582887701,4.166666666666667,4.166666666666667,4.166666666666667,4.166666666666667,4.166666666666667,4.166666666666667,5.665722379603399,5.665722379603399,5.665722379603399,5.665722379603399,5.665722379603399,5.665722379603399,5.928853754940712,5.928853754940712,5.928853754940712,5.928853754940712,5.928853754940712,5.928853754940712,5.928853754940712,6.118881118881119,6.118881118881119,6.118881118881119,6.118881118881119,6.118881118881119,6.118881118881119,6.118881118881119,6.227758007117438,6.227758007117438,6.227758007117438,6.227758007117438,6.227758007117438,6.227758007117438,6.227758007117438,6.272401433691757,6.272401433691757,6.272401433691757,6.272401433691757,6.272401433691757,6.272401433691757,6.272401433691757,6.311992786293959,6.311992786293959,6.311992786293959,6.311992786293959,6.311992786293959,6.311992786293959,6.311992786293959,6.317689530685921,6.317689530685921,6.317689530685921,6.317689530685921,6.317689530685921,6.317689530685921,6.317689530685921,6.311992786293959,6.311992786293959,6.311992786293959,6.311992786293959,6.311992786293959],"raf":[339,193,203,189,174,186,178,162,170,172,171,187,159,152,171,171,154,166,151,153,170,179,159,154,159,170,154,163,165,162,155,160,176,157,149,157,160,166,152,166,156,151,158,167,156,161,163,161,149,150,154,168,150,173,153,160,151,156,167,163,157]}