{"time":[3.1469999999999994,3.3189999999999995,3.5019999999999993,3.6679999999999993,3.8289999999999993,4.002999999999999,4.151999999999999,4.302,4.451,4.606,4.762,4.917,5.072,5.22,5.374,5.52,5.67,5.819,5.975,6.125,6.267,6.4110000000000005,6.5760000000000005,6.729,6.8790000000000004,7.0200000000000005,7.166,7.3100000000000005,7.456,7.604,7.7620000000000005,7.913,8.068,8.221,8.378,8.523,8.669,8.814,8.963,9.116999999999999,9.267,9.415,9.577,9.722,9.869,10.02,10.167,10.327,10.475999999999999,10.622,10.770999999999999,10.917,11.065,11.215,11.363999999999999,11.508,11.665,11.811,11.957,12.114,12.258000000000001,12.41,12.565,12.711,12.856],"fps":[5.529953917050691,5.529953917050691,5.529953917050691,6.008583690987124,6.008583690987124,6.008583690987124,6.008583690987124,6.008583690987124,6.008583690987124,6.008583690987124,6.39853747714808,6.39853747714808,6.39853747714808,6.39853747714808,6.39853747714808,6.39853747714808,6.39853747714808,6.622516556291391,6.622516556291391,6.622516556291391,6.622516556291391,6.622516556291391,6.622516556291391,6.622516556291391,6.60377358490566,6.60377358490566,6.60377358490566,6.60377358490566,6.60377358490566,6.60377358490566,6.60377358490566,6.763285024154589,6.763285024154589,6.763285024154589,6.763285024154589,6.763285024154589,6.763285024154589,6.763285024154589,6.67302192564347,6.67302192564347,6.67302192564347,6.67302192564347,6.67302192564347,6.67302192564347,6.67302192564347,6.622516556291391,6.622516556291391,6.622516556291391,6.622516556291391,6.622516556291391,6.622516556291391,6.622516556291391,6.698564593301436,6.698564593301436,6.698564593301436,6.698564593301436,6.698564593301436,6.698564593301436,6.698564593301436,6.67302192564347,6.67302192564347,6.67302192564347,6.67302192564347,6.67302192564347,6.67302192564347],"raf":[149,172,183,166,161,174,149,150,149,155,156,155,155,148,154,146,150,149,156,150,142,144,165,153,150,141,146,144,146,148,158,152,154,153,157,146,145,145,149,154,150,148,162,145,147,151,147,160,149,146,150,145,148,150,149,144,157,146,146,157,144,152,155,146,146]}