{"time":[3.0389999999999997,3.2089999999999996,3.3819999999999997,3.5679999999999996,3.7449999999999997,3.9109999999999996,4.09,4.268,4.425,4.5969999999999995,4.752999999999999,4.932999999999999,5.121999999999999,5.341999999999999,5.565999999999999,5.7349999999999985,5.8969999999999985,6.074999999999998,6.289999999999998,6.443999999999998,6.5939999999999985,6.739999999999998,6.886999999999999,7.062999999999999,7.288999999999999,7.516999999999999,7.7559999999999985,7.918999999999999,8.095999999999998,8.274,8.43,8.628,8.835,9.028,9.24,9.423,9.65,9.833,10.013,10.222,10.421,10.633,10.806,10.959999999999999,11.136999999999999,11.424,11.693999999999999,12.116,12.293,12.517999999999999,12.674,12.879999999999999],"fps":[4.6685340802987865,4.6685340802987865,4.6685340802987865,4.6685340802987865,4.6685340802987865,5.698005698005698,5.698005698005698,5.698005698005698,5.698005698005698,5.698005698005698,5.698005698005698,5.870841487279844,5.870841487279844,5.870841487279844,5.870841487279844,5.870841487279844,5.870841487279844,5.253940455341506,5.253940455341506,5.253940455341506,5.253940455341506,5.253940455341506,5.253940455341506,5.253940455341506,5.766062602965404,5.766062602965404,5.766062602965404,5.766062602965404,5.766062602965404,5.766062602965404,5.25854513584575,5.25854513584575,5.25854513584575,5.25854513584575,5.25854513584575,5.25854513584575,4.918032786885246,4.918032786885246,4.918032786885246,4.918032786885246,4.918032786885246,4.918032786885246,5.190311418685121,5.190311418685121,5.190311418685121,5.190311418685121,5.190311418685121,3.816793893129771,3.816793893129771,3.816793893129771,3.816793893129771,3.816793893129771],"raf":[181,170,173,186,177,166,179,178,157,172,156,180,189,220,224,169,162,178,215,154,150,146,147,176,226,228,240,162,177,178,156,198,207,193,212,183,227,183,180,209,199,212,173,155,176,287,270,422,177,225,156,206]}