{"time":[3.0820000000000003,3.253,3.483,3.801,4.0600000000000005,4.292000000000001,4.485,4.675000000000001,4.856000000000001,5.032000000000001,5.207000000000001,5.384,5.5600000000000005,5.751,5.9270000000000005,6.101000000000001,6.277000000000001,6.452000000000001,6.628000000000001,6.804000000000001,6.977000000000001,7.1480000000000015,7.318000000000001,7.491000000000001,7.6640000000000015,7.838000000000002,8.010000000000002,8.181000000000001,8.356000000000002,8.539000000000001,8.753000000000002,8.932000000000002,9.113000000000001,9.292000000000002,9.475000000000001,9.655000000000001,9.894000000000002,10.152000000000001,10.374,10.557,10.733,10.908000000000001,11.085,11.259,11.432,11.602,11.778,11.951,12.123000000000001,12.295000000000002,12.464000000000002,12.638000000000002,12.809000000000001,12.984000000000002],"fps":[5.46448087431694,5.555555555555555,5.555555555555555,5.555555555555555,5.555555555555555,3.8498556304138596,3.8498556304138596,3.8498556304138596,3.8498556304138596,3.8498556304138596,3.8498556304138596,5.4945054945054945,5.4945054945054945,5.4945054945054945,5.4945054945054945,5.4945054945054945,5.4945054945054945,5.617977528089888,5.617977528089888,5.617977528089888,5.617977528089888,5.617977528089888,5.617977528089888,5.774783445620789,5.774783445620789,5.774783445620789,5.774783445620789,5.774783445620789,5.774783445620789,5.7251908396946565,5.7251908396946565,5.7251908396946565,5.7251908396946565,5.7251908396946565,5.7251908396946565,5.376344086021505,5.376344086021505,5.376344086021505,5.376344086021505,5.376344086021505,4.638218923933209,4.638218923933209,4.638218923933209,4.638218923933209,4.638218923933209,4.638218923933209,5.741626794258373,5.741626794258373,5.741626794258373,5.741626794258373,5.741626794258373,5.741626794258373,5.819592628516004,5.819592628516004],"raf":[171,171,230,318,259,232,193,190,181,176,175,177,176,191,176,174,176,175,176,176,173,171,170,173,173,174,172,171,175,183,214,179,181,180,183,179,239,258,223,182,175,175,177,175,172,170,176,173,172,172,170,173,171,175]}