{"time":[3.067,3.543,3.9650000000000003,4.478000000000001,4.86,5.261,5.668,6.088,6.531,6.923,7.32,7.699,8.107,8.641,9.037,9.512,9.99,10.455,10.992,11.501000000000001,12.000000000000002,12.527000000000001],"fps":[1.2307692307692308,1.2307692307692308,2.3166023166023164,2.3166023166023164,2.3166023166023164,2.314814814814815,2.314814814814815,2.314814814814815,2.3622047244094486,2.3622047244094486,2.3622047244094486,2.5684931506849313,2.5684931506849313,2.5684931506849313,2.242152466367713,2.242152466367713,2.242152466367713,2.1156558533145273,2.1156558533145273,1.9120458891013383,1.9120458891013383,1.949317738791423],"raf":[397,477,421,513,382,401,407,420,443,392,397,379,408,534,396,476,477,465,537,509,499,527]}