{"time":[3.029,3.194,3.3529999999999998,3.5149999999999997,3.6839999999999997,3.8499999999999996,4.0089999999999995,4.169,4.332999999999999,4.492999999999999,4.656,4.8149999999999995,4.978,5.1419999999999995,5.308,5.481,5.645,5.803999999999999,5.968999999999999,6.130999999999999,6.294999999999999,6.454999999999999,6.613999999999999,6.775999999999999,6.938999999999999,7.100999999999999,7.264999999999999,7.425999999999998,7.586999999999998,7.749999999999998,7.913999999999998,8.075999999999999,8.238999999999999,8.399999999999999,8.559999999999999,8.722,8.879999999999999,9.040999999999999,9.205999999999998,9.368999999999998,9.528999999999998,9.689999999999998,9.854999999999997,10.017999999999997,10.213999999999997,10.373999999999997,10.532999999999998,10.692999999999998,10.851999999999999,11.012999999999998,11.173999999999998,11.339999999999998,11.505999999999998,11.669999999999998,11.831999999999999,11.996999999999998,12.165999999999999,12.362999999999998,12.532999999999998,12.698999999999998,12.864999999999998],"fps":[5.905511811023622,5.905511811023622,5.905511811023622,5.905511811023622,5.905511811023622,5.905511811023622,6.129597197898423,6.129597197898423,6.129597197898423,6.129597197898423,6.129597197898423,6.129597197898423,6.129597197898423,6.17828773168579,6.17828773168579,6.17828773168579,6.17828773168579,6.17828773168579,6.17828773168579,6.17828773168579,6.071118820468343,6.071118820468343,6.071118820468343,6.071118820468343,6.071118820468343,6.071118820468343,6.071118820468343,6.18921308576481,6.18921308576481,6.18921308576481,6.18921308576481,6.18921308576481,6.18921308576481,6.18921308576481,6.172839506172839,6.172839506172839,6.172839506172839,6.172839506172839,6.172839506172839,6.172839506172839,6.172839506172839,6.1946902654867255,6.1946902654867255,6.1946902654867255,6.1946902654867255,6.1946902654867255,6.1946902654867255,5.982053838484546,5.982053838484546,5.982053838484546,5.982053838484546,5.982053838484546,5.982053838484546,5.982053838484546,6.145741878841089,6.145741878841089,6.145741878841089,6.145741878841089,6.145741878841089,6.145741878841089,5.802707930367505],"raf":[162,165,159,162,169,166,159,160,164,160,163,159,163,164,166,173,164,159,165,162,164,160,159,162,163,162,164,161,161,163,164,162,163,161,160,162,159,161,164,163,160,161,165,163,196,160,159,160,159,162,160,166,166,164,162,165,169,197,170,166,167]}