{"time":[3.0330000000000004,3.2560000000000002,3.5260000000000002,3.766,3.981,4.1979999999999995,4.403,4.595,4.789,5.0009999999999994,5.193999999999999,5.385999999999999,5.566999999999999,5.7829999999999995,6.02,6.242,6.5,6.695,6.902,7.154,7.412,7.635,7.887,8.109,8.328,8.53,8.783999999999999,9.065999999999999,9.305,9.562,9.783,10.013,10.253,10.483,10.733,10.96,11.212000000000002,11.451000000000002,11.692000000000002,11.914000000000001,12.141000000000002,12.385000000000002,12.605000000000002,12.836000000000002],"fps":[3.898635477582846,3.898635477582846,3.937007874015748,3.937007874015748,3.937007874015748,3.937007874015748,3.937007874015748,4.677268475210477,4.677268475210477,4.677268475210477,4.677268475210477,4.677268475210477,4.677268475210477,5.05050505050505,5.05050505050505,5.05050505050505,5.05050505050505,5.05050505050505,4.468275245755138,4.468275245755138,4.468275245755138,4.468275245755138,4.468275245755138,4.142502071251036,4.142502071251036,4.142502071251036,4.142502071251036,4.142502071251036,4.1806020066889635,4.1806020066889635,4.1806020066889635,4.1806020066889635,4.1806020066889635,4.244482173174872,4.244482173174872,4.244482173174872,4.244482173174872,4.244482173174872,4.1356492969396195,4.1356492969396195,4.1356492969396195,4.1356492969396195,4.1356492969396195,4.370629370629371],"raf":[270,223,270,240,215,217,205,192,194,212,193,192,182,215,237,222,258,196,206,252,258,223,252,222,219,202,254,282,239,257,221,230,240,230,250,227,253,238,241,222,227,244,220,231]}