{"time":[3.0250000000000004,3.2540000000000004,3.4740000000000006,3.9340000000000006,4.312,4.675000000000001,4.9430000000000005,5.222,5.447,5.739,6.043,6.304,6.587000000000001,6.936000000000001,7.221000000000001,7.507000000000001,7.94,8.271,8.553,8.74,8.962,9.241999999999999,9.488,9.754999999999999,9.997,10.26,10.491999999999999,10.684999999999999,10.915,11.171999999999999,11.405,11.693999999999999,12.020999999999999,12.249999999999998,12.524999999999999,12.804999999999998],"fps":[3.3585222502099077,3.3585222502099077,3.3585222502099077,3.3585222502099077,3.108003108003108,3.108003108003108,3.108003108003108,3.108003108003108,3.5211267605633805,3.5211267605633805,3.5211267605633805,3.5211267605633805,3.5118525021949076,3.5118525021949076,3.5118525021949076,3.5118525021949076,2.9563932002956395,2.9563932002956395,2.9563932002956395,2.9563932002956395,3.9138943248532287,3.9138943248532287,3.9138943248532287,3.9138943248532287,3.864734299516908,3.864734299516908,3.864734299516908,3.864734299516908,3.864734299516908,4.25531914893617,4.25531914893617,4.25531914893617,4.25531914893617,3.7105751391465676,3.7105751391465676,3.7105751391465676],"raf":[254,229,221,459,378,363,268,279,225,292,303,261,283,349,285,286,433,331,282,187,222,280,246,267,242,263,232,193,230,257,233,289,327,229,275,280]}