{"time":[3.0150000000000006,3.1290000000000004,3.3080000000000003,3.4280000000000004,3.5320000000000005,3.6400000000000006,3.7390000000000008,3.8320000000000007,3.9330000000000007,4.027000000000001,4.122000000000001,4.220000000000001,4.292000000000001,4.382000000000001,4.481000000000001,4.558000000000001,4.642,4.746,4.837000000000001,4.922000000000001,5.010000000000001,5.102,5.2010000000000005,5.289000000000001,5.382000000000001,5.469,5.559,5.658,5.7700000000000005,5.8660000000000005,5.949000000000001,6.050000000000001,6.158,6.257000000000001,6.367000000000001,6.507000000000001,6.6450000000000005,6.782,6.885,6.986,7.085,7.179,7.281000000000001,7.375000000000001,7.4670000000000005,7.572000000000001,7.683000000000001,7.766000000000001,7.878000000000001,7.984000000000001,8.082,8.199000000000002,8.314000000000002,8.414000000000001,8.504000000000001,8.585,8.685,8.798,8.916,9.031,9.123000000000001,9.235000000000001,9.348,9.450000000000001,9.557,9.659,9.766,9.851,9.951,10.053,10.137,10.239,10.341000000000001,10.447000000000001,10.565000000000001,10.641000000000002,10.732000000000001,10.833000000000002,10.935000000000002,11.047000000000002,11.144000000000002,11.251000000000001,11.353000000000002,11.454000000000002,11.561000000000002,11.655000000000001,11.750000000000002,11.864000000000003,11.981000000000003,12.097000000000003,12.216000000000003,12.328000000000003,12.433000000000003,12.549000000000003,12.650000000000004,12.737000000000004,12.835000000000004,12.949000000000005],"fps":[9.652509652509652,9.652509652509652,9.652509652509652,9.652509652509652,9.652509652509652,9.652509652509652,9.652509652509652,9.652509652509652,9.652509652509652,8.893280632411066,8.893280632411066,8.893280632411066,8.893280632411066,8.893280632411066,8.893280632411066,8.893280632411066,8.893280632411066,8.893280632411066,8.893280632411066,8.893280632411066,8.893280632411066,11.162790697674419,11.162790697674419,11.162790697674419,11.162790697674419,11.162790697674419,11.162790697674419,11.162790697674419,11.162790697674419,11.162790697674419,11.162790697674419,11.162790697674419,10.406811731315043,10.406811731315043,10.406811731315043,10.406811731315043,10.406811731315043,10.406811731315043,10.406811731315043,10.406811731315043,10.406811731315043,8.823529411764707,8.823529411764707,8.823529411764707,8.823529411764707,8.823529411764707,8.823529411764707,8.823529411764707,8.823529411764707,8.823529411764707,8.823529411764707,9.803921568627452,9.803921568627452,9.803921568627452,9.803921568627452,9.803921568627452,9.803921568627452,9.803921568627452,9.803921568627452,9.803921568627452,9.803921568627452,9.652509652509652,9.652509652509652,9.652509652509652,9.652509652509652,9.652509652509652,9.652509652509652,9.652509652509652,9.652509652509652,9.652509652509652,9.652509652509652,9.9601593625498,9.9601593625498,9.9601593625498,9.9601593625498,9.9601593625498,9.9601593625498,9.9601593625498,9.9601593625498,9.9601593625498,9.9601593625498,9.881422924901186,9.881422924901186,9.881422924901186,9.881422924901186,9.881422924901186,9.881422924901186,9.881422924901186,9.881422924901186,9.881422924901186,9.881422924901186,9.285051067780874,9.285051067780874,9.285051067780874,9.285051067780874,9.285051067780874,9.285051067780874,9.285051067780874],"raf":[110,114,179,120,104,108,99,93,101,94,95,98,72,90,99,77,84,104,91,85,89,91,99,88,93,87,90,99,112,96,83,101,109,98,110,140,138,137,103,101,99,94,102,94,93,104,111,83,112,106,98,117,115,100,90,82,99,113,118,116,92,111,113,102,107,102,108,84,101,101,85,101,102,107,117,76,91,101,102,113,96,107,102,101,107,94,95,114,117,116,120,111,105,116,101,87,98,114]}