{"time":[3.0090000000000012,3.090000000000001,3.175000000000001,3.2700000000000014,3.3530000000000015,3.4600000000000017,3.540000000000002,3.619000000000002,3.698000000000002,3.7810000000000024,3.8640000000000025,3.9480000000000026,4.029000000000003,4.111000000000002,4.189000000000003,4.2680000000000025,4.3560000000000025,4.437000000000003,4.515000000000003,4.595000000000003,4.676000000000004,4.7550000000000034,4.839000000000003,4.922000000000003,5.006000000000003,5.0900000000000025,5.172000000000002,5.259000000000002,5.347000000000002,5.438000000000002,5.535000000000003,5.639000000000003,5.730000000000003,5.8190000000000035,5.909000000000003,6.002000000000003,6.094000000000003,6.184000000000003,6.277000000000003,6.375000000000003,6.471000000000003,6.568000000000003,6.684000000000003,6.7760000000000025,6.862000000000003,6.952000000000003,7.051000000000003,7.150000000000003,7.242000000000003,7.338000000000003,7.431000000000003,7.5340000000000025,7.626000000000002,7.719000000000002,7.814000000000002,7.9060000000000015,7.999000000000001,8.091000000000001,8.184000000000001,8.278,8.376000000000001,8.472000000000001,8.567000000000002,8.667000000000002,8.761000000000001,8.855,8.949,9.044,9.136000000000001,9.231000000000002,9.329000000000002,9.422000000000002,9.513000000000002,9.604000000000001,9.713000000000001,9.805000000000001,9.899000000000001,9.992,10.083,10.183,10.274,10.376,10.471,10.564,10.657,10.751,10.841999999999999,10.934999999999999,11.027999999999999,11.118999999999998,11.212999999999997,11.302999999999997,11.396999999999997,11.493999999999996,11.585999999999997,11.678999999999997,11.769999999999996,11.862999999999996,11.954999999999997,12.048999999999996,12.147999999999996,12.243999999999996,12.338999999999997,12.449999999999998,12.568999999999997,12.663999999999998,12.758999999999999,12.857,12.955],"fps":[9.389671361502348,9.389671361502348,9.389671361502348,9.389671361502348,11.235955056179776,11.235955056179776,11.235955056179776,11.235955056179776,11.235955056179776,11.235955056179776,11.235955056179776,11.235955056179776,11.235955056179776,11.235955056179776,11.235955056179776,11.235955056179776,11.964107676969093,11.964107676969093,11.964107676969093,11.964107676969093,11.964107676969093,11.964107676969093,11.964107676969093,11.964107676969093,11.964107676969093,11.964107676969093,11.964107676969093,11.964107676969093,11.964107676969093,12.014787430683919,12.014787430683919,12.014787430683919,12.014787430683919,12.014787430683919,12.014787430683919,12.014787430683919,12.014787430683919,12.014787430683919,12.014787430683919,12.014787430683919,10.648596321393999,10.648596321393999,10.648596321393999,10.648596321393999,10.648596321393999,10.648596321393999,10.648596321393999,10.648596321393999,10.648596321393999,10.648596321393999,10.648596321393999,10.348071495766698,10.348071495766698,10.348071495766698,10.348071495766698,10.348071495766698,10.348071495766698,10.348071495766698,10.348071495766698,10.348071495766698,10.348071495766698,10.348071495766698,10.648596321393999,10.648596321393999,10.648596321393999,10.648596321393999,10.648596321393999,10.648596321393999,10.648596321393999,10.648596321393999,10.648596321393999,10.648596321393999,10.648596321393999,10.607521697203472,10.607521697203472,10.607521697203472,10.607521697203472,10.607521697203472,10.607521697203472,10.607521697203472,10.607521697203472,10.607521697203472,10.607521697203472,10.607521697203472,10.446343779677113,10.446343779677113,10.446343779677113,10.446343779677113,10.446343779677113,10.446343779677113,10.446343779677113,10.446343779677113,10.446343779677113,10.446343779677113,10.446343779677113,10.76320939334638,10.76320939334638,10.76320939334638,10.76320939334638,10.76320939334638,10.76320939334638,10.76320939334638,10.76320939334638,10.76320939334638,10.76320939334638,10.76320939334638,10.185185185185185,10.185185185185185,10.185185185185185],"raf":[83,81,85,95,83,107,80,79,79,83,83,84,81,82,78,79,88,81,78,81,80,79,84,83,84,84,82,87,88,91,97,104,91,89,90,93,92,90,94,97,96,97,116,92,86,90,99,99,92,96,93,103,92,93,95,92,93,92,93,94,98,97,94,100,94,94,94,95,92,95,98,93,91,91,109,92,94,93,92,99,91,102,95,93,93,94,91,93,93,91,94,90,94,97,92,93,91,93,92,94,99,96,95,111,119,95,95,98,98]}