{"time":[3.2670000000000003,3.6000000000000005,4.0440000000000005,4.582000000000001,5.041,5.494000000000001,5.908,6.723000000000001,7.206,7.7490000000000006,8.294,9.073,9.51,9.934,10.347999999999999,10.87,11.335999999999999,11.720999999999998,12.212999999999997,12.773999999999997],"fps":[2.1629416005767843,2.1629416005767843,2.1629416005767843,2.2813688212927756,2.2813688212927756,2.2813688212927756,2.262443438914027,2.262443438914027,1.5408320493066257,1.5408320493066257,1.838235294117647,1.838235294117647,1.644736842105263,1.644736842105263,1.644736842105263,2.2058823529411766,2.2058823529411766,2.2058823529411766,2.2338049143708116,2.2338049143708116],"raf":[471,333,444,538,459,453,414,815,483,543,545,779,437,424,414,522,466,385,492,561]}