{"time":[3.1420000000000003,3.6210000000000004,4.071000000000001,4.4750000000000005,4.8660000000000005,5.248,5.6290000000000004,6.011,6.4110000000000005,6.799,7.15,7.5440000000000005,7.9270000000000005,8.294,8.677,9.068,9.513,9.913,10.363,10.854,11.248999999999999,11.634999999999998,12.006999999999998,12.419999999999998,12.834999999999997],"fps":[1.941747572815534,1.941747572815534,1.941747572815534,2.250562640660165,2.250562640660165,2.250562640660165,2.5996533795493932,2.5996533795493932,2.5996533795493932,2.5619128949615715,2.5619128949615715,2.5619128949615715,2.6619343389529724,2.6619343389529724,2.6619343389529724,2.629272567922875,2.629272567922875,2.629272567922875,2.3166023166023164,2.3166023166023164,2.3166023166023164,2.358490566037736,2.358490566037736,2.358490566037736,2.5],"raf":[611,479,450,404,391,382,381,382,400,389,350,394,383,367,383,391,445,400,450,491,395,386,372,413,415]}