{"time":[3.0610000000000004,3.3830000000000005,3.6950000000000003,4.019,4.3790000000000004,4.757000000000001,5.174,5.517,5.813000000000001,6.123,6.424,6.716,7.002,7.3149999999999995,7.635,7.93,8.225,8.533,8.828999999999999,9.104,9.386999999999999,9.672999999999998,9.958999999999998,10.238999999999997,10.560999999999996,10.826999999999996,11.070999999999996,11.337999999999996,11.602999999999996,11.845999999999997,12.091999999999997,12.337999999999997,12.576999999999998,12.852999999999998],"fps":[3.1496062992125986,3.1496062992125986,3.1496062992125986,3.018867924528302,3.018867924528302,3.018867924528302,2.5996533795493932,2.5996533795493932,2.5996533795493932,2.5996533795493932,3.1974420463629096,3.1974420463629096,3.1974420463629096,3.1974420463629096,3.3057851239669422,3.3057851239669422,3.3057851239669422,3.3057851239669422,3.3500837520938025,3.3500837520938025,3.3500837520938025,3.3500837520938025,3.5398230088495577,3.5398230088495577,3.5398230088495577,3.5398230088495577,3.597122302158273,3.597122302158273,3.597122302158273,3.597122302158273,3.9177277179236043,3.9177277179236043,3.9177277179236043,3.9177277179236043],"raf":[366,322,312,324,360,378,417,343,297,309,302,291,286,313,320,295,295,308,296,275,283,286,286,280,322,266,244,267,265,243,246,246,239,276]}