{"time":[3.0519999999999996,3.1779999999999995,3.2909999999999995,3.4279999999999995,3.5369999999999995,3.6649999999999996,3.8059999999999996,3.9549999999999996,4.066,4.202999999999999,4.324,4.434,4.557,4.678000000000001,4.807,4.924,5.049,5.171,5.281000000000001,5.401000000000001,5.540000000000001,5.658000000000001,5.767000000000001,5.895000000000001,6.018000000000002,6.139000000000001,6.263000000000001,6.388000000000001,6.525,6.642,6.761,6.898,7.013,7.205,7.373,7.506,7.6450000000000005,7.756,7.8740000000000006,7.986000000000001,8.091000000000001,8.199000000000002,8.338000000000001,8.486,8.605,8.717,8.825000000000001,8.953000000000001,9.064000000000002,9.183000000000002,9.283000000000001,9.39,9.5,9.592,9.704,9.824,9.938,10.040000000000001,10.145000000000001,10.278000000000002,10.414000000000001,10.531000000000002,10.639000000000003,10.755000000000003,10.881000000000002,11.000000000000002,11.109000000000002,11.216000000000001,11.336,11.449,11.549,11.642999999999999,11.754999999999999,11.874999999999998,11.978999999999997,12.076999999999998,12.193999999999999,12.29,12.391,12.501,12.609,12.709,12.818,12.917],"fps":[7.518796992481203,7.5685903500473035,7.5685903500473035,7.5685903500473035,7.5685903500473035,7.5685903500473035,7.5685903500473035,7.5685903500473035,7.5685903500473035,7.804878048780488,7.804878048780488,7.804878048780488,7.804878048780488,7.804878048780488,7.804878048780488,7.804878048780488,7.804878048780488,7.804878048780488,8.348794063079778,8.348794063079778,8.348794063079778,8.348794063079778,8.348794063079778,8.348794063079778,8.348794063079778,8.348794063079778,8.348794063079778,8.12274368231047,8.12274368231047,8.12274368231047,8.12274368231047,8.12274368231047,8.12274368231047,8.12274368231047,8.12274368231047,7.162041181736795,7.162041181736795,7.162041181736795,7.162041181736795,7.162041181736795,7.162041181736795,7.162041181736795,7.162041181736795,7.162041181736795,8.18926296633303,8.18926296633303,8.18926296633303,8.18926296633303,8.18926296633303,8.18926296633303,8.18926296633303,8.18926296633303,8.18926296633303,8.18926296633303,9.099181073703367,9.099181073703367,9.099181073703367,9.099181073703367,9.099181073703367,9.099181073703367,9.099181073703367,9.099181073703367,9.099181073703367,8.56327307326356,8.56327307326356,8.56327307326356,8.56327307326356,8.56327307326356,8.56327307326356,8.56327307326356,8.56327307326356,8.56327307326356,8.56327307326356,8.928571428571429,8.928571428571429,8.928571428571429,8.928571428571429,8.928571428571429,8.928571428571429,8.928571428571429,8.928571428571429,8.928571428571429,8.928571428571429,9.596928982725528],"raf":[123,126,113,137,109,128,141,149,111,137,121,110,123,121,129,117,125,122,110,120,139,118,109,128,123,121,124,126,136,117,119,137,115,192,169,132,139,111,118,112,105,108,139,148,119,112,108,128,112,118,100,107,110,92,112,120,114,102,105,133,136,117,108,116,126,119,109,107,120,113,100,94,112,120,104,98,117,96,101,110,108,100,109,99]}