{"time":[3.419,4.097,4.5600000000000005,5.061000000000001,5.532000000000001,5.982000000000001,6.461000000000001,6.872000000000001,7.324000000000001,7.779000000000001,8.218,8.657,9.09,9.572,10.01,10.468,10.937,11.363,11.785,12.196,12.658],"fps":[2.782415136338342,1.8495684340320593,1.8495684340320593,1.8495684340320593,2.092050209205021,2.092050209205021,2.092050209205021,2.2388059701492535,2.2388059701492535,2.2388059701492535,2.2288261515601784,2.2288261515601784,2.2288261515601784,2.2156573116691285,2.2156573116691285,2.2156573116691285,2.197802197802198,2.197802197802198,2.197802197802198,2.3828435266084194,2.3828435266084194],"raf":[426,679,462,501,471,450,480,410,452,455,439,440,433,481,438,458,469,426,422,411,462]}