{"time":[4.366,5.244,6.05,6.842,7.787999999999999,8.761999999999999,9.719,10.66,11.614,12.4],"fps":[1.3080444735120995,1.3080444735120995,1.1869436201780414,1.1869436201780414,1.1514104778353482,1.1514104778353482,1.0357327809425168,1.0357327809425168,1.0554089709762533,1.0554089709762533],"raf":[2194,878,806,792,945,974,957,941,954,787]}