{"time":[3,3.216,3.4050000000000002,3.6250000000000004,3.8310000000000004,3.9990000000000006,4.179,4.357,4.589,4.885000000000001,5.187,5.446000000000001,5.663,5.8580000000000005,6.069000000000001,6.300000000000001,6.546000000000001,6.779000000000001,7.063000000000001,7.339,7.567,7.838,8.144,8.449,8.713,8.981,9.2,9.463,9.690999999999999,9.902999999999999,10.136999999999999,10.350999999999999,10.537999999999998,10.732999999999999,10.916999999999998,11.123999999999999,11.307999999999998,11.468999999999998,11.645999999999997,11.811999999999998,12.001999999999997,12.185999999999996,12.375999999999996,12.617999999999995,12.897999999999994],"fps":[5,5,5,5,4.830917874396135,4.830917874396135,4.830917874396135,4.830917874396135,4.830917874396135,4.743833017077799,4.743833017077799,4.743833017077799,4.743833017077799,4.743833017077799,4.222972972972973,4.222972972972973,4.222972972972973,4.222972972972973,4.222972972972973,3.937007874015748,3.937007874015748,3.937007874015748,3.937007874015748,3.6036036036036037,3.6036036036036037,3.6036036036036037,3.6036036036036037,3.9447731755424065,3.9447731755424065,3.9447731755424065,3.9447731755424065,3.9447731755424065,4.651162790697675,4.651162790697675,4.651162790697675,4.651162790697675,4.651162790697675,4.651162790697675,5.415162454873646,5.415162454873646,5.415162454873646,5.415162454873646,5.415162454873646,5.415162454873646,4.792332268370607],"raf":[204,216,189,220,206,168,180,178,232,296,302,259,217,195,211,231,246,233,284,276,228,271,306,305,264,268,219,263,228,212,234,214,187,195,184,207,184,161,177,166,190,185,189,242,280]}