{"time":[3.1049999999999995,3.3539999999999996,3.5789999999999997,3.8019999999999996,4.047,4.252,4.471,4.7,4.925,5.129,5.348999999999999,5.642999999999999,5.926999999999999,6.189999999999999,6.455999999999999,6.703999999999999,6.955999999999999,7.203999999999999,7.450999999999999,7.6549999999999985,7.906999999999998,8.124999999999998,8.387999999999998,8.652999999999999,8.899999999999999,9.137999999999998,9.375999999999998,9.578999999999997,9.784999999999997,9.989999999999997,10.170999999999996,10.385999999999996,10.636999999999995,10.837999999999996,11.051999999999996,11.268999999999997,11.484999999999996,11.713999999999995,11.937999999999995,12.138999999999996,12.333999999999996,12.544999999999996,12.765999999999996,12.982999999999997],"fps":[1.6920473773265652,4.022526146419952,4.022526146419952,4.022526146419952,4.022526146419952,4.022526146419952,4.476275738585497,4.476275738585497,4.476275738585497,4.476275738585497,4.476275738585497,4.266211604095563,4.266211604095563,4.266211604095563,4.266211604095563,3.770028275212064,3.770028275212064,3.770028275212064,3.770028275212064,3.770028275212064,4.156275976724855,4.156275976724855,4.156275976724855,4.156275976724855,4.156275976724855,4.061738424045491,4.061738424045491,4.061738424045491,4.061738424045491,4.061738424045491,4.84027105517909,4.84027105517909,4.84027105517909,4.84027105517909,4.84027105517909,4.553734061930784,4.553734061930784,4.553734061930784,4.553734061930784,4.553734061930784,4.694835680751174,4.694835680751174,4.694835680751174,4.694835680751174],"raf":[284,248,225,223,245,205,219,229,225,204,220,294,285,263,265,248,254,246,248,203,252,218,263,265,247,238,238,204,205,205,181,215,251,200,214,217,216,229,224,201,195,211,221,217]}