{"time":[3.1329999999999996,3.2899999999999996,3.4319999999999995,3.5799999999999996,3.7239999999999998,3.8729999999999998,4.028,4.175999999999999,4.326999999999999,4.470999999999999,4.621999999999999,4.770999999999999,4.930999999999999,5.076999999999999,5.221999999999999,5.366999999999998,5.5219999999999985,5.6789999999999985,5.823999999999998,5.968999999999998,6.128999999999998,6.273999999999997,6.421999999999997,6.578999999999997,6.726999999999997,6.864999999999997,7.0079999999999965,7.152999999999996,7.304999999999996,7.4549999999999965,7.616999999999996,7.763999999999997,7.908999999999996,8.058999999999996,8.202999999999996,8.347999999999995,8.500999999999996,8.643999999999997,8.791999999999996,8.951999999999996,9.101999999999997,9.249999999999996,9.406999999999996,9.552999999999997,9.700999999999997,9.848999999999997,10.021999999999997,10.167999999999997,10.313999999999998,10.464999999999998,10.612999999999998,10.758999999999999,10.907999999999998,11.053999999999998,11.203999999999999,11.354999999999999,11.502999999999998,11.655999999999999,11.803999999999998,11.942999999999998,12.106999999999998,12.257999999999997,12.399999999999997,12.548999999999996,12.695999999999996,12.842999999999996,12.993999999999996],"fps":[6.666666666666667,6.666666666666667,6.666666666666667,6.666666666666667,6.666666666666667,6.666666666666667,6.666666666666667,6.7114093959731544,6.7114093959731544,6.7114093959731544,6.7114093959731544,6.7114093959731544,6.7114093959731544,6.7114093959731544,6.692160611854685,6.692160611854685,6.692160611854685,6.692160611854685,6.692160611854685,6.692160611854685,6.692160611854685,6.647673314339981,6.647673314339981,6.647673314339981,6.647673314339981,6.647673314339981,6.647673314339981,6.647673314339981,6.796116504854369,6.796116504854369,6.796116504854369,6.796116504854369,6.796116504854369,6.796116504854369,6.796116504854369,6.7114093959731544,6.7114093959731544,6.7114093959731544,6.7114093959731544,6.7114093959731544,6.7114093959731544,6.7114093959731544,6.610009442870632,6.610009442870632,6.610009442870632,6.610009442870632,6.610009442870632,6.610009442870632,6.610009442870632,6.616257088846881,6.616257088846881,6.616257088846881,6.616257088846881,6.616257088846881,6.616257088846881,6.616257088846881,6.74373795761079,6.74373795761079,6.74373795761079,6.74373795761079,6.74373795761079,6.74373795761079,6.74373795761079,6.692160611854685,6.692160611854685,6.692160611854685,6.692160611854685],"raf":[141,157,142,148,144,149,155,148,151,144,151,149,160,146,145,145,155,157,145,145,160,146,147,157,148,138,143,145,152,150,162,147,145,150,144,145,153,143,148,160,150,148,157,146,148,148,173,146,146,151,148,146,149,146,150,151,148,153,148,139,164,151,142,149,147,147,151]}