{"time":[3.0469999999999993,3.2039999999999993,3.3569999999999993,3.5089999999999995,3.6569999999999996,3.8049999999999997,3.953,4.117,4.269,4.4190000000000005,4.567,4.7170000000000005,4.8660000000000005,5.016000000000001,5.168000000000001,5.320000000000001,5.472000000000001,5.621000000000001,5.772000000000001,5.920000000000001,6.073,6.223000000000001,6.373000000000001,6.521000000000001,6.668000000000001,6.816000000000001,6.964,7.118,7.269,7.416,7.564,7.713,7.862,8.01,8.158,8.306,8.453999999999999,8.601999999999999,8.751999999999999,8.899999999999999,9.048999999999998,9.198999999999998,9.345999999999998,9.495999999999999,9.671999999999999,9.868999999999998,10.081999999999997,10.245999999999997,10.390999999999996,10.536999999999997,10.682999999999998,10.829999999999998,10.977999999999998,11.124999999999998,11.273999999999997,11.421999999999997,11.569999999999997,11.718999999999996,11.867999999999995,12.015999999999995,12.164999999999994,12.313999999999993,12.461999999999993,12.612999999999992,12.759999999999993,12.906999999999993],"fps":[6.244424620874219,6.244424620874219,6.244424620874219,6.317689530685921,6.317689530685921,6.317689530685921,6.317689530685921,6.317689530685921,6.317689530685921,6.317689530685921,6.610009442870632,6.610009442870632,6.610009442870632,6.610009442870632,6.610009442870632,6.610009442870632,6.610009442870632,6.647673314339981,6.647673314339981,6.647673314339981,6.647673314339981,6.647673314339981,6.647673314339981,6.647673314339981,6.685768863419293,6.685768863419293,6.685768863419293,6.685768863419293,6.685768863419293,6.685768863419293,6.685768863419293,6.698564593301436,6.698564593301436,6.698564593301436,6.698564593301436,6.698564593301436,6.698564593301436,6.698564593301436,6.737247353224254,6.737247353224254,6.737247353224254,6.737247353224254,6.737247353224254,6.737247353224254,6.737247353224254,6.266786034019695,6.266786034019695,6.266786034019695,6.266786034019695,6.266786034019695,6.266786034019695,6.266786034019695,6.311992786293959,6.311992786293959,6.311992786293959,6.311992786293959,6.311992786293959,6.311992786293959,6.311992786293959,6.74373795761079,6.74373795761079,6.74373795761079,6.74373795761079,6.74373795761079,6.74373795761079,6.74373795761079],"raf":[154,157,153,152,148,148,148,164,152,150,148,149,150,149,152,152,152,149,151,148,153,150,150,148,147,148,148,154,151,147,149,148,149,148,148,148,148,148,150,148,149,150,147,150,176,197,213,164,145,146,146,147,148,148,149,147,148,149,149,148,149,149,148,151,147,147]}