{"time":[3.0960000000000005,3.3760000000000003,3.6480000000000006,3.9220000000000006,4.178000000000001,4.405000000000001,4.624000000000001,4.842000000000001,5.081000000000001,5.323000000000001,5.583000000000001,5.849000000000001,6.108000000000001,6.366000000000001,6.633000000000002,6.893000000000002,7.153000000000001,7.413000000000001,7.6720000000000015,7.935000000000001,8.198000000000002,8.454000000000002,8.711000000000002,8.971000000000002,9.234000000000002,9.490000000000002,9.736000000000002,9.986000000000002,10.225000000000003,10.453000000000003,10.674000000000003,10.921000000000003,11.163000000000004,11.387000000000004,11.625000000000004,11.865000000000004,12.086000000000004,12.299000000000003,12.509000000000004,12.719000000000005,12.948000000000004],"fps":[2.7372262773722627,2.7372262773722627,2.7372262773722627,3.587443946188341,3.587443946188341,3.587443946188341,3.587443946188341,3.587443946188341,4.3140638481449525,4.3140638481449525,4.3140638481449525,4.3140638481449525,3.8948393378773125,3.8948393378773125,3.8948393378773125,3.8948393378773125,3.827751196172249,3.827751196172249,3.827751196172249,3.827751196172249,3.827751196172249,3.827751196172249,3.827751196172249,3.827751196172249,3.861003861003861,3.861003861003861,3.861003861003861,3.861003861003861,3.861003861003861,4.1017227235438884,4.1017227235438884,4.1017227235438884,4.1017227235438884,4.1017227235438884,4.266211604095563,4.266211604095563,4.266211604095563,4.266211604095563,4.266211604095563,4.570383912248629,4.570383912248629],"raf":[289,280,272,274,256,228,218,218,239,242,260,266,259,258,267,260,260,260,259,263,263,256,257,260,263,256,246,250,240,227,221,247,242,224,238,240,221,214,209,210,229]}