{"time":[3.114,3.346,3.576,3.806,4.017,4.2090000000000005,4.406000000000001,4.625000000000001,4.821000000000001,5.021000000000001,5.218000000000001,5.430000000000001,5.69,5.909000000000001,6.106000000000001,6.298000000000001,6.486000000000001,6.6770000000000005,6.884,7.0840000000000005,7.281000000000001,7.469,7.691000000000001,7.880000000000001,8.07,8.259,8.452,8.663,8.864,9.055000000000001,9.264000000000001,9.46,9.656,9.88,10.079,10.284,10.48,10.686,10.882,11.075,11.273,11.479,11.696,11.921,12.113,12.309999999999999,12.521999999999998,12.726999999999999,12.931],"fps":[4.0290088638195005,4.0290088638195005,4.0290088638195005,4.065040650406504,4.065040650406504,4.065040650406504,4.065040650406504,4.065040650406504,4.926108374384237,4.926108374384237,4.926108374384237,4.926108374384237,4.926108374384237,4.595588235294118,4.595588235294118,4.595588235294118,4.595588235294118,4.595588235294118,4.595588235294118,5.1063829787234045,5.1063829787234045,5.1063829787234045,5.1063829787234045,5.1063829787234045,5.1063829787234045,5.1063829787234045,5.1063829787234045,5.1063829787234045,5.1063829787234045,5.1063829787234045,4.975124378109452,4.975124378109452,4.975124378109452,4.975124378109452,4.975124378109452,4.901960784313726,4.901960784313726,4.901960784313726,4.901960784313726,4.901960784313726,4.901960784313726,5.02092050209205,5.02092050209205,5.02092050209205,5.02092050209205,5.02092050209205,4.793863854266539,4.793863854266539,4.793863854266539],"raf":[242,232,230,230,211,192,197,219,196,200,197,212,260,219,198,191,188,191,207,200,197,188,222,189,190,189,193,211,201,191,209,196,196,224,199,205,196,206,196,193,198,206,217,225,192,197,212,205,204]}