{"time":[3.382,3.912,4.288,4.718,5.0809999999999995,5.515999999999999,5.851999999999999,6.238999999999999,6.780999999999999,7.383999999999999,7.848999999999998,8.311999999999998,8.879999999999997,9.338999999999997,9.780999999999997,10.263999999999998,10.730999999999998,11.501999999999999,12.040999999999999,12.532999999999998],"fps":[1.4892032762472078,1.4892032762472078,1.4892032762472078,2.245508982035928,2.245508982035928,2.245508982035928,2.6455026455026456,2.6455026455026456,2.6455026455026456,1.95822454308094,1.95822454308094,1.95822454308094,2.0053475935828877,2.0053475935828877,2.0053475935828877,2.1660649819494586,2.1660649819494586,1.6168148746968471,1.6168148746968471,1.9398642095053347],"raf":[487,530,377,429,363,435,336,387,542,603,465,463,568,459,442,483,467,771,539,492]}