{"time":[3.057,3.166,3.261,3.3640000000000003,3.4710000000000005,3.5650000000000004,3.6600000000000006,3.755000000000001,3.847000000000001,3.947000000000001,4.051000000000001,4.147000000000001,4.246000000000001,4.3450000000000015,4.435000000000001,4.532000000000002,4.6400000000000015,4.739000000000002,4.831000000000001,4.926000000000001,5.021000000000001,5.1080000000000005,5.212000000000001,5.317000000000001,5.431000000000001,5.534000000000001,5.630000000000001,5.728000000000001,5.830000000000001,5.931000000000001,6.035000000000001,6.138000000000001,6.229000000000001,6.322000000000001,6.429000000000001,6.534000000000002,6.6320000000000014,6.727000000000001,6.812000000000001,6.908000000000001,7.016000000000001,7.1160000000000005,7.214,7.315,7.418,7.523000000000001,7.615,7.71,7.806,7.904,7.999,8.1,8.202,8.302,8.395999999999999,8.491,8.578999999999999,8.671999999999999,8.768999999999998,8.867999999999999,8.970999999999998,9.078999999999999,9.185999999999998,9.282999999999998,9.372999999999998,9.467999999999998,9.577999999999998,9.672999999999998,9.774999999999999,9.871999999999998,9.973999999999998,10.075,10.17,10.291,10.38,10.489,10.576,10.676,10.771,10.865,10.962,11.049999999999999,11.151,11.254,11.353,11.454,11.555000000000001,11.652000000000001,11.754000000000001,11.851,11.938,12.026,12.123,12.216999999999999,12.309,12.398,12.493,12.591000000000001,12.704,12.824,12.904],"fps":[8.595988538681949,8.595988538681949,8.595988538681949,8.595988538681949,8.595988538681949,8.595988538681949,8.595988538681949,8.595988538681949,8.595988538681949,8.595988538681949,8.595988538681949,10.091743119266056,10.091743119266056,10.091743119266056,10.091743119266056,10.091743119266056,10.091743119266056,10.091743119266056,10.091743119266056,10.091743119266056,10.091743119266056,10.091743119266056,10.328638497652582,10.328638497652582,10.328638497652582,10.328638497652582,10.328638497652582,10.328638497652582,10.328638497652582,10.328638497652582,10.328638497652582,10.328638497652582,9.82318271119843,9.82318271119843,9.82318271119843,9.82318271119843,9.82318271119843,9.82318271119843,9.82318271119843,9.82318271119843,9.82318271119843,9.82318271119843,9.82318271119843,10.138248847926267,10.138248847926267,10.138248847926267,10.138248847926267,10.138248847926267,10.138248847926267,10.138248847926267,10.138248847926267,10.138248847926267,10.138248847926267,10.138248847926267,10.175763182238668,10.175763182238668,10.175763182238668,10.175763182238668,10.175763182238668,10.175763182238668,10.175763182238668,10.175763182238668,10.175763182238668,10.175763182238668,10.175763182238668,10.251630941286114,10.251630941286114,10.251630941286114,10.251630941286114,10.251630941286114,10.251630941286114,10.251630941286114,10.251630941286114,10.251630941286114,10.251630941286114,9.803921568627452,9.803921568627452,9.803921568627452,9.803921568627452,9.803921568627452,9.803921568627452,9.803921568627452,9.803921568627452,9.803921568627452,9.803921568627452,9.803921568627452,10.318949343339588,10.318949343339588,10.318949343339588,10.318949343339588,10.318949343339588,10.318949343339588,10.318949343339588,10.318949343339588,10.318949343339588,10.318949343339588,10.318949343339588,10.617760617760618,10.617760617760618,10.617760617760618,10.617760617760618],"raf":[98,109,95,103,107,94,95,95,92,100,104,96,99,99,90,97,108,99,93,94,95,87,104,105,114,103,96,98,102,101,104,103,92,92,107,105,98,95,85,96,108,100,98,101,103,105,92,95,97,97,95,101,102,100,94,95,88,93,97,99,103,108,107,97,90,96,109,95,102,97,102,101,95,121,89,109,87,100,95,94,97,88,101,103,99,101,101,97,102,97,87,88,97,94,92,89,95,98,113,120,80]}