{"time":[3.2450000000000006,3.5420000000000007,3.819000000000001,4.118000000000001,4.415000000000001,4.713000000000001,5.000000000000001,5.266000000000001,5.545000000000001,5.817000000000001,6.141000000000001,6.480000000000001,6.732000000000001,6.997000000000001,7.2620000000000005,7.509,7.746,7.989000000000001,8.22,8.452,8.691,8.949000000000002,9.199000000000002,9.432000000000002,9.669000000000002,9.911000000000001,10.192000000000002,10.461000000000002,10.739000000000003,11.040000000000003,11.325000000000003,11.569000000000003,11.814000000000002,12.050000000000002,12.290000000000003,12.535000000000002,12.773000000000001],"fps":[3.076923076923077,3.076923076923077,3.076923076923077,3.3812341504649197,3.3812341504649197,3.3812341504649197,3.3812341504649197,3.484320557491289,3.484320557491289,3.484320557491289,3.484320557491289,3.2948929159802307,3.2948929159802307,3.2948929159802307,3.2948929159802307,3.8872691933916426,3.8872691933916426,3.8872691933916426,3.8872691933916426,3.8872691933916426,4.230118443316413,4.230118443316413,4.230118443316413,4.230118443316413,4.230118443316413,4.095004095004095,4.095004095004095,4.095004095004095,4.095004095004095,3.5460992907801416,3.5460992907801416,3.5460992907801416,3.5460992907801416,3.9603960396039604,3.9603960396039604,3.9603960396039604,3.9603960396039604],"raf":[311,296,277,299,298,297,287,266,279,272,325,338,252,265,265,247,238,242,231,232,239,258,250,233,237,243,280,269,278,301,285,244,245,236,240,245,238]}