{"time":[3.2920000000000003,3.632,3.979,4.325,4.678,5.136,5.493,5.855,6.2090000000000005,6.546,6.875,7.175,7.499,7.842,8.167,8.479,8.777999999999999,9.094,9.411999999999999,9.796999999999999,10.193,10.623,10.966,11.277,11.582999999999998,11.913999999999998,12.212999999999997,12.512999999999998,12.926999999999998],"fps":[2.932551319648094,2.932551319648094,2.7027027027027026,2.7027027027027026,2.7027027027027026,2.592912705272256,2.592912705272256,2.592912705272256,2.7958993476234855,2.7958993476234855,2.7958993476234855,2.7958993476234855,3.10077519379845,3.10077519379845,3.10077519379845,3.10077519379845,3.127443315089914,3.127443315089914,3.127443315089914,2.9411764705882355,2.9411764705882355,2.9411764705882355,2.5684931506849313,2.5684931506849313,2.5684931506849313,2.5684931506849313,3.2076984763432237,3.2076984763432237,3.2076984763432237],"raf":[423,340,347,346,353,458,357,362,354,338,329,299,324,343,325,312,299,316,318,386,396,429,343,311,306,331,299,300,414]}