{"time":[3.142,3.264,3.449,3.645,3.805,3.963,4.101,4.248,4.381,4.5360000000000005,4.69,4.840000000000001,5.023000000000001,5.173000000000001,5.321000000000001,5.473000000000001,5.612000000000001,5.756000000000001,5.8980000000000015,6.069000000000002,6.231000000000002,6.383000000000002,6.582000000000002,6.759000000000001,6.952000000000001,7.099000000000001,7.251000000000001,7.410000000000001,7.563000000000001,7.720000000000001,7.893000000000001,8.033000000000001,8.165000000000001,8.306000000000001,8.451,8.610000000000001,8.762,8.906,9.059000000000001,9.207,9.339,9.48,9.605,9.745000000000001,9.876000000000001,10.014000000000001,10.162,10.285,10.423,10.566,10.698,10.828000000000001,10.956000000000001,11.095,11.211,11.372,11.566,11.73,11.874,12.022,12.152000000000001,12.282000000000002,12.407000000000002,12.533000000000001,12.670000000000002,12.795000000000002,12.918000000000001],"fps":[5.9171597633136095,5.9171597633136095,5.9171597633136095,5.9171597633136095,5.9171597633136095,5.9171597633136095,5.9171597633136095,6.329113924050633,6.329113924050633,6.329113924050633,6.329113924050633,6.329113924050633,6.329113924050633,6.329113924050633,6.523765144454799,6.523765144454799,6.523765144454799,6.523765144454799,6.523765144454799,6.523765144454799,6.523765144454799,6.5913370998116765,6.5913370998116765,6.5913370998116765,6.5913370998116765,6.5913370998116765,6.5913370998116765,5.8422590068159685,5.8422590068159685,5.8422590068159685,5.8422590068159685,5.8422590068159685,5.8422590068159685,5.8422590068159685,6.724303554274736,6.724303554274736,6.724303554274736,6.724303554274736,6.724303554274736,6.724303554274736,6.724303554274736,6.796116504854369,6.796116504854369,6.796116504854369,6.796116504854369,6.796116504854369,6.796116504854369,6.796116504854369,6.796116504854369,7.373271889400922,7.373271889400922,7.373271889400922,7.373271889400922,7.373271889400922,7.373271889400922,7.373271889400922,7.373271889400922,6.8728522336769755,6.8728522336769755,6.8728522336769755,6.8728522336769755,6.8728522336769755,6.8728522336769755,6.8728522336769755,6.8728522336769755,7.5046904315197,7.5046904315197],"raf":[152,122,185,196,160,158,138,147,133,155,154,150,183,150,148,152,139,144,142,171,162,152,199,178,193,146,152,159,153,157,173,140,132,141,145,159,152,144,153,149,131,142,124,140,131,139,147,123,138,143,132,130,128,139,117,160,194,164,144,148,130,130,125,126,137,125,122]}