{"time":[3.1940000000000004,3.607,4.073,4.546,4.9590000000000005,5.3660000000000005,5.737,6.196,6.675,7.119,7.5249999999999995,7.9399999999999995,8.404,8.863,9.344,9.889999999999999,10.406999999999998,10.876999999999999,11.309,11.863999999999999,12.302999999999999,12.748],"fps":[4.3343653250774,2.34192037470726,2.34192037470726,2.34192037470726,2.2189349112426036,2.2189349112426036,2.2189349112426036,2.4252223120452707,2.4252223120452707,2.4252223120452707,2.2573363431151243,2.2573363431151243,2.2573363431151243,2.242152466367713,2.242152466367713,1.9474196689386563,1.9474196689386563,1.9474196689386563,2.1141649048625792,2.1141649048625792,2.1141649048625792,2.0847810979847115],"raf":[467,413,466,473,413,407,371,459,479,444,406,416,463,459,481,546,517,470,432,555,439,445]}