{"time":[3.245,3.825,4.417,4.9959999999999996,5.534,6.037,6.615,7.094,7.6000000000000005,8.114,8.670000000000002,9.191000000000003,9.795000000000002,10.375000000000002,10.874000000000002,11.363000000000003,11.879000000000003,12.560000000000002],"fps":[2.295332823259373,1.6515276630883566,1.6515276630883566,1.7079419299743808,1.7079419299743808,1.9212295869356388,1.9212295869356388,1.8921475875118259,1.8921475875118259,1.9607843137254901,1.9607843137254901,1.8552875695732838,1.8552875695732838,1.6906170752324599,1.6906170752324599,1.6906170752324599,1.9946808510638299,1.9946808510638299],"raf":[631,580,592,579,538,503,578,479,506,514,556,522,603,580,499,489,516,681]}