{"time":[3.1990000000000003,3.4250000000000003,3.6630000000000003,3.89,4.132,4.366,4.601999999999999,4.835999999999999,5.06,5.2989999999999995,5.523,5.769,5.9910000000000005,6.243,6.471,6.698,6.934,7.16,7.3950000000000005,7.636,7.863,8.09,8.321,8.549,8.772,9.024000000000001,9.259,9.491,9.73,9.963000000000001,10.195,10.442,10.679,10.903,11.128,11.368,11.599,11.836,12.066,12.326,12.576,12.872],"fps":[3.964321110009911,4.280821917808219,4.280821917808219,4.280821917808219,4.280821917808219,4.280821917808219,4.248088360237893,4.248088360237893,4.248088360237893,4.248088360237893,4.248088360237893,4.284490145672665,4.284490145672665,4.284490145672665,4.284490145672665,4.284490145672665,4.291845493562231,4.291845493562231,4.291845493562231,4.291845493562231,4.291845493562231,4.325259515570934,4.325259515570934,4.325259515570934,4.325259515570934,4.325259515570934,4.277159965782721,4.277159965782721,4.277159965782721,4.277159965782721,4.277159965782721,4.22654268808115,4.22654268808115,4.22654268808115,4.22654268808115,4.22654268808115,4.32152117545376,4.32152117545376,4.32152117545376,4.32152117545376,4.32152117545376,3.927729772191673],"raf":[227,226,238,227,242,234,236,234,224,239,224,246,223,251,228,228,235,226,235,241,227,227,231,228,223,252,235,232,239,233,232,247,237,224,225,240,231,237,230,260,250,296]}