{"time":[3.2460000000000004,3.841,4.522,5.106,5.532,6.196,6.978,7.458,7.947,8.431000000000001,8.836,9.308,9.672,10.165000000000001,10.579,11.064,11.515,11.937000000000001,12.314000000000002,12.657000000000002],"fps":[3.653444676409186,1.774622892635315,1.774622892635315,1.5810276679841897,1.5810276679841897,1.833180568285976,1.833180568285976,1.5860428231562251,1.5860428231562251,1.5860428231562251,2.1754894851341553,2.1754894851341553,2.1754894851341553,2.2590361445783134,2.2590361445783134,2.2590361445783134,2.2222222222222223,2.2222222222222223,2.2222222222222223,2.6246719160104988],"raf":[532,595,681,584,426,665,781,480,489,484,406,472,363,493,414,485,451,422,377,344]}