{"time":[3.1690000000000005,3.5460000000000003,3.9030000000000005,4.2700000000000005,4.6240000000000006,4.982,5.351,5.71,6.059,6.508,6.925,7.327,7.655,7.979,8.307,8.641,8.96,9.294,9.641,9.979,10.361999999999998,10.712999999999997,11.084999999999997,11.515999999999996,11.919999999999996,12.273999999999996,12.584999999999996,12.946999999999996],"fps":[2.5906735751295336,2.5906735751295336,2.5906735751295336,2.7247956403269753,2.7247956403269753,2.7247956403269753,2.775208140610546,2.775208140610546,2.775208140610546,2.592912705272256,2.592912705272256,2.592912705272256,2.6155187445510024,2.6155187445510024,2.6155187445510024,2.6155187445510024,3.0651340996168583,3.0651340996168583,3.0651340996168583,2.944062806673209,2.944062806673209,2.944062806673209,2.7124773960216997,2.7124773960216997,2.7124773960216997,2.5231286795626575,2.5231286795626575,2.5231286795626575],"raf":[406,377,357,367,354,358,369,359,349,449,417,402,328,324,328,334,319,334,347,338,383,351,372,431,404,354,311,362]}