{"time":[3.0290000000000004,3.1380000000000003,3.2550000000000003,3.3670000000000004,3.4970000000000003,3.615,3.7300000000000004,3.8480000000000003,3.9600000000000004,4.077000000000001,4.191000000000001,4.300000000000001,4.428000000000001,4.538000000000001,4.668000000000001,4.780000000000001,4.905000000000001,5.020000000000001,5.145000000000001,5.277000000000001,5.405000000000001,5.518000000000002,5.633000000000002,5.749000000000001,5.871000000000001,5.980000000000001,6.091000000000001,6.218000000000001,6.331000000000001,6.455000000000001,6.570000000000001,6.679000000000001,6.799000000000001,6.925000000000002,7.048000000000002,7.159000000000002,7.274000000000002,7.403000000000002,7.512000000000002,7.628000000000002,7.750000000000002,7.862000000000002,7.984000000000002,8.097000000000001,8.211000000000002,8.321000000000002,8.437000000000001,8.552000000000001,8.668000000000001,8.782000000000002,8.894000000000002,9.010000000000002,9.118000000000002,9.226000000000003,9.352000000000002,9.473000000000003,9.598000000000003,9.719000000000003,9.846000000000004,9.969000000000003,10.099000000000004,10.210000000000004,10.340000000000005,10.455000000000005,10.566000000000006,10.682000000000006,10.826000000000006,10.943000000000007,11.066000000000006,11.177000000000007,11.297000000000006,11.420000000000005,11.539000000000005,11.652000000000005,11.778000000000004,11.904000000000003,12.011000000000003,12.134000000000002,12.254000000000001,12.371000000000002,12.481000000000002,12.588000000000001,12.704,12.81,12.922],"fps":[7.428040854224698,7.428040854224698,7.428040854224698,7.428040854224698,7.428040854224698,7.428040854224698,7.428040854224698,8.49056603773585,8.49056603773585,8.49056603773585,8.49056603773585,8.49056603773585,8.49056603773585,8.49056603773585,8.49056603773585,8.49056603773585,8.514664143803216,8.514664143803216,8.514664143803216,8.514664143803216,8.514664143803216,8.514664143803216,8.514664143803216,8.514664143803216,8.514664143803216,8.372093023255815,8.372093023255815,8.372093023255815,8.372093023255815,8.372093023255815,8.372093023255815,8.372093023255815,8.372093023255815,8.372093023255815,8.426966292134832,8.426966292134832,8.426966292134832,8.426966292134832,8.426966292134832,8.426966292134832,8.426966292134832,8.426966292134832,8.426966292134832,8.579599618684462,8.579599618684462,8.579599618684462,8.579599618684462,8.579599618684462,8.579599618684462,8.579599618684462,8.579599618684462,8.579599618684462,8.81488736532811,8.81488736532811,8.81488736532811,8.81488736532811,8.81488736532811,8.81488736532811,8.81488736532811,8.81488736532811,8.81488736532811,8.234217749313816,8.234217749313816,8.234217749313816,8.234217749313816,8.234217749313816,8.234217749313816,8.234217749313816,8.234217749313816,8.234217749313816,8.287292817679559,8.287292817679559,8.287292817679559,8.287292817679559,8.287292817679559,8.287292817679559,8.287292817679559,8.287292817679559,8.287292817679559,8.379888268156424,8.379888268156424,8.379888268156424,8.379888268156424,8.379888268156424,8.379888268156424],"raf":[112,109,117,112,130,118,115,118,112,117,114,109,128,110,130,112,125,115,125,132,128,113,115,116,122,109,111,127,113,124,115,109,120,126,123,111,115,129,109,116,122,112,122,113,114,110,116,115,116,114,112,116,108,108,126,121,126,120,127,123,130,112,129,115,111,116,144,117,124,110,120,123,119,113,126,126,107,123,120,117,110,107,116,106,112]}