{"time":[3.394,3.693,4.01,4.325,4.694,5.006,5.309,5.662,5.99,6.284,6.595,6.922,7.221,7.533,7.885000000000001,8.193000000000001,8.523000000000001,8.849000000000002,9.184000000000003,9.503000000000004,9.845000000000004,10.186000000000003,10.532000000000004,10.871000000000004,11.271000000000004,11.710000000000004,12.139000000000005,12.556000000000004,12.936000000000005],"fps":[2.7198549410698094,2.7198549410698094,2.7198549410698094,2.7198549410698094,3.076923076923077,3.076923076923077,3.076923076923077,3.076923076923077,3.0864197530864197,3.0864197530864197,3.0864197530864197,3.0864197530864197,3.249390739236393,3.249390739236393,3.249390739236393,3.249390739236393,3.0721966205837172,3.0721966205837172,3.0721966205837172,3.0721966205837172,3.02571860816944,3.02571860816944,3.02571860816944,2.9239766081871346,2.9239766081871346,2.9239766081871346,2.365930599369085,2.365930599369085,2.365930599369085],"raf":[410,300,316,315,369,312,303,353,328,300,305,327,299,312,352,308,330,326,335,319,342,341,346,339,400,439,429,417,380]}