{"time":[3.558,4.38,5.029,5.659,6.258,6.846,7.399,7.912,8.474,9.047,9.627,10.112,10.66,11.252,11.763,12.302,12.776],"fps":[0.5747126436781609,1.238390092879257,1.238390092879257,1.563721657544957,1.563721657544957,1.6849199663016006,1.6849199663016006,1.876172607879925,1.876172607879925,1.7621145374449338,1.7621145374449338,1.8779342723004695,1.8779342723004695,1.7543859649122806,1.7543859649122806,1.9047619047619047,1.9047619047619047],"raf":[793,822,649,630,599,588,553,513,562,573,580,485,548,592,511,539,474]}