{"time":[3.0360000000000005,3.2950000000000004,3.478,3.7190000000000003,3.9350000000000005,4.102,4.308000000000001,4.502000000000001,4.681000000000001,4.835000000000001,5.051000000000001,5.249000000000001,5.442000000000001,5.624000000000001,5.799000000000001,5.979000000000001,6.184000000000001,6.366000000000001,6.551000000000001,6.735000000000001,6.910000000000001,7.092000000000001,7.259000000000001,7.439000000000001,7.601000000000001,7.782000000000001,7.940000000000001,8.123000000000001,8.291,8.474,8.635,8.818,8.998999999999999,9.168999999999999,9.342999999999998,9.520999999999999,9.690999999999999,9.860999999999999,10.036999999999999,10.225999999999999,10.404,10.587,10.775,10.955,11.156,11.355,11.561,11.787,12.026000000000002,12.202000000000002,12.385000000000002,12.603000000000002,12.766000000000002,12.946000000000002],"fps":[5.0675675675675675,5.0675675675675675,5.0675675675675675,5.0675675675675675,5.0675675675675675,4.690431519699812,4.690431519699812,4.690431519699812,4.690431519699812,4.690431519699812,4.690431519699812,5.231037489102005,5.231037489102005,5.231037489102005,5.231037489102005,5.231037489102005,5.231037489102005,5.371530886302597,5.371530886302597,5.371530886302597,5.371530886302597,5.371530886302597,5.371530886302597,5.591798695246971,5.591798695246971,5.591798695246971,5.591798695246971,5.591798695246971,5.591798695246971,5.797101449275362,5.797101449275362,5.797101449275362,5.797101449275362,5.797101449275362,5.797101449275362,5.730659025787966,5.730659025787966,5.730659025787966,5.730659025787966,5.730659025787966,5.730659025787966,5.628517823639775,5.628517823639775,5.628517823639775,5.628517823639775,5.628517823639775,5.628517823639775,5,5,5,5,5,5,5.176876617773943],"raf":[260,259,184,240,216,167,206,194,179,154,216,198,193,182,175,180,205,182,185,184,175,182,167,180,162,181,158,183,168,183,161,183,181,170,174,178,170,170,176,189,178,183,189,179,201,199,205,226,239,176,183,219,162,180]}