{"time":[3.096,3.326,3.567,3.803,4.042,4.266,4.503,4.752,4.987,5.222,5.456,5.681,5.913,6.136,6.368,6.594,6.825,7.049,7.274,7.5040000000000004,7.74,7.976,8.204,8.447000000000001,8.670000000000002,8.902000000000001,9.132000000000001,9.365000000000002,9.591000000000003,9.835000000000003,10.065000000000003,10.299000000000003,10.528000000000002,10.748000000000003,10.973000000000003,11.195000000000002,11.414000000000001,11.635000000000002,11.860000000000001,12.081000000000001,12.315000000000001,12.545000000000002,12.775000000000002],"fps":[3.147128245476003,3.147128245476003,3.9254170755642788,3.9254170755642788,3.9254170755642788,3.9254170755642788,3.9254170755642788,4.219409282700422,4.219409282700422,4.219409282700422,4.219409282700422,4.219409282700422,4.306632213608958,4.306632213608958,4.306632213608958,4.306632213608958,4.306632213608958,4.401408450704225,4.401408450704225,4.401408450704225,4.401408450704225,4.401408450704225,4.329004329004329,4.329004329004329,4.329004329004329,4.329004329004329,4.329004329004329,4.306632213608958,4.306632213608958,4.306632213608958,4.306632213608958,4.306632213608958,4.299226139294927,4.299226139294927,4.299226139294927,4.299226139294927,4.299226139294927,4.5167118337850045,4.5167118337850045,4.5167118337850045,4.5167118337850045,4.5167118337850045,4.385964912280702],"raf":[245,230,241,237,238,224,237,249,235,235,234,226,231,223,232,226,231,224,225,231,235,236,228,243,223,232,230,233,226,244,230,234,229,220,225,222,219,221,225,221,234,231,229]}