{"time":[3.181,3.394,3.6140000000000003,3.8160000000000003,4.0200000000000005,4.2250000000000005,4.441000000000001,4.7170000000000005,4.917000000000001,5.117000000000001,5.324000000000001,5.563000000000001,5.790000000000001,6.025000000000001,6.255000000000002,6.4940000000000015,6.710000000000002,6.933000000000002,7.157000000000002,7.385000000000002,7.6110000000000015,7.826000000000001,8.038000000000002,8.318000000000001,8.594000000000001,8.819,9.016,9.221,9.425,9.621,9.82,10.036,10.232999999999999,10.432999999999998,10.631999999999998,10.835999999999999,11.037999999999998,11.233999999999998,11.435999999999998,11.636999999999999,11.834999999999999,12.033999999999999,12.232,12.434,12.642999999999999,12.838999999999999],"fps":[4.3140638481449525,4.3140638481449525,4.3140638481449525,4.3140638481449525,4.3140638481449525,4.789272030651341,4.789272030651341,4.789272030651341,4.789272030651341,4.789272030651341,4.549590536851683,4.549590536851683,4.549590536851683,4.549590536851683,4.549590536851683,4.273504273504273,4.273504273504273,4.273504273504273,4.273504273504273,4.273504273504273,4.476275738585497,4.476275738585497,4.476275738585497,4.476275738585497,4.476275738585497,4.139072847682119,4.139072847682119,4.139072847682119,4.139072847682119,4.139072847682119,4.995004995004995,4.995004995004995,4.995004995004995,4.995004995004995,4.995004995004995,4.921259842519685,4.921259842519685,4.921259842519685,4.921259842519685,4.921259842519685,4.921259842519685,5.008347245409015,5.008347245409015,5.008347245409015,5.008347245409015,5.008347245409015],"raf":[204,213,220,202,204,205,216,276,201,199,207,239,227,235,230,239,216,223,224,228,226,215,212,280,276,225,197,205,204,197,198,216,197,200,199,204,202,196,202,201,199,198,198,202,209,196]}