{"time":[3.0000000000000004,3.1050000000000004,3.1960000000000006,3.283000000000001,3.3770000000000007,3.4770000000000008,3.584000000000001,3.680000000000001,3.772000000000001,3.8840000000000012,3.990000000000001,4.105000000000001,4.2040000000000015,4.295000000000002,4.411000000000001,4.512000000000001,4.608000000000001,4.6960000000000015,4.820000000000001,4.941000000000001,5.067000000000001,5.181000000000001,5.279000000000001,5.375000000000001,5.482000000000001,5.581000000000001,5.719000000000001,5.849000000000001,5.970000000000001,6.077000000000001,6.206000000000001,6.315000000000001,6.416000000000001,6.5470000000000015,6.662000000000002,6.766000000000002,6.921000000000002,7.102000000000002,7.240000000000002,7.368000000000002,7.482000000000002,7.580000000000002,7.686000000000002,7.799000000000002,7.896000000000003,8.007000000000003,8.124000000000004,8.223000000000004,8.329000000000004,8.426000000000004,8.521000000000004,8.618000000000004,8.723000000000004,8.815000000000005,8.924000000000005,9.034000000000004,9.133000000000004,9.221000000000004,9.310000000000004,9.418000000000005,9.532000000000005,9.632000000000005,9.737000000000005,9.848000000000006,9.941000000000006,10.054000000000006,10.160000000000005,10.265000000000006,10.369000000000005,10.475000000000005,10.582000000000004,10.680000000000005,10.791000000000006,10.897000000000006,10.987000000000005,11.083000000000006,11.191000000000006,11.283000000000007,11.382000000000007,11.514000000000006,11.606000000000007,11.719000000000007,11.828000000000007,11.925000000000006,12.033000000000007,12.144000000000007,12.257000000000007,12.351000000000006,12.459000000000007,12.586000000000007,12.693000000000007,12.796000000000006,12.883000000000006,12.985000000000007],"fps":[9.433962264150944,9.433962264150944,9.433962264150944,9.433962264150944,9.433962264150944,9.433962264150944,9.433962264150944,9.433962264150944,9.433962264150944,9.433962264150944,9.433962264150944,9.95475113122172,9.95475113122172,9.95475113122172,9.95475113122172,9.95475113122172,9.95475113122172,9.95475113122172,9.95475113122172,9.95475113122172,9.95475113122172,9.293680297397769,9.293680297397769,9.293680297397769,9.293680297397769,9.293680297397769,9.293680297397769,9.293680297397769,9.293680297397769,9.293680297397769,8.78048780487805,8.78048780487805,8.78048780487805,8.78048780487805,8.78048780487805,8.78048780487805,8.78048780487805,8.78048780487805,7.7369439071566735,7.7369439071566735,7.7369439071566735,7.7369439071566735,7.7369439071566735,7.7369439071566735,7.7369439071566735,7.7369439071566735,7.7369439071566735,7.7369439071566735,9.182736455463727,9.182736455463727,9.182736455463727,9.182736455463727,9.182736455463727,9.182736455463727,9.182736455463727,9.182736455463727,9.182736455463727,9.182736455463727,9.182736455463727,10.1010101010101,10.1010101010101,10.1010101010101,10.1010101010101,10.1010101010101,10.1010101010101,10.1010101010101,10.1010101010101,10.1010101010101,10.1010101010101,9.460737937559129,9.460737937559129,9.460737937559129,9.460737937559129,9.460737937559129,9.460737937559129,9.460737937559129,9.460737937559129,9.460737937559129,9.460737937559129,9.624639076034649,9.624639076034649,9.624639076034649,9.624639076034649,9.624639076034649,9.624639076034649,9.624639076034649,9.624639076034649,9.624639076034649,9.624639076034649,9.328358208955224,9.328358208955224,9.328358208955224,9.328358208955224,9.328358208955224],"raf":[106,105,91,87,94,100,107,96,92,112,106,115,99,91,116,101,96,88,124,121,126,114,98,96,107,100,137,130,121,108,128,109,101,131,115,104,155,181,138,128,115,97,106,113,97,111,117,99,106,97,95,97,105,92,109,110,100,87,90,107,114,100,105,111,93,113,106,105,104,106,107,98,111,106,90,96,108,92,99,132,92,113,109,97,108,111,113,94,108,127,107,103,87,103]}