{"time":[3.1100000000000003,3.2230000000000003,3.3380000000000005,3.4590000000000005,3.5720000000000005,3.6930000000000005,3.8040000000000007,3.9260000000000006,4.067,4.182,4.292000000000001,4.398000000000001,4.4990000000000006,4.598000000000001,4.697000000000001,4.797000000000001,4.893000000000001,4.9910000000000005,5.085000000000001,5.179000000000001,5.270000000000001,5.363000000000001,5.458000000000001,5.550000000000001,5.643000000000001,5.734000000000001,5.823000000000001,5.912000000000002,6.001000000000002,6.094000000000002,6.186000000000002,6.276000000000002,6.366000000000001,6.455000000000002,6.546000000000002,6.639000000000002,6.728000000000002,6.817000000000003,6.907000000000003,6.998000000000003,7.0900000000000025,7.186000000000003,7.280000000000003,7.3720000000000026,7.463000000000003,7.555000000000002,7.644000000000003,7.733000000000003,7.823000000000003,7.9120000000000035,8.001000000000003,8.094000000000003,8.183000000000003,8.272000000000004,8.364000000000004,8.452000000000004,8.542000000000003,8.631000000000004,8.720000000000004,8.811000000000003,8.901000000000003,8.990000000000004,9.080000000000004,9.169000000000004,9.260000000000003,9.350000000000003,9.442000000000004,9.533000000000003,9.623000000000003,9.715000000000003,9.804000000000004,9.893000000000004,9.983000000000004,10.072000000000005,10.161000000000005,10.249000000000004,10.337000000000003,10.430000000000003,10.519000000000004,10.608000000000004,10.698000000000004,10.790000000000004,10.879000000000005,10.968000000000005,11.058000000000005,11.148000000000005,11.240000000000006,11.330000000000005,11.419000000000006,11.510000000000005,11.599000000000006,11.696000000000005,11.797000000000006,11.897000000000006,12.005000000000006,12.108000000000006,12.213000000000006,12.319000000000006,12.427000000000007,12.536000000000007,12.682000000000007,12.833000000000007,12.981000000000007],"fps":[7.766990291262136,8.372093023255815,8.372093023255815,8.372093023255815,8.372093023255815,8.372093023255815,8.372093023255815,8.372093023255815,8.372093023255815,8.372093023255815,8.419083255378858,8.419083255378858,8.419083255378858,8.419083255378858,8.419083255378858,8.419083255378858,8.419083255378858,8.419083255378858,8.419083255378858,8.419083255378858,8.419083255378858,10.27077497665733,10.27077497665733,10.27077497665733,10.27077497665733,10.27077497665733,10.27077497665733,10.27077497665733,10.27077497665733,10.27077497665733,10.27077497665733,10.27077497665733,10.967098703888334,10.967098703888334,10.967098703888334,10.967098703888334,10.967098703888334,10.967098703888334,10.967098703888334,10.967098703888334,10.967098703888334,10.967098703888334,10.967098703888334,10.934393638170974,10.934393638170974,10.934393638170974,10.934393638170974,10.934393638170974,10.934393638170974,10.934393638170974,10.934393638170974,10.934393638170974,10.934393638170974,10.934393638170974,10.934393638170974,11.11111111111111,11.11111111111111,11.11111111111111,11.11111111111111,11.11111111111111,11.11111111111111,11.11111111111111,11.11111111111111,11.11111111111111,11.11111111111111,11.11111111111111,11.11111111111111,11.100832562442184,11.100832562442184,11.100832562442184,11.100832562442184,11.100832562442184,11.100832562442184,11.100832562442184,11.100832562442184,11.100832562442184,11.100832562442184,11.100832562442184,11.100832562442184,11.162790697674419,11.162790697674419,11.162790697674419,11.162790697674419,11.162790697674419,11.162790697674419,11.162790697674419,11.162790697674419,11.162790697674419,11.162790697674419,11.162790697674419,11.162790697674419,11.029411764705882,11.029411764705882,11.029411764705882,11.029411764705882,11.029411764705882,11.029411764705882,11.029411764705882,11.029411764705882,11.029411764705882,11.029411764705882,8.787346221441124,8.787346221441124],"raf":[114,113,115,121,113,121,111,122,141,115,110,106,101,99,99,100,96,98,94,94,91,93,95,92,93,91,89,89,89,93,92,90,90,89,91,93,89,89,90,91,92,96,94,92,91,92,89,89,90,89,89,93,89,89,92,88,90,89,89,91,90,89,90,89,92,89,92,91,90,92,89,89,90,89,89,88,88,93,89,89,90,92,89,89,90,90,92,90,89,91,89,97,101,100,108,103,105,106,108,109,146,152,147]}