{"time":[3.1569999999999996,3.4529999999999994,3.7579999999999996,4.053,4.351,4.632,4.931,5.268,5.569,5.88,6.162,6.458,6.8260000000000005,7.206,7.508,7.822,8.115,8.415000000000001,8.714,9.014000000000001,9.314000000000002,9.611000000000002,9.905000000000003,10.202000000000004,10.498000000000003,10.797000000000002,11.088000000000003,11.381000000000002,11.739000000000003,12.013000000000002,12.295000000000002,12.584000000000001,12.883000000000001],"fps":[3.2467532467532467,3.2467532467532467,3.2441200324412005,3.2441200324412005,3.2441200324412005,3.2441200324412005,3.4100596760443307,3.4100596760443307,3.4100596760443307,3.4100596760443307,3.249390739236393,3.249390739236393,3.249390739236393,2.8735632183908044,2.8735632183908044,2.8735632183908044,2.8735632183908044,3.3085194375516958,3.3085194375516958,3.3085194375516958,3.3085194375516958,3.3444816053511706,3.3444816053511706,3.3444816053511706,3.3444816053511706,3.372681281618887,3.372681281618887,3.372681281618887,3.372681281618887,3.289473684210526,3.289473684210526,3.289473684210526,3.289473684210526],"raf":[304,296,305,295,298,281,299,337,301,311,282,296,368,380,302,314,294,299,299,300,300,297,294,297,296,299,291,293,358,274,282,289,299]}