{"time":[3.2960000000000003,3.4410000000000003,3.584,3.7720000000000002,4.037,4.24,4.48,4.626,4.857,5.077,5.351,5.517,5.6770000000000005,5.916,6.197,6.418,6.542,6.71,6.925,7.2,7.433,7.606,7.851,8.144,8.34,8.556,8.860999999999999,9.098999999999998,9.322999999999999,9.498,9.697999999999999,9.969999999999999,10.238,10.485,10.693999999999999,10.914,11.139,11.365,11.589,11.806000000000001,12.013000000000002,12.233000000000002,12.469000000000003,12.691000000000003,12.902000000000003],"fps":[3.802281368821293,3.802281368821293,4.616805170821792,4.616805170821792,4.616805170821792,4.616805170821792,4.616805170821792,4.798464491362764,4.798464491362764,4.798464491362764,4.798464491362764,4.798464491362764,4.757373929590866,4.757373929590866,4.757373929590866,4.757373929590866,4.757373929590866,4.84027105517909,4.84027105517909,4.84027105517909,4.84027105517909,4.84027105517909,4.382120946538125,4.382120946538125,4.382120946538125,4.382120946538125,3.9603960396039604,3.9603960396039604,3.9603960396039604,3.9603960396039604,3.9603960396039604,4.508566275924256,4.508566275924256,4.508566275924256,4.508566275924256,4.508566275924256,4.277159965782721,4.277159965782721,4.277159965782721,4.277159965782721,4.277159965782721,4.570383912248629,4.570383912248629,4.570383912248629,4.570383912248629],"raf":[307,145,143,188,265,203,240,146,231,220,274,166,160,239,281,221,124,168,215,276,232,173,245,293,196,216,305,238,224,175,200,272,268,247,209,220,225,226,224,217,207,220,236,222,211]}