{"time":[3.0990000000000006,3.2820000000000005,3.4430000000000005,3.6160000000000005,3.7940000000000005,3.9630000000000005,4.119000000000001,4.32,4.505,4.678,4.829,5.008,5.18,5.343,5.509,5.663,5.827,6.02,6.178999999999999,6.321999999999999,6.480999999999999,6.615999999999999,6.745999999999999,6.893999999999998,7.0379999999999985,7.179999999999999,7.3279999999999985,7.497999999999998,7.6549999999999985,7.810999999999998,7.955999999999998,8.119999999999997,8.252999999999997,8.393999999999997,8.553999999999997,8.728999999999997,8.910999999999998,9.076999999999998,9.258999999999999,9.454999999999998,9.631999999999998,9.817999999999998,10.009999999999998,10.209999999999997,10.375999999999998,10.611999999999998,10.868999999999998,11.087999999999997,11.304999999999998,11.507999999999997,11.710999999999997,11.918999999999997,12.105999999999996,12.261999999999997,12.425999999999997,12.554999999999996,12.687999999999995,12.837999999999996,12.982999999999995],"fps":[5.272407732864675,5.272407732864675,5.29567519858782,5.29567519858782,5.29567519858782,5.29567519858782,5.29567519858782,5.29567519858782,5.649717514124294,5.649717514124294,5.649717514124294,5.649717514124294,5.649717514124294,5.649717514124294,5.9760956175298805,5.9760956175298805,5.9760956175298805,5.9760956175298805,5.9760956175298805,5.9760956175298805,5.9760956175298805,6.323396567299007,6.323396567299007,6.323396567299007,6.323396567299007,6.323396567299007,6.323396567299007,6.323396567299007,6.737247353224254,6.737247353224254,6.737247353224254,6.737247353224254,6.737247353224254,6.737247353224254,6.737247353224254,6.517690875232774,6.517690875232774,6.517690875232774,6.517690875232774,6.517690875232774,6.517690875232774,5.509641873278237,5.509641873278237,5.509641873278237,5.509641873278237,5.509641873278237,4.752851711026616,4.752851711026616,4.752851711026616,4.752851711026616,4.752851711026616,4.7664442326024785,4.7664442326024785,4.7664442326024785,4.7664442326024785,4.7664442326024785,4.7664442326024785,4.7664442326024785,6.578947368421052],"raf":[188,183,161,173,178,169,156,201,185,173,151,179,172,163,166,154,164,193,159,143,159,135,130,148,144,142,148,170,157,156,145,164,133,141,161,174,182,166,182,196,177,186,192,200,166,236,258,218,218,202,203,208,187,156,164,130,132,150,145]}