{"time":[3.0530000000000004,3.22,3.362,3.512,3.653,3.797,3.9370000000000003,4.086,4.259,4.412,4.555,4.697,4.839,4.989000000000001,5.135000000000001,5.287000000000001,5.455000000000001,5.619000000000001,5.774000000000001,5.9430000000000005,6.130000000000001,6.328000000000001,6.549000000000001,6.725000000000001,6.878000000000001,7.021000000000001,7.171000000000001,7.320000000000001,7.464000000000001,7.615000000000001,7.763000000000001,7.908,8.057,8.219000000000001,8.371,8.534,8.677000000000001,8.821000000000002,8.97,9.120000000000001,9.269,9.413,9.552,9.693,9.841,9.984,10.125,10.261,10.398,10.542,10.705,10.845,10.99,11.138,11.293,11.44,11.591,11.729999999999999,11.868999999999998,12.017999999999997,12.181999999999997,12.328999999999997,12.465999999999998,12.608999999999998,12.767999999999999,12.908999999999999],"fps":[6.660323501427212,6.660323501427212,6.660323501427212,6.352087114337568,6.352087114337568,6.352087114337568,6.352087114337568,6.352087114337568,6.352087114337568,6.352087114337568,6.704980842911877,6.704980842911877,6.704980842911877,6.704980842911877,6.704980842911877,6.704980842911877,6.704980842911877,6.585136406396989,6.585136406396989,6.585136406396989,6.585136406396989,6.585136406396989,6.585136406396989,5.424954792043399,5.424954792043399,5.424954792043399,5.424954792043399,5.424954792043399,5.424954792043399,5.424954792043399,6.74373795761079,6.74373795761079,6.74373795761079,6.74373795761079,6.74373795761079,6.74373795761079,6.74373795761079,6.616257088846881,6.616257088846881,6.616257088846881,6.616257088846881,6.616257088846881,6.616257088846881,6.616257088846881,6.862745098039215,6.862745098039215,6.862745098039215,6.862745098039215,6.862745098039215,6.862745098039215,6.862745098039215,6.972111553784861,6.972111553784861,6.972111553784861,6.972111553784861,6.972111553784861,6.972111553784861,6.972111553784861,6.8359375,6.8359375,6.8359375,6.8359375,6.8359375,6.8359375,6.8359375,6.730769230769231],"raf":[161,167,142,150,141,144,140,149,173,153,144,141,143,149,146,152,168,164,155,169,187,198,221,176,153,143,150,150,143,151,148,145,150,161,152,163,143,144,149,150,149,144,140,140,148,143,141,136,137,144,163,140,145,148,155,147,151,139,139,149,164,147,137,143,159,141]}