{"time":[3.0719999999999996,3.187,3.3259999999999996,3.4359999999999995,3.5459999999999994,3.6819999999999995,3.8049999999999997,3.9219999999999997,4.035,4.1450000000000005,4.257000000000001,4.369000000000001,4.493,4.619000000000001,4.739000000000001,4.857000000000001,4.975000000000001,5.090000000000002,5.207000000000002,5.326000000000001,5.4460000000000015,5.5630000000000015,5.687000000000001,5.803000000000001,5.915000000000001,6.028000000000001,6.149000000000001,6.263000000000001,6.378000000000001,6.492000000000001,6.625000000000001,6.753000000000001,6.8820000000000014,7.011000000000001,7.142000000000001,7.275000000000001,7.3900000000000015,7.516000000000002,7.642000000000002,7.775000000000002,7.889000000000002,8.003000000000002,8.114000000000003,8.228000000000003,8.375000000000004,8.536000000000003,8.719000000000003,8.858000000000002,8.973000000000003,9.084000000000003,9.195000000000004,9.306000000000004,9.420000000000005,9.532000000000005,9.643000000000006,9.756000000000006,9.870000000000006,9.980000000000006,10.090000000000005,10.200000000000005,10.313000000000004,10.426000000000004,10.537000000000004,10.664000000000005,10.775000000000006,10.891000000000005,11.030000000000005,11.149000000000004,11.259000000000004,11.374000000000004,11.492000000000004,11.608000000000004,11.741000000000003,11.851000000000003,11.964000000000002,12.090000000000002,12.206000000000001,12.317000000000002,12.427000000000001,12.542000000000002,12.661000000000001,12.781,12.904],"fps":[7.897334649555775,7.897334649555775,7.897334649555775,7.897334649555775,7.897334649555775,7.897334649555775,7.897334649555775,7.897334649555775,7.897334649555775,8.387698042870456,8.387698042870456,8.387698042870456,8.387698042870456,8.387698042870456,8.387698042870456,8.387698042870456,8.387698042870456,8.387698042870456,8.474576271186441,8.474576271186441,8.474576271186441,8.474576271186441,8.474576271186441,8.474576271186441,8.474576271186441,8.474576271186441,8.474576271186441,8.522727272727273,8.522727272727273,8.522727272727273,8.522727272727273,8.522727272727273,8.522727272727273,8.522727272727273,8.522727272727273,7.905138339920948,7.905138339920948,7.905138339920948,7.905138339920948,7.905138339920948,7.905138339920948,7.905138339920948,7.905138339920948,7.905138339920948,8.181818181818182,8.181818181818182,8.181818181818182,8.181818181818182,8.181818181818182,8.181818181818182,8.181818181818182,8.181818181818182,7.655502392344498,7.655502392344498,7.655502392344498,7.655502392344498,7.655502392344498,7.655502392344498,7.655502392344498,7.655502392344498,7.655502392344498,8.946322067594433,8.946322067594433,8.946322067594433,8.946322067594433,8.946322067594433,8.946322067594433,8.946322067594433,8.946322067594433,8.946322067594433,8.434864104967199,8.434864104967199,8.434864104967199,8.434864104967199,8.434864104967199,8.434864104967199,8.434864104967199,8.434864104967199,8.434864104967199,8.579599618684462,8.579599618684462,8.579599618684462,8.579599618684462],"raf":[116,115,139,110,110,136,123,117,113,110,112,112,124,126,120,118,118,116,116,119,120,117,124,116,112,113,121,114,116,113,133,128,129,129,131,133,115,126,126,133,114,114,111,114,147,161,183,139,115,111,111,111,114,112,111,113,114,110,110,110,113,113,111,127,111,116,139,119,110,115,118,116,133,110,113,126,116,111,110,115,119,120,123]}