{"time":[3.173,3.96,4.755,5.566,6.43,7.411,8.277,9.078,9.875,10.687,11.479999999999999,12.28],"fps":[1.5048908954100828,1.5048908954100828,1.2642225031605563,1.2642225031605563,1.1940298507462686,1.1940298507462686,1.0822510822510822,1.0822510822510822,1.2523481527864746,1.2523481527864746,1.2461059190031152,1.2461059190031152],"raf":[1991,787,795,811,864,981,867,800,797,812,793,800]}