{"time":[3.25,3.793,4.476,4.985,5.479,5.921,6.362,6.859,7.357,7.977,8.504,8.927,9.418,9.927,10.431,10.947,11.859,12.518],"fps":[1.3114754098360655,1.721170395869191,1.721170395869191,1.6778523489932886,1.6778523489932886,1.6778523489932886,2.178649237472767,2.178649237472767,2.178649237472767,1.8575851393188854,1.8575851393188854,1.8575851393188854,2.081887578070784,2.081887578070784,1.9723865877712032,1.9723865877712032,1.401541695865452,1.401541695865452],"raf":[619,543,683,509,495,441,441,497,498,620,527,423,491,509,505,515,912,659]}