{"time":[3.0260000000000002,3.1170000000000004,3.2080000000000006,3.3000000000000007,3.3930000000000007,3.4820000000000007,3.5740000000000007,3.665000000000001,3.757000000000001,3.849000000000001,3.938000000000001,4.027000000000001,4.116000000000001,4.206000000000001,4.299000000000001,4.388000000000002,4.477000000000002,4.5660000000000025,4.658000000000002,4.748000000000002,4.836000000000002,4.928000000000002,5.019000000000002,5.1110000000000015,5.200000000000002,5.290000000000002,5.3820000000000014,5.475000000000001,5.567000000000001,5.657000000000001,5.747000000000001,5.840000000000001,5.930000000000001,6.0200000000000005,6.112,6.2,6.292,6.383,6.475,6.566,6.656,6.7459999999999996,6.835,6.925,7.014,7.104,7.194,7.284,7.375,7.467,7.556,7.6450000000000005,7.735,7.825,7.917,8.007,8.096,8.185,8.279,8.366999999999999,8.456,8.546999999999999,8.636999999999999,8.725999999999999,8.815999999999999,8.905,8.994,9.081999999999999,9.171999999999999,9.261,9.35,9.44,9.529,9.62,9.709,9.798,9.887,9.977,10.066,10.155000000000001,10.245000000000001,10.337000000000002,10.426000000000002,10.517000000000001,10.607000000000001,10.697000000000001,10.787,10.876000000000001,10.966000000000001,11.055000000000001,11.144000000000002,11.233000000000002,11.322000000000003,11.412000000000003,11.501000000000003,11.590000000000003,11.679000000000004,11.770000000000003,11.859000000000004,11.948000000000004,12.041000000000004,12.130000000000004,12.223000000000004,12.313000000000004,12.403000000000004,12.492000000000004,12.582000000000004,12.672000000000004,12.761000000000005,12.852000000000004,12.943000000000003],"fps":[10.566762728146013,10.566762728146013,10.566762728146013,10.566762728146013,10.566762728146013,10.576923076923077,10.576923076923077,10.576923076923077,10.576923076923077,10.576923076923077,10.576923076923077,10.576923076923077,10.576923076923077,10.576923076923077,10.576923076923077,10.576923076923077,10.576923076923077,11.07011070110701,11.07011070110701,11.07011070110701,11.07011070110701,11.07011070110701,11.07011070110701,11.07011070110701,11.07011070110701,11.07011070110701,11.07011070110701,11.07011070110701,10.989010989010989,10.989010989010989,10.989010989010989,10.989010989010989,10.989010989010989,10.989010989010989,10.989010989010989,10.989010989010989,10.989010989010989,10.989010989010989,10.989010989010989,10.989010989010989,11.019283746556473,11.019283746556473,11.019283746556473,11.019283746556473,11.019283746556473,11.019283746556473,11.019283746556473,11.019283746556473,11.019283746556473,11.019283746556473,11.019283746556473,11.019283746556473,11.121408711770158,11.121408711770158,11.121408711770158,11.121408711770158,11.121408711770158,11.121408711770158,11.121408711770158,11.121408711770158,11.121408711770158,11.121408711770158,11.121408711770158,11.121408711770158,11.100832562442184,11.100832562442184,11.100832562442184,11.100832562442184,11.100832562442184,11.100832562442184,11.100832562442184,11.100832562442184,11.100832562442184,11.100832562442184,11.100832562442184,11.100832562442184,11.194029850746269,11.194029850746269,11.194029850746269,11.194029850746269,11.194029850746269,11.194029850746269,11.194029850746269,11.194029850746269,11.194029850746269,11.194029850746269,11.194029850746269,11.194029850746269,11.131725417439704,11.131725417439704,11.131725417439704,11.131725417439704,11.131725417439704,11.131725417439704,11.131725417439704,11.131725417439704,11.131725417439704,11.131725417439704,11.131725417439704,11.131725417439704,11.162790697674419,11.162790697674419,11.162790697674419,11.162790697674419,11.162790697674419,11.162790697674419,11.162790697674419,11.162790697674419,11.162790697674419,11.162790697674419,11.162790697674419],"raf":[92,91,91,92,93,89,92,91,92,92,89,89,89,90,93,89,89,89,92,90,88,92,91,92,89,90,92,93,92,90,90,93,90,90,92,88,92,92,91,91,90,90,89,90,89,90,90,90,91,92,89,89,90,90,92,90,89,89,94,88,89,91,90,90,89,89,89,88,90,90,88,90,89,91,89,89,90,89,89,89,90,92,89,91,90,90,90,89,90,89,89,89,89,90,89,89,90,90,89,89,93,89,93,90,90,89,90,90,89,91,91]}