{"time":[3.093000000000001,3.2110000000000007,3.3320000000000007,3.4500000000000006,3.5670000000000006,3.6890000000000005,3.8100000000000005,3.9310000000000005,4.053000000000001,4.173000000000001,4.293000000000001,4.4140000000000015,4.535000000000002,4.656000000000002,4.777000000000003,4.900000000000003,5.020000000000003,5.1380000000000035,5.259000000000004,5.379000000000004,5.512000000000004,5.629000000000004,5.748000000000004,5.864000000000003,5.982000000000004,6.099000000000004,6.220000000000004,6.336000000000004,6.454000000000004,6.575000000000005,6.696000000000005,6.814000000000005,6.9340000000000055,7.054000000000006,7.171000000000006,7.2930000000000055,7.416000000000006,7.538000000000006,7.659000000000006,7.778000000000006,7.898000000000006,8.016000000000005,8.135000000000005,8.253000000000005,8.373000000000005,8.491000000000005,8.612000000000005,8.745000000000005,8.862000000000005,8.980000000000006,9.099000000000006,9.216000000000006,9.335000000000006,9.455000000000005,9.573000000000006,9.693000000000005,9.813000000000004,9.932000000000004,10.050000000000004,10.171000000000005,10.290000000000004,10.409000000000004,10.528000000000004,10.647000000000004,10.766000000000004,10.884000000000004,11.002000000000004,11.122000000000003,11.240000000000004,11.358000000000004,11.476000000000004,11.596000000000004,11.715000000000003,11.835000000000003,11.956000000000003,12.078000000000003,12.199000000000003,12.322000000000003,12.443000000000003,12.565000000000003,12.687000000000003,12.805000000000003,12.925000000000002],"fps":[7.944389275074479,7.920792079207921,7.920792079207921,7.920792079207921,7.920792079207921,7.920792079207921,7.920792079207921,7.920792079207921,7.920792079207921,7.920792079207921,8.317929759704251,8.317929759704251,8.317929759704251,8.317929759704251,8.317929759704251,8.317929759704251,8.317929759704251,8.317929759704251,8.317929759704251,8.287292817679559,8.287292817679559,8.287292817679559,8.287292817679559,8.287292817679559,8.287292817679559,8.287292817679559,8.287292817679559,8.287292817679559,8.372093023255815,8.372093023255815,8.372093023255815,8.372093023255815,8.372093023255815,8.372093023255815,8.372093023255815,8.372093023255815,8.372093023255815,8.302583025830259,8.302583025830259,8.302583025830259,8.302583025830259,8.302583025830259,8.302583025830259,8.302583025830259,8.302583025830259,8.302583025830259,8.379888268156424,8.379888268156424,8.379888268156424,8.379888268156424,8.379888268156424,8.379888268156424,8.379888268156424,8.379888268156424,8.379888268156424,8.325624421831638,8.325624421831638,8.325624421831638,8.325624421831638,8.325624421831638,8.325624421831638,8.325624421831638,8.325624421831638,8.325624421831638,8.387698042870456,8.387698042870456,8.387698042870456,8.387698042870456,8.387698042870456,8.387698042870456,8.387698042870456,8.387698042870456,8.387698042870456,8.419083255378858,8.419083255378858,8.419083255378858,8.419083255378858,8.419083255378858,8.419083255378858,8.419083255378858,8.419083255378858,8.419083255378858,8.256880733944953],"raf":[121,118,121,118,118,121,121,121,122,120,120,121,121,121,121,123,120,118,121,120,133,117,119,116,118,117,121,116,118,121,121,118,120,120,117,122,123,122,121,119,120,118,119,119,119,118,121,133,117,118,119,117,119,120,118,120,120,120,117,121,119,119,119,119,119,118,118,120,118,118,118,120,119,120,121,122,121,123,121,122,122,119,119]}