{"time":[3.1559999999999997,3.3009999999999997,3.4429999999999996,3.5979999999999994,3.7479999999999993,3.9249999999999994,4.084,4.2379999999999995,4.398,4.561999999999999,4.72,4.8709999999999996,5.026,5.194,5.3549999999999995,5.513,5.6659999999999995,5.813,5.971,6.131,6.2860000000000005,6.448,6.598000000000001,6.753000000000001,6.896000000000001,7.0600000000000005,7.213,7.357,7.522,7.675,7.814,7.967,8.115,8.275,8.452,8.616,8.756,8.901,9.07,9.233,9.392000000000001,9.545000000000002,9.686000000000002,9.845000000000002,9.980000000000002,10.134000000000002,10.277000000000003,10.434000000000003,10.580000000000004,10.742000000000004,10.913000000000004,11.071000000000003,11.220000000000002,11.380000000000003,11.533000000000003,11.684000000000003,11.833000000000002,11.981000000000002,12.133000000000001,12.290000000000001,12.455,12.601,12.751000000000001,12.911000000000001],"fps":[6.039689387402934,6.039689387402934,6.039689387402934,6.039689387402934,6.039689387402934,6.311992786293959,6.311992786293959,6.311992786293959,6.311992786293959,6.311992786293959,6.311992786293959,6.311992786293959,6.357856494096276,6.357856494096276,6.357856494096276,6.357856494096276,6.357856494096276,6.357856494096276,6.357856494096276,6.334841628959276,6.334841628959276,6.334841628959276,6.334841628959276,6.334841628959276,6.334841628959276,6.334841628959276,6.469500924214418,6.469500924214418,6.469500924214418,6.469500924214418,6.469500924214418,6.469500924214418,6.469500924214418,6.5913370998116765,6.5913370998116765,6.5913370998116765,6.5913370998116765,6.5913370998116765,6.5913370998116765,6.5913370998116765,6.266786034019695,6.266786034019695,6.266786034019695,6.266786034019695,6.266786034019695,6.266786034019695,6.266786034019695,6.717850287907869,6.717850287907869,6.717850287907869,6.717850287907869,6.717850287907869,6.717850287907869,6.717850287907869,6.369426751592357,6.369426751592357,6.369426751592357,6.369426751592357,6.369426751592357,6.369426751592357,6.369426751592357,6.5543071161048685,6.5543071161048685,6.5543071161048685],"raf":[172,145,142,155,150,177,159,154,160,164,159,150,155,168,161,158,153,147,158,160,155,163,149,155,143,164,153,144,165,154,138,153,148,160,177,164,140,145,169,163,159,153,141,159,135,154,143,157,146,162,171,158,149,160,153,151,149,148,152,157,165,146,150,160]}