{"time":[3.2220000000000004,3.4490000000000003,3.6740000000000004,3.8980000000000006,4.125000000000001,4.349000000000001,4.583000000000001,4.854000000000001,5.140000000000001,5.429,5.658,5.882000000000001,6.105,6.325,6.548,6.781,7.002,7.223,7.4399999999999995,7.656,7.88,8.103,8.331999999999999,8.582999999999998,8.812999999999999,9.037999999999998,9.293999999999999,9.536999999999999,9.755999999999998,9.993999999999998,10.221999999999998,10.437999999999997,10.654999999999998,10.871999999999998,11.090999999999998,11.309999999999997,11.534999999999997,11.757999999999997,11.976999999999997,12.195999999999996,12.414999999999996,12.634999999999996,12.852999999999996],"fps":[4.248088360237893,4.139072847682119,4.139072847682119,4.139072847682119,4.139072847682119,4.139072847682119,4.409171075837743,4.409171075837743,4.409171075837743,4.409171075837743,3.7209302325581395,3.7209302325581395,3.7209302325581395,3.7209302325581395,3.7209302325581395,4.452359750667854,4.452359750667854,4.452359750667854,4.452359750667854,4.452359750667854,4.549590536851683,4.549590536851683,4.549590536851683,4.549590536851683,4.549590536851683,4.317789291882556,4.317789291882556,4.317789291882556,4.317789291882556,4.317789291882556,4.222972972972973,4.222972972972973,4.222972972972973,4.222972972972973,4.222972972972973,4.595588235294118,4.595588235294118,4.595588235294118,4.595588235294118,4.595588235294118,4.524886877828054,4.524886877828054,4.524886877828054],"raf":[223,227,225,224,227,224,234,271,286,289,229,224,223,220,223,233,221,221,217,216,224,223,229,251,230,225,256,243,219,238,228,216,217,217,219,219,225,223,219,219,219,220,218]}