{"time":[3.0540000000000003,3.201,3.309,3.442,3.568,3.6830000000000003,3.806,3.912,4.019,4.159,4.288,4.417,4.543,4.675,4.805,4.931,5.07,5.199,5.349,5.465,5.58,5.726,5.843,5.964,6.090000000000001,6.1930000000000005,6.301,6.423,6.55,6.661,6.765,6.856,6.9559999999999995,7.0489999999999995,7.164,7.268,7.4159999999999995,7.526999999999999,7.624999999999999,7.735999999999999,7.829999999999999,7.9319999999999995,8.093,8.324,8.491999999999999,8.597,8.727,8.825000000000001,8.964,9.162,9.376000000000001,9.528,9.638,9.743,9.848,9.995000000000001,10.235000000000001,10.437000000000001,10.592,10.763,10.936,11.063,11.261000000000001,11.515,11.625,11.732,11.841999999999999,11.954999999999998,12.070999999999998,12.169999999999998,12.285999999999998,12.422999999999998,12.524,12.616999999999999,12.704999999999998,12.810999999999998,12.936999999999998],"fps":[8.387698042870456,8.387698042870456,8.387698042870456,6.679389312977099,6.679389312977099,6.679389312977099,6.679389312977099,6.679389312977099,6.679389312977099,6.679389312977099,6.679389312977099,6.679389312977099,8.174386920980927,8.174386920980927,8.174386920980927,8.174386920980927,8.174386920980927,8.174386920980927,8.174386920980927,8.174386920980927,7.714561234329797,7.714561234329797,7.714561234329797,7.714561234329797,7.714561234329797,7.714561234329797,7.714561234329797,7.714561234329797,7.714561234329797,8.325624421831638,8.325624421831638,8.325624421831638,8.325624421831638,8.325624421831638,8.325624421831638,8.325624421831638,8.325624421831638,8.325624421831638,8.325624421831638,9.30232558139535,9.30232558139535,9.30232558139535,9.30232558139535,9.30232558139535,9.30232558139535,9.30232558139535,9.30232558139535,7.3461891643709825,7.3461891643709825,7.3461891643709825,7.3461891643709825,7.3461891643709825,7.3461891643709825,7.3461891643709825,6.842619745845552,6.842619745845552,6.842619745845552,6.842619745845552,6.842619745845552,6.842619745845552,5.514705882352941,5.514705882352941,5.514705882352941,5.514705882352941,5.514705882352941,5.514705882352941,5.514705882352941,6.869479882237488,6.869479882237488,6.869479882237488,6.869479882237488,6.869479882237488,6.869479882237488,6.869479882237488,6.869479882237488,6.869479882237488,6.869479882237488],"raf":[152,147,108,133,126,115,123,106,107,141,128,129,126,132,130,126,140,128,150,116,115,146,117,121,126,103,108,122,127,111,104,91,100,93,115,104,148,111,98,111,94,102,161,231,168,105,130,98,139,198,214,152,110,106,104,147,240,203,154,171,173,127,198,254,110,107,110,113,116,99,116,137,101,93,88,106,126]}