{"time":[3.019000000000001,3.203000000000001,3.350000000000001,3.470000000000001,3.552000000000001,3.632000000000001,3.703000000000001,3.772000000000001,3.845000000000001,3.963000000000001,4.079000000000001,4.214,4.345000000000001,4.4430000000000005,4.506,4.57,4.641,4.727,4.871,4.9590000000000005,5.104,5.2540000000000004,5.402,5.48,5.541,5.612,5.696,5.797,5.904999999999999,6.015999999999999,6.119999999999999,6.238999999999999,6.339999999999999,6.420999999999999,6.499999999999999,6.568999999999999,6.640999999999999,6.728999999999999,6.835999999999999,6.9479999999999995,7.05,7.181,7.327,7.398,7.497,7.603,7.729,7.862,7.993,8.066,8.177000000000001,8.345,8.461,8.543000000000001,8.647,8.790000000000001,8.878,8.94,9,9.079,9.187000000000001,9.290000000000001,9.393,9.510000000000002,9.626000000000001,9.756000000000002,9.880000000000003,10.032000000000002,10.188000000000002,10.353000000000002,10.510000000000002,10.642000000000001,10.759000000000002,10.864000000000003,10.967000000000002,11.070000000000002,11.183000000000002,11.284000000000002,11.391000000000002,11.495000000000001,11.608,11.738000000000001,11.88,12.031,12.173,12.289,12.424,12.559,12.696,12.761,12.834999999999999,12.953999999999999],"fps":[11.121408711770158,11.121408711770158,11.121408711770158,11.121408711770158,11.121408711770158,11.121408711770158,11.121408711770158,8.893280632411066,8.893280632411066,8.893280632411066,8.893280632411066,8.893280632411066,8.893280632411066,8.893280632411066,8.893280632411066,8.893280632411066,8.893280632411066,8.893280632411066,10.009099181073703,10.009099181073703,10.009099181073703,10.009099181073703,10.009099181073703,10.009099181073703,10.009099181073703,10.009099181073703,10.009099181073703,10.009099181073703,9.671179883945841,9.671179883945841,9.671179883945841,9.671179883945841,9.671179883945841,9.671179883945841,9.671179883945841,9.671179883945841,9.671179883945841,9.671179883945841,9.671179883945841,10.546500479386385,10.546500479386385,10.546500479386385,10.546500479386385,10.546500479386385,10.546500479386385,10.546500479386385,10.546500479386385,10.546500479386385,8.61244019138756,8.61244019138756,8.61244019138756,8.61244019138756,8.61244019138756,8.61244019138756,8.61244019138756,8.61244019138756,8.61244019138756,8.61244019138756,9.930486593843098,9.930486593843098,9.930486593843098,9.930486593843098,9.930486593843098,9.930486593843098,9.930486593843098,9.930486593843098,9.930486593843098,8.720930232558139,8.720930232558139,8.720930232558139,8.720930232558139,8.720930232558139,8.720930232558139,8.720930232558139,8.720930232558139,7.707129094412331,7.707129094412331,7.707129094412331,7.707129094412331,7.707129094412331,7.707129094412331,7.707129094412331,7.707129094412331,7.707129094412331,8.159564823209429,8.159564823209429,8.159564823209429,8.159564823209429,8.159564823209429,8.159564823209429,8.159564823209429,8.159564823209429],"raf":[184,184,147,120,82,80,71,69,73,118,116,135,131,98,63,64,71,86,144,88,145,150,148,78,61,71,84,101,108,111,104,119,101,81,79,69,72,88,107,112,103,130,146,71,99,106,126,133,131,73,111,168,117,81,104,143,88,62,60,79,108,103,103,117,116,130,124,152,156,166,156,133,116,105,103,103,114,100,107,104,113,130,142,151,142,116,135,135,137,65,74,119]}