{"time":[3.11,3.243,3.384,3.521,3.665,3.811,3.973,4.114,4.277,4.447,4.6290000000000004,4.822,4.96,5.0809999999999995,5.207999999999999,5.332999999999999,5.456999999999999,5.579999999999999,5.703999999999999,5.824999999999999,5.946999999999999,6.070999999999999,6.195999999999999,6.318999999999999,6.4399999999999995,6.561999999999999,6.685999999999999,6.807999999999999,6.930999999999999,7.054999999999999,7.175999999999998,7.298999999999999,7.4209999999999985,7.540999999999999,7.660999999999999,7.7879999999999985,7.907999999999999,8.03,8.154,8.274,8.392999999999999,8.527,8.645,8.764999999999999,8.882,9.004999999999999,9.123999999999999,9.243999999999998,9.364999999999998,9.483999999999998,9.603999999999997,9.722999999999997,9.840999999999998,9.962999999999997,10.080999999999998,10.201999999999998,10.322999999999999,10.443999999999999,10.563999999999998,10.682999999999998,10.801999999999998,10.923999999999998,11.045999999999998,11.168999999999997,11.289999999999997,11.407999999999998,11.526999999999997,11.644999999999998,11.764999999999997,11.883999999999997,12.004999999999997,12.125999999999998,12.245999999999997,12.367999999999997,12.489999999999997,12.610999999999997,12.731999999999998,12.849999999999998,12.970999999999998],"fps":[6.8359375,6.8359375,7.1813285457809695,7.1813285457809695,7.1813285457809695,7.1813285457809695,7.1813285457809695,7.1813285457809695,7.1813285457809695,6.585136406396989,6.585136406396989,6.585136406396989,6.585136406396989,6.585136406396989,6.585136406396989,6.585136406396989,6.930693069306931,6.930693069306931,6.930693069306931,6.930693069306931,6.930693069306931,6.930693069306931,6.930693069306931,6.930693069306931,6.930693069306931,8.144796380090497,8.144796380090497,8.144796380090497,8.144796380090497,8.144796380090497,8.144796380090497,8.144796380090497,8.144796380090497,8.144796380090497,8.18926296633303,8.18926296633303,8.18926296633303,8.18926296633303,8.18926296633303,8.18926296633303,8.18926296633303,8.18926296633303,8.18926296633303,8.152173913043478,8.152173913043478,8.152173913043478,8.152173913043478,8.152173913043478,8.152173913043478,8.152173913043478,8.152173913043478,8.152173913043478,8.364312267657992,8.364312267657992,8.364312267657992,8.364312267657992,8.364312267657992,8.364312267657992,8.364312267657992,8.364312267657992,8.364312267657992,8.310249307479225,8.310249307479225,8.310249307479225,8.310249307479225,8.310249307479225,8.310249307479225,8.310249307479225,8.310249307479225,8.310249307479225,8.325624421831638,8.325624421831638,8.325624421831638,8.325624421831638,8.325624421831638,8.325624421831638,8.325624421831638,8.325624421831638,8.325624421831638],"raf":[141,133,141,137,144,146,162,142,162,170,182,193,138,121,127,125,124,123,124,121,122,124,125,123,121,122,124,122,123,124,121,123,122,120,120,127,120,122,124,120,119,134,118,120,117,123,119,120,121,119,120,119,118,122,118,121,121,121,120,119,119,122,122,123,121,118,119,118,120,119,121,121,120,122,122,121,121,118,121]}