{"time":[3.3409999999999997,3.687,4.176,4.511,4.841,5.1770000000000005,5.5040000000000004,5.867000000000001,6.165000000000001,6.505000000000001,6.8500000000000005,7.173000000000001,7.493000000000001,7.780000000000001,8.065000000000001,8.384000000000002,8.697000000000003,9.031000000000002,9.320000000000002,9.680000000000001,10.068000000000001,10.346000000000002,10.661000000000001,10.958000000000002,11.302000000000001,11.596000000000002,11.882000000000001,12.186000000000002,12.463000000000001,12.811000000000002],"fps":[2.7881040892193307,2.7881040892193307,2.7881040892193307,2.5641025641025643,2.5641025641025643,2.5641025641025643,2.5641025641025643,2.949852507374631,2.949852507374631,2.949852507374631,2.949852507374631,3.06044376434583,3.06044376434583,3.06044376434583,3.06044376434583,3.3057851239669422,3.3057851239669422,3.3057851239669422,3.3057851239669422,3.0864197530864197,3.0864197530864197,3.0864197530864197,3.0864197530864197,3.1298904538341157,3.1298904538341157,3.1298904538341157,3.1298904538341157,3.257328990228013,3.257328990228013,3.257328990228013],"raf":[348,346,489,335,330,337,326,363,298,340,345,324,319,287,285,319,313,334,289,360,388,278,316,296,345,293,287,303,277,348]}