{"time":[3.1029999999999998,3.2039999999999997,3.2939999999999996,3.3789999999999996,3.4579999999999997,3.538,3.635,3.7209999999999996,3.8169999999999997,3.9139999999999997,3.9939999999999998,4.069,4.153,4.244999999999999,4.328999999999999,4.4129999999999985,4.494999999999998,4.568999999999998,4.635999999999998,4.703999999999998,4.783999999999998,4.858999999999998,4.949999999999998,5.030999999999999,5.110999999999999,5.1869999999999985,5.252999999999998,5.323999999999998,5.400999999999998,5.481999999999998,5.552999999999998,5.619999999999998,5.696999999999998,5.781999999999998,5.866999999999998,5.965999999999998,6.032999999999999,6.106999999999998,6.183999999999998,6.2559999999999985,6.328999999999999,6.413999999999999,6.479999999999999,6.571999999999998,6.666999999999998,6.749999999999998,6.825999999999998,6.914999999999998,6.990999999999998,7.076999999999998,7.150999999999998,7.239999999999998,7.3199999999999985,7.403999999999998,7.472999999999998,7.542999999999998,7.621999999999998,7.689999999999998,7.764999999999998,7.836999999999998,7.902999999999998,7.978999999999997,8.052999999999997,8.118999999999998,8.191999999999998,8.277,8.35,8.419,8.498000000000001,8.582,8.669,8.755,8.833,8.913,8.987,9.068,9.139,9.205,9.283,9.36,9.433,9.503,9.568,9.654,9.728,9.801,9.888,9.963,10.032,10.102,10.194,10.259,10.337,10.411,10.478,10.563,10.646,10.734,10.802,10.872,10.955,11.033,11.11,11.177,11.261,11.328,11.401,11.47,11.537,11.608,11.682,11.749,11.834000000000001,11.901000000000002,11.969000000000001,12.039000000000001,12.124000000000002,12.195000000000002,12.266000000000002,12.345000000000002,12.417000000000002,12.491000000000001,12.563,12.636000000000001,12.707,12.793000000000001,12.878000000000002,12.951000000000002],"fps":[11.352885525070956,11.352885525070956,11.352885525070956,9.891196834817013,9.891196834817013,9.891196834817013,9.891196834817013,9.891196834817013,9.891196834817013,9.891196834817013,9.891196834817013,9.891196834817013,9.891196834817013,9.891196834817013,9.891196834817013,11.60541586073501,11.60541586073501,11.60541586073501,11.60541586073501,11.60541586073501,11.60541586073501,11.60541586073501,11.60541586073501,11.60541586073501,11.60541586073501,11.60541586073501,11.60541586073501,11.60541586073501,11.60541586073501,13.096351730589335,13.096351730589335,13.096351730589335,13.096351730589335,13.096351730589335,13.096351730589335,13.096351730589335,13.096351730589335,13.096351730589335,13.096351730589335,13.096351730589335,13.096351730589335,13.096351730589335,13.096351730589335,12.844036697247706,12.844036697247706,12.844036697247706,12.844036697247706,12.844036697247706,12.844036697247706,12.844036697247706,12.844036697247706,12.844036697247706,12.844036697247706,12.844036697247706,12.844036697247706,12.844036697247706,12.380952380952381,12.380952380952381,12.380952380952381,12.380952380952381,12.380952380952381,12.380952380952381,12.380952380952381,12.380952380952381,12.380952380952381,12.380952380952381,12.380952380952381,12.380952380952381,12.380952380952381,12.380952380952381,13.371537726838586,13.371537726838586,13.371537726838586,13.371537726838586,13.371537726838586,13.371537726838586,13.371537726838586,13.371537726838586,13.371537726838586,13.371537726838586,13.371537726838586,13.371537726838586,13.371537726838586,13.371537726838586,13.220018885741265,13.220018885741265,13.220018885741265,13.220018885741265,13.220018885741265,13.220018885741265,13.220018885741265,13.220018885741265,13.220018885741265,13.220018885741265,13.220018885741265,13.220018885741265,13.220018885741265,12.922465208747514,12.922465208747514,12.922465208747514,12.922465208747514,12.922465208747514,12.922465208747514,12.922465208747514,12.922465208747514,12.922465208747514,12.922465208747514,12.922465208747514,12.922465208747514,12.922465208747514,12.922465208747514,13.793103448275861,13.793103448275861,13.793103448275861,13.793103448275861,13.793103448275861,13.793103448275861,13.793103448275861,13.793103448275861,13.793103448275861,13.793103448275861,13.793103448275861,13.793103448275861,13.793103448275861,13.793103448275861,13.409961685823754,13.409961685823754,13.409961685823754],"raf":[127,101,90,85,79,80,98,85,96,97,80,75,84,92,84,84,82,74,67,68,80,75,91,81,80,76,65,71,77,81,71,67,77,85,85,99,67,74,77,72,73,85,66,92,95,83,76,89,76,86,74,89,80,84,69,70,79,68,76,71,66,76,74,66,73,85,73,69,79,84,87,86,78,80,74,81,71,66,78,77,73,71,64,86,74,73,87,75,69,70,92,65,78,74,67,85,83,88,68,70,83,78,77,67,84,67,73,69,68,70,74,67,85,67,68,70,85,71,71,79,72,74,72,73,71,86,85,73]}