{"time":[3.0540000000000007,3.1440000000000006,3.2460000000000004,3.3340000000000005,3.4400000000000004,3.5210000000000004,3.6000000000000005,3.6800000000000006,3.7470000000000008,3.826000000000001,3.893000000000001,3.9680000000000013,4.043000000000001,4.119000000000001,4.2010000000000005,4.289000000000001,4.367000000000001,4.452000000000001,4.530000000000001,4.6110000000000015,4.690000000000001,4.777000000000001,4.878000000000001,4.963000000000001,5.036000000000001,5.109000000000002,5.190000000000002,5.249000000000002,5.317000000000002,5.374000000000002,5.435000000000002,5.514000000000002,5.583000000000002,5.667000000000002,5.741000000000001,5.818000000000001,5.8900000000000015,5.966000000000001,6.052000000000001,6.121000000000001,6.191000000000002,6.291000000000001,6.367000000000001,6.447000000000001,6.522000000000001,6.593000000000001,6.679000000000001,6.762000000000001,6.820000000000001,6.903000000000001,6.968000000000002,7.0310000000000015,7.100000000000001,7.174000000000001,7.255000000000002,7.338000000000002,7.428000000000002,7.500000000000002,7.577000000000002,7.6480000000000015,7.723000000000002,7.801000000000002,7.899000000000002,7.974000000000002,8.054000000000002,8.132000000000001,8.206000000000001,8.287,8.370000000000001,8.449000000000002,8.522000000000002,8.600000000000001,8.668000000000001,8.742,8.809000000000001,8.886000000000001,8.958,9.033,9.107,9.187999999999999,9.259999999999998,9.326999999999998,9.415999999999999,9.503999999999998,9.584999999999997,9.660999999999998,9.736999999999998,9.808999999999997,9.879999999999997,9.951999999999996,10.026999999999996,10.086999999999996,10.159999999999997,10.235999999999997,10.321999999999997,10.469999999999997,10.551999999999998,10.637999999999998,10.761999999999999,10.895,11.036,11.15,11.255,11.357000000000001,11.485000000000001,11.558000000000002,11.617,11.685,11.774000000000001,11.867,11.98,12.082,12.187000000000001,12.306000000000001,12.431000000000001,12.530000000000001,12.634,12.708,12.819,12.908000000000001,12.973],"fps":[11.741682974559687,11.741682974559687,11.741682974559687,11.741682974559687,11.741682974559687,11.741682974559687,11.741682974559687,11.741682974559687,11.385199240986717,11.385199240986717,11.385199240986717,11.385199240986717,11.385199240986717,11.385199240986717,11.385199240986717,11.385199240986717,11.385199240986717,11.385199240986717,11.385199240986717,11.385199240986717,11.385199240986717,12.62135922330097,12.62135922330097,12.62135922330097,12.62135922330097,12.62135922330097,12.62135922330097,12.62135922330097,12.62135922330097,12.62135922330097,12.62135922330097,12.62135922330097,12.62135922330097,12.62135922330097,12.62135922330097,13.448607108549472,13.448607108549472,13.448607108549472,13.448607108549472,13.448607108549472,13.448607108549472,13.448607108549472,13.448607108549472,13.448607108549472,13.448607108549472,13.448607108549472,13.448607108549472,13.448607108549472,12.974051896207586,12.974051896207586,12.974051896207586,12.974051896207586,12.974051896207586,12.974051896207586,12.974051896207586,12.974051896207586,12.974051896207586,12.974051896207586,12.974051896207586,12.974051896207586,12.974051896207586,12.974051896207586,12.974976830398518,12.974976830398518,12.974976830398518,12.974976830398518,12.974976830398518,12.974976830398518,12.974976830398518,12.974976830398518,12.974976830398518,12.974976830398518,12.974976830398518,12.974976830398518,12.974976830398518,12.974976830398518,13.220018885741265,13.220018885741265,13.220018885741265,13.220018885741265,13.220018885741265,13.220018885741265,13.220018885741265,13.220018885741265,13.220018885741265,13.220018885741265,13.220018885741265,13.220018885741265,13.220018885741265,13.220018885741265,13.096351730589335,13.096351730589335,13.096351730589335,13.096351730589335,13.096351730589335,13.096351730589335,13.096351730589335,13.096351730589335,13.096351730589335,13.096351730589335,9.910802775024777,9.910802775024777,9.910802775024777,9.910802775024777,9.910802775024777,9.910802775024777,9.910802775024777,9.910802775024777,9.910802775024777,9.910802775024777,9.910802775024777,10.516252390057362,10.516252390057362,10.516252390057362,10.516252390057362,10.516252390057362,10.516252390057362,10.516252390057362,10.516252390057362,10.516252390057362,10.516252390057362],"raf":[93,90,102,88,106,81,79,80,67,80,66,75,75,76,82,88,78,85,78,81,79,87,101,85,73,73,81,59,68,57,61,79,69,84,74,77,72,76,86,69,70,100,76,80,75,71,86,83,58,83,65,63,69,74,81,83,90,72,77,71,75,78,98,75,80,78,74,81,83,79,73,78,68,74,67,77,72,75,74,81,72,67,89,88,81,76,76,72,71,71,75,60,73,77,85,148,82,86,124,133,141,114,105,102,129,72,59,68,89,93,113,102,105,119,125,99,104,74,111,89,65]}