{"time":[3.0650000000000004,3.2050000000000005,3.3560000000000003,3.507,3.654,3.815,3.952,4.091,4.24,4.3660000000000005,4.524000000000001,4.667000000000001,4.808000000000001,4.964,5.097,5.2410000000000005,5.376,5.532,5.685,5.837999999999999,5.9879999999999995,6.103999999999999,6.249999999999999,6.392999999999999,6.544999999999999,6.747999999999999,6.874,7.0169999999999995,7.169999999999999,7.318999999999999,7.464999999999999,7.594999999999999,7.785999999999999,7.977999999999999,8.158999999999999,8.318999999999999,8.501999999999999,8.668,8.846,9.017,9.177999999999999,9.312,9.465,9.612,9.765,9.912,10.052000000000001,10.200000000000001,10.352,10.530000000000001,10.708000000000002,10.889000000000001,11.073,11.241,11.411,11.584999999999999,11.774,11.956999999999999,12.137999999999998,12.314999999999998,12.484999999999998,12.670999999999998,12.919999999999998],"fps":[5.932203389830509,5.932203389830509,5.932203389830509,5.932203389830509,5.932203389830509,5.932203389830509,5.932203389830509,6.822612085769981,6.822612085769981,6.822612085769981,6.822612085769981,6.822612085769981,6.822612085769981,6.822612085769981,6.958250497017892,6.958250497017892,6.958250497017892,6.958250497017892,6.958250497017892,6.958250497017892,6.958250497017892,6.951340615690169,6.951340615690169,6.951340615690169,6.951340615690169,6.951340615690169,6.951340615690169,6.951340615690169,6.566604127579738,6.566604127579738,6.566604127579738,6.566604127579738,6.566604127579738,6.566604127579738,6.566604127579738,6.092254134029591,6.092254134029591,6.092254134029591,6.092254134029591,6.092254134029591,6.092254134029591,6.092254134029591,6.108202443280978,6.108202443280978,6.108202443280978,6.108202443280978,6.108202443280978,6.108202443280978,6.108202443280978,6.572769953051643,6.572769953051643,6.572769953051643,6.572769953051643,6.572769953051643,6.572769953051643,5.687203791469194,5.687203791469194,5.687203791469194,5.687203791469194,5.687203791469194,5.687203791469194,5.524861878453039,5.524861878453039],"raf":[196,140,151,151,147,160,137,139,149,126,158,143,141,156,133,144,135,156,153,153,150,116,146,143,153,202,126,143,153,149,146,130,191,192,181,160,183,166,178,171,161,134,153,147,153,147,140,148,152,178,178,181,184,168,170,174,189,183,181,177,170,186,249]}