{"time":[3.2640000000000002,3.89,4.339,4.947,5.514,6.118,6.7170000000000005,7.263000000000001,7.861000000000001,8.452,9.085,9.824000000000002,10.454000000000002,11.121000000000002,11.700000000000003,12.343000000000004],"fps":[4.918839153959666,1.5337423312883436,1.5337423312883436,1.8921475875118259,1.8921475875118259,1.7079419299743808,1.7079419299743808,1.7467248908296944,1.7467248908296944,1.682085786375105,1.682085786375105,1.4577259475218658,1.4577259475218658,1.5420200462606013,1.5420200462606013,1.6366612111292962],"raf":[678,626,449,608,567,604,599,546,598,591,633,739,630,667,579,643]}