{"time":[3.218,3.483,3.753,4.025,4.301,4.565,4.806,5.034,5.258,5.475,5.6899999999999995,5.904,6.116,6.332999999999999,6.544999999999999,6.755999999999999,6.964999999999999,7.175999999999999,7.387999999999999,7.599999999999999,7.812999999999999,8.024999999999999,8.235999999999999,8.448999999999998,8.667999999999997,8.884999999999998,9.114999999999998,9.365999999999998,9.604999999999999,9.832999999999998,10.054999999999998,10.270999999999997,10.486999999999997,10.701999999999996,10.915999999999997,11.134999999999996,11.352999999999996,11.568999999999996,11.781999999999995,11.992999999999995,12.206999999999995,12.422999999999995,12.638999999999994,12.852999999999994],"fps":[3.4188034188034186,3.4188034188034186,3.7243947858473,3.7243947858473,3.7243947858473,3.7243947858473,3.798670465337132,3.798670465337132,3.798670465337132,3.798670465337132,3.798670465337132,4.553734061930784,4.553734061930784,4.553734061930784,4.553734061930784,4.553734061930784,4.71253534401508,4.71253534401508,4.71253534401508,4.71253534401508,4.71253534401508,4.716981132075472,4.716981132075472,4.716981132075472,4.716981132075472,4.716981132075472,4.587155963302752,4.587155963302752,4.587155963302752,4.587155963302752,4.587155963302752,4.325259515570934,4.325259515570934,4.325259515570934,4.325259515570934,4.325259515570934,4.621072088724584,4.621072088724584,4.621072088724584,4.621072088724584,4.621072088724584,4.672897196261682,4.672897196261682,4.672897196261682],"raf":[264,265,270,272,276,264,241,228,224,217,215,214,212,217,212,211,209,211,212,212,213,212,211,213,219,217,230,251,239,228,222,216,216,215,214,219,218,216,213,211,214,216,216,214]}