{"time":[3.0680000000000005,3.1890000000000005,3.3150000000000004,3.4360000000000004,3.5570000000000004,3.676,3.7960000000000003,3.9170000000000003,4.038,4.157,4.273,4.394,4.513,4.632,4.75,4.868,4.992,5.116,5.242,5.366,5.489999999999999,5.608999999999999,5.728999999999999,5.851999999999999,5.9719999999999995,6.093,6.214,6.3340000000000005,6.456,6.575,6.698,6.8180000000000005,6.937,7.057,7.1770000000000005,7.297000000000001,7.418000000000001,7.538000000000001,7.654000000000001,7.7700000000000005,7.893000000000001,8.012,8.13,8.249,8.365,8.485,8.600999999999999,8.722999999999999,8.838999999999999,8.956999999999999,9.074,9.19,9.309,9.43,9.551,9.669,9.787,9.904000000000002,10.020000000000001,10.136000000000001,10.257000000000001,10.377,10.496,10.616,10.733,10.854000000000001,10.97,11.086,11.206,11.328,11.447999999999999,11.568999999999999,11.687999999999999,11.807999999999998,11.928999999999998,12.047999999999998,12.168999999999999,12.288999999999998,12.408999999999997,12.527999999999997,12.645999999999997,12.768999999999997,12.889999999999997],"fps":[7.511737089201878,7.511737089201878,7.511737089201878,7.944389275074479,7.944389275074479,7.944389275074479,7.944389275074479,7.944389275074479,7.944389275074479,7.944389275074479,7.944389275074479,7.944389275074479,8.356545961002785,8.356545961002785,8.356545961002785,8.356545961002785,8.356545961002785,8.356545961002785,8.356545961002785,8.356545961002785,8.356545961002785,8.211678832116789,8.211678832116789,8.211678832116789,8.211678832116789,8.211678832116789,8.211678832116789,8.211678832116789,8.211678832116789,8.211678832116789,8.264462809917354,8.264462809917354,8.264462809917354,8.264462809917354,8.264462809917354,8.264462809917354,8.264462809917354,8.264462809917354,8.264462809917354,8.387698042870456,8.387698042870456,8.387698042870456,8.387698042870456,8.387698042870456,8.387698042870456,8.387698042870456,8.387698042870456,8.387698042870456,8.426966292134832,8.426966292134832,8.426966292134832,8.426966292134832,8.426966292134832,8.426966292134832,8.426966292134832,8.426966292134832,8.426966292134832,8.450704225352112,8.450704225352112,8.450704225352112,8.450704225352112,8.450704225352112,8.450704225352112,8.450704225352112,8.450704225352112,8.450704225352112,8.442776735459661,8.442776735459661,8.442776735459661,8.442776735459661,8.442776735459661,8.442776735459661,8.442776735459661,8.442776735459661,8.442776735459661,8.341056533827619,8.341056533827619,8.341056533827619,8.341056533827619,8.341056533827619,8.341056533827619,8.341056533827619,8.341056533827619],"raf":[124,121,126,121,121,119,120,121,121,119,116,121,119,119,118,118,124,124,126,124,124,119,120,123,120,121,121,120,122,119,123,120,119,120,120,120,121,120,116,117,122,119,118,119,116,120,116,122,116,118,117,116,120,120,121,118,118,117,116,116,121,120,119,120,117,121,116,116,120,122,120,121,119,120,121,120,120,120,120,119,118,123,121]}