{"time":[3.167,3.3569999999999998,3.53,3.706,3.881,4.056,4.236,4.411,4.585999999999999,4.765,4.959,5.143,5.33,5.527,5.713,5.899,6.078,6.264,6.454000000000001,6.644000000000001,6.833000000000001,7.025000000000001,7.198000000000001,7.378000000000001,7.575000000000001,7.7650000000000015,7.942000000000001,8.122000000000002,8.317000000000002,8.511000000000003,8.690000000000003,8.880000000000003,9.064000000000002,9.245000000000001,9.434000000000001,9.624,9.817,10.007,10.197,10.377999999999998,10.559999999999999,10.739999999999998,10.919999999999998,11.108999999999998,11.294999999999998,11.487999999999998,11.666999999999998,11.860999999999999,12.052,12.24,12.422,12.631,12.816,12.995000000000001],"fps":[5.221932114882507,5.221932114882507,5.221932114882507,5.509641873278237,5.509641873278237,5.509641873278237,5.509641873278237,5.509641873278237,5.509641873278237,5.665722379603399,5.665722379603399,5.665722379603399,5.665722379603399,5.665722379603399,5.665722379603399,5.291005291005291,5.291005291005291,5.291005291005291,5.291005291005291,5.291005291005291,5.291005291005291,5.328596802841918,5.328596802841918,5.328596802841918,5.328596802841918,5.328596802841918,5.328596802841918,5.469462169553327,5.469462169553327,5.469462169553327,5.469462169553327,5.469462169553327,5.469462169553327,5.342831700801424,5.342831700801424,5.342831700801424,5.342831700801424,5.342831700801424,5.342831700801424,5.29567519858782,5.29567519858782,5.29567519858782,5.29567519858782,5.29567519858782,5.29567519858782,5.405405405405405,5.405405405405405,5.405405405405405,5.405405405405405,5.405405405405405,5.405405405405405,5.2493438320209975,5.2493438320209975,5.2493438320209975],"raf":[175,190,173,176,175,175,180,175,175,179,194,184,187,197,186,186,179,186,191,189,189,192,173,180,197,190,177,180,195,194,179,190,184,181,189,190,193,190,190,181,182,180,180,189,186,193,180,193,191,188,182,209,185,179]}