{"time":[4.787,6.082,7.278,8.777,10.138,11.41,12.381],"fps":[1.3206550449022716,0.7722007722007722,0.835421888053467,0.6675567423230975,0.7347538574577517,0.7861635220125787,0.7861635220125787],"raf":[3407,1295,1197,1498,1361,1272,971]}