{"time":[3.0870000000000006,3.2430000000000008,3.3820000000000006,3.5220000000000007,3.6520000000000006,3.7930000000000006,3.9270000000000005,4.065,4.199000000000001,4.341000000000001,4.485000000000001,4.624000000000001,4.764000000000001,4.907000000000001,5.050000000000001,5.199000000000001,5.339,5.49,5.636,5.787,5.943,6.082,6.2219999999999995,6.364999999999999,6.504,6.645,6.7829999999999995,6.935999999999999,7.075999999999999,7.217999999999999,7.353999999999999,7.497999999999999,7.635,7.776,7.920999999999999,8.062999999999999,8.213999999999999,8.36,8.522,8.682,8.848,8.994000000000002,9.139000000000001,9.337000000000002,9.528000000000002,9.664000000000001,9.786000000000001,9.906,10.025,10.144,10.262,10.382,10.501,10.619,10.736,10.852,10.968,11.083,11.202,11.316,11.431000000000001,11.549000000000001,11.665000000000001,11.777000000000001,11.875000000000002,11.972000000000001,12.068000000000001,12.166000000000002,12.265000000000002,12.364000000000003,12.464000000000002,12.566000000000003,12.667000000000003,12.769000000000004,12.867000000000004,12.965000000000005],"fps":[7.590132827324478,7.590132827324478,7.633587786259542,7.633587786259542,7.633587786259542,7.633587786259542,7.633587786259542,7.633587786259542,7.633587786259542,7.633587786259542,7.252946509519492,7.252946509519492,7.252946509519492,7.252946509519492,7.252946509519492,7.252946509519492,7.252946509519492,6.965174129353234,6.965174129353234,6.965174129353234,6.965174129353234,6.965174129353234,6.965174129353234,6.965174129353234,6.903353057199211,6.903353057199211,6.903353057199211,6.903353057199211,6.903353057199211,6.903353057199211,6.903353057199211,6.903353057199211,7.073386383731211,7.073386383731211,7.073386383731211,7.073386383731211,7.073386383731211,7.073386383731211,7.073386383731211,6.685768863419293,6.685768863419293,6.685768863419293,6.685768863419293,6.685768863419293,6.685768863419293,6.685768863419293,6.340579710144928,6.340579710144928,6.340579710144928,6.340579710144928,6.340579710144928,6.340579710144928,6.340579710144928,6.340579710144928,6.340579710144928,8.442776735459661,8.442776735459661,8.442776735459661,8.442776735459661,8.442776735459661,8.442776735459661,8.442776735459661,8.442776735459661,8.442776735459661,8.79765395894428,8.79765395894428,8.79765395894428,8.79765395894428,8.79765395894428,8.79765395894428,8.79765395894428,8.79765395894428,8.79765395894428,8.79765395894428,8.79765395894428,10.091743119266056],"raf":[117,156,139,140,130,141,134,138,134,142,144,139,140,143,143,150,139,151,146,151,156,139,140,143,139,141,138,153,140,142,136,144,137,141,145,142,151,146,163,159,166,146,146,197,191,136,122,121,118,120,117,120,119,118,117,116,116,115,119,114,116,117,116,112,98,97,96,99,98,99,100,102,101,102,99,97]}