{"time":[3.088,3.281,3.474,3.669,3.871,4.069,4.261,4.453,4.647,4.8870000000000005,5.088,5.28,5.473,5.669,5.861,6.058,6.252,6.447,6.644,6.839,7.031000000000001,7.223000000000001,7.417000000000001,7.613,7.806,7.999,8.190999999999999,8.383999999999999,8.584999999999999,8.802,9.006,9.201,9.394,9.59,9.785,9.978,10.171,10.366,10.561,10.753,10.946,11.138,11.33,11.523,11.716,11.911999999999999,12.104999999999999,12.299,12.491,12.686,12.88],"fps":[4.887585532746823,4.793863854266539,4.793863854266539,4.793863854266539,4.793863854266539,4.793863854266539,4.793863854266539,5.1194539249146755,5.1194539249146755,5.1194539249146755,5.1194539249146755,5.1194539249146755,4.897159647404505,4.897159647404505,4.897159647404505,4.897159647404505,4.897159647404505,4.897159647404505,5.128205128205129,5.128205128205129,5.128205128205129,5.128205128205129,5.128205128205129,5.128205128205129,5.163511187607573,5.163511187607573,5.163511187607573,5.163511187607573,5.163511187607573,5.163511187607573,5,5,5,5,5,5,5.150214592274678,5.150214592274678,5.150214592274678,5.150214592274678,5.150214592274678,5.150214592274678,5.176876617773943,5.176876617773943,5.176876617773943,5.176876617773943,5.176876617773943,5.176876617773943,5.167958656330749,5.167958656330749,5.167958656330749],"raf":[215,193,193,195,203,197,192,192,194,240,201,192,194,195,192,197,194,195,197,196,191,192,194,196,193,193,192,193,201,218,203,195,193,196,195,193,193,196,194,192,193,192,192,193,193,196,193,194,192,195,194]}