{"time":[3.099,3.221,3.346,3.47,3.5940000000000003,3.7170000000000005,3.8440000000000003,3.9670000000000005,4.091,4.215,4.34,4.466,4.594,4.718,4.842,4.967,5.093999999999999,5.217999999999999,5.341999999999999,5.467999999999999,5.593999999999999,5.722999999999999,5.854999999999999,5.986999999999998,6.119999999999998,6.252999999999998,6.383999999999999,6.530999999999999,6.676999999999999,6.8119999999999985,6.981999999999998,7.1629999999999985,7.294999999999998,7.418999999999998,7.545999999999998,7.682999999999998,7.805999999999998,7.932999999999998,8.058999999999997,8.183999999999997,8.307999999999998,8.430999999999997,8.557999999999998,8.679999999999998,8.805999999999997,8.929999999999998,9.055999999999997,9.181999999999997,9.307999999999996,9.435999999999996,9.565999999999997,9.689999999999998,9.814999999999998,9.941999999999998,10.067999999999998,10.193999999999997,10.325999999999997,10.449999999999998,10.575999999999997,10.699999999999998,10.825999999999997,10.954999999999997,11.080999999999996,11.206999999999995,11.329999999999995,11.453999999999995,11.578999999999995,11.702999999999996,11.827999999999996,11.952999999999996,12.078999999999995,12.202999999999996,12.333999999999996,12.457999999999997,12.585999999999997,12.709999999999997,12.842999999999996,12.966999999999997],"fps":[7.744433688286544,7.744433688286544,7.744433688286544,7.744433688286544,7.744433688286544,7.744433688286544,7.744433688286544,7.744433688286544,8.086253369272237,8.086253369272237,8.086253369272237,8.086253369272237,8.086253369272237,8.086253369272237,8.086253369272237,8.086253369272237,7.976071784646062,7.976071784646062,7.976071784646062,7.976071784646062,7.976071784646062,7.976071784646062,7.976071784646062,7.976071784646062,7.797270955165692,7.797270955165692,7.797270955165692,7.797270955165692,7.797270955165692,7.797270955165692,7.797270955165692,6.7114093959731544,6.7114093959731544,6.7114093959731544,6.7114093959731544,6.7114093959731544,6.7114093959731544,6.7114093959731544,6.7114093959731544,7.835455435847209,7.835455435847209,7.835455435847209,7.835455435847209,7.835455435847209,7.835455435847209,7.835455435847209,7.835455435847209,7.835455435847209,8.00711743772242,8.00711743772242,8.00711743772242,8.00711743772242,8.00711743772242,8.00711743772242,8.00711743772242,8.00711743772242,7.858546168958743,7.858546168958743,7.858546168958743,7.858546168958743,7.858546168958743,7.858546168958743,7.858546168958743,7.858546168958743,7.968127490039841,7.968127490039841,7.968127490039841,7.968127490039841,7.968127490039841,7.968127490039841,7.968127490039841,7.968127490039841,7.968127490039841,7.968127490039841,7.968127490039841,7.968127490039841,7.968127490039841,7.968127490039841],"raf":[121,122,125,124,124,123,127,123,124,124,125,126,128,124,125,124,127,124,124,126,126,129,132,132,133,133,132,146,146,135,170,181,132,124,127,137,123,127,126,125,124,123,127,122,126,124,126,126,126,128,130,124,125,127,126,127,131,124,126,125,125,129,126,126,123,125,124,124,125,125,126,124,131,124,128,124,133,124]}