{"time":[3.169,3.44,3.674,3.901,4.1419999999999995,4.398,4.6339999999999995,4.85,5.085999999999999,5.326999999999999,5.572999999999999,5.8119999999999985,6.0379999999999985,6.267999999999999,6.497999999999999,6.718999999999999,6.944999999999999,7.164999999999999,7.4079999999999995,7.653,7.904999999999999,8.152,8.42,8.719,8.974,9.218,9.494,9.765,10.056000000000001,10.311000000000002,10.581000000000001,10.864,11.138000000000002,11.386000000000001,11.637,11.9,12.165000000000001,12.420000000000002,12.664000000000001,12.922],"fps":[7.552870090634441,3.952569169960474,3.952569169960474,3.952569169960474,3.952569169960474,3.952569169960474,4.187604690117253,4.187604690117253,4.187604690117253,4.187604690117253,4.187604690117253,4.244482173174872,4.244482173174872,4.244482173174872,4.244482173174872,4.244482173174872,4.41306266548985,4.41306266548985,4.41306266548985,4.41306266548985,4.41306266548985,4.139072847682119,4.139072847682119,4.139072847682119,4.139072847682119,3.755868544600939,3.755868544600939,3.755868544600939,3.755868544600939,3.659652333028362,3.659652333028362,3.659652333028362,3.659652333028362,3.7209302325581395,3.7209302325581395,3.7209302325581395,3.7209302325581395,3.8684719535783367,3.8684719535783367,3.8684719535783367],"raf":[254,271,234,227,241,256,236,216,236,241,246,239,226,230,230,221,226,220,243,245,252,248,267,299,255,244,276,271,291,255,270,283,274,248,251,263,265,255,244,258]}