{"time":[3.0869999999999993,3.2609999999999992,3.4849999999999994,3.6899999999999995,3.8979999999999997,4.098,4.3069999999999995,4.505999999999999,4.709999999999999,4.917999999999999,5.127999999999999,5.335999999999999,5.547,5.763,5.993,6.232,6.448,6.665,6.8790000000000004,7.090000000000001,7.297000000000001,7.501,7.71,7.927,8.136,8.356,8.618,8.849,9.09,9.361,9.656,9.98,10.285,10.526,10.782,11.018,11.254000000000001,11.477000000000002,11.690000000000001,11.925,12.128,12.333,12.536,12.745,12.963],"fps":[5.808325266214908,5.808325266214908,5.808325266214908,5.808325266214908,5.808325266214908,4.945598417408506,4.945598417408506,4.945598417408506,4.945598417408506,4.945598417408506,4.854368932038835,4.854368932038835,4.854368932038835,4.854368932038835,4.854368932038835,4.528985507246377,4.528985507246377,4.528985507246377,4.528985507246377,4.528985507246377,4.690431519699812,4.690431519699812,4.690431519699812,4.690431519699812,4.690431519699812,4.725897920604915,4.725897920604915,4.725897920604915,4.725897920604915,3.9761431411530817,3.9761431411530817,3.9761431411530817,3.9761431411530817,3.4334763948497855,3.4334763948497855,3.4334763948497855,3.4334763948497855,3.4334763948497855,4.299226139294927,4.299226139294927,4.299226139294927,4.299226139294927,4.299226139294927,4.739336492890995,4.739336492890995],"raf":[200,174,224,205,208,200,209,199,204,208,210,208,211,216,230,239,216,217,214,212,207,203,209,217,209,220,262,231,241,272,294,324,305,242,255,237,235,223,213,235,204,204,203,209,218]}