{"time":[3.0480000000000005,3.1880000000000006,3.2890000000000006,3.3850000000000007,3.4740000000000006,3.5720000000000005,3.6830000000000007,3.7720000000000007,3.875000000000001,3.9770000000000008,4.078000000000001,4.176000000000001,4.269000000000001,4.356000000000001,4.4430000000000005,4.537000000000001,4.627000000000001,4.728000000000001,4.811000000000001,4.9030000000000005,4.9990000000000006,5.103000000000001,5.203,5.305000000000001,5.406000000000001,5.501,5.585,5.68,5.781,5.888999999999999,5.986999999999999,6.078999999999999,6.189999999999999,6.291999999999999,6.385999999999999,6.489999999999999,6.585999999999999,6.667999999999999,6.757,6.848,6.941,7.043,7.140000000000001,7.236000000000001,7.336,7.426,7.522,7.602,7.699000000000001,7.806000000000001,7.899000000000001,7.998000000000001,8.102,8.204,8.308,8.406,8.508000000000001,8.604000000000001,8.704,8.786000000000001,8.864,8.959000000000001,9.054000000000002,9.136000000000003,9.250000000000004,9.339000000000004,9.429000000000004,9.524000000000004,9.618000000000004,9.711000000000004,9.814000000000004,9.919000000000004,10.017000000000005,10.117000000000004,10.210000000000004,10.297000000000004,10.394000000000004,10.499000000000004,10.597000000000005,10.707000000000004,10.798000000000004,10.893000000000004,11.000000000000004,11.085000000000004,11.187000000000005,11.281000000000004,11.381000000000004,11.486000000000004,11.586000000000004,11.683000000000003,11.796000000000003,11.889000000000003,11.976000000000003,12.078000000000003,12.172000000000002,12.265000000000002,12.354000000000003,12.462000000000003,12.560000000000004,12.659000000000004,12.781000000000004,12.882000000000005,12.989000000000004],"fps":[8.771929824561404,8.771929824561404,8.771929824561404,8.771929824561404,8.771929824561404,8.771929824561404,8.771929824561404,8.771929824561404,8.771929824561404,8.771929824561404,9.70873786407767,9.70873786407767,9.70873786407767,9.70873786407767,9.70873786407767,9.70873786407767,9.70873786407767,9.70873786407767,9.70873786407767,9.70873786407767,9.70873786407767,10.731707317073171,10.731707317073171,10.731707317073171,10.731707317073171,10.731707317073171,10.731707317073171,10.731707317073171,10.731707317073171,10.731707317073171,10.731707317073171,10.731707317073171,10.119595216191353,10.119595216191353,10.119595216191353,10.119595216191353,10.119595216191353,10.119595216191353,10.119595216191353,10.119595216191353,10.119595216191353,10.119595216191353,10.119595216191353,10.516252390057362,10.516252390057362,10.516252390057362,10.516252390057362,10.516252390057362,10.516252390057362,10.516252390057362,10.516252390057362,10.516252390057362,10.516252390057362,10.516252390057362,10.261194029850746,10.261194029850746,10.261194029850746,10.261194029850746,10.261194029850746,10.261194029850746,10.261194029850746,10.261194029850746,10.261194029850746,10.261194029850746,10.261194029850746,10.66925315227934,10.66925315227934,10.66925315227934,10.66925315227934,10.66925315227934,10.66925315227934,10.66925315227934,10.66925315227934,10.66925315227934,10.66925315227934,10.66925315227934,10.42654028436019,10.42654028436019,10.42654028436019,10.42654028436019,10.42654028436019,10.42654028436019,10.42654028436019,10.42654028436019,10.42654028436019,10.42654028436019,10.42654028436019,10.073260073260073,10.073260073260073,10.073260073260073,10.073260073260073,10.073260073260073,10.073260073260073,10.073260073260073,10.073260073260073,10.073260073260073,10.073260073260073,10.073260073260073,10.242085661080074,10.242085661080074,10.242085661080074,10.242085661080074,10.242085661080074],"raf":[145,140,101,96,89,98,111,89,103,102,101,98,93,87,87,94,90,101,83,92,96,104,100,102,101,95,84,95,101,108,98,92,111,103,93,104,97,81,89,91,93,102,97,96,100,90,96,80,97,107,93,99,104,102,104,99,101,96,100,82,78,95,95,82,114,89,90,95,94,93,103,105,98,100,93,87,97,105,98,110,91,95,107,85,102,95,99,105,100,97,113,93,87,102,94,93,89,108,98,99,123,100,107]}