{"time":[3.201,3.4130000000000003,3.6270000000000002,3.8600000000000003,4.104,4.352,4.578,4.809,5.022,5.2780000000000005,5.589,5.930000000000001,6.167000000000001,6.369000000000001,6.586,6.791,7.016,7.225,7.436999999999999,7.651999999999999,7.8389999999999995,8.014999999999999,8.213999999999999,8.376,8.559,8.767,8.966999999999999,9.162999999999998,9.343999999999998,9.506999999999998,9.712999999999997,9.890999999999998,10.061999999999998,10.246999999999998,10.418999999999999,10.607,10.790999999999999,10.971999999999998,11.164999999999997,11.333999999999998,11.521999999999998,11.704999999999998,11.877999999999998,12.043999999999999,12.225999999999999,12.422999999999998,12.585999999999999,12.758999999999999,12.944999999999999],"fps":[3.693444136657433,3.693444136657433,3.693444136657433,4.25531914893617,4.25531914893617,4.25531914893617,4.25531914893617,4.25531914893617,4.3029259896729775,4.3029259896729775,4.3029259896729775,4.3029259896729775,3.493449781659389,3.493449781659389,3.493449781659389,3.493449781659389,3.493449781659389,4.725897920604915,4.725897920604915,4.725897920604915,4.725897920604915,4.725897920604915,4.725897920604915,5.212858384013901,5.212858384013901,5.212858384013901,5.212858384013901,5.212858384013901,5.212858384013901,5.30035335689046,5.30035335689046,5.30035335689046,5.30035335689046,5.30035335689046,5.30035335689046,5.45950864422202,5.45950864422202,5.45950864422202,5.45950864422202,5.45950864422202,5.45950864422202,5.46448087431694,5.46448087431694,5.46448087431694,5.46448087431694,5.46448087431694,5.46448087431694,5.692599620493358,5.692599620493358],"raf":[268,211,214,233,244,248,226,231,213,256,311,342,236,202,217,205,225,209,212,215,187,176,199,162,183,208,200,196,182,162,206,178,171,185,172,188,184,181,193,169,188,183,173,166,182,197,163,173,186]}