{"time":[3.0170000000000003,3.168,3.317,3.46,3.6069999999999998,3.751,3.893,4.051,4.195,4.345000000000001,4.485,4.636,4.782,4.935,5.095,5.2379999999999995,5.38,5.534,5.678,5.82,5.978000000000001,6.138000000000001,6.313000000000001,6.455000000000001,6.599000000000001,6.739000000000001,6.878000000000001,7.036000000000001,7.186000000000002,7.338000000000002,7.500000000000002,7.642000000000002,7.7920000000000025,7.937000000000002,8.081000000000001,8.227000000000002,8.368000000000002,8.512000000000002,8.657000000000002,8.808000000000002,8.964000000000002,9.117000000000003,9.267000000000003,9.414000000000003,9.578000000000003,9.728000000000003,9.891000000000004,10.029000000000003,10.170000000000003,10.319000000000003,10.460000000000003,10.610000000000003,10.756000000000004,10.889000000000003,11.046000000000003,11.192000000000004,11.352000000000004,11.509000000000004,11.660000000000004,11.815000000000003,11.962000000000003,12.119000000000003,12.261000000000003,12.420000000000003,12.572000000000003,12.709000000000003,12.865000000000004],"fps":[6.422018348623853,6.422018348623853,6.422018348623853,6.422018348623853,6.422018348623853,6.422018348623853,6.422018348623853,6.769825918762089,6.769825918762089,6.769825918762089,6.769825918762089,6.769825918762089,6.769825918762089,6.769825918762089,6.704980842911877,6.704980842911877,6.704980842911877,6.704980842911877,6.704980842911877,6.704980842911877,6.704980842911877,6.7114093959731544,6.7114093959731544,6.7114093959731544,6.7114093959731544,6.7114093959731544,6.7114093959731544,6.7114093959731544,6.679389312977099,6.679389312977099,6.679389312977099,6.679389312977099,6.679389312977099,6.679389312977099,6.679389312977099,6.724303554274736,6.724303554274736,6.724303554274736,6.724303554274736,6.724303554274736,6.724303554274736,6.724303554274736,6.730769230769231,6.730769230769231,6.730769230769231,6.730769230769231,6.730769230769231,6.730769230769231,6.730769230769231,6.653992395437262,6.653992395437262,6.653992395437262,6.653992395437262,6.653992395437262,6.653992395437262,6.653992395437262,6.776379477250726,6.776379477250726,6.776379477250726,6.776379477250726,6.776379477250726,6.776379477250726,6.776379477250726,6.5543071161048685,6.5543071161048685,6.5543071161048685,6.5543071161048685],"raf":[139,151,149,143,147,144,142,158,144,150,140,151,146,153,160,143,142,154,144,142,158,160,175,142,144,140,139,158,150,152,162,142,150,145,144,146,141,144,145,151,156,153,150,147,164,150,163,138,141,149,141,150,146,133,157,146,160,157,152,154,147,158,141,159,152,137,156]}