{"time":[3.1500000000000004,3.3560000000000003,3.5530000000000004,3.7520000000000002,3.9290000000000003,4.1080000000000005,4.336,4.589,4.841,5.035,5.226,5.409,5.587,5.768,5.951,6.132,6.319,6.509,6.686,6.8629999999999995,7.052,7.242,7.425,7.6209999999999996,7.802,7.989999999999999,8.184999999999999,8.365999999999998,8.550999999999998,8.745999999999999,8.935999999999998,9.136999999999999,9.318999999999999,9.504999999999999,9.688999999999998,9.871999999999998,10.057999999999998,10.244999999999997,10.448999999999998,10.630999999999998,10.809,10.991999999999999,11.175999999999998,11.357999999999999,11.54,11.731,11.911999999999999,12.094999999999999,12.309999999999999,12.508,12.693999999999999,12.876],"fps":[5.063291139240507,5.059021922428331,5.059021922428331,5.059021922428331,5.059021922428331,5.059021922428331,5.059021922428331,4.866180048661801,4.866180048661801,4.866180048661801,4.866180048661801,4.866180048661801,4.866180048661801,5.089058524173028,5.089058524173028,5.089058524173028,5.089058524173028,5.089058524173028,5.089058524173028,5.47945205479452,5.47945205479452,5.47945205479452,5.47945205479452,5.47945205479452,5.47945205479452,5.323868677905945,5.323868677905945,5.323868677905945,5.323868677905945,5.323868677905945,5.323868677905945,5.231037489102005,5.231037489102005,5.231037489102005,5.231037489102005,5.231037489102005,5.231037489102005,5.415162454873646,5.415162454873646,5.415162454873646,5.415162454873646,5.415162454873646,5.415162454873646,5.390835579514825,5.390835579514825,5.390835579514825,5.390835579514825,5.390835579514825,5.390835579514825,5.217391304347826,5.217391304347826,5.217391304347826],"raf":[192,205,198,198,177,179,229,252,252,194,191,183,178,181,183,181,187,190,177,177,189,190,183,196,181,188,195,181,185,195,190,201,182,186,184,183,186,187,204,182,178,183,184,182,182,191,181,183,215,198,186,182]}