{"time":[4.6,5.5409999999999995,6.481,7.321,8.217,9.126000000000001,10.001000000000001,10.990000000000002,11.840000000000002,12.738000000000001],"fps":[0.3449465332873405,0.3449465332873405,1.063264221158958,1.063264221158958,1.152073732718894,1.152073732718894,1.1210762331838564,1.1210762331838564,1.0875475802066341,1.0875475802066341],"raf":[2899,941,940,840,896,909,875,989,850,898]}