{"time":[3.045,3.098,3.157,3.211,3.266,3.321,3.373,3.4290000000000003,3.487,3.544,3.597,3.651,3.699,3.743,3.792,3.856,3.911,3.975,4.027,4.078,4.13,4.184,4.244,4.311999999999999,4.385,4.449,4.532,4.608,4.656,4.710999999999999,4.765,4.805,4.848,4.893,4.943,4.986999999999999,5.042999999999999,5.092999999999999,5.144999999999999,5.2109999999999985,5.277999999999999,5.345999999999998,5.414999999999998,5.481999999999998,5.554999999999999,5.598999999999998,5.647999999999999,5.693999999999999,5.744999999999999,5.803999999999999,5.855999999999999,5.906999999999999,5.958999999999999,6.004999999999999,6.067999999999999,6.163999999999999,6.249999999999999,6.341999999999999,6.406999999999999,6.533999999999999,6.620999999999999,6.671999999999999,6.714999999999999,6.760999999999999,6.81,6.853999999999999,6.916999999999999,6.977999999999999,7.048999999999999,7.118999999999999,7.183999999999999,7.244999999999999,7.334999999999999,7.408999999999999,7.498999999999999,7.587999999999999,7.643999999999999,7.694999999999999,7.744999999999999,7.792999999999999,7.8389999999999995,7.901999999999999,7.945999999999999,7.996999999999999,8.059,8.107,8.162999999999998,8.223999999999998,8.293,8.370999999999999,8.448999999999998,8.530999999999999,8.629,8.687999999999999,8.735,8.776,8.817,8.882,8.94,9.001999999999999,9.062,9.128,9.192,9.254,9.321,9.388,9.458,9.524000000000001,9.589,9.638,9.691,9.742,9.796000000000001,9.847000000000001,9.895000000000001,9.944,9.991000000000001,10.034,10.09,10.156,10.228,10.299999999999999,10.370999999999999,10.437,10.514999999999999,10.604999999999999,10.655,10.705,10.75,10.813,10.866000000000001,10.923000000000002,10.996000000000002,11.075000000000003,11.153000000000002,11.240000000000002,11.319000000000003,11.400000000000002,11.483000000000002,11.567000000000002,11.653000000000002,11.733000000000002,11.808000000000002,11.891000000000002,11.977000000000002,12.072000000000003,12.165000000000003,12.275000000000002,12.365000000000002,12.455000000000002,12.548000000000002,12.642000000000001,12.728000000000002,12.815000000000001,12.900000000000002,12.996000000000002],"fps":[16.71583087512291,16.71583087512291,16.71583087512291,16.71583087512291,16.71583087512291,16.71583087512291,16.71583087512291,16.71583087512291,16.71583087512291,16.71583087512291,16.71583087512291,16.71583087512291,16.71583087512291,16.71583087512291,16.71583087512291,16.71583087512291,16.71583087512291,16.71583087512291,16.71583087512291,18.39303000968054,18.39303000968054,18.39303000968054,18.39303000968054,18.39303000968054,18.39303000968054,18.39303000968054,18.39303000968054,18.39303000968054,18.39303000968054,18.39303000968054,18.39303000968054,18.39303000968054,18.39303000968054,18.39303000968054,18.39303000968054,18.39303000968054,18.39303000968054,17.733990147783253,17.733990147783253,17.733990147783253,17.733990147783253,17.733990147783253,17.733990147783253,17.733990147783253,17.733990147783253,17.733990147783253,17.733990147783253,17.733990147783253,17.733990147783253,17.733990147783253,17.733990147783253,17.733990147783253,17.733990147783253,17.733990147783253,17.733990147783253,16.80672268907563,16.80672268907563,16.80672268907563,16.80672268907563,16.80672268907563,16.80672268907563,16.80672268907563,16.80672268907563,16.80672268907563,16.80672268907563,16.80672268907563,16.80672268907563,16.80672268907563,16.80672268907563,16.80672268907563,14.705882352941176,14.705882352941176,14.705882352941176,14.705882352941176,14.705882352941176,14.705882352941176,14.705882352941176,14.705882352941176,14.705882352941176,14.705882352941176,14.705882352941176,14.705882352941176,14.705882352941176,14.705882352941176,14.705882352941176,14.705882352941176,14.705882352941176,16.346153846153847,16.346153846153847,16.346153846153847,16.346153846153847,16.346153846153847,16.346153846153847,16.346153846153847,16.346153846153847,16.346153846153847,16.346153846153847,16.346153846153847,16.346153846153847,16.346153846153847,16.346153846153847,16.346153846153847,16.346153846153847,15.533980582524272,15.533980582524272,15.533980582524272,15.533980582524272,15.533980582524272,15.533980582524272,15.533980582524272,15.533980582524272,15.533980582524272,15.533980582524272,15.533980582524272,15.533980582524272,15.533980582524272,15.533980582524272,15.533980582524272,15.533980582524272,15.533980582524272,15.533980582524272,17.208413001912046,17.208413001912046,17.208413001912046,17.208413001912046,17.208413001912046,17.208413001912046,17.208413001912046,17.208413001912046,17.208413001912046,17.208413001912046,17.208413001912046,17.208413001912046,17.208413001912046,17.208413001912046,17.208413001912046,14.720314033366044,14.720314033366044,14.720314033366044,14.720314033366044,14.720314033366044,14.720314033366044,14.720314033366044,14.720314033366044,14.720314033366044,14.720314033366044,14.720314033366044,14.720314033366044,11.461318051575931,11.461318051575931,11.461318051575931,11.461318051575931,11.461318051575931,11.461318051575931,11.461318051575931,11.461318051575931],"raf":[60,53,59,54,55,55,52,56,58,57,53,54,48,44,49,64,56,63,52,51,52,54,60,68,73,64,83,76,48,56,53,40,43,45,50,44,56,50,52,66,67,68,69,67,73,44,49,46,51,59,52,51,52,46,63,96,86,92,65,127,87,51,43,46,49,44,63,61,71,70,65,61,90,74,90,89,57,50,50,48,46,63,44,51,62,48,57,60,69,78,78,82,98,59,47,41,41,65,58,62,60,66,64,62,67,67,70,67,64,49,53,51,54,51,48,49,47,43,56,66,72,72,71,66,78,91,49,50,45,63,53,57,73,79,78,87,79,81,83,85,85,80,75,83,86,95,93,110,91,89,93,94,86,87,85,96]}