{"time":[3.342,3.714,3.971,4.2330000000000005,4.48,4.751,4.989000000000001,5.224000000000001,5.463000000000001,5.703000000000001,5.955000000000001,6.227000000000001,6.489000000000001,6.760000000000001,7.008000000000001,7.227000000000001,7.413000000000001,7.566000000000001,7.722,7.872000000000001,8.013,8.145,8.283,8.429,8.559000000000001,8.687000000000001,8.813,8.942,9.064,9.184,9.305,9.427,9.545,9.672,9.797,9.922,10.042,10.161999999999999,10.289,10.407,10.532,10.663,10.807,10.981,11.097,11.228,11.347,11.466,11.588,11.722999999999999,11.850999999999999,11.970999999999998,12.089999999999998,12.208999999999998,12.328999999999997,12.461999999999996,12.584999999999996,12.704999999999995,12.823999999999995,12.943999999999994],"fps":[3.7509377344336086,3.7509377344336086,3.7509377344336086,3.7509377344336086,3.5366931918656057,3.5366931918656057,3.5366931918656057,3.5366931918656057,3.5366931918656057,4.088307440719542,4.088307440719542,4.088307440719542,4.088307440719542,3.7842951750236518,3.7842951750236518,3.7842951750236518,3.7842951750236518,3.7842951750236518,3.7842951750236518,5.39568345323741,5.39568345323741,5.39568345323741,5.39568345323741,5.39568345323741,5.39568345323741,5.39568345323741,5.39568345323741,7.4766355140186915,7.4766355140186915,7.4766355140186915,7.4766355140186915,7.4766355140186915,7.4766355140186915,7.4766355140186915,7.4766355140186915,7.4766355140186915,8.174386920980927,8.174386920980927,8.174386920980927,8.174386920980927,8.174386920980927,8.174386920980927,8.174386920980927,8.174386920980927,7.590132827324478,7.590132827324478,7.590132827324478,7.590132827324478,7.590132827324478,7.590132827324478,7.590132827324478,7.590132827324478,7.590132827324478,8.093525179856115,8.093525179856115,8.093525179856115,8.093525179856115,8.093525179856115,8.093525179856115,8.093525179856115],"raf":[350,365,257,263,246,272,237,235,239,240,252,272,262,271,248,219,186,153,156,150,141,132,138,146,130,128,126,129,122,120,121,122,118,127,125,125,121,119,127,118,125,131,144,174,116,131,119,119,122,135,128,120,119,119,120,133,123,120,119,120]}