{"time":[3.009000000000001,3.1180000000000008,3.2230000000000008,3.326000000000001,3.417000000000001,3.523000000000001,3.619000000000001,3.7300000000000013,3.8450000000000015,3.9330000000000016,4.032000000000002,4.1320000000000014,4.237000000000002,4.331000000000002,4.418000000000002,4.507000000000002,4.625000000000003,4.710000000000003,4.802000000000002,4.884000000000002,4.979000000000002,5.0950000000000015,5.187000000000001,5.284000000000002,5.365000000000002,5.445000000000002,5.527000000000002,5.617000000000002,5.692000000000002,5.776000000000002,5.862000000000002,5.945000000000002,6.032000000000002,6.124000000000001,6.211000000000001,6.300000000000002,6.380000000000002,6.469000000000002,6.541000000000002,6.633000000000002,6.715000000000002,6.812000000000002,6.904000000000002,6.997000000000002,7.076000000000001,7.158000000000001,7.240000000000001,7.340000000000001,7.425000000000001,7.515000000000001,7.613,7.689,7.7620000000000005,7.883000000000001,7.997000000000001,8.082,8.174000000000001,8.254000000000001,8.364,8.458,8.546,8.628,8.706,8.807,8.905000000000001,8.997000000000002,9.105000000000002,9.199000000000002,9.304000000000002,9.406000000000002,9.496000000000002,9.580000000000002,9.667000000000002,9.762000000000002,9.860000000000003,9.945000000000004,10.033000000000003,10.117000000000003,10.215000000000003,10.300000000000004,10.389000000000005,10.470000000000004,10.568000000000005,10.651000000000005,10.743000000000006,10.835000000000006,10.935000000000006,11.014000000000006,11.087000000000007,11.187000000000006,11.268000000000006,11.344000000000007,11.422000000000006,11.508000000000006,11.613000000000007,11.697000000000006,11.784000000000006,11.884000000000006,11.980000000000006,12.080000000000005,12.185000000000006,12.280000000000006,12.372000000000007,12.452000000000007,12.550000000000008,12.645000000000008,12.745000000000008,12.835000000000008,12.941000000000008],"fps":[8.946322067594433,8.946322067594433,8.946322067594433,8.946322067594433,8.946322067594433,8.946322067594433,8.946322067594433,8.946322067594433,8.946322067594433,8.946322067594433,9.775171065493646,9.775171065493646,9.775171065493646,9.775171065493646,9.775171065493646,9.775171065493646,9.775171065493646,9.775171065493646,9.775171065493646,9.775171065493646,9.775171065493646,10.348071495766698,10.348071495766698,10.348071495766698,10.348071495766698,10.348071495766698,10.348071495766698,10.348071495766698,10.348071495766698,10.348071495766698,10.348071495766698,10.348071495766698,10.348071495766698,11.661807580174926,11.661807580174926,11.661807580174926,11.661807580174926,11.661807580174926,11.661807580174926,11.661807580174926,11.661807580174926,11.661807580174926,11.661807580174926,11.661807580174926,11.661807580174926,11.60541586073501,11.60541586073501,11.60541586073501,11.60541586073501,11.60541586073501,11.60541586073501,11.60541586073501,11.60541586073501,11.60541586073501,11.60541586073501,11.60541586073501,10.826771653543307,10.826771653543307,10.826771653543307,10.826771653543307,10.826771653543307,10.826771653543307,10.826771653543307,10.826771653543307,10.826771653543307,10.826771653543307,10.826771653543307,10.731707317073171,10.731707317073171,10.731707317073171,10.731707317073171,10.731707317073171,10.731707317073171,10.731707317073171,10.731707317073171,10.731707317073171,10.731707317073171,10.731707317073171,10.826771653543307,10.826771653543307,10.826771653543307,10.826771653543307,10.826771653543307,10.826771653543307,10.826771653543307,10.826771653543307,10.826771653543307,10.826771653543307,10.826771653543307,10.826771653543307,11.396011396011396,11.396011396011396,11.396011396011396,11.396011396011396,11.396011396011396,11.396011396011396,11.396011396011396,11.396011396011396,11.396011396011396,11.396011396011396,11.396011396011396,10.869565217391305,10.869565217391305,10.869565217391305,10.869565217391305,10.869565217391305,10.869565217391305,10.869565217391305,10.869565217391305],"raf":[109,109,105,103,91,106,96,111,115,88,99,101,104,94,87,89,118,85,92,82,95,116,92,97,81,80,82,90,75,84,86,83,87,92,87,89,80,89,72,92,82,97,93,92,79,82,82,100,85,90,98,76,73,121,114,85,92,80,110,94,88,82,78,101,98,92,108,94,105,102,90,84,87,95,98,85,88,84,98,85,89,81,98,83,92,92,100,79,73,100,81,76,78,86,105,84,87,100,96,100,105,95,92,80,98,95,100,90,106]}