{
    "time": [
        0,
        0.026,
        0.075,
        0.093,
        0.108,
        0.562,
        0.5820000000000001,
        0.5990000000000001,
        0.6140000000000001,
        0.6420000000000001,
        0.6720000000000002,
        0.6790000000000002,
        1.052,
        1.429,
        1.695,
        2.075,
        2.325,
        2.595,
        2.984,
        3.397,
        3.675,
        3.905,
        4.293,
        4.54,
        4.8100000000000005,
        5.074000000000001,
        5.429,
        5.654,
        5.856,
        6.066,
        6.269,
        6.519,
        6.774,
        6.991,
        7.241,
        7.531,
        7.824,
        8.071,
        8.293,
        8.568,
        8.940999999999999,
        9.225,
        9.664,
        9.943
    ],
    "fps": [
        0,
        0,
        0,
        0,
        0,
        0,
        0,
        0,
        0,
        0,
        0,
        0,
        12.357414448669202,
        12.357414448669202,
        12.357414448669202,
        2.935420743639922,
        2.935420743639922,
        2.935420743639922,
        2.935420743639922,
        3.02571860816944,
        3.02571860816944,
        3.02571860816944,
        3.02571860816944,
        3.499562554680665,
        3.499562554680665,
        3.499562554680665,
        3.499562554680665,
        3.5906642728904847,
        3.5906642728904847,
        3.5906642728904847,
        3.5906642728904847,
        3.5906642728904847,
        4.460303300624442,
        4.460303300624442,
        4.460303300624442,
        4.460303300624442,
        3.813155386081983,
        3.813155386081983,
        3.813155386081983,
        3.813155386081983,
        3.5810205908683974,
        3.5810205908683974,
        3.5810205908683974,
        2.9940119760479043
    ],
    "raf": [
        0,
        26,
        49,
        18,
        15,
        454,
        20,
        17,
        15,
        29,
        30,
        6,
        374,
        376,
        267,
        379,
        250,
        270,
        389,
        413,
        278,
        230,
        388,
        247,
        270,
        264,
        355,
        225,
        202,
        211,
        202,
        250,
        256,
        216,
        250,
        291,
        292,
        248,
        221,
        275,
        373,
        284,
        439,
        279
    ]
}
