{
    "time": [
        0,
        0.033,
        0.063,
        0.091,
        0.11299999999999999,
        0.13,
        0.148,
        0.176,
        0.191,
        0.211,
        0.22699999999999998,
        0.241,
        0.259,
        0.276,
        0.29400000000000004,
        0.31400000000000006,
        0.32800000000000007,
        0.7180000000000001,
        0.7320000000000001,
        0.7560000000000001,
        0.7840000000000001,
        0.8140000000000002,
        1.102,
        1.4060000000000001,
        1.5230000000000001,
        1.6290000000000002,
        1.7390000000000003,
        1.8700000000000003,
        2.0000000000000004,
        2.1300000000000003,
        2.2450000000000006,
        2.3670000000000004,
        2.4630000000000005,
        2.5920000000000005,
        2.7170000000000005,
        2.8640000000000003,
        3.0130000000000003,
        3.1630000000000003,
        3.2700000000000005,
        3.4310000000000005,
        3.6140000000000003,
        3.7940000000000005,
        3.9820000000000007,
        4.114000000000001,
        4.221000000000001,
        4.369000000000001,
        4.521000000000001,
        4.676000000000001,
        4.810000000000001,
        4.947000000000001,
        5.097000000000001,
        5.247000000000002,
        5.380000000000002,
        5.532000000000002,
        5.642000000000002,
        5.749000000000002,
        5.8400000000000025,
        5.972000000000002,
        6.132000000000002,
        6.2390000000000025,
        6.351000000000003,
        6.450000000000003,
        6.5740000000000025,
        6.681000000000003,
        6.773000000000002,
        6.923000000000003,
        7.069000000000003,
        7.179000000000003,
        7.338000000000003,
        7.477000000000003,
        7.566000000000003,
        7.685000000000003,
        7.780000000000003,
        7.928000000000003,
        8.097000000000003,
        8.233000000000002,
        8.369000000000002,
        8.497000000000002,
        8.663000000000002,
        8.759000000000002,
        8.886000000000003,
        9.035000000000002,
        9.256000000000002,
        9.442000000000002,
        9.587000000000002,
        9.713000000000001,
        9.837000000000002,
        9.966000000000001
    ],
    "fps": [
        0,
        0,
        0,
        0,
        0,
        0,
        0,
        0,
        0,
        0,
        0,
        0,
        0,
        0,
        0,
        0,
        0,
        0,
        0,
        0,
        0,
        0,
        20.90909090909091,
        20.90909090909091,
        20.90909090909091,
        20.90909090909091,
        20.90909090909091,
        20.90909090909091,
        20.90909090909091,
        6.809338521400778,
        6.809338521400778,
        6.809338521400778,
        6.809338521400778,
        6.809338521400778,
        6.809338521400778,
        6.809338521400778,
        6.809338521400778,
        7.744433688286544,
        7.744433688286544,
        7.744433688286544,
        7.744433688286544,
        7.744433688286544,
        7.744433688286544,
        7.744433688286544,
        6.616257088846881,
        6.616257088846881,
        6.616257088846881,
        6.616257088846881,
        6.616257088846881,
        6.616257088846881,
        6.616257088846881,
        6.822612085769981,
        6.822612085769981,
        6.822612085769981,
        6.822612085769981,
        6.822612085769981,
        6.822612085769981,
        6.822612085769981,
        6.822612085769981,
        6.822612085769981,
        8.152173913043478,
        8.152173913043478,
        8.152173913043478,
        8.152173913043478,
        8.152173913043478,
        8.152173913043478,
        8.152173913043478,
        8.152173913043478,
        8.152173913043478,
        7.992895204262878,
        7.992895204262878,
        7.992895204262878,
        7.992895204262878,
        7.992895204262878,
        7.992895204262878,
        7.992895204262878,
        7.992895204262878,
        7.8431372549019605,
        7.8431372549019605,
        7.8431372549019605,
        7.8431372549019605,
        7.8431372549019605,
        7.8431372549019605,
        7.8431372549019605,
        6.422018348623853,
        6.422018348623853,
        6.422018348623853,
        6.422018348623853
    ],
    "raf": [
        0,
        31,
        30,
        29,
        21,
        18,
        17,
        29,
        14,
        20,
        17,
        13,
        17,
        18,
        17,
        20,
        14,
        391,
        13,
        24,
        28,
        30,
        288,
        304,
        117,
        106,
        110,
        131,
        130,
        130,
        116,
        121,
        96,
        129,
        125,
        147,
        150,
        149,
        107,
        161,
        183,
        180,
        188,
        132,
        107,
        148,
        153,
        154,
        135,
        136,
        150,
        150,
        133,
        152,
        110,
        107,
        91,
        132,
        160,
        107,
        112,
        99,
        124,
        107,
        93,
        149,
        147,
        109,
        159,
        139,
        89,
        120,
        94,
        148,
        169,
        136,
        136,
        128,
        166,
        96,
        128,
        148,
        221,
        187,
        144,
        126,
        124,
        130
    ]
}
