{
    "time": [
        0,
        0.155,
        0.195,
        0.21000000000000002,
        0.8440000000000001,
        0.8760000000000001,
        0.8930000000000001,
        0.9230000000000002,
        0.9350000000000002,
        0.9440000000000002,
        0.9750000000000002,
        0.9980000000000002,
        1.0220000000000002,
        1.0740000000000003,
        1.5490000000000004,
        1.9370000000000003,
        2.084,
        2.3200000000000003,
        2.47,
        2.637,
        2.833,
        2.99,
        3.137,
        3.321,
        3.487,
        3.614,
        3.779,
        3.936,
        4.1209999999999996,
        4.353,
        4.5,
        4.649,
        4.789,
        5.0169999999999995,
        5.183,
        5.359999999999999,
        5.504,
        5.675,
        5.843,
        5.986,
        6.181,
        6.337,
        6.487,
        6.6530000000000005,
        6.83,
        6.9670000000000005,
        7.1290000000000004,
        7.323,
        7.456,
        7.65,
        7.848000000000001,
        8.003,
        8.156,
        8.357000000000001,
        8.524000000000001,
        8.699000000000002,
        8.860000000000001,
        9.008000000000001,
        9.181000000000001,
        9.356000000000002,
        9.488000000000001,
        9.639000000000001,
        9.792000000000002,
        9.963000000000001
    ],
    "fps": [
        0,
        0,
        0,
        0,
        0,
        0,
        0,
        0,
        0,
        0,
        0,
        0,
        12.757605495583906,
        12.757605495583906,
        12.757605495583906,
        12.757605495583906,
        3.766478342749529,
        3.766478342749529,
        3.766478342749529,
        3.766478342749529,
        3.766478342749529,
        3.766478342749529,
        5.692599620493358,
        5.692599620493358,
        5.692599620493358,
        5.692599620493358,
        5.692599620493358,
        5.692599620493358,
        5.692599620493358,
        5.761316872427984,
        5.761316872427984,
        5.761316872427984,
        5.761316872427984,
        5.761316872427984,
        5.761316872427984,
        5.958291956305859,
        5.958291956305859,
        5.958291956305859,
        5.958291956305859,
        5.958291956305859,
        5.958291956305859,
        5.958291956305859,
        6.211180124223603,
        6.211180124223603,
        6.211180124223603,
        6.211180124223603,
        6.211180124223603,
        6.211180124223603,
        6.211180124223603,
        6.0189165950128976,
        6.0189165950128976,
        6.0189165950128976,
        6.0189165950128976,
        6.0189165950128976,
        6.0189165950128976,
        5.714285714285714,
        5.714285714285714,
        5.714285714285714,
        5.714285714285714,
        5.714285714285714,
        5.714285714285714,
        5.714285714285714,
        6.410256410256411,
        6.410256410256411
    ],
    "raf": [
        0,
        154,
        39,
        16,
        630,
        32,
        17,
        30,
        12,
        9,
        31,
        23,
        24,
        52,
        475,
        389,
        146,
        236,
        150,
        167,
        196,
        157,
        148,
        183,
        166,
        127,
        165,
        157,
        185,
        232,
        147,
        150,
        139,
        228,
        166,
        177,
        144,
        172,
        167,
        143,
        195,
        156,
        150,
        166,
        177,
        137,
        162,
        194,
        133,
        194,
        198,
        155,
        153,
        201,
        167,
        176,
        160,
        148,
        173,
        175,
        132,
        151,
        153,
        171
    ]
}
