{
    "time": [
        0,
        0.022,
        0.056,
        0.089,
        0.10099999999999999,
        0.11599999999999999,
        0.146,
        0.176,
        0.687,
        1.1340000000000001,
        1.4180000000000001,
        1.616,
        1.814,
        1.971,
        2.206,
        2.4539999999999997,
        2.6639999999999997,
        2.852,
        3.036,
        3.212,
        3.374,
        3.636,
        3.8200000000000003,
        4.066000000000001,
        4.247000000000001,
        4.439000000000001,
        4.657000000000001,
        4.860000000000001,
        5.089000000000001,
        5.308000000000002,
        5.568000000000001,
        5.835000000000002,
        5.9940000000000015,
        6.157000000000002,
        6.322000000000002,
        6.521000000000002,
        6.695000000000002,
        6.883000000000002,
        7.034000000000002,
        7.245000000000002,
        7.419000000000002,
        7.578000000000002,
        7.738000000000002,
        7.9410000000000025,
        8.136000000000003,
        8.379000000000003,
        8.542000000000003,
        8.724000000000004,
        8.904000000000003,
        9.105000000000004,
        9.284000000000004,
        9.441000000000004,
        9.647000000000004,
        9.820000000000004
    ],
    "fps": [
        0,
        0,
        0,
        0,
        0,
        0,
        0,
        0,
        0,
        8.818342151675486,
        8.818342151675486,
        8.818342151675486,
        8.818342151675486,
        8.818342151675486,
        4.664179104477612,
        4.664179104477612,
        4.664179104477612,
        4.664179104477612,
        4.664179104477612,
        4.965243296921549,
        4.965243296921549,
        4.965243296921549,
        4.965243296921549,
        4.965243296921549,
        4.835589941972921,
        4.835589941972921,
        4.835589941972921,
        4.835589941972921,
        4.835589941972921,
        4.71253534401508,
        4.71253534401508,
        4.71253534401508,
        4.71253534401508,
        4.71253534401508,
        4.930966469428008,
        4.930966469428008,
        4.930966469428008,
        4.930966469428008,
        4.930966469428008,
        4.930966469428008,
        5.469462169553327,
        5.469462169553327,
        5.469462169553327,
        5.469462169553327,
        5.469462169553327,
        5.469462169553327,
        5.342831700801424,
        5.342831700801424,
        5.342831700801424,
        5.342831700801424,
        5.342831700801424,
        5.342831700801424,
        5.429864253393665,
        5.429864253393665
    ],
    "raf": [
        0,
        22,
        34,
        33,
        12,
        15,
        30,
        30,
        511,
        447,
        284,
        198,
        198,
        157,
        235,
        248,
        210,
        188,
        184,
        177,
        161,
        262,
        184,
        246,
        181,
        192,
        218,
        203,
        229,
        219,
        261,
        266,
        160,
        162,
        165,
        199,
        174,
        188,
        151,
        211,
        174,
        159,
        161,
        202,
        195,
        243,
        163,
        182,
        180,
        201,
        179,
        157,
        206,
        173
    ]
}
