{
    "time": [
        0,
        0.043,
        0.087,
        0.11699999999999999,
        0.13499999999999998,
        0.15999999999999998,
        0.17999999999999997,
        0.19899999999999995,
        0.22899999999999995,
        0.24999999999999994,
        0.2809999999999999,
        0.2899999999999999,
        0.31299999999999994,
        0.32699999999999996,
        0.349,
        0.7689999999999999,
        0.7979999999999999,
        0.834,
        0.856,
        0.875,
        0.892,
        0.926,
        1.457,
        1.856,
        2.0260000000000002,
        2.225,
        2.38,
        2.565,
        2.815,
        3.02,
        3.176,
        3.39,
        3.555,
        3.809,
        4.031000000000001,
        4.228000000000001,
        4.390000000000001,
        4.565,
        4.731000000000001,
        4.889000000000001,
        5.067000000000001,
        5.223000000000001,
        5.389000000000001,
        5.556000000000001,
        5.772000000000001,
        6.025000000000001,
        6.175000000000002,
        6.340000000000002,
        6.505000000000002,
        6.892000000000001,
        7.094000000000001,
        7.2890000000000015,
        7.482000000000001,
        7.755000000000001,
        7.957000000000001,
        8.138,
        8.308,
        8.469,
        8.751999999999999,
        8.998,
        9.206999999999999,
        9.405,
        9.577,
        9.741,
        9.936
    ],
    "fps": [
        0,
        0,
        0,
        0,
        0,
        0,
        0,
        0,
        0,
        0,
        0,
        0,
        0,
        0,
        0,
        0,
        0,
        0,
        0,
        0,
        0,
        0,
        15.829318651066759,
        15.829318651066759,
        15.829318651066759,
        15.829318651066759,
        15.829318651066759,
        4.512635379061372,
        4.512635379061372,
        4.512635379061372,
        4.512635379061372,
        4.512635379061372,
        4.512635379061372,
        4.823151125401929,
        4.823151125401929,
        4.823151125401929,
        4.823151125401929,
        4.823151125401929,
        4.823151125401929,
        5.555555555555555,
        5.555555555555555,
        5.555555555555555,
        5.555555555555555,
        5.555555555555555,
        5.555555555555555,
        5.28169014084507,
        5.28169014084507,
        5.28169014084507,
        5.28169014084507,
        5.28169014084507,
        4.677268475210477,
        4.677268475210477,
        4.677268475210477,
        4.677268475210477,
        4.677268475210477,
        4.789272030651341,
        4.789272030651341,
        4.789272030651341,
        4.789272030651341,
        4.789272030651341,
        4.677268475210477,
        4.677268475210477,
        4.677268475210477,
        4.677268475210477,
        4.677268475210477
    ],
    "raf": [
        0,
        39,
        44,
        30,
        18,
        25,
        20,
        19,
        31,
        20,
        31,
        10,
        22,
        14,
        22,
        420,
        29,
        36,
        22,
        19,
        17,
        34,
        531,
        399,
        170,
        199,
        155,
        185,
        250,
        205,
        156,
        213,
        165,
        254,
        222,
        197,
        162,
        175,
        166,
        158,
        178,
        156,
        166,
        167,
        216,
        253,
        150,
        165,
        165,
        387,
        202,
        195,
        193,
        273,
        202,
        181,
        170,
        161,
        283,
        246,
        209,
        199,
        171,
        164,
        195
    ]
}
