{
    "time": [
        0,
        1.474,
        2.076,
        2.478,
        2.7020000000000004,
        2.9850000000000003,
        3.2490000000000006,
        3.4810000000000008,
        3.6910000000000007,
        3.9540000000000006,
        4.196000000000001,
        4.421,
        4.719,
        4.930000000000001,
        5.15,
        5.393000000000001,
        5.651000000000001,
        5.888000000000001,
        6.120000000000001,
        6.366000000000001,
        6.591000000000001,
        6.9140000000000015,
        7.124000000000001,
        7.333000000000001,
        7.626000000000001,
        7.849000000000001,
        8.106000000000002,
        8.418000000000001,
        8.64,
        8.857000000000001,
        9.146,
        9.398000000000001,
        9.646,
        9.862
    ],
    "fps": [
        0,
        1.3568521031207599,
        1.3568521031207599,
        1.9920318725099602,
        1.9920318725099602,
        1.9920318725099602,
        1.9920318725099602,
        3.992015968063872,
        3.992015968063872,
        3.992015968063872,
        3.992015968063872,
        3.992015968063872,
        4.038772213247173,
        4.038772213247173,
        4.038772213247173,
        4.038772213247173,
        4.038772213247173,
        4.273504273504273,
        4.273504273504273,
        4.273504273504273,
        4.273504273504273,
        3.902439024390244,
        3.902439024390244,
        3.902439024390244,
        3.902439024390244,
        3.902439024390244,
        4.194630872483222,
        4.194630872483222,
        4.194630872483222,
        4.194630872483222,
        3.8461538461538463,
        3.8461538461538463,
        3.8461538461538463,
        3.8461538461538463
    ],
    "raf": [
        0,
        1474,
        601,
        403,
        223,
        284,
        263,
        232,
        210,
        263,
        242,
        225,
        298,
        211,
        220,
        243,
        258,
        238,
        232,
        245,
        225,
        323,
        210,
        209,
        293,
        223,
        257,
        312,
        222,
        217,
        289,
        252,
        248,
        216
    ]
}
