{
    "time": [
        0,
        1.121,
        1.702,
        2.2119999999999997,
        2.6839999999999997,
        3.2129999999999996,
        3.7869999999999995,
        4.3709999999999996,
        4.9479999999999995,
        5.563,
        6.202,
        6.922,
        7.593,
        8.215,
        8.802,
        9.381
    ],
    "fps": [
        0,
        1.784121320249777,
        1.784121320249777,
        1.833180568285976,
        1.833180568285976,
        1.998001998001998,
        1.998001998001998,
        1.7271157167530224,
        1.7271157167530224,
        1.6778523489932886,
        1.6778523489932886,
        1.4716703458425313,
        1.4716703458425313,
        1.5467904098994587,
        1.5467904098994587,
        1.7152658662092624
    ],
    "raf": [
        0,
        1121,
        581,
        510,
        472,
        529,
        574,
        584,
        577,
        615,
        639,
        720,
        671,
        622,
        587,
        579
    ]
}
