{"time":[3.1410000000000005,3.4230000000000005,3.7320000000000007,3.984000000000001,4.175000000000001,4.277000000000001,4.476000000000001,4.573000000000001,4.866000000000001,5.0070000000000014,5.120000000000002,5.278000000000002,5.404000000000003,5.5420000000000025,5.6750000000000025,5.815000000000002,5.9650000000000025,6.142000000000002,6.291000000000002,6.440000000000002,6.639000000000002,6.805000000000002,6.972000000000002,12.055000000000003,12.154000000000003,12.286000000000003,12.408000000000003,12.559000000000003,12.740000000000002,12.870000000000003,12.996000000000002],"fps":[4.739336492890995,3.2336297493936943,3.2336297493936943,3.2336297493936943,3.2336297493936943,3.2336297493936943,4.748338081671415,4.748338081671415,4.748338081671415,4.748338081671415,4.748338081671415,4.748338081671415,4.748338081671415,6.566604127579738,6.566604127579738,6.566604127579738,6.566604127579738,6.566604127579738,6.566604127579738,6.566604127579738,6.381039197812215,6.381039197812215,6.381039197812215,0.5539143279172821,0.5539143279172821,0.5539143279172821,0.5539143279172821,0.5539143279172821,0.5539143279172821,0.5539143279172821,0.5539143279172821],"raf":[326,282,309,252,192,101,199,97,293,141,113,158,127,137,133,140,150,177,150,148,199,166,167,5083,99,132,122,151,181,130,126]}