{"time":[10.474,10.494,10.515,10.527000000000001,10.545000000000002,10.568000000000001,10.586000000000002,10.612000000000002,10.634000000000002,10.666000000000002,10.686000000000002,10.717000000000002,10.739000000000003,10.760000000000003,10.790000000000003,10.808000000000003,10.840000000000003,10.863000000000003,11.119000000000003,11.137000000000004,11.145000000000003,11.161000000000003,11.188000000000002,11.213000000000003,11.228000000000003,11.262000000000004,11.291000000000004,11.307000000000004,11.331000000000003,11.363000000000003,11.385000000000003,11.408000000000003,11.429000000000004,11.461000000000004,11.527000000000005,11.544000000000004,11.561000000000003,11.586000000000004,11.612000000000004,11.668000000000003,11.680000000000003,11.737000000000004,11.749000000000004,11.773000000000003,11.801000000000004,11.865000000000004,11.877000000000004,11.895000000000005,11.919000000000004,11.939000000000004,11.971000000000004,11.994000000000003,12.028000000000004,12.047000000000004,12.073000000000004,12.098000000000004,12.151000000000005,12.178000000000004,12.194000000000004,12.212000000000005,12.240000000000006,12.263000000000005,12.325000000000005,12.339000000000004,12.359000000000004,12.383000000000003,12.419000000000002,12.440000000000003,12.469000000000003,12.490000000000004,12.512000000000004,12.542000000000003,12.566000000000003,12.593000000000002,12.620000000000001,12.643,12.676,12.697000000000001,12.721,12.755,12.787,12.809000000000001,12.828000000000001,12.855,12.879,12.91,12.931000000000001,12.959000000000001,12.989],"fps":[2.300052273915316,2.300052273915316,2.300052273915316,2.300052273915316,2.300052273915316,2.300052273915316,2.300052273915316,2.300052273915316,2.300052273915316,2.300052273915316,2.300052273915316,2.300052273915316,2.300052273915316,2.300052273915316,2.300052273915316,2.300052273915316,2.300052273915316,2.300052273915316,2.300052273915316,2.300052273915316,2.300052273915316,2.300052273915316,2.300052273915316,2.300052273915316,2.300052273915316,2.300052273915316,2.300052273915316,2.300052273915316,2.300052273915316,2.300052273915316,2.300052273915316,2.300052273915316,2.300052273915316,2.300052273915316,32.25806451612903,32.25806451612903,32.25806451612903,32.25806451612903,32.25806451612903,32.25806451612903,32.25806451612903,32.25806451612903,32.25806451612903,32.25806451612903,32.25806451612903,32.25806451612903,32.25806451612903,32.25806451612903,32.25806451612903,32.25806451612903,32.25806451612903,32.25806451612903,32.25806451612903,32.25806451612903,32.25806451612903,32.25806451612903,32.25806451612903,32.25806451612903,32.25806451612903,32.25806451612903,32.25806451612903,32.25806451612903,32.25806451612903,32.25806451612903,32.25806451612903,32.25806451612903,32.25806451612903,32.25806451612903,32.25806451612903,32.25806451612903,32.25806451612903,36.489151873767256,36.489151873767256,36.489151873767256,36.489151873767256,36.489151873767256,36.489151873767256,36.489151873767256,36.489151873767256,36.489151873767256,36.489151873767256,36.489151873767256,36.489151873767256,36.489151873767256,36.489151873767256,36.489151873767256,36.489151873767256,36.489151873767256,36.489151873767256],"raf":[9010,20,21,12,18,23,18,26,22,32,20,31,22,21,31,17,32,23,256,18,8,16,27,25,15,34,29,16,24,32,22,23,21,32,67,16,17,25,26,56,12,57,13,23,28,64,12,18,24,20,32,24,33,19,26,25,53,27,17,18,27,23,62,14,20,24,36,22,28,21,22,30,24,27,27,24,32,21,24,34,32,22,19,27,24,31,21,28,30]}