{"time":[3.048000000000001,3.127000000000001,3.205000000000001,3.315000000000001,3.4130000000000007,3.4860000000000007,3.565000000000001,3.632000000000001,3.692000000000001,3.752000000000001,3.814000000000001,3.873000000000001,3.937000000000001,4.0070000000000014,4.054000000000001,4.102000000000001,4.1640000000000015,4.211000000000001,4.271000000000001,4.338000000000001,4.398000000000001,4.457000000000001,4.498000000000001,4.541000000000001,4.583000000000001,4.628000000000001,4.669000000000001,4.732000000000001,4.824000000000001,4.8870000000000005,4.942,5.01,5.074,5.138,5.201,5.266,5.343,5.429,5.501,5.556,5.6290000000000004,5.69,5.756,5.819,5.889,5.966,6.038,6.103000000000001,6.167000000000001,6.232000000000001,6.2970000000000015,6.378000000000002,6.4540000000000015,6.513000000000002,6.559000000000002,6.607000000000002,6.675000000000002,6.754000000000001,6.820000000000001,6.891000000000001,6.972000000000001,7.075000000000001,7.170000000000001,7.2490000000000006,7.312,7.376,7.456,7.537000000000001,7.603000000000001,7.666,7.763000000000001,7.867000000000001,7.926000000000001,7.973000000000001,8.088000000000001,8.208,8.261000000000001,8.415000000000001,8.567,8.631,8.802,8.969999999999999,9.018999999999998,9.079999999999998,9.138999999999998,9.406999999999998,9.573999999999998,9.629999999999997,9.688999999999997,9.816999999999997,9.969999999999997,10.018999999999997,10.082999999999997,10.157999999999996,10.412999999999997,10.568999999999997,10.629999999999997,10.803999999999997,10.957999999999997,11.020999999999997,11.190999999999997,11.344999999999997,11.421999999999997,11.487999999999998,11.652999999999997,11.810999999999996,11.862999999999996,11.923999999999996,12.098999999999997,12.263999999999996,12.316999999999997,12.484999999999996,12.648999999999996,12.699999999999996,12.753999999999996,12.911999999999995],"fps":[14.03180542563143,14.03180542563143,14.03180542563143,14.03180542563143,14.03180542563143,14.03180542563143,14.03180542563143,14.03180542563143,14.03180542563143,14.03180542563143,14.03180542563143,14.03180542563143,14.03180542563143,14.03180542563143,13.930348258706468,13.930348258706468,13.930348258706468,13.930348258706468,13.930348258706468,13.930348258706468,13.930348258706468,13.930348258706468,13.930348258706468,13.930348258706468,13.930348258706468,13.930348258706468,13.930348258706468,13.930348258706468,13.930348258706468,13.930348258706468,13.930348258706468,13.930348258706468,17.647058823529413,17.647058823529413,17.647058823529413,17.647058823529413,17.647058823529413,17.647058823529413,17.647058823529413,17.647058823529413,17.647058823529413,17.647058823529413,17.647058823529413,17.647058823529413,17.647058823529413,17.647058823529413,17.647058823529413,14.577259475218659,14.577259475218659,14.577259475218659,14.577259475218659,14.577259475218659,14.577259475218659,14.577259475218659,14.577259475218659,14.577259475218659,14.577259475218659,14.577259475218659,14.577259475218659,14.577259475218659,14.577259475218659,14.577259475218659,14.058106841611997,14.058106841611997,14.058106841611997,14.058106841611997,14.058106841611997,14.058106841611997,14.058106841611997,14.058106841611997,14.058106841611997,14.058106841611997,14.058106841611997,14.058106841611997,14.058106841611997,12.524084778420038,12.524084778420038,12.524084778420038,12.524084778420038,12.524084778420038,12.524084778420038,12.524084778420038,12.524084778420038,12.524084778420038,12.524084778420038,8.340283569641368,8.340283569641368,8.340283569641368,8.340283569641368,8.340283569641368,8.340283569641368,8.340283569641368,8.340283569641368,8.340283569641368,8.946322067594433,8.946322067594433,8.946322067594433,8.946322067594433,8.946322067594433,8.946322067594433,8.946322067594433,8.946322067594433,7.928642220019822,7.928642220019822,7.928642220019822,7.928642220019822,7.928642220019822,7.928642220019822,7.928642220019822,7.928642220019822,7.928642220019822,8.466603951081844,8.466603951081844,8.466603951081844,8.466603951081844,8.466603951081844],"raf":[72,78,78,110,98,73,79,67,60,60,62,59,64,70,47,48,62,47,60,67,60,59,41,43,42,45,41,63,93,62,55,68,64,64,63,65,77,86,72,55,73,62,65,63,70,77,73,64,64,65,65,81,76,59,46,48,68,79,67,70,82,102,95,79,63,64,80,81,66,63,97,104,59,47,115,120,54,153,152,64,171,168,49,61,59,268,167,56,59,128,153,49,64,75,255,156,61,174,154,63,170,154,77,66,165,159,51,61,175,165,52,168,164,51,54,158]}