{"time":[10.567,10.651,10.735,10.761999999999999,10.806,10.856,10.904,10.953,10.997,11.046,11.091999999999999,11.136999999999999,11.182999999999998,11.232999999999999,11.283,11.317,11.36,11.413,11.459,11.506,11.551,11.598,11.642000000000001,11.690000000000001,11.737000000000002,11.782000000000002,11.829000000000002,11.876000000000003,11.923000000000004,11.970000000000004,12.346000000000004,12.383000000000004,12.410000000000004,12.427000000000003,12.481000000000003,12.532000000000004,12.580000000000004,12.627000000000004,12.677000000000005,12.725000000000005,12.772000000000006,12.819000000000006,12.906000000000006,12.934000000000006,12.958000000000006],"fps":[0.09606147934678194,0.09606147934678194,0.09606147934678194,0.09606147934678194,0.09606147934678194,0.09606147934678194,0.09606147934678194,0.09606147934678194,0.09606147934678194,0.09606147934678194,0.09606147934678194,0.09606147934678194,0.09606147934678194,0.09606147934678194,0.09606147934678194,0.09606147934678194,0.09606147934678194,0.09606147934678194,0.09606147934678194,0.09606147934678194,0.09606147934678194,20.368574199806012,20.368574199806012,20.368574199806012,20.368574199806012,20.368574199806012,20.368574199806012,20.368574199806012,20.368574199806012,20.368574199806012,20.368574199806012,20.368574199806012,20.368574199806012,20.368574199806012,20.368574199806012,20.368574199806012,20.368574199806012,15.54907677356657,15.54907677356657,15.54907677356657,15.54907677356657,15.54907677356657,15.54907677356657,15.54907677356657,15.54907677356657],"raf":[10410,84,84,27,44,50,48,49,44,49,46,45,47,49,50,34,43,53,46,47,45,47,44,48,48,45,47,46,47,48,375,37,27,17,54,52,47,47,50,48,47,47,87,28,24]}