{"time":[3.1700000000000004,3.3480000000000003,3.4120000000000004,3.4770000000000003,3.7330000000000005,3.8800000000000003,3.9410000000000003,4.002000000000001,4.07,4.128,4.189,4.264,4.422000000000001,4.547000000000001,4.655,4.7490000000000006,4.8100000000000005,4.878,4.96,5.012,5.066999999999999,5.127999999999999,5.206999999999999,5.288999999999999,5.369999999999999,5.425999999999999,5.478999999999999,5.528,5.6,9.815,9.872,9.936,9.999,10.065000000000001,10.144000000000002,10.226000000000003,10.377000000000002,10.468000000000002,10.556000000000001,10.615,10.678,10.74,10.814,10.902,10.979999999999999,11.065999999999999,11.155,11.219,11.295,11.377,11.955,12.087,12.139,12.2,12.26,12.318,12.384,12.447000000000001,12.526000000000002,12.668000000000001,12.766000000000002,12.843000000000002,12.921000000000001],"fps":[7.839721254355401,7.839721254355401,7.839721254355401,7.839721254355401,7.41962077493817,7.41962077493817,7.41962077493817,7.41962077493817,7.41962077493817,7.41962077493817,7.41962077493817,7.41962077493817,7.41962077493817,7.41962077493817,7.41962077493817,10.826771653543307,10.826771653543307,10.826771653543307,10.826771653543307,10.826771653543307,10.826771653543307,10.826771653543307,10.826771653543307,10.826771653543307,10.826771653543307,10.826771653543307,10.826771653543307,10.826771653543307,10.826771653543307,2.763521515988946,2.763521515988946,2.763521515988946,2.763521515988946,2.763521515988946,2.763521515988946,2.763521515988946,2.763521515988946,2.763521515988946,2.763521515988946,2.763521515988946,2.763521515988946,2.763521515988946,2.763521515988946,12.879484820607177,12.879484820607177,12.879484820607177,12.879484820607177,12.879484820607177,12.879484820607177,12.879484820607177,6.647673314339981,6.647673314339981,6.647673314339981,6.647673314339981,6.647673314339981,6.647673314339981,6.647673314339981,6.647673314339981,6.647673314339981,6.647673314339981,6.647673314339981,6.647673314339981,6.647673314339981],"raf":[258,178,64,65,256,147,61,61,68,58,61,75,158,125,108,94,61,68,82,52,55,61,79,82,81,56,53,49,72,4215,57,64,63,66,79,82,151,91,88,59,63,62,75,87,78,86,89,64,76,82,578,132,52,61,60,58,66,63,79,142,98,77,78]}