{"time":[3.0119999999999987,3.1329999999999987,3.1539999999999986,3.1709999999999985,3.1899999999999986,3.3079999999999985,3.3219999999999983,3.342999999999998,3.4629999999999983,3.4749999999999983,3.592999999999998,3.605999999999998,3.723999999999998,3.7379999999999978,3.7549999999999977,3.773999999999998,3.7999999999999976,3.8249999999999975,3.9439999999999973,3.9709999999999974,3.9879999999999973,4.0109999999999975,4.129999999999997,4.145999999999997,4.1679999999999975,4.194999999999998,4.212999999999997,4.323999999999997,4.337999999999997,4.353999999999997,4.370999999999998,4.387999999999998,4.403999999999998,4.4209999999999985,4.543999999999999,4.570999999999999,4.586999999999999,4.6099999999999985,4.637999999999998,4.6549999999999985,4.679999999999999,4.703999999999999,4.8279999999999985,4.836999999999999,4.853999999999999,4.964999999999999,4.971999999999999,4.986999999999998,5.002999999999998,5.019999999999999,5.036999999999999,5.052999999999999,5.167999999999999,5.174999999999999,5.193999999999999,5.215999999999999,5.225,5.244,5.254,5.271,5.288,5.311,5.329,11.995000000000001,12.002,12.019,12.036,12.052999999999999,12.069999999999999,12.085999999999999,12.104999999999999,12.123999999999999,12.143999999999998,12.307999999999998,12.321999999999997,12.339999999999998,12.356999999999998,12.374999999999998,12.385999999999997,12.405999999999997,12.431999999999997,12.439999999999996,12.468999999999996,12.475999999999996,12.492999999999995,12.516999999999994,12.527999999999993,12.549999999999994,12.563999999999993,12.575999999999993,12.598999999999993,12.611999999999993,12.629999999999994,12.653999999999993,12.669999999999993,12.686999999999992,12.710999999999991,12.742999999999991,12.752999999999991,12.76999999999999,12.787999999999991,12.807999999999991,12.826999999999991,12.844999999999992,12.863999999999992,12.881999999999993,12.897999999999993,12.917999999999992,12.938999999999993,12.958999999999993,12.976999999999993],"fps":[17.975402081362347,17.975402081362347,17.975402081362347,17.975402081362347,17.975402081362347,17.975402081362347,17.975402081362347,17.975402081362347,17.975402081362347,17.975402081362347,17.975402081362347,17.975402081362347,17.975402081362347,21.825396825396826,21.825396825396826,21.825396825396826,21.825396825396826,21.825396825396826,21.825396825396826,21.825396825396826,21.825396825396826,21.825396825396826,21.825396825396826,21.825396825396826,21.825396825396826,21.825396825396826,21.825396825396826,21.825396825396826,21.825396825396826,21.825396825396826,21.825396825396826,21.825396825396826,21.825396825396826,21.825396825396826,21.825396825396826,21.825396825396826,21.825396825396826,21.825396825396826,21.825396825396826,21.825396825396826,21.825396825396826,21.825396825396826,26.605504587155963,26.605504587155963,26.605504587155963,26.605504587155963,26.605504587155963,26.605504587155963,26.605504587155963,26.605504587155963,26.605504587155963,26.605504587155963,26.605504587155963,26.605504587155963,26.605504587155963,26.605504587155963,26.605504587155963,26.605504587155963,26.605504587155963,26.605504587155963,26.605504587155963,26.605504587155963,26.605504587155963,2.9300962745918793,2.9300962745918793,2.9300962745918793,2.9300962745918793,2.9300962745918793,2.9300962745918793,2.9300962745918793,2.9300962745918793,2.9300962745918793,2.9300962745918793,2.9300962745918793,2.9300962745918793,2.9300962745918793,2.9300962745918793,2.9300962745918793,2.9300962745918793,2.9300962745918793,2.9300962745918793,2.9300962745918793,2.9300962745918793,2.9300962745918793,2.9300962745918793,2.9300962745918793,2.9300962745918793,2.9300962745918793,2.9300962745918793,2.9300962745918793,2.9300962745918793,2.9300962745918793,2.9300962745918793,2.9300962745918793,2.9300962745918793,2.9300962745918793,2.9300962745918793,2.9300962745918793,2.9300962745918793,2.9300962745918793,2.9300962745918793,2.9300962745918793,2.9300962745918793,2.9300962745918793,2.9300962745918793,2.9300962745918793,2.9300962745918793,2.9300962745918793,2.9300962745918793,2.9300962745918793,2.9300962745918793],"raf":[26,121,22,16,19,118,14,21,120,12,118,13,118,14,17,19,26,25,119,27,17,23,119,16,23,26,18,111,14,17,16,17,16,17,123,27,16,23,28,17,25,24,124,9,17,111,7,15,17,16,17,16,115,7,20,21,9,20,9,17,17,23,18,6666,7,17,17,17,17,16,19,19,20,164,14,18,17,18,11,20,26,8,29,7,17,24,11,22,14,12,23,13,18,24,16,17,24,32,11,16,18,20,19,18,19,18,16,20,21,20,18]}