{"time":[9.097,9.135,9.173,9.205,9.235,9.286,9.32,9.355,9.386000000000001,9.422,9.452,9.485,9.519,9.552,9.589,9.624,9.659,9.690000000000001,9.72,9.757000000000001,9.789000000000001,9.827000000000002,9.860000000000001,9.894000000000002,9.924000000000001,9.949000000000002,9.980000000000002,10.014000000000003,10.055000000000003,10.086000000000004,10.119000000000003,10.152000000000003,10.186000000000003,10.589000000000004,10.689000000000004,10.720000000000004,10.750000000000004,10.777000000000003,10.806000000000003,10.839000000000002,10.875000000000002,10.909000000000002,10.944000000000003,10.977000000000002,11.068000000000001,11.103000000000002,11.134000000000002,11.179000000000002,11.214000000000002,11.250000000000002,11.287000000000003,11.320000000000002,11.384000000000002,11.456000000000001,11.488000000000001,11.522000000000002,11.559000000000003,11.593000000000004,11.629000000000003,11.666000000000004,11.692000000000004,11.721000000000004,11.749000000000004,11.784000000000004,11.822000000000005,11.857000000000005,11.896000000000004,11.933000000000005,11.967000000000006,12.005000000000006,12.043000000000006,12.077000000000007,12.116000000000007,12.142000000000007,12.170000000000007,12.201000000000008,12.237000000000007,12.274000000000008,12.317000000000007,12.351000000000008,12.385000000000009,12.42200000000001,12.45700000000001,12.49100000000001,12.53000000000001,12.56100000000001,12.59700000000001,12.63000000000001,12.657000000000009,12.68500000000001,12.72200000000001,12.76100000000001,12.79800000000001,12.832000000000011,12.870000000000012,12.903000000000011,12.940000000000012,12.980000000000011],"fps":[1.9123271550456016,1.9123271550456016,1.9123271550456016,1.9123271550456016,1.9123271550456016,1.9123271550456016,1.9123271550456016,1.9123271550456016,1.9123271550456016,1.9123271550456016,1.9123271550456016,1.9123271550456016,1.9123271550456016,1.9123271550456016,1.9123271550456016,1.9123271550456016,1.9123271550456016,1.9123271550456016,1.9123271550456016,1.9123271550456016,1.9123271550456016,1.9123271550456016,1.9123271550456016,1.9123271550456016,1.9123271550456016,1.9123271550456016,1.9123271550456016,1.9123271550456016,1.9123271550456016,1.9123271550456016,29.354207436399218,29.354207436399218,29.354207436399218,29.354207436399218,29.354207436399218,29.354207436399218,29.354207436399218,29.354207436399218,29.354207436399218,29.354207436399218,29.354207436399218,29.354207436399218,29.354207436399218,29.354207436399218,29.354207436399218,29.354207436399218,15.748031496062993,15.748031496062993,15.748031496062993,15.748031496062993,15.748031496062993,15.748031496062993,15.748031496062993,15.748031496062993,15.748031496062993,15.748031496062993,15.748031496062993,15.748031496062993,15.748031496062993,15.748031496062993,15.748031496062993,15.748031496062993,15.748031496062993,15.748031496062993,15.748031496062993,15.748031496062993,15.748031496062993,15.748031496062993,15.748031496062993,15.748031496062993,15.748031496062993,15.748031496062993,15.748031496062993,26.812313803376366,26.812313803376366,26.812313803376366,26.812313803376366,26.812313803376366,26.812313803376366,26.812313803376366,26.812313803376366,26.812313803376366,26.812313803376366,26.812313803376366,26.812313803376366,26.812313803376366,26.812313803376366,26.812313803376366,26.812313803376366,26.812313803376366,26.812313803376366,26.812313803376366,26.812313803376366,26.812313803376366,26.812313803376366,26.812313803376366,26.812313803376366,26.812313803376366],"raf":[6376,39,38,31,30,51,34,35,31,36,31,32,34,33,37,36,34,31,30,37,32,38,33,34,30,25,31,34,41,31,33,33,34,403,100,31,30,27,29,33,36,34,35,33,91,35,32,44,35,36,37,33,64,72,32,34,37,34,36,37,26,29,28,35,38,35,39,37,34,38,39,33,39,26,28,31,36,37,43,34,34,37,35,35,38,31,36,33,27,28,37,39,37,34,38,33,37,40]}