{"time":[3.0999999999999988,3.1159999999999988,3.1539999999999986,3.1799999999999984,3.201999999999998,3.227999999999998,3.257999999999998,3.297999999999998,3.3229999999999977,3.3559999999999977,3.3919999999999977,3.4199999999999977,3.4599999999999977,3.499999999999998,3.515999999999998,3.550999999999998,3.577999999999998,3.606999999999998,3.646999999999998,3.684999999999998,3.7099999999999977,3.7359999999999975,3.7689999999999975,3.8009999999999975,3.8329999999999975,3.8549999999999973,3.8899999999999975,3.9239999999999973,3.952999999999997,3.988999999999997,4.012999999999997,4.041999999999997,4.083999999999997,4.116999999999997,4.136999999999997,4.165999999999997,4.210999999999997,4.2449999999999966,4.269999999999997,4.309999999999997,4.332999999999997,11.806999999999997,11.831999999999997,11.847999999999997,11.864999999999997,11.894999999999996,11.914999999999996,11.944999999999995,11.979999999999995,12.018999999999995,12.043999999999995,12.072999999999995,12.100999999999996,12.143999999999995,12.178999999999995,12.199999999999996,12.241999999999996,12.264999999999995,12.299999999999995,12.326999999999995,12.367999999999995,12.605999999999995,12.624999999999995,12.632999999999994,12.656999999999993,12.683999999999992,12.721999999999992,12.756999999999993,12.781999999999993,12.818999999999994,12.844999999999994,12.876999999999994,12.907999999999994,12.974999999999994,12.998999999999993],"fps":[18.609206660137122,18.609206660137122,18.609206660137122,18.609206660137122,18.609206660137122,18.609206660137122,18.609206660137122,18.609206660137122,18.609206660137122,28.45927379784102,28.45927379784102,28.45927379784102,28.45927379784102,28.45927379784102,28.45927379784102,28.45927379784102,28.45927379784102,28.45927379784102,28.45927379784102,28.45927379784102,28.45927379784102,28.45927379784102,28.45927379784102,28.45927379784102,28.45927379784102,28.45927379784102,28.45927379784102,28.45927379784102,28.45927379784102,28.45927379784102,28.45927379784102,28.45927379784102,28.45927379784102,28.45927379784102,28.45927379784102,28.45927379784102,28.45927379784102,28.45927379784102,28.45927379784102,28.45927379784102,28.45927379784102,3.7865341379718376,3.7865341379718376,3.7865341379718376,3.7865341379718376,3.7865341379718376,3.7865341379718376,3.7865341379718376,3.7865341379718376,3.7865341379718376,3.7865341379718376,3.7865341379718376,3.7865341379718376,3.7865341379718376,3.7865341379718376,3.7865341379718376,3.7865341379718376,3.7865341379718376,3.7865341379718376,3.7865341379718376,3.7865341379718376,3.7865341379718376,3.7865341379718376,3.7865341379718376,3.7865341379718376,3.7865341379718376,3.7865341379718376,3.7865341379718376,3.7865341379718376,27.66798418972332,27.66798418972332,27.66798418972332,27.66798418972332,27.66798418972332,27.66798418972332],"raf":[100,16,38,26,23,25,30,40,25,33,37,27,40,40,17,34,28,28,40,38,26,25,33,32,32,22,35,34,29,36,24,29,42,33,20,31,43,36,23,40,23,7474,25,17,16,30,20,30,35,39,25,29,28,43,35,22,41,23,35,28,40,238,19,8,24,27,39,34,25,37,26,32,32,66,24]}