{"time":[8.369,8.387,8.419,8.474,8.529,8.582,8.638,8.689,8.743,8.798,8.849,8.905,8.953,9.014999999999999,9.065999999999999,9.120999999999999,9.179999999999998,9.226999999999999,9.281999999999998,9.335999999999999,9.389,9.444999999999999,9.496999999999998,9.549999999999999,9.604,9.654,9.711,9.763,10.052,10.086,10.103,10.156,10.21,10.267000000000001,10.322000000000001,10.404000000000002,10.436000000000002,10.470000000000002,10.516000000000002,10.561000000000002,10.605000000000002,10.650000000000002,10.695000000000002,10.740000000000002,10.827000000000002,10.853000000000002,10.882000000000001,10.922,10.967,11.015,11.058,11.151,11.169,11.199,11.247,11.289,11.333,11.379,11.421999999999999,11.479999999999999,11.518999999999998,11.553999999999998,11.597999999999999,11.642999999999999,11.687,11.758999999999999,11.785999999999998,11.817999999999998,11.857999999999997,11.905999999999997,11.944999999999997,11.995999999999997,12.038999999999996,12.079999999999997,12.127999999999997,12.172999999999996,12.224999999999996,12.268999999999997,12.306999999999997,12.361999999999997,12.402999999999997,12.438999999999997,12.492999999999997,12.535999999999996,12.569999999999997,12.618999999999996,12.655999999999997,12.700999999999997,12.747999999999998,12.790999999999997,12.844999999999997,12.884999999999996,12.922999999999996,12.969999999999997],"fps":[0.1528350909368791,0.1528350909368791,0.1528350909368791,0.1528350909368791,0.1528350909368791,0.1528350909368791,0.1528350909368791,0.1528350909368791,0.1528350909368791,0.1528350909368791,0.1528350909368791,0.1528350909368791,0.1528350909368791,0.1528350909368791,0.1528350909368791,0.1528350909368791,0.1528350909368791,0.1528350909368791,0.1528350909368791,0.1528350909368791,19.607843137254903,19.607843137254903,19.607843137254903,19.607843137254903,19.607843137254903,19.607843137254903,19.607843137254903,19.607843137254903,19.607843137254903,19.607843137254903,19.607843137254903,19.607843137254903,19.607843137254903,19.607843137254903,19.607843137254903,14.77832512315271,14.77832512315271,14.77832512315271,14.77832512315271,14.77832512315271,14.77832512315271,14.77832512315271,14.77832512315271,14.77832512315271,14.77832512315271,14.77832512315271,14.77832512315271,14.77832512315271,14.77832512315271,14.77832512315271,14.77832512315271,14.77832512315271,14.77832512315271,14.77832512315271,14.77832512315271,14.77832512315271,14.77832512315271,14.77832512315271,22.593320235756384,22.593320235756384,22.593320235756384,22.593320235756384,22.593320235756384,22.593320235756384,22.593320235756384,22.593320235756384,22.593320235756384,22.593320235756384,22.593320235756384,22.593320235756384,22.593320235756384,22.593320235756384,22.593320235756384,22.593320235756384,22.593320235756384,22.593320235756384,22.593320235756384,22.593320235756384,22.593320235756384,22.593320235756384,22.593320235756384,22.615535889872174,22.615535889872174,22.615535889872174,22.615535889872174,22.615535889872174,22.615535889872174,22.615535889872174,22.615535889872174,22.615535889872174,22.615535889872174,22.615535889872174,22.615535889872174,22.615535889872174],"raf":[6543,18,32,55,55,54,55,51,55,54,51,56,48,62,51,55,59,47,55,54,53,56,52,53,54,51,56,52,289,34,17,53,54,57,55,82,32,34,46,45,44,45,45,45,87,26,29,40,45,48,43,93,18,30,48,42,44,46,43,58,39,35,44,45,44,72,27,32,40,48,39,51,43,41,48,45,52,44,38,56,40,36,54,43,34,49,37,45,47,43,54,41,37,47]}