{"time":[3.040000000000001,3.130000000000001,3.1870000000000007,3.2480000000000007,3.3090000000000006,3.380000000000001,3.479000000000001,3.571000000000001,3.663000000000001,3.7220000000000013,3.7820000000000014,3.8500000000000014,3.9200000000000013,4.011000000000001,4.088000000000001,4.177000000000001,4.2570000000000014,4.3450000000000015,4.426000000000002,4.510000000000002,4.598000000000002,4.675000000000002,4.763000000000002,4.841000000000002,4.927000000000002,5.0260000000000025,5.126000000000002,5.228000000000002,5.328000000000002,5.427000000000002,5.525000000000002,5.630000000000003,5.7310000000000025,5.825000000000003,5.916000000000003,5.960000000000003,6.023000000000002,6.088000000000003,6.163000000000003,6.234000000000003,6.320000000000003,6.399000000000003,6.454000000000002,6.506000000000002,6.588000000000002,6.6880000000000015,6.804000000000001,6.8980000000000015,6.979000000000002,7.037000000000002,7.100000000000001,7.169000000000001,7.239000000000002,7.308000000000002,7.373000000000002,7.444000000000002,7.508000000000002,7.575000000000002,7.672000000000002,7.750000000000003,7.811000000000003,7.889000000000003,7.954000000000003,8.018000000000002,8.091000000000003,8.174000000000003,8.271000000000003,8.366000000000003,8.483000000000004,8.597000000000005,8.691000000000004,8.786000000000005,8.879000000000005,9.008000000000004,9.143000000000004,9.291000000000004,9.345000000000004,9.412000000000004,9.569000000000004,9.742000000000004,9.814000000000004,9.967000000000004,10.073000000000004,10.166000000000004,10.266000000000004,10.426000000000004,10.490000000000004,10.581000000000003,10.750000000000004,10.823000000000004,10.996000000000004,11.074000000000003,11.150000000000004,11.452000000000004,11.660000000000004,11.869000000000003,11.939000000000004,12.013000000000003,12.187000000000003,12.364000000000003,12.415000000000003,12.585000000000003,12.745000000000003,12.815000000000003,12.970000000000002],"fps":[8.614976805831677,8.614976805831677,8.614976805831677,8.614976805831677,8.614976805831677,8.614976805831677,8.614976805831677,12.440191387559809,12.440191387559809,12.440191387559809,12.440191387559809,12.440191387559809,12.440191387559809,12.440191387559809,12.440191387559809,12.440191387559809,12.440191387559809,12.440191387559809,12.440191387559809,12.440191387559809,12.658227848101266,12.658227848101266,12.658227848101266,12.658227848101266,12.658227848101266,12.658227848101266,12.658227848101266,12.658227848101266,12.658227848101266,12.658227848101266,12.658227848101266,10.65891472868217,10.65891472868217,10.65891472868217,10.65891472868217,10.65891472868217,10.65891472868217,10.65891472868217,10.65891472868217,10.65891472868217,10.65891472868217,10.65891472868217,10.65891472868217,10.65891472868217,10.65891472868217,13.232514177693762,13.232514177693762,13.232514177693762,13.232514177693762,13.232514177693762,13.232514177693762,13.232514177693762,13.232514177693762,13.232514177693762,13.232514177693762,13.232514177693762,13.232514177693762,13.232514177693762,13.232514177693762,13.170272812793979,13.170272812793979,13.170272812793979,13.170272812793979,13.170272812793979,13.170272812793979,13.170272812793979,13.170272812793979,13.170272812793979,13.170272812793979,13.170272812793979,13.170272812793979,11.594202898550725,11.594202898550725,11.594202898550725,11.594202898550725,11.594202898550725,11.594202898550725,11.594202898550725,11.594202898550725,11.594202898550725,8.754863813229573,8.754863813229573,8.754863813229573,8.754863813229573,8.754863813229573,8.754863813229573,8.754863813229573,8.754863813229573,8.754863813229573,8.910891089108912,8.910891089108912,8.910891089108912,8.910891089108912,8.910891089108912,8.910891089108912,5.741626794258373,5.741626794258373,5.741626794258373,5.741626794258373,5.741626794258373,5.741626794258373,5.741626794258373,5.741626794258373,5.741626794258373,8.174386920980927],"raf":[116,90,57,62,60,71,99,92,92,59,60,68,70,91,77,89,81,87,81,84,88,77,88,79,85,99,100,102,100,99,98,105,101,95,90,44,63,65,75,71,87,79,54,52,82,100,116,94,81,58,63,69,70,69,65,71,64,67,97,79,60,78,66,64,72,83,97,95,117,114,94,95,93,129,135,148,54,67,157,173,72,153,106,93,100,160,64,91,169,73,174,77,76,301,209,208,70,74,174,177,51,170,160,70,155]}