{"time":[3.0060000000000002,3.0540000000000003,3.103,3.141,3.18,3.2190000000000003,3.265,3.306,3.347,3.386,3.44,3.481,3.526,3.5679999999999996,3.6119999999999997,3.6649999999999996,3.7029999999999994,3.7419999999999995,3.7849999999999997,3.848,3.891,3.936,3.977,4.028,4.066,4.107,4.146,4.195,4.236000000000001,4.284000000000001,4.325000000000001,4.369000000000001,4.409000000000001,4.452000000000001,4.496,4.549,4.590000000000001,4.633000000000001,4.684000000000001,4.748000000000001,4.787000000000001,4.843000000000001,4.910000000000001,4.964000000000001,5.006000000000001,5.058000000000001,5.1000000000000005,5.139,5.1850000000000005,5.243,5.3100000000000005,5.372000000000001,5.421000000000001,5.463000000000001,5.507000000000001,5.547000000000001,5.597,5.636,5.687,5.729,5.772,5.8260000000000005,5.871,5.915,5.963,6.015,6.071,6.114,6.16,6.208,6.2620000000000005,6.321000000000001,6.365,6.4110000000000005,6.4590000000000005,6.511,6.571,6.612,6.657,6.709,6.771,6.812,6.863,6.913,6.956,7.025,7.088,7.13,7.175,7.253,7.306,7.348,7.39,7.471,7.562,7.664000000000001,7.705000000000001,7.7490000000000006,7.792000000000001,7.924,7.971,8.074,8.121,8.162,8.213000000000001,8.262,8.31,8.358,8.403,8.449,8.496,8.549000000000001,8.596000000000002,8.642000000000001,8.690000000000001,8.879000000000001,8.942000000000002,8.988000000000001,9.037,9.091000000000001,9.142000000000001,9.194,9.242,9.288,9.338000000000001,9.387,9.434000000000001,9.481000000000002,9.525000000000002,9.575000000000003,9.630000000000003,9.680000000000003,9.730000000000004,9.775000000000004,9.831000000000003,9.887000000000002,9.938000000000002,10.870000000000003,10.920000000000003,10.964000000000004,11.018000000000004,11.063000000000004,11.112000000000004,11.172000000000004,11.221000000000004,11.265000000000004,11.316000000000004,11.362000000000004,11.410000000000004,11.455000000000004,11.567000000000004,11.618000000000004,11.662000000000004,11.712000000000005,11.757000000000005,11.807000000000006,11.854000000000006,11.909000000000006,11.963000000000006,12.011000000000006,12.065000000000007,12.112000000000007,12.166000000000007,12.218000000000007,12.268000000000008,12.317000000000007,12.364000000000008,12.842000000000008,12.983000000000008],"fps":[20.669291338582678,20.669291338582678,20.669291338582678,20.669291338582678,20.669291338582678,20.669291338582678,20.669291338582678,20.669291338582678,20.669291338582678,20.669291338582678,20.669291338582678,20.669291338582678,20.669291338582678,20.669291338582678,20.669291338582678,22.988505747126435,22.988505747126435,22.988505747126435,22.988505747126435,22.988505747126435,22.988505747126435,22.988505747126435,22.988505747126435,22.988505747126435,22.988505747126435,22.988505747126435,22.988505747126435,22.988505747126435,22.988505747126435,22.988505747126435,22.988505747126435,22.988505747126435,22.988505747126435,22.988505747126435,22.988505747126435,22.988505747126435,22.988505747126435,22.988505747126435,22.571148184494604,22.571148184494604,22.571148184494604,22.571148184494604,22.571148184494604,22.571148184494604,22.571148184494604,22.571148184494604,22.571148184494604,22.571148184494604,22.571148184494604,22.571148184494604,22.571148184494604,22.571148184494604,22.571148184494604,22.571148184494604,22.571148184494604,22.571148184494604,22.571148184494604,22.571148184494604,19.940179461615156,19.940179461615156,19.940179461615156,19.940179461615156,19.940179461615156,19.940179461615156,19.940179461615156,19.940179461615156,19.940179461615156,19.940179461615156,19.940179461615156,19.940179461615156,19.940179461615156,19.940179461615156,19.940179461615156,19.940179461615156,19.940179461615156,19.940179461615156,19.940179461615156,19.940179461615156,19.940179461615156,20.54794520547945,20.54794520547945,20.54794520547945,20.54794520547945,20.54794520547945,20.54794520547945,20.54794520547945,20.54794520547945,20.54794520547945,20.54794520547945,20.54794520547945,20.54794520547945,20.54794520547945,20.54794520547945,20.54794520547945,20.54794520547945,20.54794520547945,20.54794520547945,17.307692307692307,17.307692307692307,17.307692307692307,17.307692307692307,17.307692307692307,17.307692307692307,17.307692307692307,17.307692307692307,17.307692307692307,17.307692307692307,17.307692307692307,17.307692307692307,17.307692307692307,17.307692307692307,17.307692307692307,17.307692307692307,17.307692307692307,17.307692307692307,15.929203539823009,15.929203539823009,15.929203539823009,15.929203539823009,15.929203539823009,15.929203539823009,15.929203539823009,15.929203539823009,15.929203539823009,15.929203539823009,15.929203539823009,15.929203539823009,15.929203539823009,15.929203539823009,15.929203539823009,15.929203539823009,15.929203539823009,15.929203539823009,15.929203539823009,15.929203539823009,19.841269841269842,19.841269841269842,19.841269841269842,2.904162633107454,2.904162633107454,2.904162633107454,2.904162633107454,2.904162633107454,2.904162633107454,2.904162633107454,2.904162633107454,2.904162633107454,2.904162633107454,2.904162633107454,2.904162633107454,2.904162633107454,2.904162633107454,2.904162633107454,2.904162633107454,2.904162633107454,2.904162633107454,2.904162633107454,2.904162633107454,19.175455417066157,19.175455417066157,19.175455417066157,19.175455417066157,19.175455417066157,19.175455417066157,19.175455417066157,19.175455417066157,19.175455417066157,19.175455417066157,9.803921568627452],"raf":[40,48,49,39,38,40,45,41,41,39,54,41,45,42,44,53,38,39,43,63,43,45,41,51,38,41,39,49,41,48,41,44,40,43,44,53,41,43,51,64,39,56,67,54,42,52,42,39,47,58,66,62,49,42,44,40,50,39,51,42,44,53,45,44,48,52,56,44,45,49,53,59,44,46,48,52,60,41,45,52,62,41,51,50,44,68,63,42,45,78,53,42,42,81,91,102,41,44,43,132,47,103,47,41,51,49,48,48,45,46,47,53,47,46,48,189,63,46,49,54,51,52,49,45,50,49,47,47,44,50,55,50,50,45,56,56,51,932,50,44,54,45,49,60,49,44,51,46,48,46,111,51,44,50,45,50,47,55,54,48,54,47,54,52,50,49,47,478,141]}