{"time":[3.005,3.161,3.183,3.223,3.383,3.4,3.447,3.505,3.663,3.6839999999999997,3.723,3.784,3.9459999999999997,3.9669999999999996,4.007,4.069,4.231,4.25,4.299,4.361000000000001,4.4190000000000005,4.573,4.6000000000000005,4.633000000000001,4.690000000000001,4.849000000000001,4.866000000000001,4.917000000000002,5.075000000000002,5.100000000000002,5.131000000000002,5.188000000000002,5.346000000000003,5.366000000000002,5.405000000000002,5.562000000000002,5.582000000000002,5.625000000000002,5.684000000000002,5.847000000000002,5.866000000000002,5.908000000000002,5.968000000000002,6.128000000000002,6.149000000000002,6.186000000000002,6.344000000000002,6.366000000000002,6.4090000000000025,6.469000000000002,6.6270000000000024,6.649000000000003,6.689000000000003,6.849000000000003,6.866000000000003,6.908000000000003,6.970000000000003,7.033000000000003,7.196000000000003,7.215000000000003,7.248000000000004,7.301000000000004,7.458000000000004,7.482000000000004,7.5130000000000035,7.568000000000003,7.724000000000003,7.749000000000003,7.786000000000003,7.946000000000003,7.966000000000003,8.003000000000004,8.161000000000003,8.182000000000004,8.220000000000004,8.379000000000005,8.399000000000004,8.438000000000004,8.597000000000005,8.615000000000006,8.661000000000005,8.721000000000005,8.877000000000006,8.899000000000006,8.945000000000006,9.011000000000006,9.075000000000006,9.137000000000006,9.298000000000005,9.315000000000005,9.363000000000005,9.426000000000005,9.486000000000006,9.549000000000007,9.703000000000007,9.733000000000006,9.761000000000006,9.821000000000007,9.976000000000006,9.999000000000006,10.036000000000007,10.194000000000006,10.215000000000007,10.261000000000006,10.319000000000006,10.478000000000007,10.499000000000008,10.534000000000008,10.692000000000007,10.715000000000007,10.759000000000007,10.818000000000007,10.980000000000008,10.999000000000008,11.044000000000008,11.109000000000007,11.170000000000007,11.329000000000008,11.349000000000007,11.386000000000008,11.546000000000008,11.566000000000008,11.614000000000008,11.673000000000007,11.831000000000007,11.849000000000007,11.893000000000008,12.047000000000008,12.065000000000008,12.100000000000009,12.242000000000008,12.299000000000008,12.345000000000008,12.401000000000007,12.449000000000007,12.499000000000008,12.544000000000008,12.590000000000007,12.632000000000007,12.679000000000007,12.725000000000007,12.771000000000006,12.819000000000006,12.860000000000007,12.906000000000006,12.955000000000005],"fps":[12.623985572587918,12.623985572587918,12.623985572587918,12.623985572587918,12.623985572587918,12.623985572587918,12.623985572587918,12.623985572587918,14.258555133079849,14.258555133079849,14.258555133079849,14.258555133079849,14.258555133079849,14.258555133079849,14.258555133079849,14.258555133079849,14.258555133079849,14.258555133079849,14.258555133079849,14.258555133079849,14.258555133079849,14.258555133079849,14.258555133079849,14.258555133079849,15.57935735150925,15.57935735150925,15.57935735150925,15.57935735150925,15.57935735150925,15.57935735150925,15.57935735150925,15.57935735150925,15.57935735150925,15.57935735150925,15.57935735150925,15.57935735150925,15.57935735150925,15.57935735150925,15.57935735150925,12.96456352636128,12.96456352636128,12.96456352636128,12.96456352636128,12.96456352636128,12.96456352636128,12.96456352636128,12.96456352636128,12.96456352636128,12.96456352636128,12.96456352636128,12.96456352636128,12.96456352636128,12.96456352636128,13.972055888223553,13.972055888223553,13.972055888223553,13.972055888223553,13.972055888223553,13.972055888223553,13.972055888223553,13.972055888223553,13.972055888223553,13.972055888223553,13.972055888223553,13.972055888223553,13.972055888223553,13.972055888223553,13.972055888223553,13.972055888223553,14.585232452142206,14.585232452142206,14.585232452142206,14.585232452142206,14.585232452142206,14.585232452142206,14.585232452142206,14.585232452142206,14.585232452142206,14.585232452142206,14.585232452142206,14.585232452142206,14.585232452142206,14.585232452142206,14.585232452142206,14.585232452142206,15.023474178403756,15.023474178403756,15.023474178403756,15.023474178403756,15.023474178403756,15.023474178403756,15.023474178403756,15.023474178403756,15.023474178403756,15.023474178403756,15.023474178403756,15.023474178403756,15.023474178403756,15.023474178403756,15.023474178403756,14.634146341463415,14.634146341463415,14.634146341463415,14.634146341463415,14.634146341463415,14.634146341463415,14.634146341463415,14.634146341463415,14.634146341463415,14.634146341463415,14.634146341463415,14.634146341463415,14.634146341463415,14.634146341463415,13.88888888888889,13.88888888888889,13.88888888888889,13.88888888888889,13.88888888888889,13.88888888888889,13.88888888888889,13.88888888888889,13.88888888888889,13.88888888888889,13.88888888888889,13.88888888888889,13.88888888888889,12.961116650049851,12.961116650049851,12.961116650049851,12.961116650049851,12.961116650049851,12.961116650049851,12.961116650049851,12.961116650049851,12.961116650049851,12.961116650049851,12.961116650049851,12.961116650049851,12.961116650049851,12.961116650049851,12.961116650049851,12.961116650049851,12.961116650049851,12.961116650049851,12.961116650049851],"raf":[63,155,23,39,160,17,47,58,158,21,39,61,162,21,40,62,162,19,49,62,58,154,27,33,57,159,17,51,158,25,31,57,159,19,40,156,20,43,60,162,19,42,60,160,22,36,158,22,43,60,158,22,40,160,17,42,62,63,163,20,32,53,157,24,32,54,156,25,37,159,20,37,158,21,38,159,20,40,158,18,46,60,156,22,47,65,64,62,161,17,48,63,60,63,154,30,28,60,155,23,37,158,21,46,58,159,21,36,157,23,44,59,162,19,45,65,62,158,20,37,160,20,48,59,158,18,44,154,19,34,143,57,46,55,48,50,46,45,42,47,46,46,48,41,47,48]}