{"time":[3.0100000000000007,3.117000000000001,3.206000000000001,3.301000000000001,3.402000000000001,3.478000000000001,3.5570000000000013,3.6650000000000014,3.788000000000001,3.8840000000000012,3.981000000000001,4.078000000000001,4.143000000000002,4.209000000000001,4.2730000000000015,4.338000000000002,4.427000000000002,4.523000000000002,4.623000000000002,4.725000000000002,4.825000000000002,4.939000000000002,5.025000000000002,5.109000000000002,5.213000000000002,5.308000000000002,5.441000000000002,5.5390000000000015,5.649000000000002,5.732000000000002,5.849000000000002,5.982000000000002,6.109000000000002,6.235000000000002,6.338000000000002,6.442000000000002,6.578000000000002,6.692000000000002,6.834000000000002,7.019000000000002,7.216000000000002,7.325000000000002,7.412000000000002,7.697000000000002,7.808000000000002,8.024000000000001,8.126000000000001,8.431000000000001,8.515,8.581000000000001,8.664000000000001,8.879000000000001,9.096000000000002,9.279000000000002,9.365000000000002,9.584000000000001,9.821000000000002,9.999000000000002,10.079000000000002,10.256000000000002,10.463000000000003,10.674000000000003,10.854000000000003,10.934000000000003,11.133000000000003,11.340000000000003,11.547000000000004,11.786000000000005,11.994000000000005,12.177000000000005,12.295000000000005,12.620000000000005,12.800000000000004,12.928000000000004],"fps":[9.345794392523365,9.345794392523365,9.345794392523365,9.345794392523365,9.345794392523365,9.345794392523365,10.446343779677113,10.446343779677113,10.446343779677113,10.446343779677113,10.446343779677113,10.446343779677113,10.446343779677113,10.446343779677113,10.446343779677113,10.446343779677113,10.446343779677113,10.446343779677113,11.25703564727955,11.25703564727955,11.25703564727955,11.25703564727955,11.25703564727955,11.25703564727955,11.25703564727955,11.25703564727955,11.25703564727955,11.25703564727955,9.746588693957115,9.746588693957115,9.746588693957115,9.746588693957115,9.746588693957115,9.746588693957115,9.746588693957115,9.746588693957115,9.746588693957115,8.62895493767977,8.62895493767977,8.62895493767977,8.62895493767977,8.62895493767977,8.62895493767977,5.970149253731344,5.970149253731344,5.970149253731344,5.970149253731344,5.970149253731344,5.970149253731344,5.970149253731344,5.970149253731344,6.768189509306261,6.768189509306261,6.768189509306261,6.768189509306261,6.768189509306261,6.768189509306261,5.357142857142857,5.357142857142857,5.357142857142857,5.357142857142857,5.357142857142857,5.357142857142857,5.357142857142857,6.172839506172839,6.172839506172839,6.172839506172839,6.172839506172839,6.172839506172839,4.789272030651341,4.789272030651341,4.789272030651341,4.789272030651341,4.789272030651341],"raf":[117,108,88,95,101,76,79,108,123,96,97,97,65,66,64,65,89,97,99,102,100,114,86,84,104,95,133,98,110,83,117,133,127,126,103,104,136,114,142,185,197,109,87,285,111,217,101,305,84,66,83,215,218,182,86,219,237,178,80,177,207,211,180,80,199,207,207,239,208,183,118,325,180,128]}