{"time":[3.0499999999999994,3.0659999999999994,3.0909999999999993,3.1339999999999995,3.2779999999999996,3.2989999999999995,3.3159999999999994,3.3509999999999995,3.3999999999999995,3.5499999999999994,3.5659999999999994,3.5849999999999995,3.6309999999999993,3.680999999999999,3.725999999999999,3.771999999999999,3.906999999999999,3.9499999999999993,3.970999999999999,4.013999999999999,4.057999999999999,4.099999999999999,4.145999999999999,4.187999999999999,4.232999999999999,4.274999999999999,4.321999999999998,4.3519999999999985,4.405999999999999,4.4449999999999985,4.4849999999999985,4.533999999999999,4.581999999999999,4.621999999999999,4.663999999999999,4.709999999999999,4.755999999999999,4.800999999999999,4.855999999999999,4.882999999999999,4.9319999999999995,4.976999999999999,5.0169999999999995,5.0649999999999995,5.106999999999999,5.1499999999999995,5.199999999999999,5.249,5.286,5.326,5.366,5.417999999999999,5.459,5.502999999999999,5.549999999999999,5.594999999999999,5.636999999999999,5.679999999999999,5.725999999999999,5.768999999999999,5.812999999999999,5.856999999999998,5.898999999999998,12.376999999999999,12.398,12.417,12.459999999999999,12.507,12.552,12.594,12.636999999999999,12.684,12.732999999999999,12.781999999999998,12.802999999999999,12.857,12.896999999999998,12.941999999999998,12.984999999999998],"fps":[16.52089407191448,16.52089407191448,16.52089407191448,19.21229586935639,19.21229586935639,19.21229586935639,19.21229586935639,19.21229586935639,19.21229586935639,19.21229586935639,19.21229586935639,19.21229586935639,19.21229586935639,19.21229586935639,19.21229586935639,19.21229586935639,19.21229586935639,19.21229586935639,19.21229586935639,19.21229586935639,19.21229586935639,19.21229586935639,18.774703557312254,18.774703557312254,18.774703557312254,18.774703557312254,18.774703557312254,18.774703557312254,18.774703557312254,18.774703557312254,18.774703557312254,18.774703557312254,18.774703557312254,18.774703557312254,18.774703557312254,18.774703557312254,18.774703557312254,18.774703557312254,18.774703557312254,18.774703557312254,18.774703557312254,18.774703557312254,18.774703557312254,18.774703557312254,18.774703557312254,22.90836653386454,22.90836653386454,22.90836653386454,22.90836653386454,22.90836653386454,22.90836653386454,22.90836653386454,22.90836653386454,22.90836653386454,22.90836653386454,22.90836653386454,22.90836653386454,22.90836653386454,22.90836653386454,22.90836653386454,22.90836653386454,22.90836653386454,22.90836653386454,2.4906600249066004,2.4906600249066004,2.4906600249066004,2.4906600249066004,2.4906600249066004,2.4906600249066004,2.4906600249066004,2.4906600249066004,2.4906600249066004,2.4906600249066004,2.4906600249066004,2.4906600249066004,2.4906600249066004,2.4906600249066004,2.4906600249066004,2.4906600249066004],"raf":[132,16,26,42,144,21,17,35,49,150,16,19,47,49,45,46,135,43,21,43,44,42,46,43,44,43,46,30,54,39,40,49,48,40,42,47,45,45,55,27,49,45,40,48,43,42,51,48,37,40,40,52,41,44,47,45,42,44,45,43,45,43,42,6478,21,19,43,47,45,42,44,46,49,49,22,53,40,45,43]}