{"time":[3.014,3.0589999999999997,3.1049999999999995,3.1669999999999994,3.212999999999999,3.2569999999999992,3.3119999999999994,3.3689999999999993,3.4119999999999995,3.4619999999999993,3.5059999999999993,3.5729999999999995,3.6439999999999997,3.7019999999999995,3.7449999999999997,3.7969999999999997,3.844,3.893,4.061,4.18,4.223999999999999,4.270999999999999,4.319999999999999,4.467,4.609999999999999,4.6499999999999995,4.694999999999999,4.741999999999999,4.8469999999999995,4.994,5.031,5.074999999999999,5.228999999999999,5.376999999999999,5.411999999999999,5.454999999999999,5.605999999999999,5.651999999999999,5.693,5.7379999999999995,5.787,6.037,6.085,6.132,6.18,6.332,6.479,6.515,6.558,6.710999999999999,6.752,6.789,6.837,6.992999999999999,7.137,7.196,7.258,7.324,7.387,7.643,7.685,7.726999999999999,7.882999999999999,8.023,8.065,8.112,8.264,8.404,8.451,8.499,8.552000000000001,8.701,8.751000000000001,8.806000000000001,8.961,9.001,9.043,9.087,9.24,9.285,9.32,9.458,9.502,9.539000000000001,9.586000000000002,9.739000000000003,9.785000000000002,9.839000000000002,9.888000000000002,9.937000000000001,10.182,10.338000000000001,10.392000000000001,10.436000000000002,10.576000000000002,10.618000000000002,10.654000000000002,10.727000000000002,10.807000000000002,10.851000000000003,10.900000000000002,10.955000000000002,11.004000000000001,11.054000000000002,11.158000000000001,11.221000000000002,11.274000000000003,11.323000000000002,11.385000000000002,11.481000000000002,11.610000000000001,11.673000000000002,11.741000000000001,11.803,11.844000000000001,11.882000000000001,11.935000000000002],"fps":[18.3752417794971,18.3752417794971,18.3752417794971,18.3752417794971,19.474196689386563,19.474196689386563,19.474196689386563,19.474196689386563,19.474196689386563,19.474196689386563,19.474196689386563,19.474196689386563,19.474196689386563,19.474196689386563,19.474196689386563,19.474196689386563,19.474196689386563,19.474196689386563,19.474196689386563,19.474196689386563,15.810276679841897,15.810276679841897,15.810276679841897,15.810276679841897,15.810276679841897,15.810276679841897,15.810276679841897,15.810276679841897,15.810276679841897,15.810276679841897,15.810276679841897,15.810276679841897,11.952191235059761,11.952191235059761,11.952191235059761,11.952191235059761,11.952191235059761,11.952191235059761,11.952191235059761,11.952191235059761,11.952191235059761,11.952191235059761,11.952191235059761,11.952191235059761,11.952191235059761,11.786038077969176,11.786038077969176,11.786038077969176,11.786038077969176,11.786038077969176,11.786038077969176,11.786038077969176,11.786038077969176,11.786038077969176,11.786038077969176,11.786038077969176,11.786038077969176,11.786038077969176,12.322274881516588,12.322274881516588,12.322274881516588,12.322274881516588,12.322274881516588,12.322274881516588,12.322274881516588,12.322274881516588,12.322274881516588,8.849557522123893,8.849557522123893,8.849557522123893,8.849557522123893,8.849557522123893,8.849557522123893,8.849557522123893,8.849557522123893,8.849557522123893,8.849557522123893,8.849557522123893,8.849557522123893,8.849557522123893,8.849557522123893,13.282732447817837,13.282732447817837,13.282732447817837,13.282732447817837,13.282732447817837,13.282732447817837,13.282732447817837,13.282732447817837,13.282732447817837,13.282732447817837,13.282732447817837,13.282732447817837,13.282732447817837,11.627906976744185,11.627906976744185,11.627906976744185,11.627906976744185,11.627906976744185,11.627906976744185,11.627906976744185,11.627906976744185,11.627906976744185,11.627906976744185,11.627906976744185,11.627906976744185,11.627906976744185,11.627906976744185,11.627906976744185,11.627906976744185,15.473887814313347,15.473887814313347,15.473887814313347,15.473887814313347,15.473887814313347,15.473887814313347,15.473887814313347],"raf":[61,45,46,63,45,44,55,57,43,50,44,67,71,58,43,52,47,49,168,119,45,46,49,147,143,40,45,47,105,147,37,44,154,148,35,43,151,46,41,45,49,250,48,47,48,152,147,37,42,153,41,37,48,156,144,59,62,66,63,256,42,42,156,140,42,47,152,140,47,48,53,149,50,55,155,40,42,44,153,45,35,138,44,37,47,153,46,54,49,49,245,156,54,44,140,42,36,73,80,44,49,55,50,49,104,64,52,49,62,96,129,63,68,62,41,38,53]}