{"time":[9.538999999999998,9.550999999999998,9.584999999999999,9.600999999999999,9.639999999999999,9.671,9.706,9.735,9.773,9.808,9.839,9.876000000000001,9.908000000000001,9.941,9.969000000000001,10.004000000000001,10.034,10.067,10.1,10.129,10.161,10.198,10.229000000000001,10.256,10.285,10.326,10.352,10.388,10.42,10.45,10.484,10.514,10.549,10.578,10.613,10.636999999999999,10.676999999999998,10.709999999999997,10.745999999999997,10.768999999999997,10.983999999999996,11.016999999999996,11.037999999999997,11.050999999999997,11.085999999999997,11.117999999999997,11.152999999999997,11.184999999999997,11.217999999999996,11.251999999999997,11.283999999999997,11.336999999999998,11.349999999999998,11.381999999999998,11.411999999999997,11.446999999999997,11.478999999999997,11.513999999999998,11.545999999999998,11.571999999999997,11.650999999999998,11.666999999999998,11.683999999999997,11.714999999999998,11.749999999999998,11.782999999999998,11.811999999999998,11.849999999999998,11.881999999999998,11.915999999999999,11.947999999999999,11.983999999999998,12.024999999999999,12.049999999999999,12.073999999999998,12.111999999999998,12.137999999999998,12.177999999999997,12.205999999999998,12.245999999999997,12.283999999999997,12.325999999999997,12.366999999999997,12.393999999999997,12.433999999999996,12.461999999999996,12.502999999999997,12.535999999999996,12.570999999999996,12.609999999999996,12.646999999999997,12.684999999999997,12.721999999999998,12.754999999999997,12.793999999999997,12.827999999999998,12.864999999999998,12.902,12.94,12.975999999999999],"fps":[0.7206687806284232,0.7206687806284232,0.7206687806284232,0.7206687806284232,0.7206687806284232,0.7206687806284232,0.7206687806284232,0.7206687806284232,0.7206687806284232,0.7206687806284232,0.7206687806284232,0.7206687806284232,0.7206687806284232,0.7206687806284232,0.7206687806284232,0.7206687806284232,0.7206687806284232,0.7206687806284232,0.7206687806284232,0.7206687806284232,0.7206687806284232,0.7206687806284232,0.7206687806284232,0.7206687806284232,0.7206687806284232,0.7206687806284232,0.7206687806284232,0.7206687806284232,0.7206687806284232,0.7206687806284232,0.7206687806284232,0.7206687806284232,31.683168316831683,31.683168316831683,31.683168316831683,31.683168316831683,31.683168316831683,31.683168316831683,31.683168316831683,31.683168316831683,31.683168316831683,31.683168316831683,31.683168316831683,31.683168316831683,31.683168316831683,31.683168316831683,31.683168316831683,31.683168316831683,31.683168316831683,31.683168316831683,31.683168316831683,31.683168316831683,31.683168316831683,31.683168316831683,31.683168316831683,31.683168316831683,31.683168316831683,31.683168316831683,31.683168316831683,26.392961876832846,26.392961876832846,26.392961876832846,26.392961876832846,26.392961876832846,26.392961876832846,26.392961876832846,26.392961876832846,26.392961876832846,26.392961876832846,26.392961876832846,26.392961876832846,26.392961876832846,26.392961876832846,26.392961876832846,26.392961876832846,26.392961876832846,26.392961876832846,26.392961876832846,26.392961876832846,26.392961876832846,26.392961876832846,26.392961876832846,26.392961876832846,26.392961876832846,26.392961876832846,26.392961876832846,26.392961876832846,26.392961876832846,26.392961876832846,28.90173410404624,28.90173410404624,28.90173410404624,28.90173410404624,28.90173410404624,28.90173410404624,28.90173410404624,28.90173410404624,28.90173410404624,28.90173410404624,28.90173410404624],"raf":[6776,12,34,16,40,30,35,29,38,35,31,37,32,33,28,35,30,33,33,29,32,37,31,27,29,41,26,36,32,30,34,31,34,29,35,24,40,33,36,22,215,33,21,13,35,32,35,32,33,34,32,53,13,32,30,35,32,35,32,26,79,16,17,31,35,34,28,38,32,34,32,36,41,25,24,38,26,40,28,40,38,42,41,27,40,28,41,33,35,39,37,38,37,33,39,34,37,37,38,36]}