{"time":[3.064,3.092,3.124,3.1790000000000003,3.2260000000000004,3.3840000000000003,3.4080000000000004,3.4410000000000003,3.4960000000000004,3.6490000000000005,3.6740000000000004,3.7050000000000005,3.7620000000000005,3.9160000000000004,3.9410000000000003,3.9720000000000004,4.03,4.1850000000000005,4.207000000000001,4.243,4.4030000000000005,4.424,4.472,4.53,4.69,4.707000000000001,4.7540000000000004,4.817,4.8790000000000004,5.04,5.057,5.105,5.166,5.228000000000001,5.389,5.408,5.455,5.517,5.579000000000001,5.737000000000001,5.757000000000001,5.803000000000001,5.869000000000001,5.930000000000001,5.9910000000000005,6.15,6.174,6.218,6.275,6.4350000000000005,6.457000000000001,6.501,6.558000000000001,6.722,6.74,6.782,6.846,6.908,7.069,7.091,7.1370000000000005,7.199000000000001,7.259,7.324000000000001,7.484000000000001,7.508000000000001,7.554000000000001,7.616000000000001,7.677000000000001,7.839000000000001,7.857000000000001,7.900000000000001,7.963000000000001,8.119000000000002,8.141000000000002,8.175000000000002,8.330000000000002,8.340000000000002,8.385000000000002,8.442000000000002,8.594000000000001,8.624,8.658000000000001,8.815000000000001,8.840000000000002,8.872000000000002,8.930000000000001,8.990000000000002,9.150000000000002,9.174000000000001,9.22,9.281,9.342,9.501000000000001,9.524000000000001,9.565000000000001,9.625000000000002,9.783000000000001,9.807,9.842,10.001000000000001,10.024000000000001,10.064,10.125,10.287,10.306000000000001,10.355,10.417,10.475999999999999,10.638,10.656,10.692,10.844,10.873,10.904,10.961,11.115,11.14,11.171000000000001,11.226,11.383000000000001,11.406,11.442,11.602,11.623000000000001,11.669,11.727,11.882,11.905999999999999,11.947999999999999,12.006999999999998,12.166999999999998,12.188999999999998,12.229999999999999,12.389,12.423,12.468,12.527,12.687999999999999,12.706,12.748,12.809,12.971,12.989],"fps":[13.806706114398422,13.806706114398422,13.806706114398422,13.806706114398422,13.806706114398422,13.806706114398422,13.806706114398422,13.806706114398422,13.806706114398422,13.806706114398422,13.806706114398422,13.806706114398422,13.806706114398422,14.847161572052402,14.847161572052402,14.847161572052402,14.847161572052402,14.847161572052402,14.847161572052402,14.847161572052402,14.847161572052402,14.847161572052402,14.847161572052402,14.847161572052402,14.847161572052402,14.847161572052402,14.847161572052402,14.847161572052402,14.847161572052402,14.234875444839858,14.234875444839858,14.234875444839858,14.234875444839858,14.234875444839858,14.234875444839858,14.234875444839858,14.234875444839858,14.234875444839858,14.234875444839858,14.234875444839858,14.234875444839858,14.234875444839858,14.234875444839858,14.234875444839858,14.234875444839858,14.401440144014401,14.401440144014401,14.401440144014401,14.401440144014401,14.401440144014401,14.401440144014401,14.401440144014401,14.401440144014401,14.401440144014401,14.401440144014401,14.401440144014401,14.401440144014401,14.401440144014401,14.401440144014401,14.401440144014401,14.401440144014401,15.267175572519085,15.267175572519085,15.267175572519085,15.267175572519085,15.267175572519085,15.267175572519085,15.267175572519085,15.267175572519085,15.267175572519085,15.267175572519085,15.267175572519085,15.267175572519085,15.267175572519085,15.267175572519085,15.267175572519085,13.26259946949602,13.26259946949602,13.26259946949602,13.26259946949602,13.26259946949602,13.26259946949602,13.26259946949602,13.26259946949602,13.26259946949602,13.26259946949602,13.26259946949602,13.26259946949602,13.26259946949602,13.26259946949602,13.26259946949602,13.26259946949602,15.810276679841897,15.810276679841897,15.810276679841897,15.810276679841897,15.810276679841897,15.810276679841897,15.810276679841897,15.810276679841897,15.810276679841897,15.810276679841897,15.810276679841897,15.810276679841897,15.810276679841897,15.810276679841897,13.820335636722605,13.820335636722605,13.820335636722605,13.820335636722605,13.820335636722605,13.820335636722605,13.820335636722605,13.820335636722605,13.820335636722605,13.820335636722605,13.820335636722605,13.820335636722605,13.820335636722605,13.820335636722605,13.618677042801556,13.618677042801556,13.618677042801556,13.618677042801556,13.618677042801556,13.618677042801556,13.618677042801556,13.618677042801556,13.618677042801556,13.618677042801556,13.618677042801556,13.618677042801556,13.618677042801556,13.618677042801556,13.916500994035784,13.916500994035784,13.916500994035784,13.916500994035784,13.916500994035784,13.916500994035784,13.916500994035784,13.916500994035784,13.916500994035784,13.916500994035784],"raf":[168,28,32,55,47,158,24,33,55,153,25,31,57,154,25,31,58,155,23,35,160,21,48,58,160,17,47,63,62,161,17,48,61,62,161,19,47,62,62,159,19,46,66,61,61,160,23,44,57,160,22,44,57,164,18,42,64,62,161,22,46,62,61,64,160,24,46,62,61,163,17,43,63,156,22,34,155,10,45,57,152,30,34,157,25,32,59,59,160,24,46,61,61,159,23,42,59,158,24,35,159,23,40,61,162,19,49,62,59,162,19,36,151,29,31,57,154,25,31,55,157,23,36,160,21,46,58,155,25,41,59,160,23,40,159,34,45,59,161,18,42,61,162,18]}