{"time":[3.1119999999999997,3.1459999999999995,3.1889999999999996,3.2299999999999995,3.3839999999999995,3.6219999999999994,3.7639999999999993,3.8079999999999994,3.8489999999999993,3.8929999999999993,4.036999999999999,4.075999999999999,4.220999999999998,4.266999999999999,4.408999999999999,4.545999999999999,4.582999999999999,4.624,4.667999999999999,4.7139999999999995,4.861,4.997,5.042,5.106,5.17,5.237,5.38,5.426,5.571,5.733,5.782,5.829,5.877,6.021999999999999,6.166999999999999,6.209999999999999,6.257999999999999,6.302999999999999,6.454999999999999,6.599999999999999,6.635999999999998,6.674999999999998,6.820999999999998,6.966999999999998,7.003999999999998,7.0429999999999975,7.189999999999998,7.224999999999998,7.2689999999999975,7.310999999999997,7.456999999999997,7.607999999999997,7.645999999999997,7.687999999999997,7.732999999999997,7.778999999999997,8.022999999999998,8.162999999999998,8.197999999999999,8.238999999999999,8.386,8.427999999999999,8.582999999999998,8.624999999999998,8.664999999999997,8.709999999999997,8.947999999999997,8.991999999999997,9.030999999999997,9.085999999999997,9.179999999999996,9.221999999999996,9.269999999999996,9.321999999999996,9.372999999999996,9.412999999999995,9.459999999999996,9.560999999999996,9.631999999999996,9.717999999999996],"fps":[3.466204506065858,3.466204506065858,8.832188420019627,8.832188420019627,8.832188420019627,8.832188420019627,8.832188420019627,8.832188420019627,8.832188420019627,8.832188420019627,8.832188420019627,8.832188420019627,9.689922480620154,9.689922480620154,9.689922480620154,9.689922480620154,9.689922480620154,9.689922480620154,9.689922480620154,9.689922480620154,9.689922480620154,9.689922480620154,9.689922480620154,9.689922480620154,9.689922480620154,12.795275590551181,12.795275590551181,12.795275590551181,12.795275590551181,12.795275590551181,12.795275590551181,12.795275590551181,12.795275590551181,12.795275590551181,12.795275590551181,12.795275590551181,10.773751224289912,10.773751224289912,10.773751224289912,10.773751224289912,10.773751224289912,10.773751224289912,10.773751224289912,10.773751224289912,10.773751224289912,10.773751224289912,10.773751224289912,10.773751224289912,11.869436201780415,11.869436201780415,11.869436201780415,11.869436201780415,11.869436201780415,11.869436201780415,11.869436201780415,11.869436201780415,11.869436201780415,11.869436201780415,11.869436201780415,11.869436201780415,10.743061772605193,10.743061772605193,10.743061772605193,10.743061772605193,10.743061772605193,10.743061772605193,10.743061772605193,10.743061772605193,10.743061772605193,10.743061772605193,10.743061772605193,10.743061772605193,10.743061772605193,10.743061772605193,10.743061772605193,14.605647517039921,14.605647517039921,14.605647517039921,14.605647517039921,14.605647517039921],"raf":[155,33,43,41,154,238,142,44,41,44,144,39,145,46,142,137,37,41,44,46,147,136,45,63,64,67,143,46,145,162,49,47,48,145,145,43,48,45,152,145,36,40,145,146,37,39,147,35,44,42,146,151,38,42,46,45,244,140,35,41,147,42,155,42,40,45,239,43,39,55,94,43,48,52,50,40,48,100,71,87]}