{"time":[9.98,9.995000000000001,10.033000000000001,10.082,10.134,10.183,10.23,10.283000000000001,10.328000000000001,10.382000000000001,10.433000000000002,10.483000000000002,10.538000000000002,10.584000000000001,10.633000000000001,10.680000000000001,10.730000000000002,10.786000000000001,10.835,10.887,10.938,10.989,11.039000000000001,11.090000000000002,11.139000000000001,11.191,11.239,11.290000000000001,11.341000000000001,11.395000000000001,11.442000000000002,11.764000000000001,11.795000000000002,11.812000000000001,11.866000000000001,11.923000000000002,11.975000000000001,12.028000000000002,12.078000000000003,12.165000000000003,12.195000000000002,12.237000000000002,12.290000000000003,12.343000000000004,12.397000000000004,12.498000000000005,12.529000000000005,12.562000000000005,12.616000000000005,12.668000000000005,12.721000000000005,12.773000000000005,12.877000000000004,12.895000000000005,12.941000000000004,12.993000000000004],"fps":[1.8685767673621925,1.8685767673621925,1.8685767673621925,1.8685767673621925,1.8685767673621925,1.8685767673621925,1.8685767673621925,1.8685767673621925,1.8685767673621925,1.8685767673621925,1.8685767673621925,1.8685767673621925,1.8685767673621925,1.8685767673621925,1.8685767673621925,1.8685767673621925,1.8685767673621925,1.8685767673621925,1.8685767673621925,1.8685767673621925,1.8685767673621925,20.81268582755203,20.81268582755203,20.81268582755203,20.81268582755203,20.81268582755203,20.81268582755203,20.81268582755203,20.81268582755203,20.81268582755203,20.81268582755203,20.81268582755203,20.81268582755203,20.81268582755203,20.81268582755203,20.81268582755203,20.81268582755203,15.399422521655438,15.399422521655438,15.399422521655438,15.399422521655438,15.399422521655438,15.399422521655438,15.399422521655438,15.399422521655438,15.399422521655438,15.399422521655438,15.399422521655438,15.399422521655438,15.399422521655438,15.399422521655438,15.399422521655438,15.399422521655438,15.399422521655438,15.399422521655438,15.399422521655438],"raf":[8777,15,38,49,52,49,47,53,45,54,51,51,54,46,49,48,49,56,49,52,51,51,50,51,49,52,48,51,51,55,46,322,31,17,54,57,52,53,50,87,30,43,52,54,53,101,31,33,54,52,53,52,105,17,46,52]}