{"time":[9.828,10.113,10.15,10.196,10.241999999999999,10.306,10.357999999999999,10.416999999999998,10.470999999999998,10.533999999999999,10.584999999999999,10.640999999999998,10.692999999999998,10.749999999999998,10.807999999999998,10.865999999999998,10.919999999999998,10.969999999999999,11.024,11.075999999999999,11.136,11.189,11.243,11.296000000000001,11.610000000000001,11.715000000000002,11.771,11.823,11.882,11.939,12.031,12.087,12.147,12.204,12.314,12.354,12.399,12.44,12.482999999999999,12.527,12.604999999999999,12.701999999999998,12.756999999999998,12.812999999999997,12.865999999999998,12.918999999999999,12.980999999999998],"fps":[0.2527486414760521,0.2527486414760521,0.2527486414760521,0.2527486414760521,0.2527486414760521,0.2527486414760521,0.2527486414760521,0.2527486414760521,0.2527486414760521,0.2527486414760521,0.2527486414760521,0.2527486414760521,0.2527486414760521,0.2527486414760521,0.2527486414760521,14.45086705202312,14.45086705202312,14.45086705202312,14.45086705202312,14.45086705202312,14.45086705202312,14.45086705202312,14.45086705202312,14.45086705202312,14.45086705202312,14.45086705202312,14.45086705202312,14.45086705202312,12.795275590551181,12.795275590551181,12.795275590551181,12.795275590551181,12.795275590551181,12.795275590551181,12.795275590551181,12.795275590551181,12.795275590551181,12.795275590551181,12.795275590551181,12.795275590551181,12.795275590551181,12.795275590551181,12.795275590551181,12.795275590551181,12.795275590551181,16.39344262295082,16.39344262295082],"raf":[7835,285,37,46,46,64,52,59,55,63,50,56,52,57,58,58,54,50,54,52,61,52,54,53,314,105,56,52,59,58,92,55,60,57,110,41,44,41,43,44,78,97,55,56,53,53,62]}