{"time":[3.014,3.062,3.202,3.226,3.252,3.3059999999999996,3.3519999999999994,3.3989999999999996,3.4439999999999995,3.5809999999999995,3.6099999999999994,3.6309999999999993,3.6759999999999993,3.7269999999999994,3.8549999999999995,3.8759999999999994,3.9039999999999995,3.9529999999999994,4.002999999999999,4.153,4.175999999999999,4.193999999999999,4.241999999999999,4.389999999999999,4.408999999999999,4.437999999999999,4.483999999999999,4.623999999999999,4.642999999999999,4.667999999999999,4.719999999999999,4.764999999999999,4.810999999999999,4.954999999999999,4.975999999999999,4.993999999999999,5.028999999999999,5.070999999999999,5.111999999999999,5.252999999999999,5.275999999999999,5.292999999999999,5.334,5.372,5.41,5.546,5.559,5.582,5.611,5.6499999999999995,5.685,5.819,5.843,5.859,5.89,5.925,5.9559999999999995,5.994,6.026,6.16,6.269,6.277,6.303,6.332,6.365,6.396,6.427,6.558,6.576,6.593,6.62,6.649,6.679,6.712000000000001,6.841000000000001,6.859000000000001,6.875000000000001,6.906000000000001,6.938000000000001,6.968000000000001,6.995000000000001,7.137000000000001,7.159000000000002,7.175000000000002,7.197000000000002,7.234000000000002,7.2650000000000015,7.402000000000001,7.425000000000001,7.535000000000001,7.544000000000001,7.572000000000001,7.606000000000001,7.6370000000000005,7.666,7.801,7.809,7.836,7.871,7.907,7.937,8.076,8.185,8.193,8.219,8.247,8.284,8.317,8.456,8.475999999999999,8.498,8.529,8.561,8.686,8.708,8.725,8.743,8.773,8.802999999999999,8.838999999999999,8.866999999999999,8.902,8.928999999999998,8.963999999999999,8.995,9.03,9.075999999999999,9.092999999999998,9.115999999999998,9.150999999999998,9.182999999999998,9.210999999999999,9.241999999999999,9.268999999999998,9.307999999999998,9.328999999999999,9.36,9.395,9.42,9.452,9.479,9.511999999999999,9.540999999999999,9.566999999999998,9.598999999999998,9.626999999999999,9.658999999999999,9.691999999999998,9.709999999999999,9.751999999999999,9.774,9.809,9.835999999999999,9.866999999999999,9.895999999999999],"fps":[21.333333333333332,21.333333333333332,21.333333333333332,21.333333333333332,21.333333333333332,21.333333333333332,21.333333333333332,21.333333333333332,21.333333333333332,17.74622892635315,17.74622892635315,17.74622892635315,17.74622892635315,17.74622892635315,17.74622892635315,17.74622892635315,17.74622892635315,17.74622892635315,17.74622892635315,17.74622892635315,17.74622892635315,17.74622892635315,17.74622892635315,17.74622892635315,17.74622892635315,17.74622892635315,17.74622892635315,17.25790987535954,17.25790987535954,17.25790987535954,17.25790987535954,17.25790987535954,17.25790987535954,17.25790987535954,17.25790987535954,17.25790987535954,17.25790987535954,17.25790987535954,17.25790987535954,17.25790987535954,17.25790987535954,17.25790987535954,17.25790987535954,17.25790987535954,17.25790987535954,17.25790987535954,17.25790987535954,17.25790987535954,17.25790987535954,21.44249512670565,21.44249512670565,21.44249512670565,21.44249512670565,21.44249512670565,21.44249512670565,21.44249512670565,21.44249512670565,21.44249512670565,21.44249512670565,21.44249512670565,21.44249512670565,21.44249512670565,21.44249512670565,21.44249512670565,21.44249512670565,21.44249512670565,21.44249512670565,21.44249512670565,21.44249512670565,21.44249512670565,21.44249512670565,21.44249512670565,22.351797862001945,22.351797862001945,22.351797862001945,22.351797862001945,22.351797862001945,22.351797862001945,22.351797862001945,22.351797862001945,22.351797862001945,22.351797862001945,22.351797862001945,22.351797862001945,22.351797862001945,22.351797862001945,22.351797862001945,22.351797862001945,22.351797862001945,22.351797862001945,22.351797862001945,22.351797862001945,22.351797862001945,22.351797862001945,22.351797862001945,20.499108734402853,20.499108734402853,20.499108734402853,20.499108734402853,20.499108734402853,20.499108734402853,20.499108734402853,20.499108734402853,20.499108734402853,20.499108734402853,20.499108734402853,20.499108734402853,20.499108734402853,20.499108734402853,20.499108734402853,20.499108734402853,20.499108734402853,20.499108734402853,20.499108734402853,20.499108734402853,20.499108734402853,20.499108734402853,20.499108734402853,22.954091816367267,22.954091816367267,22.954091816367267,22.954091816367267,22.954091816367267,22.954091816367267,22.954091816367267,22.954091816367267,22.954091816367267,22.954091816367267,22.954091816367267,22.954091816367267,22.954091816367267,22.954091816367267,22.954091816367267,22.954091816367267,22.954091816367267,22.954091816367267,22.954091816367267,22.954091816367267,22.954091816367267,22.954091816367267,22.954091816367267,22.954091816367267,22.954091816367267,22.954091816367267,22.954091816367267,22.954091816367267,22.954091816367267,22.954091816367267,22.954091816367267,22.954091816367267,22.954091816367267,32.80318091451292,32.80318091451292,32.80318091451292,32.80318091451292],"raf":[45,48,140,24,26,54,46,47,45,137,29,21,45,51,129,20,28,49,50,150,23,18,48,148,19,29,46,140,19,25,52,45,46,144,21,18,35,43,40,141,23,17,41,38,38,136,13,23,29,38,35,134,24,16,31,35,31,38,32,134,109,8,26,29,33,32,30,131,18,17,27,29,30,33,129,18,16,31,32,30,27,142,22,16,23,36,31,138,22,110,9,28,34,31,29,135,8,27,35,36,30,139,109,8,26,28,37,33,139,20,22,32,31,125,22,17,18,30,30,37,27,35,27,35,31,35,46,17,23,35,32,28,31,27,39,21,31,35,26,31,27,34,28,26,32,28,32,33,18,42,22,35,27,31,29]}