{"time":[3.101999999999999,3.1239999999999988,3.139999999999999,3.1689999999999987,3.203999999999999,3.2379999999999987,3.2879999999999985,3.3289999999999984,3.467999999999998,3.489999999999998,3.505999999999998,3.538999999999998,3.573999999999998,3.709999999999998,3.722999999999998,3.746999999999998,3.784999999999998,3.824999999999998,3.958999999999998,4.0669999999999975,4.072999999999998,4.100999999999997,4.136999999999997,4.173999999999997,4.300999999999997,4.323999999999996,4.339999999999996,4.372999999999997,4.403999999999996,4.442999999999996,4.595999999999996,4.606999999999996,4.626999999999995,4.656999999999996,4.7019999999999955,4.736999999999996,4.774999999999996,4.916999999999996,4.940999999999996,4.958999999999996,4.9999999999999964,5.038999999999996,5.0719999999999965,5.115999999999996,5.146999999999996,5.192999999999996,5.321999999999996,5.339999999999995,5.355999999999995,5.391999999999995,5.526999999999995,5.538999999999994,5.556999999999994,5.595999999999994,5.6319999999999935,5.659999999999993,5.803999999999993,5.822999999999993,5.839999999999994,5.874999999999994,5.936999999999994,5.956999999999994,5.987999999999993,6.021999999999993,6.063999999999993,6.102999999999993,6.140999999999993,6.182999999999993,6.218999999999992,6.258999999999992,6.295999999999992,6.326999999999992,6.375999999999992,6.414999999999992,6.450999999999992,6.483999999999992,6.514999999999992,6.554999999999992,6.600999999999992,6.632999999999992,6.678999999999992,6.706999999999992,6.753999999999992,6.791999999999992,6.8229999999999915,6.855999999999992,6.905999999999992,6.944999999999991,6.985999999999992,7.023999999999992,7.059999999999992,7.098999999999991,7.129999999999991,7.184999999999991,7.222999999999991,7.253999999999991,7.2879999999999905,7.3279999999999905,7.3729999999999905,7.405999999999991,7.437999999999991,7.4769999999999905,7.517999999999991,7.5619999999999905,7.59899999999999,7.6389999999999905,7.668999999999991,7.714999999999991,7.751999999999991,7.790999999999991,7.831999999999991,7.867999999999991,7.902999999999991,7.9449999999999905,7.97399999999999,8.02099999999999,8.04999999999999],"fps":[18.51851851851852,18.51851851851852,18.51851851851852,18.51851851851852,18.51851851851852,18.51851851851852,18.51851851851852,18.51851851851852,20.210896309314588,20.210896309314588,20.210896309314588,20.210896309314588,20.210896309314588,20.210896309314588,20.210896309314588,20.210896309314588,20.210896309314588,20.210896309314588,20.210896309314588,20.210896309314588,20.210896309314588,20.210896309314588,20.210896309314588,20.210896309314588,20.210896309314588,20.210896309314588,20.210896309314588,20.210896309314588,20.210896309314588,20.210896309314588,19.50354609929078,19.50354609929078,19.50354609929078,19.50354609929078,19.50354609929078,19.50354609929078,19.50354609929078,19.50354609929078,19.50354609929078,19.50354609929078,19.50354609929078,19.50354609929078,19.50354609929078,19.50354609929078,19.50354609929078,19.50354609929078,19.50354609929078,19.50354609929078,19.50354609929078,19.50354609929078,19.50354609929078,19.50354609929078,19.50354609929078,19.50354609929078,23.166023166023166,23.166023166023166,23.166023166023166,23.166023166023166,23.166023166023166,23.166023166023166,23.166023166023166,23.166023166023166,23.166023166023166,23.166023166023166,23.166023166023166,23.166023166023166,23.166023166023166,23.166023166023166,23.166023166023166,23.166023166023166,23.166023166023166,23.166023166023166,23.166023166023166,23.166023166023166,23.166023166023166,23.166023166023166,23.166023166023166,23.166023166023166,23.166023166023166,24.975024975024976,24.975024975024976,24.975024975024976,24.975024975024976,24.975024975024976,24.975024975024976,24.975024975024976,24.975024975024976,24.975024975024976,24.975024975024976,24.975024975024976,24.975024975024976,24.975024975024976,24.975024975024976,24.975024975024976,24.975024975024976,24.975024975024976,24.975024975024976,24.975024975024976,24.975024975024976,24.975024975024976,24.975024975024976,24.975024975024976,24.975024975024976,24.975024975024976,24.975024975024976,25.84493041749503,25.84493041749503,25.84493041749503,25.84493041749503,25.84493041749503,25.84493041749503,25.84493041749503,25.84493041749503,25.84493041749503,25.84493041749503,25.84493041749503,25.84493041749503],"raf":[137,22,16,29,36,33,50,41,139,22,16,33,35,136,13,24,38,40,134,108,6,28,36,37,127,23,16,33,30,40,152,11,20,31,45,34,39,141,24,18,41,39,33,45,30,46,129,18,16,36,135,12,18,39,36,28,144,19,17,35,62,20,31,34,42,39,38,42,36,40,37,31,49,39,36,33,31,40,46,32,46,28,47,38,31,34,49,40,40,38,36,39,31,55,38,31,34,40,45,33,32,40,41,43,37,40,30,47,36,39,41,37,34,42,29,47,29]}