{"time":[3.0159999999999996,3.0509999999999997,3.203,3.215,3.259,3.416,3.433,3.4749999999999996,3.6279999999999997,3.6489999999999996,3.6839999999999997,3.8379999999999996,3.8489999999999998,3.893,3.9539999999999997,4.112,4.133,4.169,4.329,4.348999999999999,4.3839999999999995,4.536999999999999,4.548999999999999,4.592999999999998,4.648999999999998,4.700999999999998,4.851999999999998,4.882999999999997,4.912999999999998,4.966999999999998,5.120999999999998,5.148999999999997,5.186999999999998,5.3409999999999975,5.365999999999998,5.397999999999998,5.4579999999999975,5.516999999999998,5.612999999999998,5.631999999999998,5.678999999999998,5.830999999999998,5.8489999999999975,5.883999999999998,6.035999999999998,6.047999999999997,6.092999999999997,6.148999999999997,6.306999999999998,6.331999999999998,6.363999999999998,6.418999999999998,6.576999999999998,6.598999999999998,6.634999999999998,6.789999999999998,6.815999999999998,6.849999999999998,7.011999999999998,7.031999999999997,7.080999999999998,7.139999999999998,7.198999999999998,7.356999999999998,7.381999999999999,7.411999999999999,7.463999999999999,7.519999999999999,7.675999999999998,7.698999999999998,7.738999999999998,7.891999999999998,7.915999999999998,7.954999999999997,8.109999999999998,8.131999999999998,8.179999999999998,8.232999999999999,8.395,8.415,8.450999999999999,8.604,8.632,8.673,8.828,8.849,8.893,8.953000000000001,9.114,9.132000000000001,9.180000000000001,9.239,9.3,9.458,9.482,9.52,9.677999999999999,9.699,9.749,9.91,9.932,9.982000000000001,10.143,10.165000000000001,10.214,10.278,10.341000000000001,10.497000000000002,10.515000000000002,10.553000000000003,10.707000000000003,10.732000000000003,10.766000000000004,10.920000000000003,10.948000000000004,10.983000000000004,11.144000000000004,11.165000000000004,11.216000000000005,11.367000000000004,11.382000000000005,11.431000000000004,11.490000000000004,11.648000000000003,11.665000000000003,11.709000000000003,11.768000000000002,11.926000000000002,11.948000000000002,11.987000000000002,12.145000000000001,12.166000000000002,12.209000000000001,12.266000000000002,12.424000000000001,12.448,12.493,12.555,12.616999999999999,12.777999999999999,12.797999999999998,12.841999999999999,12.900999999999998],"fps":[13.686131386861314,13.686131386861314,14.209591474245116,14.209591474245116,14.209591474245116,14.209591474245116,14.209591474245116,14.209591474245116,14.209591474245116,14.209591474245116,14.209591474245116,14.209591474245116,14.209591474245116,14.209591474245116,14.209591474245116,14.209591474245116,14.209591474245116,14.209591474245116,14.209591474245116,14.209591474245116,14.209591474245116,14.209591474245116,14.209591474245116,14.209591474245116,14.209591474245116,14.209591474245116,14.209591474245116,14.209591474245116,14.209591474245116,14.209591474245116,14.209591474245116,14.209591474245116,14.209591474245116,14.82213438735178,14.82213438735178,14.82213438735178,14.82213438735178,14.82213438735178,14.82213438735178,14.82213438735178,14.82213438735178,14.82213438735178,14.82213438735178,14.82213438735178,14.82213438735178,14.82213438735178,14.82213438735178,14.82213438735178,14.82213438735178,14.82213438735178,16.617790811339198,16.617790811339198,16.617790811339198,16.617790811339198,16.617790811339198,16.617790811339198,16.617790811339198,16.617790811339198,16.617790811339198,16.617790811339198,16.617790811339198,16.617790811339198,16.617790811339198,16.617790811339198,13.7524557956778,13.7524557956778,13.7524557956778,13.7524557956778,13.7524557956778,13.7524557956778,13.7524557956778,13.7524557956778,13.7524557956778,13.7524557956778,13.7524557956778,13.7524557956778,13.7524557956778,13.7524557956778,13.820335636722605,13.820335636722605,13.820335636722605,13.820335636722605,13.820335636722605,13.820335636722605,13.820335636722605,13.820335636722605,13.820335636722605,13.820335636722605,13.820335636722605,13.820335636722605,13.820335636722605,13.820335636722605,13.820335636722605,14.111006585136407,14.111006585136407,14.111006585136407,14.111006585136407,14.111006585136407,14.111006585136407,14.111006585136407,14.111006585136407,14.111006585136407,14.111006585136407,14.111006585136407,14.111006585136407,14.111006585136407,14.111006585136407,13.474494706448509,13.474494706448509,13.474494706448509,13.474494706448509,13.474494706448509,13.474494706448509,13.474494706448509,13.474494706448509,13.474494706448509,13.474494706448509,13.474494706448509,13.474494706448509,13.474494706448509,13.474494706448509,13.474494706448509,13.474494706448509,13.900955690703736,13.900955690703736,13.900955690703736,13.900955690703736,13.900955690703736,13.900955690703736,13.900955690703736,13.900955690703736,13.900955690703736,13.900955690703736,13.900955690703736,13.900955690703736,13.900955690703736,13.900955690703736,13.900955690703736,13.900955690703736,14.15929203539823,14.15929203539823,14.15929203539823,14.15929203539823],"raf":[23,35,152,12,44,157,17,42,153,21,36,153,11,45,60,158,21,36,160,20,35,153,12,44,56,52,151,31,30,54,154,28,39,153,25,32,60,59,96,19,47,153,17,35,152,13,44,56,158,25,32,55,158,22,36,155,26,34,162,20,49,59,60,157,25,31,51,56,156,23,40,153,24,39,155,22,48,53,162,20,36,154,27,41,155,21,44,60,161,18,48,59,61,158,24,38,158,21,50,162,21,51,160,21,49,64,63,156,18,38,154,25,34,154,29,34,161,21,52,150,15,49,59,158,17,44,59,159,21,39,158,21,43,57,158,24,45,63,61,161,20,44,59]}