{"time":[3.0280000000000005,3.1200000000000006,3.2010000000000005,3.2910000000000004,3.365,3.451,3.535,3.632,3.706,3.804,3.8819999999999997,3.9679999999999995,4.055999999999999,4.147999999999999,4.2269999999999985,4.308999999999998,4.385999999999998,4.482999999999999,4.564999999999999,4.666999999999999,4.747999999999999,4.861,4.943,5.0889999999999995,5.313,5.481999999999999,5.654999999999999,5.731999999999999,6.013999999999999,6.188999999999999,6.368999999999999,6.450999999999999,6.530999999999999,6.618999999999999,6.7029999999999985,6.792999999999998,6.870999999999999,6.948999999999999,7.045999999999999,7.130999999999999,7.217,7.311,7.391,7.467,7.5489999999999995,7.72,7.817,7.899,7.982,8.068,8.169,8.329,8.405000000000001,8.484000000000002,8.571000000000002,8.655000000000001,10.934000000000001,11.318000000000001,11.391000000000002,11.476000000000003,11.560000000000002,11.640000000000002,11.722000000000003,11.810000000000002,11.889000000000003,11.978000000000003,12.070000000000004,12.183000000000003,12.293000000000003,12.399000000000003,12.492000000000003,12.586000000000002,12.684000000000003,12.976000000000003],"fps":[12.820512820512821,12.820512820512821,12.820512820512821,12.820512820512821,12.820512820512821,12.820512820512821,12.345679012345679,12.345679012345679,12.345679012345679,12.345679012345679,12.345679012345679,12.345679012345679,12.345679012345679,12.345679012345679,12.345679012345679,12.345679012345679,12.345679012345679,12.345679012345679,11.650485436893204,11.650485436893204,11.650485436893204,11.650485436893204,11.650485436893204,11.650485436893204,11.650485436893204,11.650485436893204,7.339449541284404,7.339449541284404,7.339449541284404,7.339449541284404,7.339449541284404,7.339449541284404,7.339449541284404,7.339449541284404,7.633587786259542,7.633587786259542,7.633587786259542,7.633587786259542,7.633587786259542,7.633587786259542,7.633587786259542,7.633587786259542,7.633587786259542,7.633587786259542,7.633587786259542,10.805500982318271,10.805500982318271,10.805500982318271,10.805500982318271,10.805500982318271,10.805500982318271,10.805500982318271,10.805500982318271,10.805500982318271,10.805500982318271,10.805500982318271,3.4235916588857767,3.4235916588857767,3.4235916588857767,3.4235916588857767,3.4235916588857767,3.4235916588857767,3.4235916588857767,3.4235916588857767,3.4235916588857767,8.61244019138756,8.61244019138756,8.61244019138756,8.61244019138756,8.61244019138756,8.61244019138756,8.61244019138756,8.61244019138756,8.61244019138756],"raf":[81,92,81,90,74,86,84,97,74,98,78,86,88,92,79,82,77,97,82,102,81,113,82,146,224,169,173,77,282,175,180,82,80,88,84,90,78,78,97,85,86,94,80,76,82,171,97,83,82,86,101,160,76,79,87,84,2279,384,73,85,84,80,82,88,79,90,91,113,110,106,94,93,98,292]}