{"time":[3.0279999999999987,3.0809999999999986,3.1349999999999985,3.1889999999999983,3.2439999999999984,3.2969999999999984,3.3519999999999985,3.4039999999999986,3.4579999999999984,3.5129999999999986,3.5669999999999984,3.6199999999999983,3.673999999999998,3.7249999999999983,3.7809999999999984,3.8359999999999985,3.8879999999999986,3.9419999999999984,3.9969999999999986,4.048999999999999,4.102999999999999,4.157999999999999,4.2109999999999985,4.264999999999999,4.317999999999999,4.371999999999999,4.424999999999999,4.478999999999999,4.531999999999999,4.585999999999999,4.640999999999999,4.694999999999999,4.749,4.802,4.856999999999999,4.909999999999999,4.9639999999999995,5.0169999999999995,5.069999999999999,5.122999999999999,5.177999999999999,5.230999999999999,5.284999999999999,5.3389999999999995,5.3919999999999995,5.441,5.5009999999999994,5.552999999999999,5.606999999999999,5.661,5.715,5.768,5.819999999999999,5.8759999999999994,5.9319999999999995,5.986999999999999,6.041999999999999,6.097999999999999,6.151999999999999,6.215999999999999,6.271999999999999,6.313999999999999,6.371999999999999,6.425999999999999,6.488999999999999,6.538999999999999,6.587999999999999,6.643999999999999,6.707999999999999,6.755999999999999,6.808999999999999,6.879,6.922,6.976,7.04,7.089,7.140000000000001,7.2,7.248,7.304,7.359,7.423,7.488,7.525,7.58,7.633,7.711,7.755,7.7989999999999995,7.895,7.922,7.963,8.079,8.105,8.144,8.275,8.305,8.339,8.492,8.524000000000001,8.554,8.609,8.765,8.789,8.82,8.876,9.030999999999999,9.054999999999998,9.088999999999999,9.243999999999998,9.254999999999997,9.304999999999998,9.460999999999999,9.488999999999999,9.518999999999998,9.574999999999998,9.685999999999998,9.704999999999998,9.749999999999998,9.902999999999999,9.921,9.956,10.109,10.121,10.167,10.222,10.381,10.405,10.44,10.596,10.622,10.652,10.706999999999999,10.863999999999999,10.887999999999998,10.921999999999999,11.081,11.104,11.135,11.188,11.345,11.372,11.403,11.459,11.615,11.638,11.679,11.834,11.855,11.898,12.054,12.072000000000001,12.122000000000002,12.284000000000002,12.305000000000003,12.343000000000004,12.502000000000004,12.521000000000004,12.561000000000003,12.719000000000003,12.738000000000003,12.779000000000003,12.840000000000003],"fps":[13.820335636722605,18.536585365853657,18.536585365853657,18.536585365853657,18.536585365853657,18.536585365853657,18.536585365853657,18.536585365853657,18.536585365853657,18.536585365853657,18.536585365853657,18.536585365853657,18.536585365853657,18.536585365853657,18.536585365853657,18.536585365853657,18.536585365853657,18.536585365853657,18.536585365853657,18.536585365853657,18.609206660137122,18.609206660137122,18.609206660137122,18.609206660137122,18.609206660137122,18.609206660137122,18.609206660137122,18.609206660137122,18.609206660137122,18.609206660137122,18.609206660137122,18.609206660137122,18.609206660137122,18.609206660137122,18.609206660137122,18.609206660137122,18.609206660137122,18.609206660137122,18.609206660137122,18.627450980392158,18.627450980392158,18.627450980392158,18.627450980392158,18.627450980392158,18.627450980392158,18.627450980392158,18.627450980392158,18.627450980392158,18.627450980392158,18.627450980392158,18.627450980392158,18.627450980392158,18.627450980392158,18.627450980392158,18.627450980392158,18.627450980392158,18.627450980392158,18.627450980392158,18.464528668610303,18.464528668610303,18.464528668610303,18.464528668610303,18.464528668610303,18.464528668610303,18.464528668610303,18.464528668610303,18.464528668610303,18.464528668610303,18.464528668610303,18.464528668610303,18.464528668610303,18.464528668610303,18.464528668610303,18.464528668610303,18.464528668610303,18.464528668610303,18.464528668610303,18.129770992366414,18.129770992366414,18.129770992366414,18.129770992366414,18.129770992366414,18.129770992366414,18.129770992366414,18.129770992366414,18.129770992366414,18.129770992366414,18.129770992366414,18.129770992366414,18.129770992366414,18.129770992366414,18.129770992366414,18.129770992366414,18.129770992366414,18.129770992366414,16.74418604651163,16.74418604651163,16.74418604651163,16.74418604651163,16.74418604651163,16.74418604651163,16.74418604651163,16.74418604651163,16.74418604651163,16.74418604651163,16.74418604651163,16.74418604651163,16.74418604651163,16.74418604651163,16.74418604651163,16.74418604651163,15.533980582524272,15.533980582524272,15.533980582524272,15.533980582524272,15.533980582524272,15.533980582524272,15.533980582524272,15.533980582524272,15.533980582524272,15.533980582524272,15.533980582524272,15.533980582524272,15.533980582524272,15.533980582524272,15.533980582524272,13.940520446096654,13.940520446096654,13.940520446096654,13.940520446096654,13.940520446096654,13.940520446096654,13.940520446096654,13.940520446096654,13.940520446096654,13.940520446096654,13.940520446096654,13.940520446096654,13.940520446096654,13.940520446096654,13.940520446096654,13.940520446096654,15.655577299412915,15.655577299412915,15.655577299412915,15.655577299412915,15.655577299412915,15.655577299412915,15.655577299412915,15.655577299412915,15.655577299412915,15.655577299412915,15.655577299412915,15.655577299412915,15.655577299412915,15.655577299412915,12.738853503184714,12.738853503184714,12.738853503184714,12.738853503184714,12.738853503184714,12.738853503184714,12.738853503184714],"raf":[54,54,53,55,54,53,55,52,54,55,54,53,54,52,55,55,53,53,55,52,54,55,53,54,53,54,53,54,53,53,55,54,54,53,55,53,54,53,53,53,55,53,54,54,53,49,60,52,54,54,54,53,52,56,56,55,55,56,54,64,56,42,58,54,63,50,49,56,64,48,53,70,43,54,64,49,51,60,48,56,55,65,65,36,55,53,78,44,44,96,27,41,116,26,40,130,30,34,153,32,30,55,156,24,32,55,156,23,34,155,11,50,156,28,30,56,111,19,45,154,18,34,153,12,46,55,159,24,35,156,26,30,55,157,24,33,159,23,31,53,156,27,31,56,157,22,41,155,21,43,156,18,50,162,21,38,159,19,40,158,19,41,61]}