{"time":[3.0170000000000003,3.136,3.2070000000000003,3.2830000000000004,3.3790000000000004,3.4990000000000006,3.6240000000000006,3.7500000000000004,3.8700000000000006,3.9860000000000007,4.115,4.237,4.3500000000000005,4.444000000000001,4.572000000000001,4.667000000000001,4.740000000000001,4.8210000000000015,4.9380000000000015,5.054000000000001,5.170000000000001,5.295000000000001,5.425000000000001,5.546000000000001,5.673000000000001,5.798000000000001,5.926000000000001,6.057000000000001,6.191000000000002,6.311000000000002,6.433000000000002,6.553000000000002,6.721000000000002,6.838000000000002,6.956000000000002,7.052000000000002,7.148000000000002,7.293000000000002,7.424000000000002,7.5420000000000025,7.6750000000000025,7.790000000000003,7.927000000000003,8.025000000000004,8.142000000000005,8.259000000000006,8.416000000000006,8.507000000000005,8.662000000000004,8.859000000000004,8.973000000000004,9.199000000000005,9.325000000000005,9.637000000000004,9.966000000000005,10.283000000000005,10.777000000000005,10.992000000000004,11.208000000000004,11.323000000000004,11.534000000000004,11.770000000000005,11.999000000000004,12.208000000000004,12.323000000000004,12.561000000000003,12.801000000000004],"fps":[4.721435316336166,4.721435316336166,4.721435316336166,4.721435316336166,4.721435316336166,9.000900090009,9.000900090009,9.000900090009,9.000900090009,9.000900090009,9.000900090009,9.000900090009,9.000900090009,9.000900090009,8.379888268156424,8.379888268156424,8.379888268156424,8.379888268156424,8.379888268156424,8.379888268156424,8.379888268156424,8.379888268156424,8.379888268156424,8.379888268156424,9.090909090909092,9.090909090909092,9.090909090909092,9.090909090909092,9.090909090909092,9.090909090909092,9.090909090909092,9.090909090909092,7.633587786259542,7.633587786259542,7.633587786259542,7.633587786259542,7.633587786259542,7.633587786259542,7.633587786259542,7.633587786259542,7.633587786259542,8.419083255378858,8.419083255378858,8.419083255378858,8.419083255378858,8.419083255378858,8.419083255378858,8.419083255378858,8.419083255378858,7.483629560336763,7.483629560336763,7.483629560336763,7.483629560336763,7.483629560336763,4.5167118337850045,4.5167118337850045,4.5167118337850045,2.9239766081871346,2.9239766081871346,2.9239766081871346,2.9239766081871346,2.9239766081871346,4.965243296921549,4.965243296921549,4.965243296921549,4.965243296921549,4.965243296921549],"raf":[122,119,71,76,96,120,125,126,120,116,129,123,113,93,129,94,73,81,117,116,116,125,130,121,127,125,128,132,133,120,123,119,168,117,118,96,96,145,131,118,133,115,137,98,117,117,157,91,155,197,114,226,126,312,329,317,494,215,216,115,211,236,229,209,115,238,240]}