{"time":[3.1839999999999993,3.373999999999999,3.4499999999999993,3.717999999999999,3.888999999999999,3.9669999999999987,4.254999999999999,4.479999999999999,4.666999999999999,4.732999999999999,4.922999999999999,5.099999999999999,5.193999999999999,5.388999999999999,5.579,5.669,5.766,5.982,6.0760000000000005,6.368,6.541,6.6290000000000004,6.691000000000001,6.984000000000001,7.059000000000001,7.1560000000000015,7.246000000000001,7.322000000000001,7.402000000000001,7.482000000000001,7.562000000000001,7.659000000000002,7.741000000000001,7.8450000000000015,7.960000000000002,8.079000000000002,8.207000000000003,8.342000000000002,8.459000000000003,8.576000000000004,8.722000000000005,8.791000000000006,8.883000000000006,8.987000000000005,9.076000000000006],"fps":[5.559968228752979,5.559968228752979,5.559968228752979,5.559968228752979,5.559968228752979,5.559968228752979,5.602240896358543,5.602240896358543,5.602240896358543,5.602240896358543,5.602240896358543,5.602240896358543,5.602240896358543,6.172839506172839,6.172839506172839,6.172839506172839,6.172839506172839,6.172839506172839,6.172839506172839,6.172839506172839,6.076388888888889,6.076388888888889,6.076388888888889,6.076388888888889,6.076388888888889,6.076388888888889,6.076388888888889,6.076388888888889,6.076388888888889,6.076388888888889,9.79431929480901,9.79431929480901,9.79431929480901,9.79431929480901,9.79431929480901,9.79431929480901,9.79431929480901,9.79431929480901,9.79431929480901,8.875739644970414,8.875739644970414,8.875739644970414,8.875739644970414,8.875739644970414,8.875739644970414],"raf":[270,190,76,268,171,78,288,225,187,66,190,177,94,195,190,90,97,216,94,292,173,88,62,293,75,97,90,76,80,80,80,97,82,104,115,119,128,135,117,117,146,69,92,104,89]}