{"time":[3.002,3.0319999999999996,3.0569999999999995,3.1919999999999993,3.2229999999999994,3.2389999999999994,3.2579999999999996,3.2939999999999996,3.3209999999999997,3.4559999999999995,3.4729999999999994,3.4889999999999994,3.5249999999999995,3.5509999999999993,3.5899999999999994,3.7239999999999993,3.8319999999999994,3.8399999999999994,3.8599999999999994,3.8889999999999993,3.922999999999999,4.054999999999999,4.072999999999999,4.089999999999999,4.123999999999999,4.246999999999999,4.254999999999999,4.271999999999999,4.299999999999999,4.331999999999999,4.3599999999999985,4.392999999999999,4.538999999999999,4.555999999999999,4.663999999999999,4.671999999999999,4.690999999999999,4.713999999999999,4.745999999999999,4.869999999999998,4.8889999999999985,4.905999999999999,4.931999999999999,4.969999999999999,5.002999999999999,5.0249999999999995,5.161999999999999,5.171999999999999,5.187999999999999,5.215999999999998,5.238999999999998,5.338999999999998,5.354999999999998,5.371999999999998,5.394999999999998,5.422999999999997,5.451999999999997,5.478999999999997,5.503999999999998,5.533999999999998,5.561999999999998,5.584999999999997,5.617999999999998,5.637999999999997,5.662999999999998,5.689999999999998,5.721999999999998,5.745999999999998,5.777999999999998,5.804999999999998,5.835999999999998,5.857999999999998,5.886999999999998,5.926999999999998,5.950999999999998,5.990999999999998,6.025999999999998,6.052999999999998,6.0859999999999985,6.119999999999998,6.147999999999998,6.1759999999999975,6.2399999999999975,6.272999999999998,6.288999999999998,6.3089999999999975,6.342999999999997,6.373999999999997,6.407999999999997,6.441999999999997,6.465999999999997,6.500999999999997,6.5319999999999965,6.561999999999997,6.589999999999996,6.621999999999996,6.645999999999996,6.681999999999996,6.708999999999996,6.735999999999996,6.775999999999996,6.802999999999996,6.828999999999996,6.871999999999996,6.900999999999996,6.932999999999996,6.961999999999996,7.002999999999997,7.033999999999996,7.059999999999996,7.096999999999996,7.130999999999996,7.155999999999996],"fps":[21.632251720747295,21.632251720747295,21.632251720747295,21.632251720747295,21.632251720747295,21.632251720747295,21.632251720747295,21.632251720747295,21.632251720747295,21.632251720747295,21.632251720747295,21.632251720747295,21.632251720747295,21.632251720747295,21.632251720747295,21.632251720747295,21.632251720747295,21.632251720747295,21.632251720747295,21.632251720747295,23.80952380952381,23.80952380952381,23.80952380952381,23.80952380952381,23.80952380952381,23.80952380952381,23.80952380952381,23.80952380952381,23.80952380952381,23.80952380952381,23.80952380952381,23.80952380952381,23.80952380952381,23.80952380952381,23.80952380952381,23.80952380952381,23.80952380952381,23.80952380952381,23.80952380952381,23.80952380952381,23.80952380952381,23.80952380952381,21.80376610505451,21.80376610505451,21.80376610505451,21.80376610505451,21.80376610505451,21.80376610505451,21.80376610505451,21.80376610505451,21.80376610505451,21.80376610505451,21.80376610505451,21.80376610505451,21.80376610505451,21.80376610505451,21.80376610505451,21.80376610505451,21.80376610505451,21.80376610505451,21.80376610505451,21.80376610505451,21.80376610505451,21.80376610505451,21.80376610505451,21.80376610505451,21.80376610505451,21.80376610505451,21.80376610505451,21.80376610505451,21.80376610505451,21.80376610505451,21.80376610505451,21.80376610505451,31.40333660451423,31.40333660451423,31.40333660451423,31.40333660451423,31.40333660451423,31.40333660451423,31.40333660451423,31.40333660451423,31.40333660451423,31.40333660451423,31.40333660451423,31.40333660451423,31.40333660451423,31.40333660451423,31.40333660451423,31.40333660451423,31.40333660451423,31.40333660451423,31.40333660451423,31.40333660451423,31.40333660451423,31.40333660451423,31.40333660451423,31.40333660451423,31.40333660451423,31.40333660451423,31.40333660451423,31.40333660451423,31.40333660451423,31.40333660451423,31.40333660451423,31.40333660451423,31.620553359683793,31.620553359683793,31.620553359683793,31.620553359683793,31.620553359683793,31.620553359683793,31.620553359683793],"raf":[29,30,25,135,31,16,19,36,28,134,17,17,36,25,39,134,108,8,20,29,34,132,18,17,35,122,8,17,28,32,28,33,146,17,108,8,19,23,32,124,19,17,26,38,33,22,137,10,16,28,23,100,16,17,23,28,29,27,25,30,28,24,32,20,25,27,32,24,32,27,31,22,29,40,24,41,34,27,33,34,28,28,64,33,16,20,34,31,34,34,24,35,31,30,28,32,24,36,27,27,40,28,25,43,29,32,29,40,31,26,37,34,25]}