{"time":[3.059,3.141,3.214,3.287,3.362,3.4850000000000003,3.5740000000000003,3.652,3.73,3.816,3.925,4.069999999999999,4.188999999999999,4.291999999999999,4.404999999999999,4.504,4.603,4.71,4.795,4.891,5.003,5.098,5.173,5.241,5.31,5.382,5.457999999999999,5.544,5.651999999999999,5.752999999999999,5.855999999999999,5.930999999999999,6.004999999999999,6.095999999999999,6.196999999999999,6.303999999999999,6.388999999999999,6.472999999999999,6.563999999999999,6.659999999999999,6.751999999999999,6.838999999999999,6.937999999999999,7.049999999999999,7.160999999999999,7.241999999999999,7.341999999999999,7.4369999999999985,7.517999999999999,7.626999999999999,7.722999999999999,7.8519999999999985,7.9849999999999985,8.121999999999998,8.256999999999998,8.386999999999999,8.490999999999998,8.600999999999997,8.729999999999997,8.804999999999996,8.982999999999997,9.086999999999996,9.168999999999997,9.344999999999997,9.530999999999997,9.737999999999998,9.923999999999998,10.008999999999999,10.210999999999999,10.425999999999998,10.636,10.844,11.078999999999999,11.300999999999998,11.480999999999998,11.588999999999999,11.895999999999999,12.081,12.16,12.447000000000001,12.636000000000001,12.746],"fps":[3.502626970227671,3.502626970227671,3.502626970227671,3.502626970227671,3.502626970227671,3.502626970227671,3.502626970227671,3.502626970227671,3.502626970227671,10.387157695939566,10.387157695939566,10.387157695939566,10.387157695939566,10.387157695939566,10.387157695939566,10.387157695939566,10.387157695939566,10.387157695939566,10.387157695939566,9.30232558139535,9.30232558139535,9.30232558139535,9.30232558139535,9.30232558139535,9.30232558139535,9.30232558139535,9.30232558139535,9.30232558139535,9.30232558139535,9.30232558139535,9.30232558139535,11.527377521613833,11.527377521613833,11.527377521613833,11.527377521613833,11.527377521613833,11.527377521613833,11.527377521613833,11.527377521613833,11.527377521613833,11.527377521613833,11.527377521613833,10.934393638170974,10.934393638170974,10.934393638170974,10.934393638170974,10.934393638170974,10.934393638170974,10.934393638170974,10.934393638170974,10.934393638170974,10.934393638170974,9.551098376313275,9.551098376313275,9.551098376313275,9.551098376313275,9.551098376313275,9.551098376313275,9.551098376313275,9.551098376313275,9.551098376313275,8.166969147005444,8.166969147005444,8.166969147005444,8.166969147005444,8.166969147005444,8.166969147005444,8.166969147005444,6.222222222222222,6.222222222222222,6.222222222222222,6.222222222222222,6.222222222222222,4.591368227731864,4.591368227731864,4.591368227731864,4.591368227731864,4.591368227731864,4.591368227731864,5.2356020942408374,5.2356020942408374,5.2356020942408374],"raf":[80,82,74,72,75,124,88,78,78,86,109,145,119,103,113,99,99,107,85,96,112,95,75,68,69,72,76,86,108,101,104,74,74,91,102,106,85,84,91,96,93,87,98,112,111,81,100,95,81,109,96,129,133,137,135,130,104,110,129,75,178,104,82,176,186,207,186,85,203,214,210,208,235,222,180,108,307,185,79,287,190,109]}