{"time":[3.145,3.277,3.366,3.454,3.548,3.626,3.725,3.841,3.9450000000000003,4.03,4.147,4.2410000000000005,4.3580000000000005,4.517,4.609,4.718,4.816],"fps":[3.5242290748898677,4.716981132075472,4.716981132075472,4.716981132075472,4.716981132075472,4.716981132075472,4.716981132075472,4.716981132075472,4.716981132075472,4.716981132075472,4.716981132075472,4.716981132075472,10.175763182238668,10.175763182238668,10.175763182238668,10.175763182238668,10.175763182238668],"raf":[149,132,89,88,94,78,99,116,104,85,117,94,117,159,92,109,98]}