{"time":[3.0279999999999996,3.0729999999999995,3.1179999999999994,3.2649999999999992,3.282999999999999,3.318999999999999,3.370999999999999,3.410999999999999,3.4579999999999993,3.5069999999999992,3.6589999999999994,3.6829999999999994,3.7199999999999993,3.7639999999999993,3.8209999999999993,3.9729999999999994,3.9999999999999996,4.026,4.181,4.2,4.235,4.389,4.416,4.446000000000001,4.496,4.545000000000001,4.588000000000001,4.743000000000001,4.767000000000001,4.801000000000001,4.855000000000001,4.909000000000002,5.064000000000002,5.083000000000002,5.113000000000002,5.164000000000002,5.206000000000002,5.357000000000002,5.383000000000002,5.407000000000002,5.457000000000002,5.502000000000002,5.647000000000001,5.666000000000001,5.698000000000001,5.741000000000001,5.785000000000001,5.929000000000001,5.949000000000001,5.976000000000001,6.025000000000001,6.074000000000002,6.122000000000002,6.2650000000000015,6.283000000000001,6.317000000000001,6.367000000000001,6.415000000000001,6.461000000000001,6.501000000000001,6.534000000000002,6.583000000000002,6.722000000000002,6.749000000000002,6.7680000000000025,6.813000000000002,6.853000000000002,6.990000000000002,7.017000000000002,7.033000000000002,7.077000000000002,7.118000000000002,7.265000000000002,7.283000000000002,7.314000000000002,7.350000000000001,7.477000000000001,7.516000000000001,7.550000000000001,7.591000000000001,7.6320000000000014,7.6720000000000015,7.710000000000002,7.751000000000002,7.791000000000002,7.8240000000000025,7.867000000000003,7.899000000000003,7.940000000000003,7.972000000000003,8.006000000000004,8.047000000000004,8.088000000000005,8.126000000000005,8.159000000000004,8.201000000000004,8.243000000000004,8.276000000000003,8.314000000000004,8.348000000000004,8.388000000000003,8.421000000000003,8.464000000000002,8.501000000000003,8.541000000000002,8.576000000000002,8.615000000000002,8.649000000000003,8.685000000000002,8.729000000000003,8.763000000000003,8.797000000000004,8.836000000000004,8.874000000000004,8.910000000000004,8.948000000000004,8.979000000000005,9.023000000000005,9.060000000000006,9.097000000000007,9.133000000000006],"fps":[18.45018450184502,18.45018450184502,18.45018450184502,18.45018450184502,18.45018450184502,18.45018450184502,18.45018450184502,18.45018450184502,18.45018450184502,18.45018450184502,17.526777020447906,17.526777020447906,17.526777020447906,17.526777020447906,17.526777020447906,17.526777020447906,17.526777020447906,17.526777020447906,17.526777020447906,17.526777020447906,17.526777020447906,17.526777020447906,17.526777020447906,17.526777020447906,17.526777020447906,17.526777020447906,17.526777020447906,15.682656826568266,15.682656826568266,15.682656826568266,15.682656826568266,15.682656826568266,15.682656826568266,15.682656826568266,15.682656826568266,15.682656826568266,15.682656826568266,15.682656826568266,15.682656826568266,15.682656826568266,15.682656826568266,15.682656826568266,15.682656826568266,15.682656826568266,15.682656826568266,15.682656826568266,18.21668264621285,18.21668264621285,18.21668264621285,18.21668264621285,18.21668264621285,18.21668264621285,18.21668264621285,18.21668264621285,18.21668264621285,18.21668264621285,18.21668264621285,18.21668264621285,18.21668264621285,18.21668264621285,18.21668264621285,18.21668264621285,18.21668264621285,18.21668264621285,18.21668264621285,18.500486854917234,18.500486854917234,18.500486854917234,18.500486854917234,18.500486854917234,18.500486854917234,18.500486854917234,18.500486854917234,18.500486854917234,18.500486854917234,18.500486854917234,18.500486854917234,18.500486854917234,18.500486854917234,18.500486854917234,18.500486854917234,18.500486854917234,18.500486854917234,18.500486854917234,18.500486854917234,19.782393669634025,19.782393669634025,19.782393669634025,19.782393669634025,19.782393669634025,19.782393669634025,19.782393669634025,19.782393669634025,19.782393669634025,19.782393669634025,19.782393669634025,19.782393669634025,19.782393669634025,19.782393669634025,19.782393669634025,19.782393669634025,19.782393669634025,19.782393669634025,19.782393669634025,19.782393669634025,19.782393669634025,19.782393669634025,19.782393669634025,19.782393669634025,19.782393669634025,19.782393669634025,19.782393669634025,26.679841897233203,26.679841897233203,26.679841897233203,26.679841897233203,26.679841897233203,26.679841897233203,26.679841897233203,26.679841897233203,26.679841897233203],"raf":[47,44,45,147,18,36,52,40,49,47,152,24,37,44,56,152,27,26,155,19,35,154,27,30,50,49,43,155,24,34,54,54,156,19,29,52,41,151,26,25,49,45,145,19,33,42,45,143,20,27,49,49,48,143,18,34,50,48,46,40,34,48,139,28,18,45,40,137,27,17,43,40,147,18,31,36,127,39,34,41,41,40,39,40,40,33,43,32,40,32,34,41,41,39,32,42,42,33,38,34,40,33,43,38,39,35,39,34,37,44,33,35,38,39,35,39,30,44,37,37,36]}