{"time":[11.013,11.03,11.062999999999999,11.107999999999999,11.156999999999998,11.202999999999998,11.249999999999998,11.297999999999998,11.337999999999997,11.389999999999997,11.439999999999998,11.486999999999998,11.533999999999999,11.579999999999998,11.633,11.68,11.715,11.765,11.812000000000001,11.858,11.905000000000001,11.953000000000001,11.999,12.046000000000001,12.092,12.139000000000001,12.187000000000001,12.228000000000002,12.278000000000002,12.328000000000003,12.374000000000002,12.423000000000002,12.469000000000001,12.516000000000002,12.879000000000001,12.914000000000001,12.942000000000002,12.976000000000003],"fps":[0.1918649270913277,0.1918649270913277,0.1918649270913277,0.1918649270913277,0.1918649270913277,0.1918649270913277,0.1918649270913277,0.1918649270913277,0.1918649270913277,0.1918649270913277,0.1918649270913277,0.1918649270913277,0.1918649270913277,0.1918649270913277,0.1918649270913277,0.1918649270913277,0.1918649270913277,0.1918649270913277,0.1918649270913277,0.1918649270913277,0.1918649270913277,0.1918649270913277,0.1918649270913277,22.265246853823815,22.265246853823815,22.265246853823815,22.265246853823815,22.265246853823815,22.265246853823815,22.265246853823815,22.265246853823815,22.265246853823815,22.265246853823815,22.265246853823815,22.265246853823815,22.265246853823815,22.265246853823815,22.265246853823815],"raf":[10375,17,33,45,49,46,47,48,40,52,50,47,47,46,53,47,35,50,47,46,47,48,46,47,46,47,48,41,50,50,46,50,45,47,363,35,28,34]}