{"time":[3.118999999999998,3.138999999999998,3.155999999999998,3.171999999999998,3.2019999999999977,3.268999999999998,3.288999999999998,3.305999999999998,3.3269999999999977,3.353999999999998,3.377999999999998,3.405999999999998,3.4399999999999977,3.4579999999999975,3.4869999999999974,3.5139999999999976,3.5429999999999975,3.5679999999999974,3.601999999999997,3.622999999999997,3.646999999999997,3.678999999999997,3.7019999999999973,3.730999999999997,3.751999999999997,3.784999999999997,3.806999999999997,3.8399999999999967,3.8729999999999967,3.9099999999999966,3.9379999999999966,3.9619999999999966,3.9909999999999966,4.013999999999997,4.048999999999997,4.073999999999997,4.105999999999997,4.138999999999998,4.169999999999997,4.194999999999998,4.225999999999997,4.280999999999997,4.305999999999997,4.3249999999999975,4.3489999999999975,4.382999999999997,4.411999999999997,4.432999999999997,4.474999999999997,4.505999999999997,4.530999999999997,4.567999999999997,4.596999999999997,4.620999999999997,4.6569999999999965,4.686999999999997,4.710999999999997,4.7499999999999964,4.775999999999996,4.800999999999997,4.833999999999997,4.862999999999997,4.901999999999997,4.932999999999996,4.959999999999996,4.990999999999996,5.024999999999996,5.055999999999996,5.074999999999996,5.1089999999999955],"fps":[24.691358024691358,24.691358024691358,24.691358024691358,24.691358024691358,24.691358024691358,24.691358024691358,24.691358024691358,24.691358024691358,24.691358024691358,24.691358024691358,24.691358024691358,24.691358024691358,24.691358024691358,24.691358024691358,24.691358024691358,24.691358024691358,24.691358024691358,24.691358024691358,24.691358024691358,24.691358024691358,24.691358024691358,24.691358024691358,24.691358024691358,24.691358024691358,24.691358024691358,24.691358024691358,24.691358024691358,24.691358024691358,24.691358024691358,24.691358024691358,24.691358024691358,24.691358024691358,24.691358024691358,24.691358024691358,24.691358024691358,24.691358024691358,24.691358024691358,36.27450980392157,36.27450980392157,36.27450980392157,36.27450980392157,36.27450980392157,36.27450980392157,36.27450980392157,36.27450980392157,36.27450980392157,36.27450980392157,36.27450980392157,36.27450980392157,36.27450980392157,36.27450980392157,36.27450980392157,36.27450980392157,36.27450980392157,36.27450980392157,36.27450980392157,36.27450980392157,36.27450980392157,36.27450980392157,36.27450980392157,36.27450980392157,36.27450980392157,36.27450980392157,36.27450980392157,36.27450980392157,36.27450980392157,36.27450980392157,36.27450980392157,36.27450980392157,36.27450980392157],"raf":[128,20,17,17,29,67,20,17,21,28,23,28,34,18,29,27,29,25,34,21,24,32,23,29,21,33,22,33,33,37,28,24,29,23,35,25,32,33,31,25,31,55,25,20,23,34,29,21,42,31,25,37,29,24,36,30,24,39,26,25,33,29,39,31,27,31,35,30,20,33]}