{"time":[3.0219999999999994,3.0689999999999995,3.1159999999999997,3.264,3.2819999999999996,3.3209999999999997,3.3659999999999997,3.5149999999999997,3.5319999999999996,3.5709999999999997,3.6199999999999997,3.667,3.8139999999999996,3.8319999999999994,3.8639999999999994,3.9099999999999993,3.9579999999999993,4.005999999999999,4.055,4.101999999999999,4.151999999999999,4.201,4.247999999999999,4.395,4.4159999999999995,4.4399999999999995,4.4879999999999995,4.534,4.681,4.698,4.73,4.777,4.824,4.8709999999999996,4.9159999999999995,4.965,5.115,5.132000000000001,5.164000000000001,5.210000000000001,5.256000000000001,5.303000000000001,5.351000000000001,5.399000000000001,5.545000000000001,5.566000000000001,5.590000000000001,5.639000000000001,5.685000000000001,5.732000000000001,5.878000000000001,5.899000000000001,5.9270000000000005,5.9750000000000005,6.021000000000001,6.164000000000001,6.181000000000001,6.212000000000001,6.258000000000001,6.303000000000001,6.351000000000001,6.399000000000001,6.5440000000000005,6.565,6.594,6.639,6.684,6.7330000000000005,6.813000000000001,6.832000000000001,6.871,6.917000000000001,6.965000000000001,7.014000000000001,7.060000000000001,7.107000000000001,7.152000000000001,7.198000000000001,7.248000000000001,7.290000000000001,7.336000000000001,7.383000000000001,7.430000000000001,7.4750000000000005,7.521000000000001,7.566000000000001,7.617000000000001,7.664000000000001,7.7,7.747,7.793,7.839,7.8870000000000005,7.9350000000000005,7.982,8.032,8.081,8.123999999999999,8.168999999999999,8.216,8.264999999999999,8.315,8.357999999999999,8.405,8.453,8.498999999999999,8.543999999999999,8.589999999999998,8.638999999999998,8.686999999999998,8.733999999999998,8.781999999999998,12.534999999999998,12.547999999999998,12.586999999999998,12.633999999999999,12.681,12.726999999999999,12.772999999999998,12.819999999999999,12.866999999999999,12.914,12.975999999999999],"fps":[16.765285996055226,16.765285996055226,16.765285996055226,16.765285996055226,16.765285996055226,16.765285996055226,16.765285996055226,16.765285996055226,16.765285996055226,16.765285996055226,16.765285996055226,16.765285996055226,16.765285996055226,16.765285996055226,16.765285996055226,16.765285996055226,16.765285996055226,16.765285996055226,17.424975798644724,17.424975798644724,17.424975798644724,17.424975798644724,17.424975798644724,17.424975798644724,17.424975798644724,17.424975798644724,17.424975798644724,17.424975798644724,17.424975798644724,17.424975798644724,17.424975798644724,17.424975798644724,17.424975798644724,17.424975798644724,17.424975798644724,17.424975798644724,16.9811320754717,16.9811320754717,16.9811320754717,16.9811320754717,16.9811320754717,16.9811320754717,16.9811320754717,16.9811320754717,16.9811320754717,16.9811320754717,16.9811320754717,16.9811320754717,16.9811320754717,16.9811320754717,16.9811320754717,16.9811320754717,16.9811320754717,16.9811320754717,16.9811320754717,18.112488083889417,18.112488083889417,18.112488083889417,18.112488083889417,18.112488083889417,18.112488083889417,18.112488083889417,18.112488083889417,18.112488083889417,18.112488083889417,18.112488083889417,18.112488083889417,18.112488083889417,18.112488083889417,18.112488083889417,18.112488083889417,18.112488083889417,18.112488083889417,18.112488083889417,18.112488083889417,18.112488083889417,18.112488083889417,21.27659574468085,21.27659574468085,21.27659574468085,21.27659574468085,21.27659574468085,21.27659574468085,21.27659574468085,21.27659574468085,21.27659574468085,21.27659574468085,21.27659574468085,21.27659574468085,21.27659574468085,21.27659574468085,21.27659574468085,21.27659574468085,21.27659574468085,21.27659574468085,21.27659574468085,21.27659574468085,21.27659574468085,21.27659574468085,21.611001964636543,21.611001964636543,21.611001964636543,21.611001964636543,21.611001964636543,21.611001964636543,21.611001964636543,21.611001964636543,21.611001964636543,21.611001964636543,21.611001964636543,21.611001964636543,21.611001964636543,3.009956008335263,3.009956008335263,3.009956008335263,3.009956008335263,3.009956008335263,3.009956008335263,3.009956008335263,3.009956008335263,3.009956008335263,3.009956008335263,3.009956008335263],"raf":[40,48,46,148,18,39,45,149,17,39,49,48,146,18,32,46,48,48,49,47,50,49,47,147,21,24,48,46,147,17,32,47,47,47,45,49,150,17,32,46,46,47,48,48,146,21,25,48,46,47,146,21,28,48,46,143,18,30,46,46,47,48,146,20,29,45,45,49,80,19,39,46,48,49,46,47,45,46,50,42,46,47,48,44,46,45,51,47,36,47,46,46,48,48,47,50,49,43,45,47,49,50,43,47,48,46,45,46,49,48,47,48,3753,13,39,47,48,45,46,47,47,47,62]}