{"time":[11.341,11.347999999999999,11.361999999999998,11.381999999999998,11.402999999999999,11.421999999999999,11.451999999999998,11.467999999999998,11.499999999999998,11.517999999999999,11.534999999999998,11.554999999999998,11.583999999999998,11.846999999999998,11.866999999999997,11.878999999999998,11.897999999999998,11.927999999999997,11.934999999999997,11.958999999999996,11.971999999999996,11.996999999999996,12.036999999999995,12.048999999999996,12.087999999999996,12.100999999999996,12.143999999999995,12.155999999999995,12.176999999999996,12.194999999999997,12.216999999999997,12.236999999999997,12.253999999999996,12.286999999999995,12.304999999999996,12.326999999999996,12.359999999999996,12.383999999999995,12.444999999999995,12.456999999999995,12.478999999999996,12.495999999999995,12.513999999999996,12.536999999999995,12.554999999999996,12.583999999999996,12.605999999999996,12.628999999999996,12.649999999999997,12.672999999999996,12.690999999999997,12.718999999999998,12.798999999999998,12.810999999999998,12.827999999999998,12.844999999999997,12.872999999999998,12.892999999999997,12.915999999999997,12.984999999999998,12.996999999999998],"fps":[2.804786836200449,2.804786836200449,2.804786836200449,2.804786836200449,2.804786836200449,2.804786836200449,2.804786836200449,2.804786836200449,2.804786836200449,2.804786836200449,2.804786836200449,2.804786836200449,2.804786836200449,2.804786836200449,2.804786836200449,2.804786836200449,2.804786836200449,2.804786836200449,2.804786836200449,2.804786836200449,2.804786836200449,2.804786836200449,2.804786836200449,2.804786836200449,2.804786836200449,2.804786836200449,2.804786836200449,2.804786836200449,2.804786836200449,2.804786836200449,2.804786836200449,2.804786836200449,2.804786836200449,2.804786836200449,2.804786836200449,2.804786836200449,35.36345776031434,35.36345776031434,35.36345776031434,35.36345776031434,35.36345776031434,35.36345776031434,35.36345776031434,35.36345776031434,35.36345776031434,35.36345776031434,35.36345776031434,35.36345776031434,35.36345776031434,35.36345776031434,35.36345776031434,35.36345776031434,35.36345776031434,35.36345776031434,35.36345776031434,35.36345776031434,35.36345776031434,35.36345776031434,35.36345776031434,35.36345776031434,35.36345776031434],"raf":[10111,6,14,20,21,19,30,16,32,18,17,20,29,263,20,12,20,29,7,24,13,25,40,12,39,13,43,12,21,18,23,19,17,33,18,22,33,24,61,12,22,17,18,23,18,29,22,22,22,22,18,28,80,12,17,17,29,19,23,69,12]}