{"time":[12.235,12.251,12.272,12.31,12.346,12.388,12.429,12.469,12.506,12.545,12.587,12.628,12.669,12.705,12.745,12.789,12.82,12.868,12.917,12.943999999999999,12.988],"fps":[0.28487323141202164,0.28487323141202164,0.28487323141202164,0.28487323141202164,0.28487323141202164,0.28487323141202164,0.28487323141202164,0.28487323141202164,0.28487323141202164,0.28487323141202164,0.28487323141202164,0.28487323141202164,0.28487323141202164,0.28487323141202164,0.28487323141202164,0.28487323141202164,0.28487323141202164,0.28487323141202164,0.28487323141202164,0.28487323141202164,0.28487323141202164],"raf":[10443,16,21,38,36,42,42,39,37,39,42,41,41,36,40,44,31,48,49,28,42]}