{"time":[11.293,11.299,11.315,11.331999999999999,11.348999999999998,11.364999999999998,11.383,11.404,11.431,11.45,11.473999999999998,11.495999999999999,11.506999999999998,11.529999999999998,11.545999999999998,11.574999999999998,11.591999999999997,11.605999999999996,11.633999999999997,11.653999999999996,11.884999999999996,11.902999999999997,11.920999999999998,11.930999999999997,11.948999999999998,11.964999999999998,11.980999999999998,12.004999999999997,12.023999999999997,12.039999999999997,12.058999999999997,12.086999999999998,12.133999999999999,12.165999999999999,12.2,12.223999999999998,12.230999999999998,12.247999999999998,12.264999999999997,12.282999999999998,12.297999999999998,12.314999999999998,12.331999999999997,12.362999999999998,12.381999999999998,12.402999999999999,12.424,12.447,12.466,12.52,12.548,12.564,12.581,12.597999999999999,12.619,12.647,12.661,12.687,12.706999999999999,12.730999999999998,12.749999999999998,12.774999999999999,12.791999999999998,12.806999999999999,12.833999999999998,12.856999999999998,12.874999999999998,12.891999999999998,12.907999999999998,12.930999999999997,12.954999999999997,12.973999999999997,12.991999999999997],"fps":[4.1823931449556255,4.1823931449556255,4.1823931449556255,4.1823931449556255,4.1823931449556255,4.1823931449556255,4.1823931449556255,4.1823931449556255,4.1823931449556255,4.1823931449556255,4.1823931449556255,4.1823931449556255,4.1823931449556255,4.1823931449556255,4.1823931449556255,4.1823931449556255,4.1823931449556255,4.1823931449556255,4.1823931449556255,4.1823931449556255,4.1823931449556255,4.1823931449556255,4.1823931449556255,4.1823931449556255,4.1823931449556255,4.1823931449556255,4.1823931449556255,4.1823931449556255,4.1823931449556255,4.1823931449556255,4.1823931449556255,4.1823931449556255,4.1823931449556255,4.1823931449556255,4.1823931449556255,4.1823931449556255,4.1823931449556255,4.1823931449556255,4.1823931449556255,4.1823931449556255,39.80099502487562,39.80099502487562,39.80099502487562,39.80099502487562,39.80099502487562,39.80099502487562,39.80099502487562,39.80099502487562,39.80099502487562,39.80099502487562,39.80099502487562,39.80099502487562,39.80099502487562,39.80099502487562,39.80099502487562,39.80099502487562,39.80099502487562,39.80099502487562,39.80099502487562,39.80099502487562,39.80099502487562,39.80099502487562,39.80099502487562,39.80099502487562,39.80099502487562,39.80099502487562,39.80099502487562,39.80099502487562,39.80099502487562,39.80099502487562,39.80099502487562,39.80099502487562,39.80099502487562],"raf":[8922,6,16,17,17,16,18,21,27,18,24,22,11,23,16,30,16,14,28,20,231,18,18,11,17,16,16,24,19,16,19,28,47,32,34,24,7,17,17,18,15,17,17,31,19,21,21,23,19,54,28,16,17,18,21,27,14,26,20,24,19,25,17,15,27,23,18,17,16,23,24,19,18]}