{"time":[3.0669999999999993,3.1629999999999994,3.4659999999999993,3.6389999999999993,3.716999999999999,4.020999999999999,4.196999999999999,4.279999999999999,4.488999999999999,4.562999999999999,4.7719999999999985,4.965999999999998,5.041999999999998,5.155999999999998,5.4899999999999975,5.697999999999998,5.873999999999998,5.960999999999998,6.149999999999998,6.352999999999998,6.462999999999998,6.676999999999999,6.798999999999999,7.051999999999999,7.259999999999999,7.3359999999999985,7.620999999999999,7.832999999999998,8.024999999999999,8.126,8.318,8.43,8.719,8.927999999999999,9.116999999999999,9.299999999999999,9.379999999999999,9.594999999999999,9.819999999999999,9.928999999999998,10.005999999999998,10.294999999999998,10.379999999999999,10.478,10.778,10.994,11.076,11.185,11.401,11.584999999999999,11.78,11.869,11.963,12.254999999999999,12.361999999999998,12.456999999999999,12.76,12.845],"fps":[6.762468300929839,6.762468300929839,6.762468300929839,6.762468300929839,6.60377358490566,6.60377358490566,6.60377358490566,6.60377358490566,6.60377358490566,6.60377358490566,5.687203791469194,5.687203791469194,5.687203791469194,5.687203791469194,5.687203791469194,5.687203791469194,5.44464609800363,5.44464609800363,5.44464609800363,5.44464609800363,5.44464609800363,5.44464609800363,5.44464609800363,5.942275042444821,5.942275042444821,5.942275042444821,5.942275042444821,5.942275042444821,5.942275042444821,5.58659217877095,5.58659217877095,5.58659217877095,5.58659217877095,5.58659217877095,5.58659217877095,5.1107325383304945,5.1107325383304945,5.1107325383304945,5.1107325383304945,5.1107325383304945,5.1107325383304945,5.1107325383304945,6.481481481481482,6.481481481481482,6.481481481481482,6.481481481481482,6.481481481481482,6.481481481481482,5.870841487279844,5.870841487279844,5.870841487279844,5.870841487279844,5.870841487279844,5.870841487279844,5.870841487279844,6.6350710900473935,6.6350710900473935,6.6350710900473935],"raf":[105,96,303,173,78,304,176,83,209,74,209,194,76,114,335,207,176,87,189,203,110,214,122,253,208,76,285,213,191,101,192,112,289,209,189,183,81,214,225,109,77,289,85,98,300,216,82,109,217,183,195,89,94,292,107,95,303,85]}