{"time":[3.0450000000000004,3.2030000000000003,3.2190000000000003,3.261,3.3080000000000003,3.459,3.469,3.512,3.561,3.606,3.7689999999999997,3.7859999999999996,3.8219999999999996,3.9739999999999998,4.002,4.035,4.093,4.25,4.269,4.307,4.465000000000001,4.486000000000001,4.529000000000001,4.590000000000001,4.668000000000001,4.719000000000001,4.7730000000000015,4.830000000000002,4.887000000000002,4.945000000000002,5.004000000000002,5.052000000000002,5.105000000000002,5.153000000000002,5.201000000000002,5.249000000000002,5.299000000000002,5.354000000000002,5.403000000000002,5.447000000000002,5.495000000000002,5.544000000000002,5.593000000000003,5.642000000000003,5.702000000000003,5.743000000000003,5.792000000000003,5.840000000000003,5.8880000000000035,5.937000000000004,5.986000000000004,6.036000000000004,6.094000000000004,6.137000000000004,6.188000000000004,6.236000000000004,6.288000000000004,6.338000000000004,6.386000000000004,6.440000000000004,6.489000000000004,6.537000000000004,6.5880000000000045,6.637000000000005,6.6890000000000045,6.7370000000000045],"fps":[12.745098039215685,12.745098039215685,12.745098039215685,12.745098039215685,12.745098039215685,12.745098039215685,12.745098039215685,12.745098039215685,12.745098039215685,12.745098039215685,14.84230055658627,14.84230055658627,14.84230055658627,14.84230055658627,14.84230055658627,14.84230055658627,14.84230055658627,14.84230055658627,14.84230055658627,14.84230055658627,14.84230055658627,14.84230055658627,14.84230055658627,14.84230055658627,14.84230055658627,14.84230055658627,15.936254980079681,15.936254980079681,15.936254980079681,15.936254980079681,15.936254980079681,15.936254980079681,15.936254980079681,15.936254980079681,15.936254980079681,15.936254980079681,15.936254980079681,15.936254980079681,15.936254980079681,15.936254980079681,15.936254980079681,15.936254980079681,15.936254980079681,15.936254980079681,15.936254980079681,15.936254980079681,19.627085377821395,19.627085377821395,19.627085377821395,19.627085377821395,19.627085377821395,19.627085377821395,19.627085377821395,19.627085377821395,19.627085377821395,19.627085377821395,19.627085377821395,19.627085377821395,19.627085377821395,19.627085377821395,19.627085377821395,19.627085377821395,19.627085377821395,19.627085377821395,19.627085377821395,19.627085377821395],"raf":[61,158,17,41,47,151,10,43,49,45,163,17,36,152,28,33,58,157,20,37,158,21,43,61,78,52,53,57,57,58,59,48,53,48,48,48,50,55,49,44,48,49,49,49,60,41,49,48,48,49,49,50,58,43,51,48,52,50,48,54,49,48,51,49,52,48]}