{"time":[3.2430000000000003,3.4040000000000004,3.5720000000000005,3.6950000000000003,3.7990000000000004,3.9730000000000003,4.147,4.243,4.341,4.448,4.603000000000001,4.713000000000001,4.815000000000001,4.933000000000002,5.029000000000002,5.134000000000002,5.2520000000000024,5.375000000000003,5.490000000000003,5.626000000000003,5.726000000000003,5.830000000000003,5.963000000000003,6.059000000000003,6.189000000000003,6.303000000000003,6.434000000000003,6.577000000000003,6.687000000000003,6.788000000000003,6.888000000000003,7.013000000000003,7.149000000000003,7.248000000000003,7.383000000000003,7.504000000000003,7.6460000000000035,7.792000000000003,7.934000000000004,8.072000000000005,8.213000000000005,8.331000000000005,8.489000000000004,8.603000000000005,8.718000000000005,8.829000000000006,8.970000000000006,9.079000000000006,9.237000000000005,9.368000000000006,9.495000000000006,9.609000000000007,9.755000000000008,9.927000000000008,10.090000000000009,10.279000000000009,10.491000000000009,10.699000000000009,10.915000000000008,11.009000000000007,11.239000000000008,11.484000000000007,11.617000000000008,11.865000000000007,12.199000000000007,12.419000000000008,12.625000000000007,12.856000000000007],"fps":[2.7198549410698094,2.7198549410698094,2.7198549410698094,2.7198549410698094,2.7198549410698094,2.7198549410698094,2.7198549410698094,2.7198549410698094,7.285974499089253,7.285974499089253,7.285974499089253,7.285974499089253,7.285974499089253,7.285974499089253,7.285974499089253,7.285974499089253,7.285974499089253,8.704061895551257,8.704061895551257,8.704061895551257,8.704061895551257,8.704061895551257,8.704061895551257,8.704061895551257,8.704061895551257,8.704061895551257,8.498583569405099,8.498583569405099,8.498583569405099,8.498583569405099,8.498583569405099,8.498583569405099,8.498583569405099,8.498583569405099,8.498583569405099,8.411214953271028,8.411214953271028,8.411214953271028,8.411214953271028,8.411214953271028,8.411214953271028,8.411214953271028,8.411214953271028,7.279344858962693,7.279344858962693,7.279344858962693,7.279344858962693,7.279344858962693,7.279344858962693,7.279344858962693,7.279344858962693,7.952286282306163,7.952286282306163,7.952286282306163,7.952286282306163,7.952286282306163,7.952286282306163,5.504587155963303,5.504587155963303,5.504587155963303,5.504587155963303,5.504587155963303,5.504587155963303,5.145797598627787,5.145797598627787,5.145797598627787,5.145797598627787,5.145797598627787],"raf":[1246,161,168,123,104,174,174,96,98,107,155,110,102,118,96,105,118,123,115,136,100,104,133,96,130,114,131,143,110,101,100,125,136,99,135,121,142,146,142,138,141,118,158,114,115,111,141,109,158,131,127,114,146,172,163,189,212,208,216,94,230,245,133,248,334,220,206,231]}