{"time":[3.081999999999999,3.0999999999999988,3.1169999999999987,3.147999999999999,3.195999999999999,3.234999999999999,3.360999999999999,3.3829999999999987,3.4919999999999987,3.5019999999999984,3.5229999999999984,3.5659999999999985,3.6079999999999983,3.6509999999999985,3.7869999999999986,3.7999999999999985,3.8379999999999983,3.855999999999998,3.883999999999998,3.911999999999998,3.959999999999998,4.095999999999998,4.115999999999998,4.132999999999998,4.164999999999998,4.193999999999998,4.233999999999998,4.364999999999998,4.382999999999998,4.399999999999999,4.439999999999999,4.470999999999998,4.517999999999998,4.549999999999998,4.698999999999998,4.714999999999998,4.735999999999998,4.783999999999998,4.845999999999998,4.866999999999998,4.900999999999998,4.930999999999998,4.977999999999998,5.003999999999998,5.051999999999998,5.0829999999999975,5.131999999999998,5.160999999999998,5.185999999999998,5.2349999999999985,5.270999999999998,5.310999999999998,5.348999999999998,5.3809999999999985,5.423999999999999,5.4609999999999985,5.489999999999998,5.535999999999999,5.573999999999999,5.597999999999999,5.646999999999999,5.685,5.715,5.76,5.8,5.833,5.862,5.902,5.941,5.982,6.021,6.048,6.096,6.134,6.184,6.216,6.24,6.283,6.32,6.357,6.391,6.431,6.461,6.4990000000000006,6.535,6.573,6.619000000000001,6.658,6.6850000000000005,6.732,6.772,6.811,6.842,6.8839999999999995,6.917,6.959,6.981,7.0329999999999995],"fps":[17.937219730941703,17.937219730941703,17.937219730941703,17.937219730941703,17.937219730941703,17.937219730941703,17.937219730941703,17.937219730941703,17.937219730941703,17.937219730941703,17.937219730941703,17.937219730941703,21.133525456292027,21.133525456292027,21.133525456292027,21.133525456292027,21.133525456292027,21.133525456292027,21.133525456292027,21.133525456292027,21.133525456292027,21.133525456292027,21.133525456292027,21.133525456292027,21.133525456292027,21.133525456292027,21.133525456292027,21.133525456292027,21.133525456292027,21.133525456292027,21.133525456292027,21.133525456292027,21.133525456292027,21.133525456292027,20.164986251145738,20.164986251145738,20.164986251145738,20.164986251145738,20.164986251145738,20.164986251145738,20.164986251145738,20.164986251145738,20.164986251145738,20.164986251145738,20.164986251145738,20.164986251145738,20.164986251145738,20.164986251145738,20.164986251145738,20.164986251145738,20.164986251145738,20.164986251145738,20.164986251145738,20.164986251145738,20.164986251145738,20.164986251145738,20.164986251145738,20.164986251145738,20.164986251145738,20.164986251145738,20.164986251145738,20.164986251145738,27.559055118110237,27.559055118110237,27.559055118110237,27.559055118110237,27.559055118110237,27.559055118110237,27.559055118110237,27.559055118110237,27.559055118110237,27.559055118110237,27.559055118110237,27.559055118110237,27.559055118110237,27.559055118110237,27.559055118110237,27.559055118110237,27.559055118110237,27.559055118110237,27.559055118110237,27.559055118110237,27.559055118110237,27.559055118110237,27.559055118110237,27.559055118110237,27.559055118110237,27.559055118110237,27.559055118110237,26.522593320235757,26.522593320235757,26.522593320235757,26.522593320235757,26.522593320235757,26.522593320235757,26.522593320235757,26.522593320235757,26.522593320235757],"raf":[148,18,17,32,47,39,126,22,109,10,21,43,42,43,136,13,38,18,28,28,48,136,20,17,32,29,40,131,18,17,40,31,47,32,149,18,19,48,62,21,34,30,47,26,48,31,50,28,26,48,36,40,38,32,44,36,29,46,38,24,50,38,29,46,39,33,29,40,39,41,39,27,48,38,50,32,24,43,37,37,34,40,31,37,36,38,46,40,26,48,39,40,30,42,33,42,23,51]}