{"time":[10.979,10.995999999999999,11.027999999999999,11.092999999999998,11.222999999999999,11.244,11.277,11.306,11.341999999999999,11.373999999999999,11.411,11.445,11.482000000000001,11.512,11.540000000000001,11.590000000000002,11.614,11.646,11.678,11.712000000000002,11.742,11.784,11.816,11.850000000000001,11.876000000000001,11.906,11.948,11.975,12.014999999999999,12.049999999999999,12.072,12.117999999999999,12.143999999999998,12.493999999999998,12.539999999999997,12.568999999999997,12.579999999999997,12.604999999999997,12.638999999999998,12.669999999999998,12.701999999999998,12.737999999999998,12.759999999999998,12.802999999999997,12.834999999999997,12.859999999999998,12.937999999999997,12.956999999999997,12.977999999999998],"fps":[1.3214694740551494,1.3214694740551494,1.3214694740551494,1.3214694740551494,1.3214694740551494,1.3214694740551494,1.3214694740551494,1.3214694740551494,1.3214694740551494,1.3214694740551494,1.3214694740551494,1.3214694740551494,1.3214694740551494,1.3214694740551494,1.3214694740551494,1.3214694740551494,1.3214694740551494,1.3214694740551494,1.3214694740551494,1.3214694740551494,1.3214694740551494,1.3214694740551494,1.3214694740551494,1.3214694740551494,1.3214694740551494,1.3214694740551494,1.3214694740551494,1.3214694740551494,27.027027027027028,27.027027027027028,27.027027027027028,27.027027027027028,27.027027027027028,27.027027027027028,27.027027027027028,27.027027027027028,27.027027027027028,27.027027027027028,27.027027027027028,27.027027027027028,27.027027027027028,27.027027027027028,27.027027027027028,27.027027027027028,27.027027027027028,27.027027027027028,27.027027027027028,27.027027027027028,27.027027027027028],"raf":[10661,17,32,65,130,21,33,29,36,32,37,34,37,30,28,50,24,32,33,33,30,42,33,33,26,30,42,27,40,35,23,45,27,349,46,29,11,25,34,32,31,37,21,43,33,24,78,19,21]}