{"time":[3.1120000000000005,3.1770000000000005,3.2430000000000003,3.3030000000000004,3.361,3.426,3.491,3.549,3.596,3.653,3.726,3.809,3.907,10.442,10.85,10.898,10.945,10.995000000000001,11.042000000000002,11.090000000000002,11.136000000000001,11.206000000000001,11.271,11.319,11.385000000000002,11.447000000000001,11.513000000000002,11.576000000000002,11.904000000000002,12.009000000000002,12.055000000000001,12.104000000000001,12.173000000000002,12.239000000000003,12.342000000000002,12.454000000000002,12.515000000000002,12.581000000000003,12.646000000000003,12.716000000000003,12.781000000000002,12.898000000000003,12.969000000000003],"fps":[10.784313725490197,10.784313725490197,10.784313725490197,10.784313725490197,10.784313725490197,10.784313725490197,10.784313725490197,10.784313725490197,10.784313725490197,10.784313725490197,13.958125623130607,13.958125623130607,13.958125623130607,0.44669446098868376,0.44669446098868376,0.44669446098868376,0.44669446098868376,0.44669446098868376,0.44669446098868376,0.44669446098868376,0.44669446098868376,0.44669446098868376,0.44669446098868376,0.44669446098868376,0.44669446098868376,11.940298507462687,11.940298507462687,11.940298507462687,11.940298507462687,11.940298507462687,11.940298507462687,11.940298507462687,11.940298507462687,11.940298507462687,11.940298507462687,9.930486593843098,9.930486593843098,9.930486593843098,9.930486593843098,9.930486593843098,9.930486593843098,9.930486593843098,9.930486593843098],"raf":[157,65,66,60,58,66,64,58,48,56,73,83,98,6535,408,48,46,50,47,48,46,70,65,48,66,62,66,63,328,105,46,49,69,66,103,112,61,66,66,69,65,117,71]}