{"time":[3.008000000000001,3.037000000000001,3.093000000000001,3.262000000000001,3.2880000000000007,3.339000000000001,3.5100000000000007,3.5380000000000007,3.589000000000001,3.7560000000000007,3.7700000000000005,3.8300000000000005,4.002000000000001,4.0200000000000005,4.072,4.243,4.271,4.321,4.491,4.504,4.5649999999999995,4.734999999999999,4.754,4.8149999999999995,4.984999999999999,5.004999999999999,5.057999999999999,5.227999999999999,5.253999999999999,5.305999999999998,5.474999999999998,5.503999999999998,5.552999999999998,5.624999999999998,5.794999999999998,5.820999999999998,5.874999999999998,5.978999999999998,6.020999999999998,6.080999999999998,6.146999999999998,6.218999999999998,6.282999999999998,6.352999999999998,6.422999999999998,6.491999999999998,6.560999999999998,6.631999999999998,6.6999999999999975,6.770999999999997,6.863999999999997,6.904999999999998,6.978999999999997,7.046999999999997,7.116999999999997,7.185999999999997,7.254999999999997,7.327999999999998,7.3939999999999975,7.463999999999998,7.533999999999998,7.602999999999998],"fps":[11.988011988011989,11.988011988011989,11.988011988011989,11.988011988011989,11.988011988011989,11.988011988011989,11.988011988011989,11.988011988011989,11.988011988011989,11.988011988011989,12.974051896207586,12.974051896207586,12.974051896207586,12.974051896207586,12.974051896207586,12.974051896207586,12.974051896207586,12.974051896207586,12.974051896207586,12.974051896207586,12.974051896207586,12.974051896207586,12.974051896207586,12.4282982791587,12.4282982791587,12.4282982791587,12.4282982791587,12.4282982791587,12.4282982791587,12.4282982791587,12.4282982791587,12.4282982791587,12.4282982791587,12.4282982791587,12.4282982791587,11.940298507462687,11.940298507462687,11.940298507462687,11.940298507462687,11.940298507462687,11.940298507462687,11.940298507462687,11.940298507462687,11.940298507462687,11.940298507462687,11.940298507462687,11.940298507462687,11.940298507462687,11.940298507462687,11.940298507462687,14.381591562799617,14.381591562799617,14.381591562799617,14.381591562799617,14.381591562799617,14.381591562799617,14.381591562799617,14.381591562799617,14.381591562799617,14.381591562799617,14.381591562799617,14.381591562799617],"raf":[169,30,55,169,26,52,170,28,51,168,13,60,172,18,52,171,28,50,170,13,61,170,19,61,169,20,53,170,26,52,169,29,50,71,171,25,54,105,41,60,66,72,64,70,70,69,69,71,68,72,92,41,74,68,70,69,69,73,66,70,70,69]}