{"time":[3.0880000000000005,3.1820000000000004,3.2720000000000002,3.3720000000000003,3.4670000000000005,3.5690000000000004,3.6870000000000003,3.769,3.851,3.918,3.99,4.089,4.206,4.304,4.408,4.523000000000001,4.643000000000001,4.7620000000000005,4.857,4.947,5.051,5.109,5.2,5.299,5.356000000000001,5.464,5.598000000000001,5.674,5.915,6.092,6.149,6.303,6.511,6.719,6.8950000000000005,6.949000000000001,7.0280000000000005,7.205,7.393,7.553,7.61,7.769,7.936,7.998,8.064,8.321,8.483,8.538,8.599,8.812,9.498999999999999,9.616999999999999,9.69,9.801,9.874,9.942,10.007,10.147,10.284,10.346,10.41,10.5,10.558,10.626],"fps":[9.633911368015415,9.633911368015415,9.633911368015415,9.633911368015415,9.633911368015415,9.633911368015415,9.633911368015415,9.633911368015415,9.633911368015415,9.633911368015415,9.633911368015415,10.989010989010989,10.989010989010989,10.989010989010989,10.989010989010989,10.989010989010989,10.989010989010989,10.989010989010989,10.989010989010989,10.989010989010989,10.989010989010989,9.803921568627452,9.803921568627452,9.803921568627452,9.803921568627452,9.803921568627452,9.803921568627452,9.803921568627452,9.803921568627452,9.803921568627452,8.653846153846153,8.653846153846153,8.653846153846153,8.653846153846153,8.653846153846153,8.653846153846153,8.653846153846153,6.622516556291391,6.622516556291391,6.622516556291391,6.622516556291391,6.622516556291391,6.622516556291391,6.622516556291391,6.622516556291391,7.174887892376682,7.174887892376682,7.174887892376682,7.174887892376682,7.174887892376682,4.244482173174872,4.244482173174872,4.244482173174872,4.244482173174872,4.244482173174872,4.244482173174872,4.244482173174872,4.244482173174872,4.244482173174872,4.244482173174872,4.244482173174872,10.989010989010989,10.989010989010989,10.989010989010989],"raf":[89,94,90,100,95,104,116,82,83,66,72,99,117,98,104,115,120,119,95,90,104,58,91,99,57,108,134,76,241,177,57,154,208,208,176,54,79,178,187,160,57,159,167,63,65,257,162,55,62,213,686,118,73,111,73,68,65,140,137,62,64,90,58,68]}