{"time":[10.528,10.553,10.583,10.64,10.700000000000001,10.758000000000001,10.817,10.876,10.937,10.994,11.052999999999999,11.145,11.168999999999999,11.229999999999999,11.287999999999998,11.346999999999998,11.407999999999998,11.465999999999998,11.525999999999998,11.586999999999998,11.644999999999998,11.692999999999998,11.739999999999998,11.787999999999998,11.838999999999999,11.886,11.934,11.982999999999999,12.031999999999998,12.079999999999998,12.127999999999998,12.175999999999998,12.218999999999998,12.527999999999997,12.552999999999997,12.574999999999998,12.628999999999998,12.681999999999999,12.732999999999999,12.786,12.837,12.92,12.953,12.992999999999999],"fps":[0.6451612903225806,0.6451612903225806,0.6451612903225806,0.6451612903225806,0.6451612903225806,0.6451612903225806,0.6451612903225806,0.6451612903225806,0.6451612903225806,0.6451612903225806,0.6451612903225806,0.6451612903225806,0.6451612903225806,0.6451612903225806,0.6451612903225806,0.6451612903225806,0.6451612903225806,0.6451612903225806,0.6451612903225806,17.94145420207743,17.94145420207743,17.94145420207743,17.94145420207743,17.94145420207743,17.94145420207743,17.94145420207743,17.94145420207743,17.94145420207743,17.94145420207743,17.94145420207743,17.94145420207743,17.94145420207743,17.94145420207743,17.94145420207743,17.94145420207743,17.94145420207743,16.299137104506233,16.299137104506233,16.299137104506233,16.299137104506233,16.299137104506233,16.299137104506233,16.299137104506233,16.299137104506233],"raf":[9057,25,30,57,60,58,59,59,61,57,59,92,25,60,58,59,62,58,59,61,58,48,47,48,51,47,48,49,49,48,48,48,43,309,25,22,55,52,51,53,52,82,33,41]}