{"time":[3.008999999999998,3.016999999999998,3.033999999999998,3.053999999999998,3.066999999999998,3.087999999999998,3.1019999999999976,3.1209999999999978,3.155999999999998,3.183999999999998,3.2219999999999978,3.2339999999999978,3.260999999999998,3.267999999999998,3.283999999999998,3.350999999999998,3.3749999999999982,3.383999999999998,3.400999999999998],"fps":[22.265246853823815,22.265246853823815,22.265246853823815,22.265246853823815,22.265246853823815,22.265246853823815,22.265246853823815,28.656126482213438,28.656126482213438,28.656126482213438,28.656126482213438,28.656126482213438,28.656126482213438,28.656126482213438,28.656126482213438,28.656126482213438,28.656126482213438,28.656126482213438,28.656126482213438],"raf":[21,8,16,20,14,20,15,18,35,29,37,12,27,8,15,67,24,9,17]}