{"time":[3.0110000000000006,3.1530000000000005,3.3060000000000005,3.3960000000000004,3.4510000000000005,3.5190000000000006,3.6420000000000003,3.769,3.8360000000000003,3.9080000000000004,3.9850000000000003,4.057,4.127000000000001,4.199000000000001,4.272000000000001,4.348000000000001,4.426000000000001,4.492000000000001,4.569000000000001,4.6450000000000005,4.726000000000001,4.801000000000001,4.885000000000001,4.979000000000001,5.069000000000001,5.142000000000001,5.209000000000001,5.272000000000001,5.349000000000001,5.425000000000001,5.501,5.598000000000001,5.694000000000001,5.783000000000001,5.858000000000001,5.935000000000001,6.0070000000000014,6.084000000000001,6.1640000000000015,6.243000000000001,6.320000000000001,6.396000000000001,6.468000000000001,6.545000000000001,6.623000000000001,6.694000000000001,6.7700000000000005,6.839,6.921,6.997,7.079,7.167,7.2589999999999995,7.337,7.42,7.5,7.6,7.691999999999999,7.77,7.864999999999999,7.924999999999999,8.01,8.099,8.192,8.267,8.347,8.461,8.583,8.66,8.742,8.889000000000001,9.06,9.115,9.282,9.449,9.511,9.689,9.871,9.933,10.01,10.093,10.368,10.533,10.607,10.687999999999999,10.884999999999998,11.070999999999998,11.146999999999998,11.331999999999999,11.512999999999998,11.586999999999998,11.669999999999998,11.939999999999998,12.121999999999998,12.186999999999998,12.370999999999997,12.537999999999997,12.612999999999996,12.691999999999997,12.978999999999997],"fps":[6.958250497017892,6.958250497017892,10.357815442561206,10.357815442561206,10.357815442561206,10.357815442561206,10.357815442561206,10.357815442561206,10.357815442561206,10.357815442561206,10.357815442561206,10.357815442561206,10.357815442561206,10.357815442561206,10.357815442561206,12.476007677543187,12.476007677543187,12.476007677543187,12.476007677543187,12.476007677543187,12.476007677543187,12.476007677543187,12.476007677543187,12.476007677543187,12.476007677543187,12.476007677543187,12.476007677543187,12.476007677543187,12.987012987012987,12.987012987012987,12.987012987012987,12.987012987012987,12.987012987012987,12.987012987012987,12.987012987012987,12.987012987012987,12.987012987012987,12.987012987012987,12.987012987012987,12.987012987012987,12.987012987012987,12.41642788920726,12.41642788920726,12.41642788920726,12.41642788920726,12.41642788920726,12.41642788920726,12.41642788920726,12.41642788920726,12.41642788920726,12.41642788920726,12.41642788920726,12.41642788920726,12.41642788920726,12.6953125,12.6953125,12.6953125,12.6953125,12.6953125,12.6953125,12.6953125,12.6953125,12.6953125,12.6953125,12.6953125,12.6953125,11.527377521613833,11.527377521613833,11.527377521613833,11.527377521613833,11.527377521613833,11.527377521613833,11.527377521613833,11.527377521613833,11.527377521613833,8.571428571428571,8.571428571428571,8.571428571428571,8.571428571428571,8.571428571428571,8.571428571428571,8.571428571428571,6.8493150684931505,6.8493150684931505,6.8493150684931505,6.8493150684931505,6.8493150684931505,6.8493150684931505,6.8493150684931505,6.8493150684931505,7.590132827324478,7.590132827324478,7.590132827324478,7.590132827324478,7.590132827324478,7.590132827324478,7.590132827324478,6.822612085769981,6.822612085769981,6.822612085769981],"raf":[86,142,153,90,55,68,123,128,66,73,77,71,70,72,73,76,78,66,77,76,81,75,84,94,90,73,67,63,77,76,76,97,96,89,75,77,72,78,79,79,77,76,72,77,78,71,76,69,82,76,82,88,92,78,83,80,100,92,78,95,60,85,89,93,75,80,114,122,77,82,147,171,56,166,167,62,178,182,62,77,83,275,165,74,81,197,186,76,185,181,74,83,270,182,65,184,167,75,79,287]}