{"time":[3.075,3.083,3.099,3.116,3.132,3.242,3.25,3.266,3.282,3.391,3.399,3.415,3.432,3.449,3.4659999999999997,3.4819999999999998,3.4979999999999998,3.6079999999999997,3.6149999999999998,3.6319999999999997,3.6479999999999997,3.7579999999999996,3.7659999999999996,3.7819999999999996,3.7979999999999996,3.9079999999999995,3.9159999999999995,3.9319999999999995,3.9489999999999994,4.058999999999999,4.068999999999999,4.184999999999999,4.198999999999999,4.215999999999999,4.324999999999999,4.334,4.348,4.366,4.382,4.399,4.415,4.432,4.542000000000001,4.549,4.565,4.674,4.682,4.698,4.716,4.732,4.8420000000000005,4.849,4.865,4.881,4.898000000000001,5.008000000000001,5.015000000000001,5.032000000000001,5.049000000000001,5.158000000000001,5.166000000000001,5.182000000000001,5.199000000000002,5.307000000000001,5.315000000000001,5.331000000000001,5.348000000000002,5.365000000000002,5.382000000000002,5.491000000000002,5.498000000000002,5.515000000000002,5.532000000000003,5.640000000000002,5.648000000000002,5.758000000000003,5.766000000000003,5.781000000000002,5.798000000000003,5.815000000000003,5.831000000000003,5.848000000000003,5.865000000000004,5.974000000000004,5.982000000000004,6.092000000000004,6.099000000000004,6.115000000000004,6.132000000000004,6.1490000000000045,6.1650000000000045,6.275000000000005,6.281000000000005,6.298000000000005,6.315000000000006,6.423000000000005,6.431000000000005,6.4580000000000055,6.464000000000006,6.4820000000000055,6.499000000000006,6.515000000000006,6.531000000000006,6.549000000000006,6.565000000000006,6.5830000000000055,6.602000000000006,6.637000000000006,6.665000000000005,6.694000000000005,6.707000000000005,6.7240000000000055,6.747000000000005,6.766000000000005,6.789000000000005,6.807000000000005,6.825000000000005,6.844000000000005,6.864000000000004,6.885000000000004,6.927000000000004,6.940000000000004,6.958000000000004,6.977000000000004,6.998000000000004,7.019000000000004,7.041000000000004,7.064000000000004,7.083000000000004,7.107000000000004,7.131000000000004,7.152000000000004,7.175000000000003,7.193000000000003,7.214000000000003,7.235000000000003,7.260000000000003,7.277000000000004,7.299000000000004,7.322000000000004,7.342000000000003,7.369000000000003,7.397000000000003,7.412000000000003,7.4330000000000025,7.4570000000000025,7.476000000000003,7.495000000000003,7.517000000000003,7.539000000000003,7.560000000000003,7.583000000000003,7.604000000000003,7.624000000000002,7.645000000000002,7.666000000000002],"fps":[22.624434389140273,22.624434389140273,22.624434389140273,22.624434389140273,22.624434389140273,22.624434389140273,22.624434389140273,22.624434389140273,22.624434389140273,22.624434389140273,22.624434389140273,22.624434389140273,22.624434389140273,22.624434389140273,22.624434389140273,26.706231454005934,26.706231454005934,26.706231454005934,26.706231454005934,26.706231454005934,26.706231454005934,26.706231454005934,26.706231454005934,26.706231454005934,26.706231454005934,26.706231454005934,26.706231454005934,26.706231454005934,26.706231454005934,26.706231454005934,26.706231454005934,26.706231454005934,26.706231454005934,26.706231454005934,26.706231454005934,26.706231454005934,26.706231454005934,26.706231454005934,26.706231454005934,26.706231454005934,26.706231454005934,26.706231454005934,25.471698113207548,25.471698113207548,25.471698113207548,25.471698113207548,25.471698113207548,25.471698113207548,25.471698113207548,25.471698113207548,25.471698113207548,25.471698113207548,25.471698113207548,25.471698113207548,25.471698113207548,25.471698113207548,25.471698113207548,25.471698113207548,25.471698113207548,25.471698113207548,25.471698113207548,25.471698113207548,25.471698113207548,25.471698113207548,25.471698113207548,25.471698113207548,25.471698113207548,25.471698113207548,25.471698113207548,25.471698113207548,25.471698113207548,25.471698113207548,25.471698113207548,28.233151183970858,28.233151183970858,28.233151183970858,28.233151183970858,28.233151183970858,28.233151183970858,28.233151183970858,28.233151183970858,28.233151183970858,28.233151183970858,28.233151183970858,28.233151183970858,28.233151183970858,28.233151183970858,28.233151183970858,28.233151183970858,28.233151183970858,28.233151183970858,28.233151183970858,28.233151183970858,28.233151183970858,28.233151183970858,28.233151183970858,28.233151183970858,28.233151183970858,28.233151183970858,28.233151183970858,28.233151183970858,28.233151183970858,28.233151183970858,28.233151183970858,28.233151183970858,28.233151183970858,28.233151183970858,28.233151183970858,34.146341463414636,34.146341463414636,34.146341463414636,34.146341463414636,34.146341463414636,34.146341463414636,34.146341463414636,34.146341463414636,34.146341463414636,34.146341463414636,34.146341463414636,34.146341463414636,34.146341463414636,34.146341463414636,34.146341463414636,34.146341463414636,34.146341463414636,34.146341463414636,34.146341463414636,34.146341463414636,34.146341463414636,34.146341463414636,34.146341463414636,34.146341463414636,34.146341463414636,34.146341463414636,34.146341463414636,34.146341463414636,34.146341463414636,34.146341463414636,34.146341463414636,34.146341463414636,34.146341463414636,34.146341463414636,34.146341463414636,34.146341463414636,34.146341463414636,34.146341463414636,34.146341463414636,34.146341463414636,34.146341463414636,34.146341463414636,34.146341463414636,34.146341463414636,34.146341463414636,34.146341463414636,34.146341463414636,46.95304695304695],"raf":[109,9,15,17,16,110,8,16,16,109,8,16,17,17,17,16,16,110,7,17,16,110,8,16,16,110,8,16,17,110,10,116,14,17,109,9,14,18,16,17,17,16,110,7,16,109,8,16,18,16,110,7,16,16,18,109,7,17,17,109,8,16,17,108,8,17,16,17,17,109,7,17,17,108,8,110,8,15,17,17,16,17,17,109,8,110,7,17,16,17,16,110,6,17,17,108,9,26,6,18,17,16,16,19,15,18,19,35,28,29,13,17,23,19,23,18,18,19,20,21,42,13,18,19,21,21,22,23,19,24,24,21,24,17,21,21,25,17,22,23,20,27,28,15,21,24,19,19,22,22,21,23,21,20,21,21]}