{"time":[3.0069999999999997,3.1419999999999995,3.2589999999999995,3.4659999999999993,3.6099999999999994,3.6929999999999996,3.7829999999999995,3.8889999999999993,4.055999999999999,4.216999999999999,4.328999999999999,4.443999999999999,4.551999999999999,4.659999999999998,4.733999999999998,4.825999999999998,4.943999999999998,5.048999999999999,5.1469999999999985,5.250999999999999,5.322999999999999,5.416999999999999,5.491999999999999,5.599999999999999,5.717999999999999,5.7909999999999995,5.888,6.006,6.106,6.224,6.355,6.442,6.558,6.665,6.741,6.818,6.933,7.0329999999999995,7.111999999999999,7.199999999999999,7.3069999999999995,7.411,7.545,7.655,7.759,7.876,7.957000000000001,8.054,8.136000000000001,8.247000000000002,8.372000000000002,8.471000000000002,8.555000000000001,8.690000000000001,8.814000000000002,8.941000000000003,9.007000000000003,9.261000000000003,9.457000000000003,9.544000000000002,9.863000000000003,10.093000000000004,10.279000000000003,10.363000000000003,10.496000000000002,10.612000000000002,10.840000000000002,11.057000000000002,11.273000000000001,11.489,11.587000000000002,11.793000000000001,12.044,12.254000000000001,12.353000000000002,12.454000000000002,12.756000000000002,12.971000000000002],"fps":[5.730659025787966,5.730659025787966,5.730659025787966,5.730659025787966,5.730659025787966,7.469654528478058,7.469654528478058,7.469654528478058,7.469654528478058,7.469654528478058,7.469654528478058,7.469654528478058,7.469654528478058,7.469654528478058,8.645533141210375,8.645533141210375,8.645533141210375,8.645533141210375,8.645533141210375,8.645533141210375,8.645533141210375,8.645533141210375,8.645533141210375,8.645533141210375,8.645533141210375,10.406811731315043,10.406811731315043,10.406811731315043,10.406811731315043,10.406811731315043,10.406811731315043,10.406811731315043,10.406811731315043,10.406811731315043,10.406811731315043,9.737098344693282,9.737098344693282,9.737098344693282,9.737098344693282,9.737098344693282,9.737098344693282,9.737098344693282,9.737098344693282,9.737098344693282,9.737098344693282,9.45179584120983,9.45179584120983,9.45179584120983,9.45179584120983,9.45179584120983,9.45179584120983,9.45179584120983,9.45179584120983,9.45179584120983,9.45179584120983,9.389671361502348,9.389671361502348,9.389671361502348,9.389671361502348,9.389671361502348,9.389671361502348,5.208333333333333,5.208333333333333,5.208333333333333,5.208333333333333,5.208333333333333,5.208333333333333,5.208333333333333,5.932203389830509,5.932203389830509,5.932203389830509,5.932203389830509,5.932203389830509,5.932203389830509,5.555555555555555,5.555555555555555,5.555555555555555,5.555555555555555],"raf":[183,135,117,207,144,83,90,106,168,160,112,115,108,108,74,92,118,105,98,104,72,94,75,108,118,73,97,118,100,118,131,87,116,107,76,77,115,100,79,88,107,104,134,110,104,117,81,97,82,111,125,99,84,135,124,127,66,254,195,87,319,230,186,84,133,116,228,217,215,216,98,207,250,210,99,101,302,215]}