{"time":[3.1019999999999985,3.1139999999999985,3.1309999999999985,3.1529999999999982,3.186999999999998,3.211999999999998,3.251999999999998,3.3749999999999982,3.3989999999999982,3.4139999999999984,3.431999999999998,3.4589999999999983,3.492999999999998,3.518999999999998,3.605999999999998,3.631999999999998,3.648999999999998,3.6699999999999977,3.6989999999999976,3.7219999999999978,3.7639999999999976,3.7849999999999975,3.8199999999999976,3.8399999999999976,3.8719999999999977,3.9009999999999976,3.9389999999999974,3.9669999999999974,3.9949999999999974,4.027999999999998,4.047999999999997,4.072999999999998,4.104999999999998,4.134999999999998,4.173999999999998,4.196999999999997,4.235999999999997,4.2609999999999975,4.287999999999998,4.317999999999998,4.3569999999999975,4.387999999999997,4.413999999999997,4.445999999999997,4.479999999999997,4.4999999999999964,4.545999999999997,4.568999999999996,4.597999999999996,4.6329999999999965,4.661999999999996,4.695999999999996,4.714999999999996,4.753999999999996,4.779999999999996,4.812999999999996,4.839999999999996,4.867999999999996,4.898999999999996,4.948999999999995,4.964999999999995,4.995999999999995,5.034999999999995,5.060999999999995,5.083999999999994,5.106999999999994,5.149999999999994,5.179999999999994,5.202999999999994,5.236999999999994,5.258999999999994,5.294999999999994,5.3209999999999935,5.363999999999994],"fps":[20.97902097902098,20.97902097902098,20.97902097902098,20.97902097902098,20.97902097902098,20.97902097902098,20.97902097902098,20.97902097902098,20.97902097902098,25.76808721506442,25.76808721506442,25.76808721506442,25.76808721506442,25.76808721506442,25.76808721506442,25.76808721506442,25.76808721506442,25.76808721506442,25.76808721506442,25.76808721506442,25.76808721506442,25.76808721506442,25.76808721506442,25.76808721506442,25.76808721506442,25.76808721506442,25.76808721506442,25.76808721506442,25.76808721506442,25.76808721506442,25.76808721506442,25.76808721506442,25.76808721506442,25.76808721506442,25.76808721506442,25.76808721506442,25.76808721506442,25.76808721506442,25.76808721506442,25.76808721506442,25.76808721506442,25.76808721506442,25.76808721506442,32.945736434108525,32.945736434108525,32.945736434108525,32.945736434108525,32.945736434108525,32.945736434108525,32.945736434108525,32.945736434108525,32.945736434108525,32.945736434108525,32.945736434108525,32.945736434108525,32.945736434108525,32.945736434108525,32.945736434108525,32.945736434108525,32.945736434108525,32.945736434108525,32.945736434108525,32.945736434108525,32.945736434108525,32.945736434108525,32.945736434108525,32.945736434108525,32.945736434108525,32.945736434108525,32.945736434108525,32.945736434108525,32.945736434108525,32.945736434108525,32.945736434108525],"raf":[119,13,16,22,34,25,40,124,23,15,18,27,34,26,88,26,16,21,29,23,42,21,35,20,32,29,38,28,29,32,21,24,33,29,39,23,40,24,27,30,39,31,26,32,34,20,46,24,28,35,29,34,19,39,26,33,27,28,31,50,16,31,39,26,22,23,43,30,23,35,21,36,26,43]}