{"time":[10.280000000000001,10.298000000000002,10.316000000000003,10.333000000000002,10.355000000000002,10.374000000000002,10.398000000000001,10.423000000000002,10.443000000000001,10.463000000000001,10.487,10.514,10.539,10.561,10.58,10.606,10.626,10.645999999999999,10.665999999999999,10.698999999999998,10.722999999999997,10.746999999999996,10.771999999999997,10.790999999999997,10.813999999999997,10.840999999999996,10.865999999999996,10.898999999999996,10.932999999999996,10.966999999999997,10.996999999999996,11.034999999999997,11.066999999999997,11.095999999999997,11.126999999999997,11.162999999999997,11.196999999999997,11.225999999999997,11.255999999999997,11.289999999999997,11.325999999999997,11.360999999999997,11.391999999999998,11.674999999999997,11.714999999999996,11.730999999999996,11.749999999999996,11.771999999999997,11.792999999999997,11.812999999999997,11.833999999999998,11.853999999999997,11.873999999999997,11.904999999999998,11.926999999999998,11.947999999999999,11.973999999999998,12.022999999999998,12.048999999999998,12.064999999999998,12.090999999999998,12.109999999999998,12.129999999999997,12.150999999999998,12.170999999999998,12.189999999999998,12.214999999999998,12.239999999999998,12.261,12.283,12.349,12.381,12.411,12.445,12.485,12.517,12.562,12.594,12.626999999999999,12.658999999999999,12.767999999999999,12.799,12.834999999999999,12.87,12.905,12.942,12.979000000000001],"fps":[0.11095084877399312,0.11095084877399312,0.11095084877399312,0.11095084877399312,0.11095084877399312,0.11095084877399312,0.11095084877399312,0.11095084877399312,0.11095084877399312,0.11095084877399312,0.11095084877399312,0.11095084877399312,0.11095084877399312,0.11095084877399312,0.11095084877399312,0.11095084877399312,0.11095084877399312,0.11095084877399312,0.11095084877399312,0.11095084877399312,0.11095084877399312,0.11095084877399312,0.11095084877399312,0.11095084877399312,0.11095084877399312,0.11095084877399312,0.11095084877399312,0.11095084877399312,0.11095084877399312,0.11095084877399312,0.11095084877399312,0.11095084877399312,0.11095084877399312,0.11095084877399312,0.11095084877399312,0.11095084877399312,0.11095084877399312,0.11095084877399312,0.11095084877399312,38.613861386138616,38.613861386138616,38.613861386138616,38.613861386138616,38.613861386138616,38.613861386138616,38.613861386138616,38.613861386138616,38.613861386138616,38.613861386138616,38.613861386138616,38.613861386138616,38.613861386138616,38.613861386138616,38.613861386138616,38.613861386138616,38.613861386138616,38.613861386138616,38.613861386138616,38.613861386138616,38.613861386138616,38.613861386138616,38.613861386138616,38.613861386138616,38.613861386138616,38.613861386138616,38.613861386138616,38.613861386138616,38.613861386138616,38.613861386138616,38.613861386138616,29.27289896128423,29.27289896128423,29.27289896128423,29.27289896128423,29.27289896128423,29.27289896128423,29.27289896128423,29.27289896128423,29.27289896128423,29.27289896128423,29.27289896128423,29.27289896128423,29.27289896128423,29.27289896128423,29.27289896128423,29.27289896128423,29.27289896128423],"raf":[9013,18,18,17,22,21,22,25,20,20,24,27,25,22,19,26,20,20,20,33,24,24,25,19,23,27,25,33,34,34,30,38,32,29,31,36,34,29,30,34,36,35,31,283,40,16,19,22,21,20,21,20,20,31,22,22,25,49,26,16,26,19,20,21,20,19,25,25,21,22,66,33,29,34,40,32,45,32,33,32,109,31,36,35,35,37,37]}