{"time":[3.074,3.157,3.236,3.3190000000000004,3.3840000000000003,3.466,3.5460000000000003,3.64,3.709,3.794,3.873,3.946,4.026,4.1129999999999995,4.1899999999999995,4.260999999999999,4.342,4.425999999999999,4.505999999999999,4.617999999999999,4.731,4.858,4.994,5.067,5.3180000000000005,5.406000000000001,5.575,5.745,5.916,5.9830000000000005,6.166,6.312,6.385000000000001,6.470000000000001,6.5600000000000005,6.715000000000001,6.793000000000001,6.865000000000001,6.944000000000001,7.027000000000001,7.111000000000001,7.2090000000000005,7.291,7.362,7.433,7.507,9.405999999999999,9.472,9.543,9.614999999999998,9.686999999999998,9.756999999999998,9.840999999999998,9.960999999999997,10.030999999999997,10.120999999999997,10.196999999999997,10.286999999999997,10.357999999999997,10.433999999999997,10.513999999999998,10.595999999999998,10.671999999999999,10.751,10.891,11.295,11.446,11.517,11.588999999999999,11.660999999999998,11.734999999999998,11.812999999999997,11.933999999999997,12.016999999999998,12.107999999999997,12.186999999999998,12.257999999999997,12.357999999999997,12.443999999999997,12.518999999999997,12.594999999999997,12.672999999999996,12.750999999999996,12.832999999999997,12.911999999999997,12.993999999999998],"fps":[12.987012987012987,12.987012987012987,12.987012987012987,12.987012987012987,12.987012987012987,12.987012987012987,12.987012987012987,12.987012987012987,12.987012987012987,12.987012987012987,12.987012987012987,12.987012987012987,12.987012987012987,12.512030798845043,12.512030798845043,12.512030798845043,12.512030798845043,12.512030798845043,12.512030798845043,12.512030798845043,12.512030798845043,12.512030798845043,12.512030798845043,12.512030798845043,9.12863070539419,9.12863070539419,9.12863070539419,9.12863070539419,9.12863070539419,9.12863070539419,9.12863070539419,9.12863070539419,7.497656982193065,7.497656982193065,7.497656982193065,7.497656982193065,7.497656982193065,7.497656982193065,7.497656982193065,7.497656982193065,7.497656982193065,7.497656982193065,7.497656982193065,7.497656982193065,11.450381679389313,11.450381679389313,1.0136847440446022,1.0136847440446022,1.0136847440446022,1.0136847440446022,1.0136847440446022,1.0136847440446022,1.0136847440446022,1.0136847440446022,1.0136847440446022,1.0136847440446022,1.0136847440446022,1.0136847440446022,1.0136847440446022,12.645914396887159,12.645914396887159,12.645914396887159,12.645914396887159,12.645914396887159,12.645914396887159,12.645914396887159,6.91699604743083,6.91699604743083,6.91699604743083,6.91699604743083,6.91699604743083,6.91699604743083,6.91699604743083,6.91699604743083,6.91699604743083,6.91699604743083,6.91699604743083,6.91699604743083,6.91699604743083,12.115563839701771,12.115563839701771,12.115563839701771,12.115563839701771,12.115563839701771,12.115563839701771,12.115563839701771],"raf":[97,83,79,83,65,83,79,94,69,85,79,73,80,87,77,71,81,84,80,112,113,127,136,73,251,88,169,170,171,67,183,146,73,85,90,155,79,71,79,83,84,98,82,71,71,74,1899,66,71,72,72,70,84,120,70,90,76,90,71,76,80,83,75,79,140,404,151,71,72,72,74,78,121,83,91,79,71,100,86,75,76,78,78,83,78,82]}