{"time":[3.0179999999999993,3.1709999999999994,3.1919999999999993,3.2359999999999993,3.2829999999999995,3.4349999999999996,3.4579999999999997,3.4869999999999997,3.542,3.598,3.673,3.74,3.758,3.818,3.872,3.925,3.9789999999999996,4.032,4.089,4.140000000000001,4.195,4.244000000000001,4.307,4.355,4.401000000000001,4.462000000000001,4.518000000000001,4.569000000000001,4.6240000000000006,4.6770000000000005,4.727,4.784000000000001],"fps":[15.92039800995025,14.598540145985401,14.598540145985401,14.598540145985401,14.598540145985401,14.598540145985401,14.598540145985401,14.598540145985401,14.598540145985401,14.598540145985401,14.598540145985401,14.598540145985401,14.598540145985401,14.598540145985401,14.598540145985401,14.598540145985401,14.598540145985401,14.598540145985401,14.598540145985401,14.598540145985401,18.5546875,18.5546875,18.5546875,18.5546875,18.5546875,18.5546875,18.5546875,18.5546875,18.5546875,18.5546875,18.5546875,18.5546875],"raf":[48,153,21,44,47,152,23,29,55,56,75,67,18,60,54,54,53,53,57,51,55,49,64,47,46,62,55,51,55,53,50,57]}