{"time":[3.033,3.13,3.222,3.326,3.464,3.577,3.682,3.801,3.93,4.027,4.142,4.271000000000001,4.393000000000001,4.518000000000001,4.670000000000001,4.813000000000001,5.007000000000001,5.184,5.399,5.575,5.716,5.9270000000000005,6.142,6.37,6.461,6.666,6.8870000000000005,7.11,7.305000000000001,7.4030000000000005,7.706,7.906000000000001,7.993,8.193,8.421,8.616,8.703999999999999,8.915,9.011,9.306999999999999,9.498,9.581999999999999,9.905,10.139,10.351999999999999,10.442999999999998,10.669999999999998,10.782999999999998,10.982999999999997,11.108999999999996,11.210999999999997,11.316999999999997,11.447999999999997,11.576999999999996,11.682999999999996,11.810999999999996,11.945999999999996,12.074999999999996,12.284999999999997,12.489999999999997,12.603999999999997,12.762999999999998],"fps":[8.880994671403197,8.880994671403197,8.880994671403197,8.880994671403197,8.880994671403197,8.880994671403197,8.880994671403197,8.880994671403197,8.880994671403197,8.880994671403197,9.017132551848512,9.017132551848512,9.017132551848512,9.017132551848512,9.017132551848512,9.017132551848512,9.017132551848512,6.717850287907869,6.717850287907869,6.717850287907869,6.717850287907869,6.717850287907869,6.717850287907869,5.059021922428331,5.059021922428331,5.059021922428331,5.059021922428331,5.059021922428331,5.059021922428331,5.808325266214908,5.808325266214908,5.808325266214908,5.808325266214908,5.808325266214908,4.911591355599215,4.911591355599215,4.911591355599215,4.911591355599215,4.911591355599215,4.911591355599215,5.571030640668524,5.571030640668524,5.571030640668524,5.571030640668524,5.571030640668524,5.571030640668524,5.1194539249146755,5.1194539249146755,5.1194539249146755,5.1194539249146755,5.1194539249146755,5.1194539249146755,5.1194539249146755,5.1194539249146755,7.897334649555775,7.897334649555775,7.897334649555775,7.897334649555775,7.897334649555775,7.897334649555775,7.897334649555775,6.481481481481482],"raf":[141,98,91,104,138,113,105,119,129,97,115,129,123,124,152,143,194,177,215,176,141,211,215,228,91,205,221,223,195,98,303,200,88,199,228,195,88,211,96,295,191,84,323,234,213,91,227,113,200,126,102,106,131,129,106,128,135,129,210,205,114,159]}