{"time":[3.006,3.0949999999999998,3.1839999999999997,3.2729999999999997,3.356,3.431,3.503,3.58,3.661,3.7560000000000002,3.8470000000000004,3.9590000000000005,4.034000000000001,4.130000000000001,4.261000000000001,4.348000000000001,4.413000000000001,4.503000000000001,4.579000000000001,4.646000000000001,4.720000000000001,4.812,4.885000000000001,4.9670000000000005,5.062,5.157,5.268,5.379,5.449999999999999,5.571999999999999,5.699999999999999,5.7669999999999995,5.829999999999999,6.044,6.21,6.296,6.466,6.641,6.713,6.899,7.071,7.1339999999999995,7.318999999999999,7.481999999999999,7.5489999999999995,7.614999999999999,7.887999999999999,8.058,8.136,8.305,8.485999999999999,8.559,8.629999999999999,8.899,9.074,9.153,9.229000000000001,9.505,9.677000000000001,9.743000000000002,9.815000000000001,10.036000000000001,10.129000000000001,10.216000000000001,10.305000000000001,10.393,10.512,10.713000000000001,10.815000000000001,10.907000000000002,11.006000000000002,11.104000000000003,11.213000000000003,11.416000000000002,11.596000000000002,11.665000000000003,11.727000000000002,11.798000000000002,11.864000000000003,11.953000000000003,12.038000000000004,12.142000000000003,12.227000000000004,12.302000000000003],"fps":[9.813542688910697,9.813542688910697,9.813542688910697,9.813542688910697,11.396011396011396,11.396011396011396,11.396011396011396,11.396011396011396,11.396011396011396,11.396011396011396,11.396011396011396,11.396011396011396,11.396011396011396,11.396011396011396,11.396011396011396,11.396011396011396,11.352885525070956,11.352885525070956,11.352885525070956,11.352885525070956,11.352885525070956,11.352885525070956,11.352885525070956,11.352885525070956,11.352885525070956,11.352885525070956,11.352885525070956,11.352885525070956,11.571841851494696,11.571841851494696,11.571841851494696,11.571841851494696,11.571841851494696,11.571841851494696,11.571841851494696,11.571841851494696,7.874015748031496,7.874015748031496,7.874015748031496,7.874015748031496,7.874015748031496,7.874015748031496,7.874015748031496,6.889763779527559,6.889763779527559,6.889763779527559,6.889763779527559,6.889763779527559,6.889763779527559,6.889763779527559,6.972111553784861,6.972111553784861,6.972111553784861,6.972111553784861,6.972111553784861,6.972111553784861,6.972111553784861,6.869479882237488,6.869479882237488,6.869479882237488,6.869479882237488,6.869479882237488,6.869479882237488,6.869479882237488,6.869479882237488,6.869479882237488,8.937437934458789,8.937437934458789,8.937437934458789,8.937437934458789,8.937437934458789,8.937437934458789,8.937437934458789,8.937437934458789,7.380073800738008,7.380073800738008,7.380073800738008,7.380073800738008,7.380073800738008,7.380073800738008,7.380073800738008,7.380073800738008,7.380073800738008,7.380073800738008],"raf":[82,89,89,89,83,77,70,77,81,95,91,112,76,95,131,88,64,91,75,67,74,92,74,81,95,95,111,111,71,122,128,67,63,214,166,86,170,175,72,186,172,63,185,163,67,66,273,170,78,169,181,73,72,268,175,79,76,276,172,66,72,222,93,86,89,88,119,201,102,92,99,99,108,203,180,69,62,71,66,89,85,104,85,75]}