{"time":[3.0979999999999994,3.1149999999999993,3.1699999999999995,3.2329999999999997,3.3899999999999997,3.4149999999999996,3.4489999999999994,3.607999999999999,3.6319999999999992,3.6679999999999993,3.826999999999999,3.848999999999999,3.896999999999999,3.9549999999999987,4.113999999999999,4.131999999999999,4.172999999999999,4.231999999999999,4.392999999999999,4.414999999999999,4.460999999999999,4.52,4.68,4.6979999999999995,4.7459999999999996,4.808,4.87,5.032,5.048,5.094,5.156000000000001,5.218000000000001,5.378000000000001,5.398000000000001,5.444000000000001,5.4990000000000006,5.658,5.682,5.728000000000001,5.793000000000001,5.853000000000001,6.011000000000001,6.031000000000001,6.07,6.226,6.248,6.2860000000000005,6.445,6.465,6.518,6.583,6.7410000000000005,6.765000000000001,6.799,6.958,6.981,7.027,7.086,7.244000000000001,7.266000000000001,7.303000000000001,7.460000000000001,7.482000000000001,7.519000000000001,7.676000000000001,7.698000000000001,7.741000000000001,7.802000000000001,7.865000000000001,8.029000000000002,8.048000000000002,8.090000000000002,8.247000000000002,8.265000000000002,8.317000000000002,8.475000000000001,8.499,8.539,8.692,8.715,8.749,8.907,8.932,8.982000000000001,9.138000000000002,9.165000000000001,9.207,9.261000000000001,9.317,9.371,9.423,9.479,9.533999999999999,9.591999999999999,9.643999999999998,9.700999999999999,9.756999999999998,9.808999999999997,9.862999999999998,9.917999999999997,9.971999999999998,10.025999999999998,10.082999999999998,10.149,10.197999999999999,10.243999999999998,10.298999999999998,10.354999999999997,10.409999999999997,10.463999999999997,10.522999999999996,10.574999999999996,10.630999999999995,10.685999999999995,10.742999999999995,10.794999999999995,10.849999999999994,10.902999999999995,10.957999999999995,11.012999999999995,11.067999999999994,11.122999999999994,11.174999999999994],"fps":[13.820335636722605,13.820335636722605,13.820335636722605,13.820335636722605,13.820335636722605,13.820335636722605,13.820335636722605,13.820335636722605,13.820335636722605,13.820335636722605,12.855831037649219,12.855831037649219,12.855831037649219,12.855831037649219,12.855831037649219,12.855831037649219,12.855831037649219,12.855831037649219,12.855831037649219,12.855831037649219,12.855831037649219,12.855831037649219,12.855831037649219,12.855831037649219,12.855831037649219,12.855831037649219,15.340364333652925,15.340364333652925,15.340364333652925,15.340364333652925,15.340364333652925,15.340364333652925,15.340364333652925,15.340364333652925,15.340364333652925,15.340364333652925,15.340364333652925,15.340364333652925,15.340364333652925,15.340364333652925,15.340364333652925,13.146362839614373,13.146362839614373,13.146362839614373,13.146362839614373,13.146362839614373,13.146362839614373,13.146362839614373,13.146362839614373,13.146362839614373,13.146362839614373,13.146362839614373,13.146362839614373,13.146362839614373,13.146362839614373,13.146362839614373,14.763779527559056,14.763779527559056,14.763779527559056,14.763779527559056,14.763779527559056,14.763779527559056,14.763779527559056,14.763779527559056,14.763779527559056,14.763779527559056,14.763779527559056,14.763779527559056,14.763779527559056,12.974051896207586,12.974051896207586,12.974051896207586,12.974051896207586,12.974051896207586,12.974051896207586,12.974051896207586,12.974051896207586,12.974051896207586,12.974051896207586,12.974051896207586,12.974051896207586,12.974051896207586,12.974051896207586,12.974051896207586,13.525698827772768,13.525698827772768,13.525698827772768,13.525698827772768,13.525698827772768,13.525698827772768,13.525698827772768,13.525698827772768,13.525698827772768,13.525698827772768,13.525698827772768,13.525698827772768,13.525698827772768,13.525698827772768,13.525698827772768,13.525698827772768,13.525698827772768,13.525698827772768,13.525698827772768,18.793273986152325,18.793273986152325,18.793273986152325,18.793273986152325,18.793273986152325,18.793273986152325,18.793273986152325,18.793273986152325,18.793273986152325,18.793273986152325,18.793273986152325,18.793273986152325,18.793273986152325,18.793273986152325,18.793273986152325,18.793273986152325,18.793273986152325,18.793273986152325,18.793273986152325,18.51851851851852],"raf":[165,17,55,63,157,25,34,159,24,36,159,22,48,58,159,18,41,59,161,22,46,59,160,18,48,62,62,162,16,46,62,62,160,20,46,55,159,24,46,65,60,158,20,39,156,22,38,159,20,53,65,158,24,35,158,23,46,59,158,22,37,157,22,37,157,22,43,61,63,164,19,42,157,18,52,158,24,40,153,23,34,158,24,50,156,27,43,53,56,54,52,56,55,58,52,57,56,52,54,55,54,54,57,66,49,46,55,56,55,54,59,52,57,54,57,52,55,54,54,55,55,55,52]}