{"time":[3.003,3.049,3.093,3.139,3.187,3.2289999999999996,3.2849999999999997,3.3449999999999998,3.392,3.435,3.477,3.5149999999999997,3.5549999999999997,3.5949999999999998,3.638,3.682,3.729,3.773,3.8160000000000003,3.869,3.9290000000000003,3.9760000000000004,4.019,4.064,4.131,12.812,12.86,12.901,12.948,12.988],"fps":[12.298959318826869,12.298959318826869,12.298959318826869,12.298959318826869,12.298959318826869,12.298959318826869,12.298959318826869,12.298959318826869,12.298959318826869,21.235521235521237,21.235521235521237,21.235521235521237,21.235521235521237,21.235521235521237,21.235521235521237,21.235521235521237,21.235521235521237,21.235521235521237,21.235521235521237,21.235521235521237,21.235521235521237,21.235521235521237,21.235521235521237,21.235521235521237,21.235521235521237,1.7063026554335075,1.7063026554335075,1.7063026554335075,1.7063026554335075,1.7063026554335075],"raf":[41,46,44,46,48,42,56,60,47,43,42,38,41,39,43,44,47,44,43,53,60,47,43,45,67,8681,49,40,47,40]}