{"time":[3.0040000000000004,3.0800000000000005,3.1630000000000007,3.2640000000000007,3.3680000000000008,3.464000000000001,3.547000000000001,3.631000000000001,3.717000000000001,3.797000000000001,3.882000000000001,3.982000000000001,4.052000000000001,4.134000000000001,4.226000000000001,4.332000000000001,4.4350000000000005,4.5280000000000005,4.621,4.706,4.779000000000001,4.875000000000001,5.007000000000001,5.107,5.2250000000000005,5.340000000000001,5.456,5.514,5.595000000000001,5.678000000000001,5.773000000000001,5.856000000000001,5.9510000000000005,6.035,6.135,6.279999999999999,6.374999999999999,6.578999999999999,6.773999999999999,6.946999999999999,7.012,7.074999999999999,7.263999999999999,7.419,7.497999999999999,7.592,7.888,8.057,8.133000000000001,8.322000000000001,8.487,8.552,8.632,8.808,8.977,9.159,9.227,9.293000000000001,9.565000000000001,9.734000000000002,9.816000000000003,10.002000000000002,10.189000000000002,10.262000000000002,10.326000000000002,10.606000000000002,10.778000000000002,10.860000000000003,10.925000000000002,11.201000000000002,11.382000000000001,11.446000000000002,11.638000000000002,11.706000000000001,11.783000000000001,12.051000000000002,12.122000000000002,12.213000000000001,12.406,12.593,12.784,12.857000000000001],"fps":[11.988011988011989,11.988011988011989,11.988011988011989,11.988011988011989,11.988011988011989,9.950248756218905,9.950248756218905,9.950248756218905,9.950248756218905,9.950248756218905,9.950248756218905,9.950248756218905,9.950248756218905,9.950248756218905,9.950248756218905,9.950248756218905,9.950248756218905,11.267605633802816,11.267605633802816,11.267605633802816,11.267605633802816,11.267605633802816,11.267605633802816,11.267605633802816,11.267605633802816,11.267605633802816,11.267605633802816,11.267605633802816,10.318949343339588,10.318949343339588,10.318949343339588,10.318949343339588,10.318949343339588,10.318949343339588,10.318949343339588,10.318949343339588,10.318949343339588,10.318949343339588,8.481764206955047,8.481764206955047,8.481764206955047,8.481764206955047,8.481764206955047,8.481764206955047,8.481764206955047,8.481764206955047,7.1813285457809695,7.1813285457809695,7.1813285457809695,7.1813285457809695,7.1813285457809695,7.1813285457809695,7.1813285457809695,7.1813285457809695,7.3461891643709825,7.3461891643709825,7.3461891643709825,7.3461891643709825,7.3461891643709825,7.3461891643709825,7.3461891643709825,6.829268292682927,6.829268292682927,6.829268292682927,6.829268292682927,6.829268292682927,6.829268292682927,6.829268292682927,6.829268292682927,6.666666666666667,6.666666666666667,6.666666666666667,6.666666666666667,6.666666666666667,6.666666666666667,6.666666666666667,6.666666666666667,7.9129574678536105,7.9129574678536105,7.9129574678536105,7.9129574678536105,7.9129574678536105],"raf":[100,76,83,101,104,96,83,85,85,80,85,100,71,81,92,106,104,93,92,85,73,97,131,100,118,115,116,58,81,83,95,83,95,84,100,145,95,204,195,173,65,63,189,155,79,94,296,169,76,189,165,65,80,176,169,182,68,66,272,169,82,186,187,73,64,280,172,82,65,277,180,64,192,68,78,267,71,91,194,186,191,73]}