{"time":[3.2299999999999995,3.2699999999999996,3.3009999999999997,3.3329999999999997,3.4699999999999998,3.5029999999999997,3.5329999999999995,3.5639999999999996,3.6039999999999996,3.6369999999999996,3.6679999999999997,3.6939999999999995,3.7249999999999996,3.7529999999999997,3.7779999999999996,3.8049999999999997,3.8309999999999995,3.8629999999999995,3.8899999999999997,3.921,3.953,3.9859999999999998,4.018,4.048,4.084,4.124,4.159,4.191,4.223,4.306,4.337,4.367999999999999,4.398999999999999,4.433999999999999,4.465999999999999,4.499999999999999,4.533999999999999,4.571999999999999,4.603999999999999,4.647999999999999,4.6869999999999985,4.721999999999999,4.754999999999999,8.604,8.636,8.686,8.736,8.765,8.797,8.829,8.862,8.903,8.936,8.966,9.001,9.032,9.07,9.112,9.145],"fps":[13.574660633484163,13.574660633484163,13.574660633484163,13.574660633484163,13.574660633484163,15.488867376573088,15.488867376573088,15.488867376573088,15.488867376573088,15.488867376573088,15.488867376573088,15.488867376573088,15.488867376573088,15.488867376573088,15.488867376573088,15.488867376573088,15.488867376573088,15.488867376573088,15.488867376573088,15.488867376573088,15.488867376573088,15.488867376573088,15.488867376573088,15.488867376573088,15.488867376573088,15.488867376573088,15.488867376573088,15.488867376573088,15.488867376573088,15.488867376573088,15.488867376573088,15.488867376573088,15.488867376573088,15.488867376573088,15.488867376573088,15.488867376573088,30.067895247332686,30.067895247332686,30.067895247332686,30.067895247332686,30.067895247332686,30.067895247332686,30.067895247332686,1.71990171990172,1.71990171990172,1.71990171990172,1.71990171990172,1.71990171990172,1.71990171990172,1.71990171990172,1.71990171990172,1.71990171990172,1.71990171990172,1.71990171990172,1.71990171990172,1.71990171990172,1.71990171990172,1.71990171990172,1.71990171990172],"raf":[236,40,31,32,137,33,30,31,40,33,31,26,31,28,25,27,26,32,27,31,33,32,32,30,36,40,35,32,32,83,31,31,31,35,32,34,34,38,33,43,39,35,33,3849,32,50,50,29,32,32,34,40,33,31,34,31,38,42,33]}