{"time":[3.0490000000000004,3.1450000000000005,3.2380000000000004,3.3510000000000004,3.4620000000000006,3.6090000000000004,3.7570000000000006,3.8860000000000006,4.015000000000001,4.133000000000001,4.238000000000001,4.349000000000001,4.484000000000001,4.609000000000001,4.707000000000001,4.8020000000000005,4.954000000000001,5.097,5.221,5.335,5.463,5.6,5.731999999999999,5.837,5.944999999999999,6.0569999999999995,6.188999999999999,6.332999999999999,6.472999999999999,6.614999999999999,6.783999999999999,6.9289999999999985,7.090999999999998,7.1949999999999985,7.349999999999999,7.509999999999999,7.679999999999999,7.9049999999999985,8.075999999999999,8.278999999999998,8.618999999999998,8.752999999999998,8.970999999999998,9.116999999999999,9.358999999999998,9.607999999999999,9.848999999999998,10.063999999999998,10.306999999999999,10.520999999999999,10.751999999999999,10.963999999999999,11.171999999999999,11.393999999999998,11.605999999999998,11.857999999999999,12.12,12.363999999999999,12.584999999999999,12.841999999999999],"fps":[4.389815627743634,4.389815627743634,4.389815627743634,4.389815627743634,4.389815627743634,4.389815627743634,8.152173913043478,8.152173913043478,8.152173913043478,8.152173913043478,8.152173913043478,8.152173913043478,8.152173913043478,8.152173913043478,8.152173913043478,8.61244019138756,8.61244019138756,8.61244019138756,8.61244019138756,8.61244019138756,8.61244019138756,8.61244019138756,8.61244019138756,7.729468599033816,7.729468599033816,7.729468599033816,7.729468599033816,7.729468599033816,7.729468599033816,7.729468599033816,7.729468599033816,7.326007326007326,7.326007326007326,7.326007326007326,7.326007326007326,7.326007326007326,7.326007326007326,7.326007326007326,6.102877070619006,6.102877070619006,6.102877070619006,6.102877070619006,6.102877070619006,4.803073967339097,4.803073967339097,4.803073967339097,4.803073967339097,4.803073967339097,4.201680672268908,4.201680672268908,4.201680672268908,4.201680672268908,4.201680672268908,4.599816007359705,4.599816007359705,4.599816007359705,4.599816007359705,4.599816007359705,4.198152812762385,4.198152812762385],"raf":[124,96,93,113,111,147,148,129,129,118,105,111,135,125,98,95,152,143,124,114,128,137,132,105,108,112,132,144,140,142,169,145,162,105,154,160,170,225,171,203,340,134,218,146,242,249,241,215,243,214,231,212,208,222,212,252,262,244,221,257]}