{"time":[3.0119999999999982,3.044999999999998,3.0679999999999983,3.1039999999999983,3.1279999999999983,3.1569999999999983,3.1879999999999984,3.209999999999998,3.237999999999998,3.262999999999998,3.2939999999999983,3.3179999999999983,3.3499999999999983,3.375999999999998,10.013999999999998,10.031999999999998,10.047999999999998,10.237999999999998,10.253999999999998,10.274999999999999,10.296999999999999,10.304999999999998,10.332999999999998,10.354999999999999,10.384999999999998,10.405999999999999,10.467999999999998,10.497999999999998,10.505999999999997,10.523999999999997,10.542999999999997,10.569999999999997,10.604999999999997,10.625999999999998,10.658999999999997,10.682999999999996,10.711999999999996,10.732999999999997,10.757999999999997,10.781999999999996,10.814999999999996,10.854999999999995,10.881999999999994,10.911999999999994,10.922999999999993,10.940999999999994,10.972999999999994,10.991999999999994,11.020999999999994,11.036999999999994,11.069999999999993,11.098999999999993,11.126999999999994,11.147999999999994,11.177999999999994,11.213999999999993,11.235999999999994,11.273999999999994,11.294999999999995,11.321999999999994,11.352999999999994,11.380999999999995,11.412999999999995,11.447999999999995,11.468999999999996,11.505999999999997,11.527999999999997,11.561999999999998,11.583999999999998,11.616999999999997,11.644999999999998,11.670999999999998,11.707999999999998,11.747999999999998,11.770999999999997,11.794999999999996,11.822999999999997,11.849999999999996,11.876999999999995,11.900999999999994,11.932999999999995,11.958999999999994,11.994999999999994,12.015999999999995,12.055999999999994,12.075999999999993,12.109999999999994,12.131999999999994,12.166999999999994,12.190999999999994,12.214999999999993,12.249999999999993,12.273999999999992,12.298999999999992,12.341999999999992,12.36599999999999,12.387999999999991,12.41199999999999,12.44099999999999,12.46699999999999,12.49999999999999,12.53099999999999,12.55599999999999,12.58299999999999,12.61699999999999,12.64499999999999,12.672999999999991,12.69999999999999,12.730999999999991,12.76099999999999,12.78099999999999,12.81799999999999,12.84499999999999,12.87499999999999,12.898999999999988,12.933999999999989,12.966999999999988],"fps":[32.770605759682226,32.770605759682226,32.770605759682226,32.770605759682226,32.770605759682226,32.770605759682226,32.770605759682226,32.770605759682226,32.770605759682226,32.770605759682226,32.770605759682226,32.770605759682226,32.770605759682226,32.770605759682226,4.604657281936587,4.604657281936587,4.604657281936587,4.604657281936587,4.604657281936587,4.604657281936587,4.604657281936587,4.604657281936587,4.604657281936587,4.604657281936587,4.604657281936587,4.604657281936587,4.604657281936587,4.604657281936587,4.604657281936587,4.604657281936587,4.604657281936587,4.604657281936587,4.604657281936587,4.604657281936587,4.604657281936587,4.604657281936587,4.604657281936587,4.604657281936587,4.604657281936587,4.604657281936587,4.604657281936587,4.604657281936587,4.604657281936587,4.604657281936587,4.604657281936587,4.604657281936587,4.604657281936587,4.604657281936587,33.76365441906653,33.76365441906653,33.76365441906653,33.76365441906653,33.76365441906653,33.76365441906653,33.76365441906653,33.76365441906653,33.76365441906653,33.76365441906653,33.76365441906653,33.76365441906653,33.76365441906653,33.76365441906653,33.76365441906653,33.76365441906653,33.76365441906653,33.76365441906653,33.76365441906653,33.76365441906653,33.76365441906653,33.76365441906653,33.76365441906653,33.76365441906653,33.76365441906653,33.76365441906653,33.76365441906653,33.76365441906653,33.76365441906653,33.76365441906653,33.76365441906653,33.76365441906653,33.76365441906653,33.76365441906653,33.76365441906653,33.76365441906653,34.78260869565217,34.78260869565217,34.78260869565217,34.78260869565217,34.78260869565217,34.78260869565217,34.78260869565217,34.78260869565217,34.78260869565217,34.78260869565217,34.78260869565217,34.78260869565217,34.78260869565217,34.78260869565217,34.78260869565217,34.78260869565217,34.78260869565217,34.78260869565217,34.78260869565217,34.78260869565217,34.78260869565217,34.78260869565217,34.78260869565217,34.78260869565217,34.78260869565217,34.78260869565217,34.78260869565217,34.78260869565217,34.78260869565217,34.78260869565217,34.78260869565217,34.78260869565217,34.78260869565217],"raf":[23,33,23,37,23,29,31,22,28,25,31,24,32,26,6638,18,17,189,16,21,22,8,28,22,30,21,62,30,8,18,20,26,35,21,33,24,29,21,25,25,32,40,27,30,11,18,32,19,29,17,32,29,29,20,30,36,22,38,21,27,31,28,32,35,21,37,22,34,22,33,28,26,37,41,22,24,28,28,27,23,32,26,36,21,40,20,35,21,35,24,24,36,23,25,43,24,22,24,30,25,33,31,25,28,33,28,28,27,31,31,19,38,26,31,23,35,33]}