{"time":[3.133,3.218,3.299,3.5869999999999997,3.7489999999999997,3.8109999999999995,3.9879999999999995,4.077,4.136,4.4030000000000005,4.564,4.648,4.840999999999999,5.044,5.223999999999999,5.321999999999999,5.522999999999999,5.712999999999999,5.7749999999999995,5.834,5.989,6.16,6.236,6.439,6.617,6.698,6.813000000000001,7.085000000000001,7.271000000000001,7.359000000000001,7.446000000000001,7.7170000000000005,7.848000000000001,7.9270000000000005,8,8.07,8.153,8.224,8.304,8.376,8.477,8.577,8.639,8.7,8.786,8.862,8.963000000000001,9.080000000000002,9.210000000000003,9.293000000000003,9.389000000000003,9.463000000000003,9.566000000000003,9.692000000000002,9.799000000000001,9.877,9.994000000000002,10.144000000000002,10.333000000000002,10.395000000000001,10.486,10.615,10.904,11.089,11.165000000000001,11.336,11.411,11.497,11.785,11.86,11.958,12.15,12.247,12.345,12.541,12.637,12.836,12.929],"fps":[6.317689530685921,6.317689530685921,6.317689530685921,6.317689530685921,6.5055762081784385,6.5055762081784385,6.5055762081784385,6.5055762081784385,6.5055762081784385,6.5055762081784385,6.5055762081784385,6.5055762081784385,7.326007326007326,7.326007326007326,7.326007326007326,7.326007326007326,7.326007326007326,7.326007326007326,7.326007326007326,7.326007326007326,6.968641114982578,6.968641114982578,6.968641114982578,6.968641114982578,6.968641114982578,6.968641114982578,6.968641114982578,6.386861313868613,6.386861313868613,6.386861313868613,6.386861313868613,6.386861313868613,6.386861313868613,6.386861313868613,6.386861313868613,6.386861313868613,8.426966292134832,8.426966292134832,8.426966292134832,8.426966292134832,8.426966292134832,8.426966292134832,8.426966292134832,8.426966292134832,8.426966292134832,8.426966292134832,8.426966292134832,8.426966292134832,11.352885525070956,11.352885525070956,11.352885525070956,11.352885525070956,11.352885525070956,11.352885525070956,11.352885525070956,11.352885525070956,11.352885525070956,11.352885525070956,8.904719501335707,8.904719501335707,8.904719501335707,8.904719501335707,8.904719501335707,8.904719501335707,8.904719501335707,6.979062811565304,6.979062811565304,6.979062811565304,6.979062811565304,6.979062811565304,6.979062811565304,6.979062811565304,6.979062811565304,7.928642220019822,7.928642220019822,7.928642220019822,7.928642220019822,7.928642220019822],"raf":[185,85,82,287,162,62,177,89,59,267,161,85,192,203,180,98,202,189,62,59,155,171,76,203,178,81,115,272,186,89,86,270,131,79,73,70,83,71,80,72,101,100,62,61,86,76,101,117,130,83,96,74,103,126,108,77,117,150,189,62,91,130,288,185,76,171,75,86,288,75,98,193,96,98,196,97,198,93]}