{"time":[3.032,3.191,3.2409999999999997,3.2859999999999996,3.3319999999999994,3.3789999999999996,3.5269999999999997,3.5749999999999997,3.7339999999999995,3.8829999999999996,3.9269999999999996,3.9809999999999994,4.039999999999999,4.095999999999999,4.259999999999999,4.419999999999999,4.578999999999999,4.626999999999999,4.676999999999999,4.735999999999999,4.8969999999999985,4.940999999999998,5.096999999999998,5.245999999999998,5.299999999999998,5.354999999999998,5.418999999999998,5.477999999999998,5.634999999999998,5.793999999999998,5.835999999999998,5.882999999999997,5.931999999999998,5.974999999999998,6.1359999999999975,6.296999999999997,6.340999999999997,6.397999999999997,6.462999999999997,6.5269999999999975,6.681999999999998,6.7399999999999975,6.8009999999999975,6.8649999999999975,7.0269999999999975,7.0749999999999975,7.222999999999997,7.343999999999998,7.400999999999998,7.482999999999998,7.541999999999998,7.598999999999998,7.665999999999999,7.724999999999999,7.784999999999998,7.849999999999999,7.907999999999999,8.005999999999998,8.076999999999998,8.137999999999998,8.200999999999999,8.267999999999999,8.329999999999998,8.391999999999998,8.494999999999997,8.607999999999997,8.756999999999996,8.806999999999997,8.852999999999996,8.904999999999996,8.971999999999996,9.034999999999997,9.095999999999997,9.182999999999996],"fps":[8.832188420019627,8.832188420019627,8.832188420019627,8.832188420019627,8.832188420019627,8.832188420019627,11.786038077969176,11.786038077969176,11.786038077969176,11.786038077969176,11.786038077969176,11.786038077969176,11.786038077969176,11.786038077969176,11.786038077969176,11.786038077969176,9.505703422053232,9.505703422053232,9.505703422053232,9.505703422053232,9.505703422053232,9.505703422053232,9.505703422053232,9.505703422053232,9.505703422053232,9.505703422053232,9.505703422053232,9.505703422053232,11.352885525070956,11.352885525070956,11.352885525070956,11.352885525070956,11.352885525070956,11.352885525070956,11.352885525070956,11.352885525070956,11.352885525070956,11.352885525070956,11.352885525070956,11.352885525070956,11.47227533460803,11.47227533460803,11.47227533460803,11.47227533460803,11.47227533460803,11.47227533460803,11.47227533460803,11.47227533460803,11.47227533460803,11.47227533460803,11.47227533460803,11.47227533460803,11.47227533460803,12.464046021093,12.464046021093,12.464046021093,12.464046021093,12.464046021093,12.464046021093,12.464046021093,12.464046021093,12.464046021093,12.464046021093,12.464046021093,12.464046021093,12.464046021093,12.5968992248062,12.5968992248062,12.5968992248062,12.5968992248062,12.5968992248062,12.5968992248062,12.5968992248062,12.5968992248062],"raf":[64,158,50,45,46,47,148,48,159,149,44,54,59,56,164,160,159,48,50,59,161,44,156,149,54,55,64,59,158,158,42,47,49,43,161,161,45,56,65,64,155,58,61,64,162,48,148,121,57,82,59,57,68,58,60,65,58,98,71,61,63,67,62,62,103,113,149,50,46,52,67,63,61,87]}