{"time":[3.0200000000000005,3.0960000000000005,3.1920000000000006,8.722000000000001,9.185,9.297,9.389000000000001,9.472000000000001,9.570000000000002,9.685000000000002,9.798000000000002,9.891000000000002,10.003000000000002,10.098000000000003,10.196000000000003,10.295000000000003,10.376000000000003,10.455000000000004,10.544000000000004,10.636000000000005,10.750000000000005,10.866000000000005,10.963000000000005,11.354000000000005,11.524000000000004,11.610000000000005,11.693000000000005,11.783000000000005,11.874000000000004,12.021000000000004,12.176000000000004,12.276000000000003,12.361000000000004,12.445000000000004,12.586000000000004,12.703000000000005,12.816000000000004,12.903000000000004],"fps":[8.538899430740038,8.538899430740038,8.538899430740038,0.9705596894208994,0.9705596894208994,0.9705596894208994,0.9705596894208994,0.9705596894208994,0.9705596894208994,0.9705596894208994,6.511627906976744,6.511627906976744,6.511627906976744,6.511627906976744,6.511627906976744,6.511627906976744,6.511627906976744,6.511627906976744,6.511627906976744,6.511627906976744,6.511627906976744,10.299625468164795,10.299625468164795,10.299625468164795,10.299625468164795,10.299625468164795,10.299625468164795,10.299625468164795,6.944444444444445,6.944444444444445,6.944444444444445,6.944444444444445,6.944444444444445,6.944444444444445,6.944444444444445,6.944444444444445,6.944444444444445,8.746355685131196],"raf":[131,76,96,5530,462,112,92,83,98,115,113,93,112,95,98,99,81,79,89,92,114,116,97,391,170,86,83,90,91,147,155,100,85,84,141,117,114,86]}