{"time":[3.0519999999999983,3.1029999999999984,3.1589999999999985,3.2109999999999985,3.2779999999999987,3.3299999999999987,3.3829999999999987,3.4369999999999985,3.4959999999999987,3.550999999999999,3.6039999999999988,3.9349999999999987,4.099999999999999,4.149999999999999,4.197999999999999,4.250999999999999,4.306999999999999,4.363999999999999,4.419999999999999,4.513999999999999,4.568999999999999,4.635999999999999,4.699999999999999,4.752999999999999,4.8629999999999995,4.944999999999999,5.004,5.185,5.2459999999999996,5.345,5.402,5.462,5.518,5.5729999999999995,5.645,5.7059999999999995,5.771999999999999,5.8389999999999995,5.922999999999999,6.002999999999999,6.085999999999999,6.151999999999999,6.209,6.268999999999999,6.326,6.383,6.437,6.496,6.558000000000001,6.614000000000001,6.674,6.74,6.8020000000000005,6.861000000000001,6.921,6.982,7.039000000000001,7.096000000000001,7.152000000000001,7.223000000000001,7.2780000000000005,7.338,7.398,7.457999999999999,7.534999999999999,7.590999999999999,7.648,7.704,7.766,7.824,7.883,7.943,8.001999999999999,8.066999999999998,8.123999999999999,8.187999999999999,8.248999999999999,8.325,8.386,8.446,8.512,8.586,8.645,8.706,8.79,8.851999999999999,8.909999999999998,8.991999999999999,9.068,9.128,9.207,9.269,9.327,9.405,9.485,9.551,9.633000000000001,9.699000000000002,9.757000000000001,9.838000000000001,9.901000000000002,9.961000000000002,10.035000000000002,10.108000000000002,10.220000000000002,10.278000000000002,10.339000000000002,10.500000000000002,10.629000000000001,10.694,10.843,11.006,11.181000000000001,11.352,11.413,11.471,11.552,11.615,11.673,11.779,11.838,11.901,11.962,12.025,12.088000000000001,12.153,12.47,12.536000000000001,12.596000000000002,12.672000000000002,12.751000000000003,12.882000000000003,12.942000000000004],"fps":[17.786561264822133,17.786561264822133,17.441860465116278,17.441860465116278,17.441860465116278,17.441860465116278,17.441860465116278,17.441860465116278,17.441860465116278,17.441860465116278,17.441860465116278,17.441860465116278,17.441860465116278,17.441860465116278,11.538461538461538,11.538461538461538,11.538461538461538,11.538461538461538,11.538461538461538,11.538461538461538,11.538461538461538,11.538461538461538,11.538461538461538,11.538461538461538,11.538461538461538,11.538461538461538,11.538461538461538,11.538461538461538,13.371537726838586,13.371537726838586,13.371537726838586,13.371537726838586,13.371537726838586,13.371537726838586,13.371537726838586,13.371537726838586,13.371537726838586,13.371537726838586,13.371537726838586,13.371537726838586,13.371537726838586,13.371537726838586,13.371537726838586,14.662756598240469,14.662756598240469,14.662756598240469,14.662756598240469,14.662756598240469,14.662756598240469,14.662756598240469,14.662756598240469,14.662756598240469,14.662756598240469,14.662756598240469,14.662756598240469,14.662756598240469,14.662756598240469,14.662756598240469,14.662756598240469,14.662756598240469,16.848364717542122,16.848364717542122,16.848364717542122,16.848364717542122,16.848364717542122,16.848364717542122,16.848364717542122,16.848364717542122,16.848364717542122,16.848364717542122,16.848364717542122,16.848364717542122,16.848364717542122,16.848364717542122,16.848364717542122,16.848364717542122,16.848364717542122,16.236867239732568,16.236867239732568,16.236867239732568,16.236867239732568,16.236867239732568,16.236867239732568,16.236867239732568,16.236867239732568,16.236867239732568,16.236867239732568,16.236867239732568,16.236867239732568,16.236867239732568,16.236867239732568,16.236867239732568,14.970059880239521,14.970059880239521,14.970059880239521,14.970059880239521,14.970059880239521,14.970059880239521,14.970059880239521,14.970059880239521,14.970059880239521,14.970059880239521,14.970059880239521,14.970059880239521,14.970059880239521,14.970059880239521,13.83399209486166,13.83399209486166,13.83399209486166,13.83399209486166,13.83399209486166,13.83399209486166,13.83399209486166,6.910167818361303,6.910167818361303,6.910167818361303,6.910167818361303,6.910167818361303,6.910167818361303,6.910167818361303,6.910167818361303,6.910167818361303,6.910167818361303,6.910167818361303,6.910167818361303,6.910167818361303,11.627906976744185,11.627906976744185,11.627906976744185,11.627906976744185,11.627906976744185,11.627906976744185,11.627906976744185],"raf":[54,51,56,52,67,52,54,53,59,55,53,331,165,50,49,52,56,57,56,94,55,67,64,54,109,82,59,181,61,99,57,60,56,55,72,61,66,68,83,80,83,66,57,60,57,57,54,59,62,56,60,66,62,59,61,60,57,58,55,71,55,60,60,60,77,56,57,56,62,58,59,61,58,65,57,64,61,76,61,60,66,74,59,61,84,62,58,82,76,60,79,62,58,78,80,67,81,66,58,81,63,60,74,73,112,58,61,161,129,65,149,163,175,171,61,58,81,63,58,106,59,63,61,63,63,65,317,66,60,76,79,131,60]}