{"time":[3.007,3.069,3.157,3.232,3.298,3.363,3.431,3.503,3.572,3.637,3.709,3.778,3.857,3.9280000000000004,3.9960000000000004,4.064,4.1290000000000004,4.1930000000000005,4.263000000000001,4.333000000000001,4.405000000000001,4.479000000000001,4.572000000000001,4.647000000000001,4.714000000000001,4.786000000000001,4.865000000000001,4.9300000000000015,5.000000000000002,5.070000000000002,5.141000000000002,5.210000000000002,5.285000000000002,5.3610000000000015,5.4380000000000015,5.512000000000001,5.596000000000001,5.674000000000001,5.755000000000002,5.834000000000001,5.895000000000001,5.9460000000000015,5.980000000000001,6.019000000000001,6.060000000000001,6.107000000000001,6.154000000000001,6.202000000000001,6.266000000000001,6.329000000000001,6.3790000000000004,6.442,6.479,6.519,6.556,6.596,6.655,6.712000000000001,6.763000000000001,6.816000000000001,6.867000000000001,6.918000000000001,6.962000000000001,7.005000000000001,7.065,7.1450000000000005,7.228000000000001,7.306000000000001,7.385000000000001,7.487000000000001,7.579000000000001,7.672000000000001,7.7540000000000004,7.8340000000000005,7.9990000000000006,8.147,8.221,8.367,8.411000000000001,8.457,8.540000000000001,8.595,8.655000000000001,8.703000000000001,8.860000000000001,9.011000000000001,9.059000000000001,9.113000000000001,9.271,9.312000000000001,9.362000000000002,9.518000000000002,9.562000000000003,9.616000000000003,9.790000000000003,9.938000000000002,9.984000000000002,10.037000000000003,10.081000000000003,10.232000000000003,10.393000000000002,10.439000000000002,10.490000000000002,10.544000000000002,10.603000000000002,10.760000000000002,10.905000000000001,10.946000000000002,10.992,11.040000000000001,11.194,11.334000000000001,11.379000000000001,11.540000000000001,11.683000000000002,11.733000000000002,11.785000000000002,11.897000000000002,11.961000000000002,12.021000000000003,12.086000000000002,12.140000000000002,12.192000000000002,12.252000000000002,12.308000000000002,12.373000000000001,12.428,12.494000000000002,12.554000000000002,12.631000000000002,12.713000000000003,12.916000000000002,12.986000000000002],"fps":[10.869565217391305,15.267175572519085,15.267175572519085,15.267175572519085,15.267175572519085,15.267175572519085,15.267175572519085,15.267175572519085,15.267175572519085,15.267175572519085,15.267175572519085,15.267175572519085,15.267175572519085,15.267175572519085,15.267175572519085,15.267175572519085,14.150943396226415,14.150943396226415,14.150943396226415,14.150943396226415,14.150943396226415,14.150943396226415,14.150943396226415,14.150943396226415,14.150943396226415,14.150943396226415,14.150943396226415,14.150943396226415,14.150943396226415,14.150943396226415,13.83399209486166,13.83399209486166,13.83399209486166,13.83399209486166,13.83399209486166,13.83399209486166,13.83399209486166,13.83399209486166,13.83399209486166,13.83399209486166,13.83399209486166,13.83399209486166,13.83399209486166,13.83399209486166,13.83399209486166,13.83399209486166,15.79466929911155,15.79466929911155,15.79466929911155,15.79466929911155,15.79466929911155,15.79466929911155,15.79466929911155,15.79466929911155,15.79466929911155,15.79466929911155,15.79466929911155,15.79466929911155,15.79466929911155,15.79466929911155,15.79466929911155,15.79466929911155,15.79466929911155,15.79466929911155,15.79466929911155,15.79466929911155,18.6219739292365,18.6219739292365,18.6219739292365,18.6219739292365,18.6219739292365,18.6219739292365,18.6219739292365,18.6219739292365,18.6219739292365,18.6219739292365,18.6219739292365,9.657594381035997,9.657594381035997,9.657594381035997,9.657594381035997,9.657594381035997,9.657594381035997,9.657594381035997,9.657594381035997,9.657594381035997,9.657594381035997,9.657594381035997,9.657594381035997,9.657594381035997,9.657594381035997,12.163336229365768,12.163336229365768,12.163336229365768,12.163336229365768,12.163336229365768,12.163336229365768,12.163336229365768,12.163336229365768,12.163336229365768,12.163336229365768,12.163336229365768,12.163336229365768,11.695906432748538,11.695906432748538,11.695906432748538,11.695906432748538,11.695906432748538,11.695906432748538,11.695906432748538,11.695906432748538,11.695906432748538,11.695906432748538,11.695906432748538,9.657594381035997,9.657594381035997,9.657594381035997,9.657594381035997,9.657594381035997,9.657594381035997,9.657594381035997,9.657594381035997,9.657594381035997,9.657594381035997,9.657594381035997,9.657594381035997,9.657594381035997,9.657594381035997,9.657594381035997,9.657594381035997,15.533980582524272,15.533980582524272,15.533980582524272],"raf":[68,62,88,75,66,65,68,72,69,65,72,69,79,71,68,68,65,64,70,70,72,74,93,76,66,72,79,65,70,70,71,69,75,76,77,74,84,78,81,79,61,51,34,39,41,47,47,48,64,63,50,63,37,40,37,40,59,57,51,53,51,51,44,43,60,80,83,79,78,102,92,93,82,80,165,148,74,146,44,46,83,55,60,48,157,151,49,53,158,41,51,155,44,54,174,148,46,53,44,151,161,46,52,53,59,157,145,41,46,48,154,140,45,161,143,50,52,112,64,60,65,55,51,61,55,65,56,65,60,77,82,203,70]}