{"time":[3.1520000000000006,3.2180000000000004,3.2970000000000006,3.4840000000000004,3.5600000000000005,3.6370000000000005,3.6920000000000006,3.7470000000000008,3.8320000000000007,3.9220000000000006,3.9920000000000004,4.056,4.143,4.237,4.368,4.44,4.513000000000001,4.585000000000001,4.679000000000001,10.027000000000001,10.072000000000001,10.131,10.186,10.251,10.328999999999999,10.395999999999999,10.469,10.519,10.57,10.649000000000001,10.723,10.801,10.886000000000001,10.968000000000002,11.042000000000002,11.118000000000002,11.183000000000002,11.250000000000002,11.321000000000002,11.404000000000002,11.996000000000002,12.168000000000003,12.223000000000003,12.280000000000003,12.351000000000003,12.421000000000003,12.489000000000003,12.553000000000003,12.671000000000003,12.788000000000004,12.861000000000004,12.927000000000005],"fps":[4.987531172069826,4.987531172069826,4.987531172069826,4.987531172069826,4.987531172069826,4.987531172069826,4.987531172069826,4.987531172069826,4.987531172069826,4.987531172069826,4.987531172069826,4.987531172069826,4.987531172069826,11.970534069981584,11.970534069981584,11.970534069981584,11.970534069981584,11.970534069981584,11.970534069981584,1.0364484366902746,1.0364484366902746,1.0364484366902746,1.0364484366902746,1.0364484366902746,1.0364484366902746,1.0364484366902746,1.0364484366902746,1.0364484366902746,1.0364484366902746,1.0364484366902746,1.0364484366902746,1.0364484366902746,1.0364484366902746,1.0364484366902746,14.77832512315271,14.77832512315271,14.77832512315271,14.77832512315271,14.77832512315271,14.77832512315271,14.77832512315271,6.216696269982238,6.216696269982238,6.216696269982238,6.216696269982238,6.216696269982238,6.216696269982238,6.216696269982238,6.216696269982238,6.216696269982238,6.216696269982238,6.216696269982238],"raf":[209,66,79,187,76,77,55,55,85,90,70,64,87,95,130,72,73,72,94,5348,45,59,56,64,78,67,73,50,51,79,74,78,85,82,74,77,64,67,71,83,592,172,55,57,71,71,67,64,118,117,73,66]}