{"time":[6.923,6.951,6.986,7.0489999999999995,7.111,7.167,7.228,7.287,7.345,7.403,7.465999999999999,7.523,7.579,7.637,7.6979999999999995,7.757,7.819999999999999,7.887999999999999,7.935999999999999,7.994999999999999,8.053999999999998,8.112999999999998,8.172999999999998,8.233999999999998,8.449999999999998,8.483999999999998,8.513999999999998,8.576999999999998,8.637999999999998,8.696999999999997,8.757999999999997,8.818999999999997,8.905999999999997,8.950999999999997,8.995999999999997,9.057999999999996,9.117999999999997,9.222999999999997,9.250999999999998,9.302999999999997,9.362999999999998,9.421999999999997,9.481999999999998,9.542999999999997,9.605999999999998,9.705999999999998,9.733999999999998,9.788999999999998,9.847999999999997,9.907999999999998,9.967999999999998,10.047999999999998,10.100999999999999,10.149999999999999,10.211999999999998,10.271999999999998,10.333999999999998,10.393999999999998,10.453999999999999,10.514999999999999,10.575,10.633999999999999,10.694999999999999,10.753999999999998,10.816999999999998,10.874999999999998,10.931999999999999,10.992999999999999,11.052999999999999,11.113999999999999,11.172999999999998,11.232999999999999,11.291999999999998,11.353999999999997,11.412999999999997,11.472999999999997,11.531999999999996,11.591999999999997,11.652999999999997,11.711999999999996,11.769999999999996,11.828999999999995,11.888999999999996,11.949999999999996,12.008999999999995,12.068999999999996,12.128999999999996,12.189999999999996,12.249999999999996,12.308999999999996,12.367999999999995,12.426999999999994,12.487999999999994,12.547999999999995,12.607999999999995,12.668999999999995,12.732999999999995,12.790999999999995,12.851999999999995,12.909999999999995,12.968999999999994],"fps":[1.95726635132931,1.95726635132931,1.95726635132931,1.95726635132931,1.95726635132931,1.95726635132931,1.95726635132931,1.95726635132931,1.95726635132931,1.95726635132931,1.95726635132931,1.95726635132931,1.95726635132931,1.95726635132931,1.95726635132931,1.95726635132931,1.95726635132931,1.95726635132931,17.769002961500494,17.769002961500494,17.769002961500494,17.769002961500494,17.769002961500494,17.769002961500494,17.769002961500494,17.769002961500494,17.769002961500494,17.769002961500494,17.769002961500494,17.769002961500494,17.769002961500494,17.769002961500494,17.769002961500494,14.77832512315271,14.77832512315271,14.77832512315271,14.77832512315271,14.77832512315271,14.77832512315271,14.77832512315271,14.77832512315271,14.77832512315271,14.77832512315271,14.77832512315271,14.77832512315271,14.77832512315271,14.77832512315271,14.77832512315271,14.77832512315271,14.77832512315271,16.69941060903733,16.69941060903733,16.69941060903733,16.69941060903733,16.69941060903733,16.69941060903733,16.69941060903733,16.69941060903733,16.69941060903733,16.69941060903733,16.69941060903733,16.69941060903733,16.69941060903733,16.69941060903733,16.69941060903733,16.69941060903733,16.69941060903733,16.6015625,16.6015625,16.6015625,16.6015625,16.6015625,16.6015625,16.6015625,16.6015625,16.6015625,16.6015625,16.6015625,16.6015625,16.6015625,16.6015625,16.6015625,16.6015625,16.6015625,16.73228346456693,16.73228346456693,16.73228346456693,16.73228346456693,16.73228346456693,16.73228346456693,16.73228346456693,16.73228346456693,16.73228346456693,16.73228346456693,16.73228346456693,16.73228346456693,16.73228346456693,16.73228346456693,16.73228346456693,16.73228346456693,16.73228346456693],"raf":[5284,28,35,63,62,56,61,59,58,58,63,57,56,58,61,59,63,68,48,59,59,59,60,61,216,35,29,63,61,58,61,61,87,45,45,62,61,104,28,52,60,59,60,61,63,100,28,55,59,60,60,79,53,49,62,60,62,60,60,61,60,59,61,59,63,58,57,61,60,61,60,59,59,62,59,60,59,60,61,59,59,58,60,61,59,60,60,61,60,59,59,59,62,59,60,61,64,58,61,58,59]}