{"time":[3.013999999999999,3.0399999999999987,3.0539999999999985,3.0759999999999983,3.0909999999999984,3.1079999999999983,3.1399999999999983,3.1639999999999984,3.181999999999998,3.206999999999998,3.232999999999998,3.259999999999998,3.283999999999998,3.299999999999998,3.320999999999998,3.336999999999998,3.360999999999998,3.382999999999998,3.402999999999998,3.426999999999998,3.449999999999998,3.473999999999998,3.489999999999998,3.508999999999998,3.538999999999998,3.558999999999998,3.583999999999998,3.610999999999998,3.684999999999998,3.6979999999999977,3.7219999999999978,3.740999999999998,3.759999999999998,3.784999999999998,3.8069999999999977,3.8309999999999977,3.8519999999999976,3.8709999999999978,3.8929999999999976,3.9199999999999977,3.9379999999999975,3.9639999999999973,4.009999999999997,4.023999999999997,4.043999999999997,4.106999999999997,4.1249999999999964,4.142999999999996,4.197999999999996,4.211999999999996,4.233999999999996,4.252999999999997,4.272999999999996,4.294999999999996],"fps":[24.50980392156863,24.50980392156863,24.50980392156863,24.50980392156863,24.50980392156863,24.50980392156863,24.50980392156863,24.50980392156863,24.50980392156863,24.50980392156863,24.50980392156863,24.50980392156863,24.50980392156863,24.50980392156863,24.50980392156863,24.50980392156863,24.50980392156863,24.50980392156863,24.50980392156863,24.50980392156863,24.50980392156863,24.50980392156863,24.50980392156863,24.50980392156863,24.50980392156863,24.50980392156863,24.50980392156863,24.50980392156863,24.50980392156863,24.50980392156863,24.50980392156863,24.50980392156863,24.50980392156863,24.50980392156863,24.50980392156863,24.50980392156863,24.50980392156863,24.50980392156863,24.50980392156863,24.50980392156863,24.50980392156863,43.60753221010902,43.60753221010902,43.60753221010902,43.60753221010902,43.60753221010902,43.60753221010902,43.60753221010902,43.60753221010902,43.60753221010902,43.60753221010902,43.60753221010902,43.60753221010902,43.60753221010902],"raf":[14,26,14,22,15,17,32,25,17,26,25,27,24,16,21,16,24,22,20,24,23,24,16,19,30,20,25,27,75,12,24,19,19,25,22,24,21,19,22,27,19,25,46,14,20,63,18,18,55,14,22,19,20,22]}