{"time":[3.0419999999999994,3.0609999999999995,3.1209999999999996,3.1849999999999996,3.2479999999999998,3.404,3.428,3.473,3.5309999999999997,3.691,3.711,3.75,3.907,3.928,3.96,4.012,4.164,4.194,4.221,4.28,4.430000000000001,4.461,4.492,4.547,4.704,4.728,4.766,4.919,4.944999999999999,4.9799999999999995,5.14,5.159999999999999,5.196999999999999,5.353999999999999,5.377999999999999,5.412999999999999,5.568999999999999,5.593999999999999,5.622999999999999,5.677999999999999,5.727999999999999,5.8889999999999985,5.910999999999999,5.943999999999999,5.997999999999999,6.156999999999999,6.176999999999999,6.211999999999999,6.261999999999999,6.418999999999999,6.443999999999999,6.482999999999999,6.642999999999999,6.659999999999999,6.698999999999999,6.854999999999999,6.877999999999998,6.916999999999998,7.075999999999998,7.092999999999998,7.133999999999999,7.292999999999998,7.310999999999998,7.350999999999998,7.508999999999999,7.526999999999998,7.567999999999999,7.724999999999999,7.743999999999999,7.7879999999999985,7.849999999999999,7.911999999999999,8.062,8.077,8.118,8.171000000000001,8.223,8.279,8.43,8.443999999999999,8.483999999999998,8.538999999999998,8.593999999999998,8.746999999999998,8.759999999999998,8.802999999999997,8.856999999999998,8.910999999999998,9.063999999999998,9.093999999999998,9.125999999999998,9.182999999999998,9.338999999999999,9.36,9.398,9.551,9.577,9.603,9.653,9.809000000000001,9.843000000000002,9.872000000000002,9.921000000000001,9.97,10.119,10.144,10.172,10.222000000000001,10.271,10.325000000000001,10.376000000000001,10.424000000000001,10.473,10.521,10.563,10.631,10.677,10.711,10.764000000000001,10.809000000000001,10.861,10.912,10.96,11.007000000000001,11.056000000000001,11.106000000000002,11.154000000000002,11.202000000000002,11.251000000000001,11.299000000000001,11.344000000000001,11.398000000000001,11.445000000000002,11.494000000000002,11.544000000000002,11.593000000000002,11.641000000000002,11.691000000000003],"fps":[15.841584158415841,15.841584158415841,15.841584158415841,15.841584158415841,15.841584158415841,15.841584158415841,15.841584158415841,15.841584158415841,15.841584158415841,15.841584158415841,15.841584158415841,15.841584158415841,12.658227848101266,12.658227848101266,12.658227848101266,12.658227848101266,12.658227848101266,12.658227848101266,12.658227848101266,12.658227848101266,12.658227848101266,12.658227848101266,12.658227848101266,12.658227848101266,12.658227848101266,12.658227848101266,12.658227848101266,14.82213438735178,14.82213438735178,14.82213438735178,14.82213438735178,14.82213438735178,14.82213438735178,14.82213438735178,14.82213438735178,14.82213438735178,14.82213438735178,14.82213438735178,14.82213438735178,14.82213438735178,14.82213438735178,14.82213438735178,14.82213438735178,15.609756097560975,15.609756097560975,15.609756097560975,15.609756097560975,15.609756097560975,15.609756097560975,15.609756097560975,15.609756097560975,15.609756097560975,15.609756097560975,15.609756097560975,15.609756097560975,15.609756097560975,15.609756097560975,15.609756097560975,13.250883392226148,13.250883392226148,13.250883392226148,13.250883392226148,13.250883392226148,13.250883392226148,13.250883392226148,13.250883392226148,13.250883392226148,13.250883392226148,13.250883392226148,13.250883392226148,13.250883392226148,13.250883392226148,13.250883392226148,14.985014985014985,14.985014985014985,14.985014985014985,14.985014985014985,14.985014985014985,14.985014985014985,14.985014985014985,14.985014985014985,14.985014985014985,14.985014985014985,14.985014985014985,14.985014985014985,14.985014985014985,14.985014985014985,14.985014985014985,14.985014985014985,15.732546705998033,15.732546705998033,15.732546705998033,15.732546705998033,15.732546705998033,15.732546705998033,15.732546705998033,15.732546705998033,15.732546705998033,15.732546705998033,15.732546705998033,15.732546705998033,15.732546705998033,15.732546705998033,15.732546705998033,14.634146341463415,14.634146341463415,14.634146341463415,14.634146341463415,14.634146341463415,14.634146341463415,14.634146341463415,14.634146341463415,14.634146341463415,14.634146341463415,14.634146341463415,14.634146341463415,14.634146341463415,14.634146341463415,14.634146341463415,14.634146341463415,14.634146341463415,14.634146341463415,14.634146341463415,14.634146341463415,14.634146341463415,14.634146341463415,21.256038647342994,21.256038647342994,21.256038647342994,21.256038647342994,21.256038647342994,21.256038647342994,21.256038647342994,21.256038647342994,21.256038647342994,21.256038647342994,21.256038647342994,21.256038647342994],"raf":[162,19,60,64,63,156,24,44,58,160,20,40,156,21,32,52,152,31,26,59,150,31,30,56,156,25,37,153,26,35,160,20,37,157,24,35,156,25,29,56,49,161,22,33,54,159,20,35,50,157,25,39,160,17,39,156,23,39,159,18,40,159,18,40,158,18,41,157,19,44,62,62,150,14,41,53,52,56,151,14,40,55,55,153,13,44,53,54,153,30,32,57,156,21,38,153,26,26,50,156,34,28,50,49,148,25,28,50,49,54,51,48,49,48,43,67,46,34,53,46,51,51,48,47,49,50,48,48,49,48,45,54,47,49,50,49,48,50]}