{"time":[3.0080000000000005,3.0380000000000003,3.1610000000000005,3.1860000000000004,3.2030000000000003,3.229,3.255,3.397,3.4189999999999996,3.4359999999999995,3.4529999999999994,3.4879999999999995,3.5129999999999995,3.5549999999999993,3.6909999999999994,3.7189999999999994,3.736999999999999,3.766999999999999,3.806999999999999,3.839999999999999,3.977999999999999,4.001999999999999,4.026999999999999,4.054999999999999,4.190999999999999,4.2189999999999985,4.238999999999998,4.264999999999998,4.291999999999998,4.433999999999998,4.4529999999999985,4.472999999999998,4.511999999999998,4.536999999999998,4.673999999999998,4.684999999999998,4.721999999999998,4.8409999999999975,4.860999999999997,4.882999999999997,4.924999999999997,4.9419999999999975,4.966999999999998,5.095999999999998,5.1179999999999986,5.134999999999999,5.151999999999999,5.1819999999999995,5.204999999999999,5.235999999999999,5.302999999999999,5.318999999999999,5.335999999999999,5.367999999999999,5.403999999999999,5.439999999999999,5.464999999999999,5.496999999999999,5.527999999999999,5.567999999999999,5.618999999999999,5.643999999999999,5.666999999999999,5.712999999999999,5.740999999999999,5.797999999999999,5.817999999999999,5.840999999999998,5.872999999999998,5.918999999999999,5.951999999999999,5.983999999999999,6.012999999999999,6.052999999999999,6.082999999999999,6.1209999999999996,6.146999999999999,6.178999999999999,6.210999999999999,6.254,6.292999999999999,6.323999999999999,6.363999999999999,6.395999999999999,6.440999999999999,6.464999999999999,6.488999999999999,6.514999999999999,6.562999999999999,6.586999999999999],"fps":[20.95808383233533,20.95808383233533,20.95808383233533,20.95808383233533,20.95808383233533,20.95808383233533,20.95808383233533,20.95808383233533,20.95808383233533,20.95808383233533,20.95808383233533,20.95808383233533,20.95808383233533,20.95808383233533,22.417153996101366,22.417153996101366,22.417153996101366,22.417153996101366,22.417153996101366,22.417153996101366,22.417153996101366,22.417153996101366,22.417153996101366,22.417153996101366,22.417153996101366,22.417153996101366,22.417153996101366,22.417153996101366,22.417153996101366,22.417153996101366,22.417153996101366,22.417153996101366,22.417153996101366,22.417153996101366,22.417153996101366,22.417153996101366,21.33850630455868,21.33850630455868,21.33850630455868,21.33850630455868,21.33850630455868,21.33850630455868,21.33850630455868,21.33850630455868,21.33850630455868,21.33850630455868,21.33850630455868,21.33850630455868,21.33850630455868,21.33850630455868,21.33850630455868,21.33850630455868,21.33850630455868,21.33850630455868,21.33850630455868,21.33850630455868,21.33850630455868,21.33850630455868,21.33850630455868,21.33850630455868,21.33850630455868,21.33850630455868,21.33850630455868,21.33850630455868,27.47791952894995,27.47791952894995,27.47791952894995,27.47791952894995,27.47791952894995,27.47791952894995,27.47791952894995,27.47791952894995,27.47791952894995,27.47791952894995,27.47791952894995,27.47791952894995,27.47791952894995,27.47791952894995,27.47791952894995,27.47791952894995,27.47791952894995,27.47791952894995,27.47791952894995,27.47791952894995,27.47791952894995,27.47791952894995,27.47791952894995,27.47791952894995,27.47791952894995,27.47791952894995],"raf":[31,30,123,25,17,26,26,142,22,17,17,35,25,42,136,28,18,30,40,33,138,24,25,28,136,28,20,26,28,141,19,20,39,26,136,11,37,119,20,22,42,17,25,129,22,17,17,30,23,31,67,16,17,32,36,36,25,32,31,40,51,25,23,46,28,57,21,22,32,46,34,31,30,40,29,38,26,33,31,44,38,32,39,32,45,24,25,25,48,24]}