{"time":[3.0050000000000003,3.0610000000000004,3.1210000000000004,3.1700000000000004,3.224,3.282,3.335,3.391,3.44,3.502,3.558],"fps":[14.619883040935672,14.619883040935672,14.619883040935672,14.619883040935672,14.619883040935672,14.619883040935672,14.619883040935672,14.619883040935672,14.619883040935672,14.619883040935672,14.619883040935672],"raf":[63,56,60,50,53,59,52,56,49,62,56]}