{"time":[3.0109999999999983,3.0459999999999985,3.0799999999999983,3.1269999999999984,3.2619999999999987,3.2749999999999986,3.2949999999999986,3.3309999999999986,3.3589999999999987,3.4999999999999987,3.5249999999999986,3.5409999999999986,3.5749999999999984,3.7189999999999985,3.7419999999999987,3.7579999999999987,3.788999999999999,3.827999999999999,3.858999999999999,3.994999999999999,4.0089999999999995,4.044,4.162999999999999,4.183999999999999,4.210999999999999,4.242999999999999,4.377999999999999,4.3919999999999995,4.4079999999999995,4.438,4.471,4.508,4.64,4.6579999999999995,4.675,4.716,4.737,4.771,4.806,4.856,4.895,4.9319999999999995,4.97,5.027,5.041,5.081,5.1160000000000005,5.144,5.1930000000000005,5.23,5.258,5.299,5.337000000000001,5.373,5.4110000000000005,5.4510000000000005,5.486000000000001,5.518000000000001,5.551000000000001,5.599000000000001,5.6400000000000015,5.666000000000001,5.710000000000001,5.7490000000000006,5.784000000000001,5.814000000000001,5.860000000000001],"fps":[17.374517374517374,17.374517374517374,17.374517374517374,17.374517374517374,17.374517374517374,17.374517374517374,17.374517374517374,17.374517374517374,17.374517374517374,20,20,20,20,20,20,20,20,20,20,20,20,20,20,20,20,20,20,20,20,20,20,21.825396825396826,21.825396825396826,21.825396825396826,21.825396825396826,21.825396825396826,21.825396825396826,21.825396825396826,21.825396825396826,21.825396825396826,21.825396825396826,21.825396825396826,21.825396825396826,21.825396825396826,21.825396825396826,21.825396825396826,21.825396825396826,21.825396825396826,21.825396825396826,21.825396825396826,21.825396825396826,21.825396825396826,21.825396825396826,21.825396825396826,21.825396825396826,21.825396825396826,21.825396825396826,25.742574257425744,25.742574257425744,25.742574257425744,25.742574257425744,25.742574257425744,25.742574257425744,25.742574257425744,25.742574257425744,25.742574257425744,25.742574257425744],"raf":[19,35,34,47,135,13,20,36,28,141,25,17,33,144,23,17,30,39,31,136,14,35,119,21,27,32,135,14,16,30,33,37,132,18,17,41,21,34,35,50,39,37,39,57,14,39,35,29,48,37,28,42,37,36,38,40,35,32,33,48,41,26,44,39,35,30,46]}