{"time":[3.181,3.2800000000000002,3.479,3.575,3.7630000000000003,4.042000000000001,4.226000000000001,4.401000000000001,4.473000000000001,4.664000000000001,4.8420000000000005,5.021000000000001,5.090000000000001,5.2700000000000005,5.493,5.7010000000000005,5.781000000000001,5.979000000000001,6.058000000000001,6.2410000000000005,6.348000000000001,6.6290000000000004,6.816000000000001,6.890000000000001,7.097,7.306,7.54,7.646,7.843,7.924,8.104000000000001,8.276000000000002,8.485000000000001,8.580000000000002,8.780000000000001,8.995000000000001,9.096000000000002,9.282000000000002,9.397000000000002,9.597000000000001,9.906,10.091000000000001,10.190000000000001,10.389000000000001,10.583000000000002,10.789000000000001,10.998000000000001,11.188,11.269,11.558,11.744,11.829,12.025,12.134,12.424,12.610999999999999,12.69,12.899],"fps":[7.292616226071103,7.292616226071103,7.292616226071103,7.292616226071103,5.555555555555555,5.555555555555555,5.555555555555555,5.555555555555555,5.555555555555555,5.555555555555555,5.560704355885079,5.560704355885079,5.560704355885079,5.560704355885079,5.560704355885079,5.560704355885079,5.560704355885079,6.156552330694811,6.156552330694811,6.156552330694811,6.156552330694811,6.156552330694811,6.156552330694811,6.156552330694811,6.261180679785331,6.261180679785331,6.261180679785331,6.261180679785331,6.261180679785331,6.261180679785331,5.958291956305859,5.958291956305859,5.958291956305859,5.958291956305859,5.958291956305859,5.958291956305859,5.958291956305859,5.942275042444821,5.942275042444821,5.942275042444821,5.942275042444821,5.942275042444821,5.942275042444821,5.420054200542006,5.420054200542006,5.420054200542006,5.420054200542006,5.420054200542006,5.420054200542006,5.132591958939265,5.132591958939265,5.132591958939265,5.132591958939265,5.132591958939265,5.132591958939265,5.698005698005698,5.698005698005698,5.698005698005698],"raf":[207,99,199,96,188,279,184,175,72,191,178,179,69,180,223,208,80,198,79,183,107,281,187,74,207,209,234,106,197,81,180,172,209,95,200,215,102,185,115,200,309,185,99,199,194,206,209,190,81,289,186,85,196,109,290,187,79,209]}