{"time":[3.0560000000000005,3.1170000000000004,3.1650000000000005,3.2390000000000003,3.3000000000000003,3.3520000000000003,3.418,3.4810000000000003,3.5420000000000003,3.604,3.662,3.727,3.788,3.8499999999999996,3.897,3.956,4.014,4.077,4.136,4.19,4.239000000000001,4.298000000000001,4.348000000000001,4.408,4.471,4.531,4.593999999999999,4.656999999999999,4.720999999999999,4.786999999999999,4.848999999999999,4.896999999999999,4.941999999999999,4.993999999999999,5.046999999999999,5.1099999999999985,5.175999999999998,5.241999999999998,5.305999999999998,5.366999999999998,5.424999999999998,5.466999999999998,5.511999999999998,5.569999999999998,5.630999999999998,5.696999999999997,5.762999999999997,5.842999999999997,5.894999999999997,5.942999999999997,5.984999999999997,6.042999999999997,6.108999999999996,6.179999999999996,6.245999999999996,6.313999999999996,6.377999999999996,6.462999999999996,6.527999999999996,6.601999999999996,6.720999999999996,6.7789999999999955,6.867999999999996,6.966999999999996,7.020999999999996,7.062999999999996,7.110999999999996,7.165999999999996,7.231999999999996,7.296999999999996,7.362999999999996,7.422999999999996,7.480999999999995,7.547999999999996,7.612999999999996,7.661999999999996,7.715999999999997,7.778999999999996,7.832999999999997,7.8829999999999965,7.948999999999996,8.012999999999996,8.066999999999997,8.154999999999996,8.213999999999995,8.271999999999995,8.330999999999994,8.490999999999994,8.546999999999993,8.603999999999994,8.664999999999994,8.885999999999994,9.032999999999994,9.087999999999994,9.133999999999993,9.251999999999994,9.401999999999994,9.441999999999993,9.496999999999993,9.659999999999993,9.820999999999993,9.866999999999992,9.927999999999992,9.984999999999992,10.146999999999993,10.326999999999993,10.486999999999993,10.539999999999994,10.601999999999993,10.664999999999994,10.916999999999994,11.063999999999995,11.110999999999995,11.167999999999996,11.328999999999995,11.488999999999995,11.533999999999995,11.589999999999995,11.651999999999994,11.802999999999994,11.958999999999994,12.121999999999995,12.167999999999994,12.218999999999994,12.276999999999994,12.434999999999993,12.595999999999993,12.645999999999994,12.695999999999994,12.750999999999994],"fps":[9.541984732824428,12.70772238514174,12.70772238514174,12.70772238514174,12.70772238514174,12.70772238514174,12.70772238514174,12.70772238514174,12.70772238514174,12.70772238514174,12.70772238514174,12.70772238514174,12.70772238514174,12.70772238514174,12.70772238514174,12.70772238514174,12.70772238514174,12.70772238514174,16.683022571148186,16.683022571148186,16.683022571148186,16.683022571148186,16.683022571148186,16.683022571148186,16.683022571148186,16.683022571148186,16.683022571148186,16.683022571148186,16.683022571148186,16.683022571148186,16.683022571148186,16.683022571148186,16.683022571148186,16.683022571148186,16.683022571148186,16.683022571148186,17.307692307692307,17.307692307692307,17.307692307692307,17.307692307692307,17.307692307692307,17.307692307692307,17.307692307692307,17.307692307692307,17.307692307692307,17.307692307692307,17.307692307692307,17.307692307692307,17.307692307692307,17.307692307692307,17.307692307692307,17.307692307692307,17.307692307692307,16.932270916334662,16.932270916334662,16.932270916334662,16.932270916334662,16.932270916334662,16.932270916334662,16.932270916334662,16.932270916334662,16.932270916334662,16.932270916334662,16.932270916334662,16.932270916334662,16.932270916334662,16.932270916334662,16.932270916334662,14.258555133079849,14.258555133079849,14.258555133079849,14.258555133079849,14.258555133079849,14.258555133079849,14.258555133079849,14.258555133079849,14.258555133079849,14.258555133079849,14.258555133079849,14.258555133079849,14.258555133079849,14.258555133079849,14.258555133079849,14.258555133079849,14.258555133079849,16.33045148895293,16.33045148895293,16.33045148895293,16.33045148895293,16.33045148895293,16.33045148895293,16.33045148895293,16.33045148895293,16.33045148895293,16.33045148895293,16.33045148895293,9.743135518157661,9.743135518157661,9.743135518157661,9.743135518157661,9.743135518157661,9.743135518157661,9.743135518157661,9.743135518157661,9.743135518157661,9.743135518157661,9.216589861751151,9.216589861751151,9.216589861751151,9.216589861751151,9.216589861751151,9.216589861751151,9.216589861751151,9.216589861751151,9.216589861751151,8.982035928143713,8.982035928143713,8.982035928143713,8.982035928143713,8.982035928143713,8.982035928143713,8.982035928143713,8.982035928143713,8.982035928143713,8.982035928143713,8.982035928143713,9.93676603432701,9.93676603432701,9.93676603432701,9.93676603432701],"raf":[60,61,48,74,61,52,66,63,61,62,59,64,61,62,47,59,58,63,59,54,49,59,50,60,63,60,63,63,64,66,62,48,45,52,53,63,66,66,64,61,59,41,45,58,61,66,66,80,52,48,42,58,66,71,66,68,64,85,66,74,118,58,89,99,54,42,48,55,66,65,66,60,58,67,65,49,54,63,54,49,66,64,55,87,59,59,58,160,56,57,61,221,147,55,46,118,150,40,56,162,161,47,60,57,162,180,160,53,62,63,252,147,47,57,161,160,45,56,62,151,156,163,46,51,58,158,161,50,50,55]}