{"time":[3.0759999999999987,3.0819999999999985,3.0979999999999985,3.1149999999999984,3.2249999999999983,3.2329999999999983,3.2489999999999983,3.2649999999999983,3.2819999999999983,3.298999999999998,3.314999999999998,3.331999999999998,3.440999999999998,3.448999999999998,3.558999999999998,3.565999999999998,3.581999999999998,3.598999999999998,3.614999999999998,3.631999999999998,3.648999999999998,3.757999999999998,3.764999999999998,3.781999999999998,3.7989999999999977,3.8149999999999977,3.8319999999999976,3.9409999999999976,3.9479999999999977,4.057999999999998,4.064999999999998,4.081999999999998,4.189999999999998,4.198999999999998,4.214999999999998,4.231999999999998,4.340999999999998,4.348999999999998,4.364999999999998,4.473999999999998,4.480999999999998,4.497999999999998,4.514999999999999,4.531999999999999,4.6419999999999995,4.648,4.665,4.773,4.782,4.89,4.898,5.008,5.016,5.031,5.048,5.065,5.081,5.098000000000001,5.2090000000000005,5.216,5.232,5.3420000000000005,5.349,5.365,5.382000000000001,5.398000000000001,5.507000000000001,5.515000000000001,5.625000000000001,5.631000000000001,5.6480000000000015,5.665000000000002,5.7730000000000015,5.782000000000002,5.891000000000002,5.899000000000002,5.915000000000002,5.932000000000002,5.948000000000002,5.964000000000002,6.0740000000000025,6.081000000000002,6.0980000000000025,6.115000000000003,6.222000000000003,6.232000000000003,6.346000000000003,6.354000000000003,6.468000000000003,6.4810000000000025,6.498000000000003,6.607000000000003,6.6140000000000025,6.721000000000003,6.7310000000000025,6.748000000000003,6.765000000000003,6.782000000000004,6.798000000000004,6.815000000000004,6.833000000000004,6.848000000000003,6.869000000000003,6.881000000000003,6.898000000000003,6.922000000000003,6.932000000000003,6.949000000000003,6.969000000000003,6.982000000000003,6.998000000000003,7.019000000000003,7.032000000000003,7.055000000000002,7.0740000000000025,7.096000000000003,7.117000000000003],"fps":[24.8015873015873,24.8015873015873,24.8015873015873,24.8015873015873,24.8015873015873,24.8015873015873,24.8015873015873,24.8015873015873,24.8015873015873,24.8015873015873,24.8015873015873,24.8015873015873,21.062271062271062,21.062271062271062,21.062271062271062,21.062271062271062,21.062271062271062,21.062271062271062,21.062271062271062,21.062271062271062,21.062271062271062,21.062271062271062,21.062271062271062,21.062271062271062,21.062271062271062,21.062271062271062,21.062271062271062,21.062271062271062,21.062271062271062,21.062271062271062,21.062271062271062,21.062271062271062,21.062271062271062,21.062271062271062,21.062271062271062,21.062271062271062,21.062271062271062,21.062271062271062,21.062271062271062,26.137463697967085,26.137463697967085,26.137463697967085,26.137463697967085,26.137463697967085,26.137463697967085,26.137463697967085,26.137463697967085,26.137463697967085,26.137463697967085,26.137463697967085,26.137463697967085,26.137463697967085,26.137463697967085,26.137463697967085,26.137463697967085,26.137463697967085,26.137463697967085,26.137463697967085,26.137463697967085,26.137463697967085,26.137463697967085,26.137463697967085,26.137463697967085,26.137463697967085,26.137463697967085,26.137463697967085,26.137463697967085,26.137463697967085,26.137463697967085,26.137463697967085,26.137463697967085,26.137463697967085,26.137463697967085,26.137463697967085,26.137463697967085,26.137463697967085,26.137463697967085,26.137463697967085,26.137463697967085,26.137463697967085,26.137463697967085,26.137463697967085,26.137463697967085,26.137463697967085,26.137463697967085,26.137463697967085,26.137463697967085,26.137463697967085,26.137463697967085,26.137463697967085,26.137463697967085,22.727272727272727,22.727272727272727,22.727272727272727,22.727272727272727,22.727272727272727,22.727272727272727,22.727272727272727,22.727272727272727,22.727272727272727,22.727272727272727,22.727272727272727,22.727272727272727,22.727272727272727,22.727272727272727,22.727272727272727,22.727272727272727,22.727272727272727,22.727272727272727,22.727272727272727,22.727272727272727,22.727272727272727,22.727272727272727,22.727272727272727,22.727272727272727,22.727272727272727,22.727272727272727],"raf":[110,6,17,16,110,8,16,16,17,17,16,17,109,8,110,7,15,17,16,17,17,109,7,17,17,16,17,109,7,111,6,17,108,9,16,17,109,8,16,109,7,17,17,17,110,7,17,107,9,108,8,110,8,15,17,17,16,17,111,7,16,110,7,16,17,17,108,8,110,6,17,17,108,9,109,8,16,17,16,16,110,7,17,17,107,10,114,8,114,13,17,109,7,107,10,17,17,17,16,17,18,15,21,12,17,24,10,17,20,13,16,21,13,23,19,22,21]}