{"time":[3.017999999999999,3.074999999999999,3.101999999999999,3.149999999999999,3.192999999999999,3.2439999999999993,3.2849999999999993,3.321999999999999,3.3769999999999993,3.418999999999999,3.446999999999999,3.494999999999999,3.5499999999999994,3.5849999999999995,3.6229999999999993,3.6979999999999995,3.7179999999999995,3.7479999999999993,3.7959999999999994,3.8809999999999993,3.9019999999999992,3.9329999999999994,3.9769999999999994,4.018999999999999,4.132,4.151,4.184,4.23,4.273000000000001,4.409000000000001,4.4350000000000005,4.452000000000001,4.497000000000001,4.542000000000001,4.587000000000001,4.731000000000001,4.751,4.777,4.823,4.87,5.014,5.034,5.061999999999999,5.103,5.152,5.298,5.318,5.345,5.388,5.436,5.582,5.601,5.629,5.677,5.718999999999999,5.877,5.901,5.9319999999999995,5.986999999999999,6.138999999999999,6.167999999999999,6.1899999999999995,6.242999999999999,6.287999999999999,6.4479999999999995,6.467999999999999,6.507999999999999,6.552999999999999,6.715999999999999,6.751999999999999,6.775999999999999,6.8359999999999985,6.9929999999999986,7.017999999999999,7.046999999999999,7.091999999999999,7.249999999999999,7.267999999999999,7.301999999999999,7.4529999999999985,7.4849999999999985,7.510999999999998,7.564999999999999,7.619999999999998,7.773999999999998,7.801999999999998,7.827999999999998,7.879999999999997,7.935999999999997,8.087999999999997,8.100999999999997,8.134999999999998,8.191999999999998,8.243999999999998,8.397999999999998,8.416999999999998,8.448999999999998,8.502999999999998,8.654999999999998,8.666999999999998,8.705999999999998,8.757999999999997,8.810999999999998,8.965999999999998,8.983999999999998,9.015999999999998,9.069999999999999,9.168999999999999,9.200999999999999,9.232999999999999,9.286999999999999,9.441999999999998,9.466999999999999,9.501999999999999,9.658999999999999,9.684,9.719999999999999,9.882,9.9,9.933,9.986,10.137,10.168000000000001,10.194,10.252,10.408000000000001,10.434000000000001,10.464,10.519,10.676,10.701,10.728,10.78,10.831999999999999,10.886,11.036999999999999,11.049999999999999,11.082999999999998,11.137999999999998,11.293999999999999,11.316999999999998,11.352999999999998,11.514999999999999,11.533999999999999,11.578,11.731,11.75,11.782,11.838,11.997,12.017,12.062,12.215,12.234,12.267,12.322,12.479,12.5,12.542,12.695,12.717,12.757,12.911999999999999,12.933,12.964],"fps":[22.115384615384617,22.115384615384617,22.115384615384617,22.115384615384617,22.115384615384617,22.115384615384617,22.115384615384617,22.115384615384617,22.115384615384617,22.115384615384617,22.115384615384617,22.115384615384617,22.115384615384617,22.115384615384617,22.115384615384617,22.115384615384617,22.115384615384617,22.727272727272727,22.727272727272727,22.727272727272727,22.727272727272727,22.727272727272727,22.727272727272727,22.727272727272727,22.727272727272727,22.727272727272727,22.727272727272727,22.727272727272727,22.727272727272727,22.727272727272727,22.727272727272727,22.727272727272727,22.727272727272727,22.727272727272727,22.727272727272727,22.727272727272727,18.943170488534395,18.943170488534395,18.943170488534395,18.943170488534395,18.943170488534395,18.943170488534395,18.943170488534395,18.943170488534395,18.943170488534395,18.943170488534395,18.943170488534395,18.943170488534395,18.943170488534395,18.943170488534395,18.943170488534395,18.943170488534395,18.943170488534395,18.943170488534395,18.943170488534395,16.873889875666073,16.873889875666073,16.873889875666073,16.873889875666073,16.873889875666073,16.873889875666073,16.873889875666073,16.873889875666073,16.873889875666073,16.873889875666073,16.873889875666073,16.873889875666073,16.873889875666073,16.873889875666073,16.873889875666073,16.873889875666073,16.873889875666073,15.232974910394265,15.232974910394265,15.232974910394265,15.232974910394265,15.232974910394265,15.232974910394265,15.232974910394265,15.232974910394265,15.232974910394265,15.232974910394265,15.232974910394265,15.232974910394265,15.232974910394265,15.232974910394265,15.232974910394265,15.232974910394265,15.232974910394265,15.525114155251142,15.525114155251142,15.525114155251142,15.525114155251142,15.525114155251142,15.525114155251142,15.525114155251142,15.525114155251142,15.525114155251142,15.525114155251142,15.525114155251142,15.525114155251142,15.525114155251142,15.525114155251142,15.525114155251142,15.525114155251142,15.525114155251142,15.525114155251142,16.635859519408502,16.635859519408502,16.635859519408502,16.635859519408502,16.635859519408502,16.635859519408502,16.635859519408502,16.635859519408502,16.635859519408502,16.635859519408502,16.635859519408502,16.635859519408502,16.635859519408502,16.635859519408502,16.635859519408502,16.635859519408502,15.625,15.625,15.625,15.625,15.625,15.625,15.625,15.625,15.625,15.625,15.625,15.625,15.625,15.625,15.625,15.625,14.545454545454545,14.545454545454545,14.545454545454545,14.545454545454545,14.545454545454545,14.545454545454545,14.545454545454545,14.545454545454545,14.545454545454545,14.545454545454545,14.545454545454545,14.545454545454545,14.545454545454545,14.545454545454545,14.545454545454545,14.545454545454545,15.56420233463035,15.56420233463035,15.56420233463035,15.56420233463035,15.56420233463035,15.56420233463035,15.56420233463035,15.56420233463035,15.56420233463035,15.56420233463035],"raf":[46,58,26,48,43,52,40,37,55,42,29,47,55,35,39,74,20,30,48,85,21,31,45,41,113,19,33,46,43,136,26,17,45,45,45,144,20,27,45,47,144,20,28,41,49,146,20,27,44,47,146,19,28,48,42,158,24,31,55,152,29,22,53,45,160,20,40,45,163,36,24,61,156,25,29,45,158,18,34,151,32,26,54,55,154,28,26,52,56,152,13,34,57,52,154,19,32,55,151,13,38,52,54,154,18,32,54,100,31,32,54,156,24,35,157,25,36,162,18,33,53,152,30,26,58,156,26,30,55,157,25,27,52,52,54,151,13,33,55,156,23,36,162,19,44,153,20,31,56,159,20,45,153,19,33,55,157,22,41,153,22,41,154,21,31]}