{"time":[7.227,7.244000000000001,7.267,7.311,7.354,7.396,7.434,7.476,7.515,7.563,7.609,7.645,7.678999999999999,7.717,7.747,7.786,7.819999999999999,7.853,7.888,7.926,7.9590000000000005,7.995,8.03,8.065,8.096,8.137,8.164,8.202,8.236,8.274000000000001,8.308000000000002,8.339000000000002,8.377000000000002,8.407000000000002,8.446000000000002,8.614,8.644,8.663,8.685,8.724,8.759,8.799,8.837,8.873,8.911999999999999,8.965,8.994,9.024,9.056,9.091999999999999,9.134999999999998,9.167999999999997,9.208999999999998,9.244999999999997,9.309999999999997,9.327999999999998,9.356999999999998,9.391999999999998,9.430999999999997,9.467999999999998,9.503999999999998,9.540999999999999,9.578,9.625,9.651,9.687,9.722999999999999,9.761,9.799999999999999,9.834999999999999,9.872,9.916,9.961,9.986,10.023000000000001,10.061000000000002,10.093000000000002,10.134000000000002,10.171000000000003,10.206000000000003,10.235000000000003,10.278000000000002,10.327000000000002,10.354000000000001,10.395000000000001,10.444,10.462000000000002,10.501000000000001,10.539000000000001,10.575000000000001,10.611,10.647,10.682,10.719000000000001,10.754000000000001,10.787,10.821000000000002,10.859000000000002,10.895000000000001,10.929000000000002,10.969000000000001,11.003000000000002,11.036000000000001,11.066,11.098,11.129000000000001,11.161000000000001,11.194,11.219000000000001,11.250000000000002,11.276000000000002,11.305000000000001,11.342000000000002,11.368000000000002,11.404000000000002,11.431000000000001,11.463000000000001,11.493,11.524000000000001,11.55,11.582,11.614,11.645000000000001,11.678,11.711,11.741,11.767999999999999,11.802999999999999,11.834,11.865,11.897,11.926,11.96,11.99,12.015,12.053,12.078000000000001,12.112000000000002,12.146000000000003,12.179000000000002,12.211000000000002,12.240000000000002,12.272000000000002,12.305000000000001,12.334000000000001,12.367,12.392000000000001,12.424000000000001,12.455000000000002,12.481000000000002,12.517000000000001,12.547,12.58,12.609,12.641,12.666,12.704,12.736,12.76,12.795,12.825,12.854,12.889,12.918999999999999,12.953,12.979],"fps":[2.6843235504652827,2.6843235504652827,2.6843235504652827,2.6843235504652827,2.6843235504652827,2.6843235504652827,2.6843235504652827,2.6843235504652827,2.6843235504652827,2.6843235504652827,2.6843235504652827,2.6843235504652827,2.6843235504652827,2.6843235504652827,2.6843235504652827,2.6843235504652827,2.6843235504652827,2.6843235504652827,2.6843235504652827,2.6843235504652827,2.6843235504652827,2.6843235504652827,2.6843235504652827,2.6843235504652827,2.6843235504652827,2.6843235504652827,2.6843235504652827,2.6843235504652827,27.750247770069375,27.750247770069375,27.750247770069375,27.750247770069375,27.750247770069375,27.750247770069375,27.750247770069375,27.750247770069375,27.750247770069375,27.750247770069375,27.750247770069375,27.750247770069375,27.750247770069375,27.750247770069375,27.750247770069375,27.750247770069375,27.750247770069375,27.750247770069375,27.750247770069375,27.750247770069375,27.750247770069375,27.750247770069375,27.750247770069375,27.750247770069375,27.750247770069375,24.777006937561943,24.777006937561943,24.777006937561943,24.777006937561943,24.777006937561943,24.777006937561943,24.777006937561943,24.777006937561943,24.777006937561943,24.777006937561943,24.777006937561943,24.777006937561943,24.777006937561943,24.777006937561943,24.777006937561943,24.777006937561943,24.777006937561943,24.777006937561943,24.777006937561943,24.777006937561943,24.777006937561943,24.777006937561943,24.777006937561943,24.777006937561943,24.777006937561943,24.777006937561943,24.777006937561943,24.777006937561943,27.105517909002906,27.105517909002906,27.105517909002906,27.105517909002906,27.105517909002906,27.105517909002906,27.105517909002906,27.105517909002906,27.105517909002906,27.105517909002906,27.105517909002906,27.105517909002906,27.105517909002906,27.105517909002906,27.105517909002906,27.105517909002906,27.105517909002906,27.105517909002906,27.105517909002906,27.105517909002906,27.105517909002906,27.105517909002906,27.105517909002906,27.105517909002906,27.105517909002906,27.105517909002906,27.105517909002906,27.105517909002906,27.105517909002906,27.105517909002906,29.211295034079843,29.211295034079843,29.211295034079843,29.211295034079843,29.211295034079843,29.211295034079843,29.211295034079843,29.211295034079843,29.211295034079843,29.211295034079843,29.211295034079843,29.211295034079843,29.211295034079843,29.211295034079843,29.211295034079843,29.211295034079843,29.211295034079843,29.211295034079843,29.211295034079843,29.211295034079843,29.211295034079843,29.211295034079843,29.211295034079843,29.211295034079843,29.211295034079843,29.211295034079843,29.211295034079843,29.211295034079843,29.211295034079843,29.211295034079843,29.211295034079843,29.211295034079843,29.211295034079843,32.03883495145631,32.03883495145631,32.03883495145631,32.03883495145631,32.03883495145631,32.03883495145631,32.03883495145631,32.03883495145631,32.03883495145631,32.03883495145631,32.03883495145631,32.03883495145631,32.03883495145631,32.03883495145631,32.03883495145631,32.03883495145631,32.03883495145631,32.03883495145631,32.03883495145631,32.03883495145631,32.03883495145631,32.03883495145631],"raf":[5075,17,23,44,43,42,38,42,39,48,46,36,34,38,30,39,34,34,34,38,33,36,35,34,31,41,27,38,34,38,34,32,37,30,39,168,31,18,22,39,35,40,38,36,39,53,29,30,32,36,43,33,41,36,65,18,29,35,39,37,36,37,38,46,26,36,36,38,39,35,37,44,45,25,37,38,32,41,37,35,29,43,49,27,41,49,18,39,38,37,35,36,35,37,35,34,33,38,36,34,40,34,33,30,32,31,32,33,25,31,26,29,37,26,36,27,32,31,30,27,32,31,31,33,33,30,27,35,31,31,32,29,34,30,26,37,25,34,34,33,32,29,32,33,30,32,25,32,31,26,36,30,33,29,32,25,39,31,25,34,30,29,35,30,34,26]}