{"time":[11.536,11.557,11.576,11.598,11.643,11.675,11.707,11.748000000000001,11.790000000000001,11.825000000000001,11.859000000000002,11.891000000000002,11.933000000000002,11.971000000000002,12.009000000000002,12.038000000000002,12.080000000000002,12.118000000000002,12.143000000000002,12.187000000000003,12.225000000000003,12.251000000000003,12.297000000000002,12.334000000000003,12.371000000000004,12.398000000000003,12.444000000000003,12.751000000000003,12.774000000000003,12.797000000000002,12.809000000000003,12.846000000000004,12.871000000000004,12.917000000000003,12.960000000000003,12.998000000000003],"fps":[2.4015871358462983,2.4015871358462983,2.4015871358462983,2.4015871358462983,2.4015871358462983,2.4015871358462983,2.4015871358462983,2.4015871358462983,2.4015871358462983,2.4015871358462983,2.4015871358462983,2.4015871358462983,2.4015871358462983,2.4015871358462983,2.4015871358462983,2.4015871358462983,2.4015871358462983,2.4015871358462983,2.4015871358462983,2.4015871358462983,2.4015871358462983,2.4015871358462983,2.4015871358462983,2.4015871358462983,2.4015871358462983,2.4015871358462983,2.4015871358462983,22.240527182866558,22.240527182866558,22.240527182866558,22.240527182866558,22.240527182866558,22.240527182866558,22.240527182866558,22.240527182866558,22.240527182866558],"raf":[8744,20,19,22,45,32,32,42,41,35,34,32,43,37,38,29,42,37,25,44,39,25,46,37,38,27,45,307,23,23,12,37,25,46,43,38]}