{"time":[3.1599999999999993,3.1789999999999994,3.2269999999999994,3.2889999999999993,3.4569999999999994,3.478999999999999,3.524999999999999,3.581999999999999,3.741999999999999,3.761999999999999,3.802999999999999,3.862999999999999,4.023999999999999,4.045999999999999,4.084999999999999,4.241999999999999,4.261999999999999,4.306999999999999,4.368999999999999,4.430999999999999,4.589999999999999,4.611999999999999,4.647999999999999,4.807999999999999,4.828999999999999,4.8679999999999986,5.025999999999999,5.044999999999999,5.090999999999999,5.156,5.217,5.279,5.439,5.462,5.5,5.659,5.678999999999999,5.720999999999999,5.781999999999999,5.942999999999999,5.961999999999999,6.009999999999999,6.068999999999999,6.226999999999999,6.244999999999999,6.286,6.444,6.463,6.506,6.5680000000000005,6.630000000000001,6.789000000000001,6.812,6.849,7.008,7.029,7.067,7.224,7.245,7.2860000000000005,7.4430000000000005,7.461,7.5040000000000004,7.563000000000001,7.724,7.745,7.785,7.944,7.961,8.007,8.065,8.224,8.245000000000001,8.284,8.444,8.462000000000002,8.510000000000002,8.574000000000002,8.633000000000001,8.696000000000002,8.855000000000002,8.878000000000002,8.915000000000003,9.074000000000003,9.094000000000003,9.139000000000003,9.199000000000003,9.359000000000004,9.378000000000004,9.421000000000003,9.475000000000003,9.536000000000003,9.595000000000002,9.754000000000003,9.778000000000002,9.821000000000002,9.879000000000001,10.037,10.061,10.097,10.254,10.277999999999999,10.322,10.383999999999999,10.444999999999999,10.604999999999999,10.627999999999998,10.672999999999998,10.735999999999999,10.796,10.953999999999999,10.977999999999998,11.020999999999997,11.081999999999997,11.195999999999998,11.244999999999997,11.292999999999997,11.353999999999997,11.413999999999998,11.475999999999997,11.532999999999998,11.591999999999997,11.649999999999997,11.706999999999997,11.765999999999996,11.827999999999996,11.881999999999996,11.940999999999995,12.000999999999996,12.061999999999996,12.127999999999997,12.178999999999997,12.237999999999996,12.297999999999996,12.376999999999997,12.429999999999998,12.478999999999997,12.538999999999998,12.598999999999998,12.657999999999998,12.716999999999997,12.778999999999996],"fps":[14.807502467917079,14.807502467917079,14.807502467917079,14.807502467917079,14.807502467917079,14.807502467917079,14.807502467917079,14.807502467917079,14.807502467917079,14.807502467917079,14.807502467917079,14.807502467917079,13.182674199623353,13.182674199623353,13.182674199623353,13.182674199623353,13.182674199623353,13.182674199623353,13.182674199623353,13.182674199623353,13.182674199623353,13.182674199623353,13.182674199623353,13.182674199623353,13.182674199623353,13.182674199623353,13.972055888223553,13.972055888223553,13.972055888223553,13.972055888223553,13.972055888223553,13.972055888223553,13.972055888223553,13.972055888223553,13.972055888223553,13.972055888223553,13.972055888223553,13.972055888223553,13.972055888223553,13.972055888223553,13.972055888223553,13.972055888223553,15.340364333652925,15.340364333652925,15.340364333652925,15.340364333652925,15.340364333652925,15.340364333652925,15.340364333652925,15.340364333652925,15.340364333652925,15.340364333652925,15.340364333652925,15.340364333652925,15.340364333652925,15.340364333652925,15.340364333652925,12.987012987012987,12.987012987012987,12.987012987012987,12.987012987012987,12.987012987012987,12.987012987012987,12.987012987012987,12.987012987012987,12.987012987012987,12.987012987012987,12.987012987012987,12.987012987012987,12.987012987012987,12.987012987012987,12.987012987012987,14.691478942213516,14.691478942213516,14.691478942213516,14.691478942213516,14.691478942213516,14.691478942213516,14.691478942213516,14.691478942213516,14.691478942213516,14.691478942213516,14.691478942213516,14.691478942213516,14.691478942213516,14.691478942213516,14.691478942213516,13.464991023339318,13.464991023339318,13.464991023339318,13.464991023339318,13.464991023339318,13.464991023339318,13.464991023339318,13.464991023339318,13.464991023339318,13.464991023339318,13.464991023339318,13.464991023339318,13.464991023339318,13.464991023339318,13.464991023339318,13.464991023339318,15.609756097560975,15.609756097560975,15.609756097560975,15.609756097560975,15.609756097560975,15.609756097560975,15.609756097560975,15.609756097560975,15.609756097560975,15.609756097560975,15.609756097560975,15.609756097560975,15.609756097560975,15.609756097560975,15.609756097560975,14.563106796116505,14.563106796116505,14.563106796116505,14.563106796116505,14.563106796116505,14.563106796116505,14.563106796116505,14.563106796116505,14.563106796116505,14.563106796116505,14.563106796116505,14.563106796116505,14.563106796116505,14.563106796116505,14.563106796116505,14.563106796116505,14.563106796116505,16.73228346456693,16.73228346456693,16.73228346456693,16.73228346456693,16.73228346456693,16.73228346456693,16.73228346456693],"raf":[160,19,48,62,168,22,46,57,160,20,41,60,161,22,39,157,20,45,62,62,159,22,36,160,21,39,158,19,46,65,61,62,160,23,38,159,20,42,61,161,19,48,59,158,18,41,158,19,43,62,62,159,23,37,159,21,38,157,21,41,157,18,43,59,161,21,40,159,17,46,58,159,21,40,159,18,48,64,59,63,159,23,37,160,19,45,60,160,19,43,54,61,59,159,25,42,58,158,24,36,157,25,43,62,61,160,23,45,63,60,158,24,43,61,114,49,48,62,59,62,57,59,58,57,59,63,53,59,60,61,66,51,59,60,79,53,49,60,60,59,59,62]}