{"time":[3.4869999999999997,4.393,4.983,5.545,6.135,6.7299999999999995,7.311999999999999,7.874,8.447,9.014,9.604999999999999,10.195999999999998,10.805999999999997,11.366999999999997,11.982999999999997,12.647999999999996],"fps":[1.6038492381716118,1.299545159194282,1.299545159194282,1.7361111111111112,1.7361111111111112,1.6877637130801688,1.6877637130801688,1.7482517482517483,1.7482517482517483,1.7543859649122806,1.7543859649122806,1.6920473773265652,1.6920473773265652,1.7079419299743808,1.7079419299743808,1.56128024980484],"raf":[633,906,590,562,590,595,582,562,573,567,591,591,610,561,616,665]}