{"time":[3.1450000000000005,3.7920000000000007,4.3790000000000004,4.9910000000000005,5.750000000000001,6.401000000000001,7.048000000000001,7.7940000000000005,8.409,9.271,9.894,10.539,11.29,12.049,12.655999999999999],"fps":[1.6542597187758479,1.530221882172915,1.530221882172915,1.6680567139282736,1.6680567139282736,1.4184397163120568,1.4184397163120568,1.4357501794687724,1.4357501794687724,1.3540961408259986,1.3540961408259986,1.5772870662460567,1.5772870662460567,1.3245033112582782,1.3245033112582782],"raf":[660,647,587,612,759,651,647,746,615,862,623,645,751,759,607]}