{"time":[3.3899999999999997,4.3919999999999995,5.279,6.134,6.816000000000001,7.488,8.191,8.731000000000002,9.275000000000002,9.875000000000002,10.457000000000003,11.152000000000003,11.787000000000003,12.416000000000002],"fps":[1.4992503748125936,1.1001100110011002,1.1001100110011002,1.148105625717566,1.148105625717566,1.4771048744460857,1.4771048744460857,1.6090104585679808,1.6090104585679808,1.7482517482517483,1.7482517482517483,1.5661707126076743,1.5661707126076743,1.5822784810126582],"raf":[816,1002,887,855,683,671,703,540,544,600,582,695,635,629]}