{"time":[3.3120000000000003,3.5700000000000003,3.814,4.054,4.29,4.53,4.771,5.007,5.25,5.491,5.728999999999999,5.968999999999999,6.206999999999999,6.4449999999999985,6.683999999999998,6.925999999999998,7.171999999999999,7.433999999999999,7.682999999999999,7.931999999999999,8.197999999999999,8.474999999999998,8.752999999999998,9.051999999999998,9.457999999999998,9.810999999999998,10.097999999999999,10.363999999999999,10.630999999999998,10.894999999999998,11.149999999999999,11.395999999999999,11.637999999999998,11.880999999999998,12.155999999999999,12.411999999999999,12.655,12.902],"fps":[2.9702970297029703,2.9702970297029703,2.9702970297029703,3.7418147801683816,3.7418147801683816,3.7418147801683816,3.7418147801683816,3.7418147801683816,4.1806020066889635,4.1806020066889635,4.1806020066889635,4.1806020066889635,4.1806020066889635,4.184100418410042,4.184100418410042,4.184100418410042,4.184100418410042,4.184100418410042,4.038772213247173,4.038772213247173,4.038772213247173,4.038772213247173,3.7383177570093458,3.7383177570093458,3.7383177570093458,2.835538752362949,2.835538752362949,2.835538752362949,2.835538752362949,3.690036900369004,3.690036900369004,3.690036900369004,3.690036900369004,3.690036900369004,3.965107057890563,3.965107057890563,3.965107057890563,3.965107057890563],"raf":[327,258,245,239,236,240,241,236,243,241,238,240,238,238,239,242,246,262,249,249,266,277,278,299,406,353,287,266,268,263,255,246,242,243,275,256,243,247]}