{"time":[3.188,3.3890000000000002,3.8310000000000004,4.1240000000000006,4.307,4.5120000000000005,4.723000000000001,4.915000000000001,5.129000000000001,5.338000000000001,5.519000000000001,5.720000000000001,5.912000000000001,6.140000000000001,6.377000000000001,6.558000000000001,6.755000000000001,6.966000000000001,7.167000000000001,7.349000000000001,7.533000000000001,7.719000000000001,7.896000000000001,8.091000000000001,8.274000000000001,8.46,8.654000000000002,8.834000000000001,9.017000000000001,9.200000000000001,9.383000000000001,9.572000000000001,9.763000000000002,9.942000000000002,10.114000000000003,10.281000000000002,10.466000000000003,10.639000000000003,10.812000000000003,10.996000000000002,11.173000000000002,11.356000000000002,11.533000000000001,11.718000000000002,11.898000000000001,12.069,12.249,12.450000000000001,12.648000000000001,12.852000000000002],"fps":[3.398470688190314,3.398470688190314,3.398470688190314,3.361344537815126,3.361344537815126,3.361344537815126,3.361344537815126,3.361344537815126,4.975124378109452,4.975124378109452,4.975124378109452,4.975124378109452,4.975124378109452,4.945598417408506,4.945598417408506,4.945598417408506,4.945598417408506,4.945598417408506,4.868549172346641,4.868549172346641,4.868549172346641,4.868549172346641,4.868549172346641,4.868549172346641,5.420054200542006,5.420054200542006,5.420054200542006,5.420054200542006,5.420054200542006,5.420054200542006,5.410279531109107,5.410279531109107,5.410279531109107,5.410279531109107,5.410279531109107,5.410279531109107,5.54016620498615,5.54016620498615,5.54016620498615,5.54016620498615,5.54016620498615,5.54016620498615,5.623242736644799,5.623242736644799,5.623242736644799,5.623242736644799,5.623242736644799,5.623242736644799,5.376344086021505,5.376344086021505],"raf":[254,201,442,293,183,205,211,192,214,209,181,201,192,228,237,181,197,211,201,182,184,186,177,195,183,186,194,180,183,183,183,189,191,179,172,167,185,173,173,184,178,182,177,185,180,171,180,201,199,203]}