{"time":[3.116,4.11,5.324,6.327999999999999,7.138999999999999,7.8549999999999995,8.6,9.417,10.227,10.932,11.735000000000001,12.599000000000002],"fps":[3.4602076124567476,1.0834236186348862,0.8237232289950577,0.9960159362549801,0.9960159362549801,1.309757694826457,1.309757694826457,1.2804097311139564,1.2804097311139564,1.3201320132013201,1.3201320132013201,1.1997600479904018],"raf":[852,994,1214,1004,811,716,745,817,810,705,803,864]}