{"time":[5.535,7.3420000000000005,9.224,11.086],"fps":[0.5925925925925926,0.5534034311012729,0.5310674455655868,0.537345513164965],"raf":[2925,1807,1883,1861]}