{"time":[3.692,4.885,6.015,7.1,8.097999999999999,9.024,10.251,11.395],"fps":[1.8226002430133657,0.8382229673093042,0.8849557522123894,0.9216589861751152,0.9216589861751152,1.0395010395010396,0.8149959250203749,0.8741258741258742],"raf":[1252,1193,1130,1085,998,926,1227,1144]}