{"time":[3.4899999999999998,4.090999999999999,4.630999999999999,5.1979999999999995,5.778,6.457999999999999,6.972999999999999,7.501999999999999,8.015999999999998,8.524999999999999,9.070999999999998,9.589999999999998,10.112999999999998,10.623999999999997,11.144999999999998,11.678999999999998,12.197,12.754],"fps":[1.6168148746968471,1.7226528854435832,1.7226528854435832,1.8066847335140017,1.8066847335140017,1.5873015873015872,1.5873015873015872,1.9157088122605364,1.9157088122605364,1.9550342130987293,1.9550342130987293,1.876172607879925,1.876172607879925,1.936108422071636,1.936108422071636,1.8957345971563981,1.8957345971563981,1.8604651162790697],"raf":[560,601,540,567,580,680,515,529,514,509,546,520,523,510,521,534,518,557]}