{"time":[3.3440000000000003,3.7620000000000005,4.178000000000001,4.578000000000001,5.0310000000000015,5.4940000000000015,5.8900000000000015,6.411000000000001,6.7810000000000015,7.1320000000000014,7.4780000000000015,7.840000000000002,8.187000000000001,8.536000000000001,8.908000000000001,9.244000000000002,9.577000000000002,10.014000000000001,10.438,10.765,11.098,11.431000000000001,11.770000000000001,12.103000000000002,12.445000000000002,12.799000000000001],"fps":[2.479338842975207,2.2091310751104567,2.2091310751104567,2.2091310751104567,2.3640661938534278,2.3640661938534278,2.3640661938534278,2.1739130434782608,2.1739130434782608,2.1739130434782608,2.8116213683223994,2.8116213683223994,2.8116213683223994,2.835538752362949,2.835538752362949,2.835538752362949,2.881844380403458,2.881844380403458,2.881844380403458,2.525252525252525,2.525252525252525,2.525252525252525,2.985074626865672,2.985074626865672,2.985074626865672,2.9154518950437316],"raf":[449,418,416,400,453,463,396,521,370,351,346,362,347,349,372,336,333,437,424,327,333,333,339,333,342,354]}