{"time":[3.098,3.195,3.284,3.384,3.473,3.55,3.645,3.725,3.805,3.8770000000000002,3.9680000000000004,4.07,4.158,4.246,4.317,4.4,4.507000000000001,4.612000000000001,4.716000000000001,4.803000000000001,4.882000000000001,4.968000000000001,5.047000000000001,5.125000000000001,5.207000000000001,5.281000000000001,5.349,5.424,5.505000000000001,5.591000000000001,5.671000000000001,5.754000000000001,5.839000000000001,5.907000000000001,5.978000000000001,6.074000000000001,6.139000000000001,6.223000000000001,6.309000000000001,6.384000000000001,6.457000000000002,6.541000000000001,6.631000000000001,6.716000000000001,6.796000000000001,6.885000000000002,6.9940000000000015,7.0630000000000015,7.147000000000001,7.233000000000001,7.301000000000001,7.388000000000001,7.486000000000001,7.605,7.705,7.807,7.912000000000001,8.005,8.085,8.157,8.253,8.335,8.415000000000001,8.495000000000001,8.594000000000001,8.688,8.763,8.843,8.925,9.013,9.148,9.219999999999999,9.318999999999999,9.393999999999998,9.489999999999998,9.719999999999999,9.831,9.921,10.020999999999999,10.104999999999999,10.184999999999999,10.278999999999998,10.366999999999997,10.433999999999997,10.508999999999997,10.574999999999998,10.652999999999997,10.750999999999998,10.834999999999997,10.902999999999997,10.982999999999997,11.058999999999997,11.138999999999998,11.237999999999998,11.308999999999997,11.383999999999997,11.461999999999996,11.540999999999997,11.606999999999998,11.696999999999997,11.778999999999998,11.879999999999999,11.972,12.039,12.14,12.22,12.3,12.397,12.488,12.564,12.659,12.771,12.856000000000002,12.966000000000001],"fps":[9.363295880149813,9.363295880149813,9.363295880149813,9.363295880149813,9.363295880149813,9.363295880149813,9.363295880149813,9.363295880149813,9.363295880149813,10.76320939334638,10.76320939334638,10.76320939334638,10.76320939334638,10.76320939334638,10.76320939334638,10.76320939334638,10.76320939334638,10.76320939334638,10.76320939334638,10.76320939334638,10.945273631840797,10.945273631840797,10.945273631840797,10.945273631840797,10.945273631840797,10.945273631840797,10.945273631840797,10.945273631840797,10.945273631840797,10.945273631840797,10.945273631840797,10.945273631840797,10.945273631840797,12.682926829268293,12.682926829268293,12.682926829268293,12.682926829268293,12.682926829268293,12.682926829268293,12.682926829268293,12.682926829268293,12.682926829268293,12.682926829268293,12.682926829268293,12.682926829268293,12.682926829268293,11.959521619135234,11.959521619135234,11.959521619135234,11.959521619135234,11.959521619135234,11.959521619135234,11.959521619135234,11.959521619135234,11.959521619135234,11.959521619135234,11.959521619135234,10.880316518298715,10.880316518298715,10.880316518298715,10.880316518298715,10.880316518298715,10.880316518298715,10.880316518298715,10.880316518298715,10.880316518298715,10.880316518298715,10.880316518298715,10.880316518298715,11.904761904761905,11.904761904761905,11.904761904761905,11.904761904761905,11.904761904761905,11.904761904761905,11.904761904761905,11.904761904761905,11.904761904761905,8.928571428571429,8.928571428571429,8.928571428571429,8.928571428571429,8.928571428571429,8.928571428571429,8.928571428571429,8.928571428571429,8.928571428571429,8.928571428571429,8.928571428571429,8.928571428571429,8.928571428571429,12.524084778420038,12.524084778420038,12.524084778420038,12.524084778420038,12.524084778420038,12.524084778420038,12.524084778420038,12.524084778420038,12.524084778420038,12.524084778420038,12.524084778420038,12.524084778420038,12.524084778420038,12.025901942645698,12.025901942645698,12.025901942645698,12.025901942645698,12.025901942645698,12.025901942645698,12.025901942645698,12.025901942645698,12.025901942645698,12.025901942645698],"raf":[122,97,89,100,90,76,95,80,80,72,91,102,88,88,71,83,107,105,104,87,79,86,79,78,82,74,68,75,81,86,80,83,85,68,71,96,65,84,86,75,73,84,90,85,80,89,109,70,83,86,68,88,98,118,100,102,105,93,80,72,96,82,80,80,99,94,76,79,82,88,135,72,99,75,97,229,111,90,100,84,81,93,88,67,75,66,78,98,84,68,80,76,80,99,71,75,78,79,66,90,82,101,92,67,101,80,81,96,91,76,95,112,85,110]}