{"time":[3.2230000000000003,3.3950000000000005,3.5880000000000005,3.7640000000000007,3.936000000000001,4.114000000000001,4.287000000000001,4.463000000000001,4.635000000000001,4.807,4.977,5.159000000000001,5.330000000000001,5.502000000000001,5.670000000000001,5.870000000000001,6.062000000000001,6.261000000000001,6.447000000000001,6.640000000000001,6.854000000000001,7.087000000000001,7.4430000000000005,7.618,7.817,7.997,8.292,8.462,8.642,8.815,9.023,9.199,9.374,9.545,9.723,9.893,10.067,10.244,10.69,10.857,11.035,11.213000000000001,11.436000000000002,11.606000000000002,11.799000000000001,11.974000000000002,12.148000000000001,12.327000000000002,12.603000000000002,12.771,12.944],"fps":[3.3030553261767133,3.3030553261767133,3.3030553261767133,4.612546125461255,4.612546125461255,4.612546125461255,4.612546125461255,4.612546125461255,4.612546125461255,5.758157389635317,5.758157389635317,5.758157389635317,5.758157389635317,5.758157389635317,5.758157389635317,5.644402634054563,5.644402634054563,5.644402634054563,5.644402634054563,5.644402634054563,5.644402634054563,4.930156121610517,4.930156121610517,4.930156121610517,4.930156121610517,4.930156121610517,4.149377593360996,4.149377593360996,4.149377593360996,4.149377593360996,4.149377593360996,4.149377593360996,5.545286506469501,5.545286506469501,5.545286506469501,5.545286506469501,5.545286506469501,5.545286506469501,4.5592705167173255,4.5592705167173255,4.5592705167173255,4.5592705167173255,4.5592705167173255,4.5592705167173255,5.410279531109107,5.410279531109107,5.410279531109107,5.410279531109107,5.410279531109107,5.410279531109107,5.240174672489083],"raf":[257,172,193,177,171,177,173,176,172,172,171,181,171,172,168,200,192,199,186,193,215,232,356,175,199,180,295,170,180,173,208,176,175,171,178,170,174,177,446,167,178,178,223,170,193,175,174,179,276,168,173]}