{"time":[3.2379999999999995,3.5069999999999997,3.8669999999999995,4.180999999999999,4.457999999999999,4.712999999999999,4.993999999999999,5.2269999999999985,5.547999999999998,5.798999999999999,6.0459999999999985,6.250999999999999,6.483999999999998,6.947999999999999,7.2189999999999985,7.447999999999999,7.689999999999999,7.962999999999998,8.232999999999999,8.485999999999999,8.716999999999999,8.995999999999999,9.287999999999998,9.552999999999999,9.808,10.065,10.299999999999999,10.546999999999999,10.823999999999998,11.100999999999997,11.344999999999997,11.617999999999997,11.878999999999996,12.147999999999996,12.403999999999996,12.687999999999997,12.990999999999998],"fps":[3.3333333333333335,3.3333333333333335,3.3333333333333335,3.249390739236393,3.249390739236393,3.249390739236393,3.249390739236393,3.8240917782026767,3.8240917782026767,3.8240917782026767,3.8240917782026767,3.90625,3.90625,3.90625,3.90625,3.341687552213868,3.341687552213868,3.341687552213868,3.341687552213868,3.8535645472061657,3.8535645472061657,3.8535645472061657,3.8535645472061657,3.7488284910965324,3.7488284910965324,3.7488284910965324,3.7488284910965324,3.7488284910965324,3.933910306845004,3.933910306845004,3.933910306845004,3.933910306845004,3.7914691943127963,3.7914691943127963,3.7914691943127963,3.7914691943127963,3.5938903863432166],"raf":[288,269,360,314,277,255,281,233,321,251,247,205,233,465,270,229,242,273,271,252,231,279,292,265,255,257,235,247,277,277,244,274,260,269,256,284,304]}