{"time":[3.0130000000000003,3.107,3.2060000000000004,3.3200000000000003,3.426,3.5220000000000002,3.6170000000000004,3.7130000000000005,3.8090000000000006,3.9030000000000005,3.9950000000000006,4.0920000000000005,4.1850000000000005,4.283,4.383,4.481,4.5809999999999995,4.675,4.769,4.875,4.97,5.072,5.179,5.2860000000000005,5.397,5.495,5.606,5.72,5.818,5.927,6.039,6.154,6.252,6.362,6.474,6.573,6.672000000000001,6.824000000000001,6.990000000000001,7.161000000000001,7.260000000000002,7.4220000000000015,7.558000000000002,7.651000000000002,7.746000000000001,7.841000000000001,7.937000000000001,8.042000000000002,8.139000000000001,8.237000000000002,8.605000000000002,8.773000000000001,8.858000000000002,8.952000000000002,9.048000000000002,9.140000000000002,9.237000000000002,9.338000000000003,9.438000000000002,9.533000000000003,9.628000000000004,9.723000000000004,9.823000000000004,9.925000000000004,10.021000000000004,10.115000000000004,10.212000000000003,10.306000000000003,10.404000000000003,10.501000000000003,10.596000000000004,10.693000000000003,10.788000000000004,10.888000000000003,10.985000000000003,11.090000000000003,11.184000000000003,11.284000000000002,11.383000000000003,11.479000000000003,11.576000000000002,11.682000000000002,11.777000000000003,11.881000000000002,11.978000000000002,12.073000000000002,12.170000000000002,12.323000000000002,12.415000000000003,12.513000000000003,12.608000000000004,12.704000000000004,12.808000000000003,12.904000000000003],"fps":[9.718172983479105,9.718172983479105,9.718172983479105,9.718172983479105,9.718172983479105,9.718172983479105,9.718172983479105,9.718172983479105,9.718172983479105,9.718172983479105,10.232558139534884,10.232558139534884,10.232558139534884,10.232558139534884,10.232558139534884,10.232558139534884,10.232558139534884,10.232558139534884,10.232558139534884,10.232558139534884,10.232558139534884,10.21355617455896,10.21355617455896,10.21355617455896,10.21355617455896,10.21355617455896,10.21355617455896,10.21355617455896,10.21355617455896,10.21355617455896,10.21355617455896,9.242144177449168,9.242144177449168,9.242144177449168,9.242144177449168,9.242144177449168,9.242144177449168,9.242144177449168,9.242144177449168,7.944389275074479,7.944389275074479,7.944389275074479,7.944389275074479,7.944389275074479,7.944389275074479,7.944389275074479,7.944389275074479,7.944389275074479,7.944389275074479,9.293680297397769,9.293680297397769,9.293680297397769,9.293680297397769,9.293680297397769,9.293680297397769,9.293680297397769,9.293680297397769,7.266121707538601,7.266121707538601,7.266121707538601,7.266121707538601,7.266121707538601,7.266121707538601,7.266121707538601,7.266121707538601,7.266121707538601,7.266121707538601,7.266121707538601,10.318949343339588,10.318949343339588,10.318949343339588,10.318949343339588,10.318949343339588,10.318949343339588,10.318949343339588,10.318949343339588,10.318949343339588,10.318949343339588,10.318949343339588,10.223048327137546,10.223048327137546,10.223048327137546,10.223048327137546,10.223048327137546,10.223048327137546,10.223048327137546,10.223048327137546,10.223048327137546,10.223048327137546,9.68054211035818,9.68054211035818,9.68054211035818,9.68054211035818,9.68054211035818],"raf":[93,94,99,114,106,96,95,96,96,94,92,97,93,98,100,98,100,94,94,106,95,102,107,107,111,98,111,114,98,110,111,115,98,110,112,99,99,152,166,171,99,162,136,93,95,95,96,105,97,98,368,168,85,94,96,92,97,101,100,95,95,95,100,102,96,94,97,94,98,97,95,97,95,100,97,105,94,100,100,96,96,106,95,104,97,95,97,153,92,98,95,96,104,96]}