{"time":[5.220000000000001,8.173,11.076],"fps":[0.683526999316473,0.3386386725364037,0.34447123665173957],"raf":[2455,2953,2903]}