{"time":[3.467,3.986,4.507000000000001,4.964,5.408,5.854,6.305,6.754,7.297,7.723,8.169,8.611,9.054,9.496,9.940000000000001,10.446000000000002,10.968000000000002,11.401000000000002,11.853000000000002,12.344000000000001],"fps":[1.4684287812041117,1.4684287812041117,1.9230769230769231,1.9230769230769231,1.9230769230769231,2.2271714922048997,2.2271714922048997,2.2271714922048997,2.079002079002079,2.079002079002079,2.079002079002079,2.2831050228310503,2.2831050228310503,2.2831050228310503,2.2573363431151243,2.2573363431151243,1.9455252918287937,1.9455252918287937,1.9455252918287937,2.1802325581395348],"raf":[572,519,521,457,444,446,451,449,543,426,446,442,443,442,444,506,522,433,452,491]}