{"time":[3.0220000000000007,3.0800000000000005,3.1430000000000007,3.1970000000000005,3.2530000000000006,3.3090000000000006,3.3700000000000006,3.4330000000000007,3.4940000000000007,3.5520000000000005,3.6130000000000004,3.6670000000000003,3.7220000000000004,3.7790000000000004,3.8310000000000004,3.8840000000000003,3.942,3.998,4.065,4.118,4.178,4.234,4.285,4.349,4.404,4.452,4.5,4.55,4.596,4.65,4.697,4.756,4.808,4.859,4.915,4.973,5.023,5.0729999999999995,5.138,5.201,5.263,5.322,5.377,5.428999999999999,5.480999999999999,5.541999999999999,5.595999999999999,5.6579999999999995,5.718999999999999,5.77,5.821,5.872,5.9239999999999995,5.983,6.032,6.082,6.157,6.232,6.292,6.357,6.423,6.517,6.6160000000000005,6.680000000000001,6.7490000000000006,6.835000000000001,6.898000000000001,6.956,7.017,7.074000000000001,7.128000000000001,7.207000000000001,7.265000000000001,7.333,7.425,7.5089999999999995,7.563,7.614,7.672,7.726999999999999,7.778,7.832999999999999,7.938999999999999,7.984999999999999,8.040999999999999,8.092999999999998,8.150999999999998,8.203999999999999,8.264,8.322,8.373,8.43,8.483,8.641,8.689,8.74,8.795,8.861,8.917,9.018,9.068000000000001,9.125000000000002,9.184000000000001,9.242,9.299000000000001,9.364,9.425,9.483,9.538,9.59,9.642,9.702,9.757,9.808,9.871,9.934000000000001,10.077000000000002,10.156000000000002,10.208000000000002,10.259000000000002,10.315000000000001,10.369000000000002,10.432000000000002,10.482000000000003,10.549000000000003,10.614000000000003,10.673000000000002,10.723000000000003,10.776000000000003,10.830000000000004,10.890000000000004,10.944000000000004,11.004000000000005,11.057000000000006,11.124000000000006,11.181000000000006,11.241000000000007,11.295000000000007,11.365000000000007,11.426000000000007,11.479000000000008,11.534000000000008,11.589000000000008,11.648000000000007,11.707000000000006,11.775000000000006,11.827000000000005,11.889000000000005,11.945000000000004,11.999000000000004,12.065000000000005,12.124000000000004,12.182000000000004,12.240000000000004,12.306000000000004,12.369000000000005,12.430000000000005,12.487000000000005,12.543000000000005,12.599000000000004,12.656000000000004,12.708000000000004,12.767000000000003,12.825000000000003,12.877000000000002,12.934000000000003,12.996000000000002],"fps":[11.483253588516746,11.483253588516746,12.935323383084578,12.935323383084578,12.935323383084578,12.935323383084578,12.935323383084578,12.935323383084578,12.935323383084578,12.935323383084578,12.935323383084578,12.935323383084578,12.935323383084578,12.935323383084578,12.935323383084578,12.935323383084578,12.935323383084578,12.935323383084578,12.935323383084578,12.935323383084578,17.391304347826086,17.391304347826086,17.391304347826086,17.391304347826086,17.391304347826086,17.391304347826086,17.391304347826086,17.391304347826086,17.391304347826086,17.391304347826086,17.391304347826086,17.391304347826086,17.391304347826086,17.391304347826086,17.391304347826086,17.391304347826086,17.391304347826086,17.391304347826086,17.391304347826086,18.57282502443793,18.57282502443793,18.57282502443793,18.57282502443793,18.57282502443793,18.57282502443793,18.57282502443793,18.57282502443793,18.57282502443793,18.57282502443793,18.57282502443793,18.57282502443793,18.57282502443793,18.57282502443793,18.57282502443793,18.57282502443793,18.57282502443793,18.57282502443793,17.458777885548013,17.458777885548013,17.458777885548013,17.458777885548013,17.458777885548013,17.458777885548013,17.458777885548013,17.458777885548013,17.458777885548013,17.458777885548013,17.458777885548013,17.458777885548013,17.458777885548013,17.458777885548013,17.458777885548013,14.52081316553727,14.52081316553727,14.52081316553727,14.52081316553727,14.52081316553727,14.52081316553727,14.52081316553727,14.52081316553727,14.52081316553727,14.52081316553727,14.52081316553727,14.52081316553727,14.52081316553727,14.52081316553727,14.52081316553727,14.52081316553727,14.52081316553727,16.08325449385052,16.08325449385052,16.08325449385052,16.08325449385052,16.08325449385052,16.08325449385052,16.08325449385052,16.08325449385052,16.08325449385052,16.08325449385052,16.08325449385052,16.08325449385052,16.08325449385052,16.08325449385052,16.08325449385052,16.08325449385052,15.355086372360844,15.355086372360844,15.355086372360844,15.355086372360844,15.355086372360844,15.355086372360844,15.355086372360844,15.355086372360844,15.355086372360844,15.355086372360844,15.355086372360844,15.355086372360844,15.355086372360844,15.355086372360844,15.355086372360844,15.355086372360844,15.904572564612327,15.904572564612327,15.904572564612327,15.904572564612327,15.904572564612327,15.904572564612327,15.904572564612327,15.904572564612327,15.904572564612327,15.904572564612327,15.904572564612327,15.904572564612327,15.904572564612327,15.904572564612327,15.904572564612327,15.904572564612327,15.904572564612327,15.904572564612327,17.045454545454547,17.045454545454547,17.045454545454547,17.045454545454547,17.045454545454547,17.045454545454547,17.045454545454547,17.045454545454547,17.045454545454547,17.045454545454547,17.045454545454547,17.045454545454547,17.045454545454547,17.045454545454547,17.045454545454547,17.045454545454547,17.045454545454547,16.932270916334662,16.932270916334662,16.932270916334662,16.932270916334662,16.932270916334662,16.932270916334662,16.932270916334662,16.932270916334662,16.932270916334662,16.932270916334662,16.932270916334662],"raf":[60,58,63,54,56,56,61,63,61,58,61,54,55,57,52,53,58,56,67,53,60,57,50,64,55,48,48,50,46,54,47,59,52,51,56,58,50,50,65,63,62,59,55,52,53,60,55,61,61,51,51,51,52,59,49,50,75,75,60,65,66,94,99,64,69,86,63,58,61,57,54,79,58,68,92,84,54,51,58,55,51,55,106,46,56,52,58,53,60,58,51,57,53,158,48,51,55,66,56,101,50,58,58,58,57,65,61,58,55,52,52,60,55,52,62,63,143,79,52,51,57,54,62,50,67,65,59,50,53,54,60,54,60,53,67,57,60,54,70,61,53,55,55,59,59,68,52,62,56,54,66,59,58,58,66,63,61,57,56,56,57,52,59,58,52,57,62]}