{"time":[3.1140000000000003,3.2760000000000002,3.4970000000000003,3.7300000000000004,3.8950000000000005,4.105,4.282,4.413,4.563000000000001,4.727,4.891,5.059,5.216,5.355,5.485,5.642,5.808000000000001,5.974000000000001,6.136000000000001,6.280000000000001,6.433000000000001,6.619000000000001,6.761000000000001,6.929000000000001,7.080000000000001,7.223000000000001,7.369000000000001,7.529000000000001,7.673000000000001,7.8260000000000005,8.001000000000001,8.156,8.349,8.53,8.725,8.876,9.04,9.200999999999999,9.376,9.564,9.768,10.005,10.159,10.313,10.511000000000001,10.659,10.808,11.051,11.206,11.397,11.576,11.771,11.962000000000002,12.207,12.47,12.643,12.83],"fps":[5.084745762711864,5.084745762711864,5.084745762711864,5.084745762711864,5.084745762711864,5.267778753292362,5.267778753292362,5.267778753292362,5.267778753292362,5.267778753292362,5.267778753292362,5.267778753292362,6.300630063006301,6.300630063006301,6.300630063006301,6.300630063006301,6.300630063006301,6.300630063006301,6.300630063006301,6.578947368421052,6.578947368421052,6.578947368421052,6.578947368421052,6.578947368421052,6.578947368421052,6.578947368421052,6.4279155188246095,6.4279155188246095,6.4279155188246095,6.4279155188246095,6.4279155188246095,6.4279155188246095,6.4279155188246095,6.029285099052541,6.029285099052541,6.029285099052541,6.029285099052541,6.029285099052541,6.029285099052541,5.802707930367505,5.802707930367505,5.802707930367505,5.802707930367505,5.802707930367505,5.802707930367505,5.47945205479452,5.47945205479452,5.47945205479452,5.47945205479452,5.47945205479452,5.47945205479452,5.39568345323741,5.39568345323741,5.39568345323741,5.39568345323741,5.39568345323741,4.721435316336166],"raf":[148,162,221,233,165,210,177,132,149,164,164,168,157,139,130,157,166,166,162,144,153,186,142,168,151,144,145,160,144,153,175,155,193,181,195,151,164,161,175,188,204,237,154,154,198,148,150,242,155,191,179,195,191,245,263,173,187]}