{"time":[3.1879999999999997,3.3529999999999998,3.517,3.717,3.911,4.109,4.367,4.617,4.826,5.026,5.226,5.434,5.659,5.926,6.148000000000001,6.346000000000001,6.519000000000001,6.752000000000001,7.006,7.204000000000001,7.433000000000001,7.663000000000001,7.8610000000000015,8.052000000000001,8.349000000000002,8.601000000000003,8.830000000000002,9.069000000000003,9.285000000000002,9.632000000000001,9.814000000000002,10.012000000000002,10.208000000000002,10.473000000000003,10.786000000000003,11.039000000000003,11.368000000000004,11.568000000000003,11.812000000000003,12.087000000000003,12.342000000000004,12.598000000000004,12.809000000000005],"fps":[4.528985507246377,4.528985507246377,4.528985507246377,4.528985507246377,4.528985507246377,4.528985507246377,5.089058524173028,5.089058524173028,5.089058524173028,5.089058524173028,5.089058524173028,4.686035613870666,4.686035613870666,4.686035613870666,4.686035613870666,4.686035613870666,4.608294930875576,4.608294930875576,4.608294930875576,4.608294930875576,4.608294930875576,4.370629370629371,4.370629370629371,4.370629370629371,4.370629370629371,4.370629370629371,4.284490145672665,4.284490145672665,4.284490145672665,4.284490145672665,4.284490145672665,4.230118443316413,4.230118443316413,4.230118443316413,4.230118443316413,3.8948393378773125,3.8948393378773125,3.8948393378773125,3.8948393378773125,3.816793893129771,3.816793893129771,3.816793893129771,3.816793893129771],"raf":[199,165,164,200,194,198,258,250,209,200,200,208,225,267,222,198,173,234,253,198,229,230,198,191,297,252,229,239,216,347,182,198,196,265,313,253,329,200,244,275,255,256,211]}