{"time":[3.349,3.867,4.404,4.942,5.479,5.994,6.524,7.03,7.534000000000001,8.052000000000001,8.574000000000002,9.091000000000001,9.603000000000002,10.114,10.665000000000001,11.182,11.732000000000001,12.257000000000001,12.797],"fps":[1.7482517482517483,1.7482517482517483,1.8957345971563981,1.8957345971563981,1.8604651162790697,1.8604651162790697,1.9138755980861244,1.9138755980861244,1.9801980198019802,1.9801980198019802,1.9230769230769231,1.9230769230769231,1.9436345966958213,1.9436345966958213,1.8832391713747645,1.8832391713747645,1.8744142455482662,1.8744142455482662,1.8779342723004695],"raf":[530,518,537,538,537,515,530,507,503,518,522,517,512,512,550,517,550,525,540]}