{"time":[3.028,3.445,3.86,4.292,4.701,5.114,5.518,5.935,6.356999999999999,6.763999999999999,7.191999999999999,7.616999999999999,8.050999999999998,8.459999999999999,8.921,9.312999999999999,9.703999999999999,10.107999999999999,10.520999999999999,10.911999999999999,11.361999999999998,11.780999999999999,12.193,12.703],"fps":[2.3130300693909023,2.3130300693909023,2.3130300693909023,2.3734177215189876,2.3734177215189876,2.3734177215189876,2.4469820554649266,2.4469820554649266,2.4469820554649266,2.407704654895666,2.407704654895666,2.407704654895666,2.331002331002331,2.331002331002331,2.331002331002331,2.3771790808240887,2.3771790808240887,2.3771790808240887,2.4834437086092715,2.4834437086092715,2.4834437086092715,2.380952380952381,2.380952380952381,2.380952380952381],"raf":[445,417,415,432,409,413,404,417,422,407,428,425,434,409,461,392,391,404,413,391,450,419,412,510]}