{"time":[3.0370000000000004,3.2230000000000003,3.3670000000000004,3.5170000000000003,3.6810000000000005,3.8380000000000005,4.011,4.164,4.322,4.474,4.62,4.872,5.109,5.409,5.66,5.901,6.133,6.29,6.465,6.704,6.866,7.015,7.193,7.348999999999999,7.515999999999999,7.7509999999999994,7.992999999999999,8.144,8.292,8.448,8.602,8.76,8.927,9.083,9.232,9.383,9.536,9.75,9.894,10.042,10.182,10.327,10.486,10.64,10.795,10.949,11.267,11.463999999999999,11.594,11.770999999999999,11.934,12.097,12.244,12.405,12.58,12.749,12.9],"fps":[4.8076923076923075,4.8076923076923075,4.8076923076923075,4.8076923076923075,4.8076923076923075,4.8076923076923075,4.8076923076923075,6.211180124223603,6.211180124223603,6.211180124223603,6.211180124223603,6.211180124223603,6.211180124223603,4.819277108433735,4.819277108433735,4.819277108433735,4.819277108433735,4.819277108433735,4.734848484848484,4.734848484848484,4.734848484848484,4.734848484848484,4.734848484848484,4.734848484848484,5.708848715509039,5.708848715509039,5.708848715509039,5.708848715509039,5.708848715509039,5.708848715509039,5.524861878453039,5.524861878453039,5.524861878453039,5.524861878453039,5.524861878453039,5.524861878453039,5.524861878453039,6.097560975609756,6.097560975609756,6.097560975609756,6.097560975609756,6.097560975609756,6.097560975609756,6.097560975609756,6.698564593301436,6.698564593301436,6.698564593301436,6.698564593301436,6.698564593301436,6.698564593301436,5.267778753292362,5.267778753292362,5.267778753292362,5.267778753292362,5.267778753292362,5.267778753292362,5.267778753292362],"raf":[205,186,144,150,164,157,173,153,158,152,146,252,237,300,251,241,232,157,175,239,162,149,178,156,167,235,243,150,148,156,154,158,167,156,149,151,153,214,144,148,141,144,159,154,155,154,318,197,130,177,163,163,147,161,175,169,151]}