{"time":[4.103,5.489,6.699,7.819,8.992,10.193000000000001,11.486,12.751000000000001],"fps":[0.6720430107526881,0.7215007215007215,0.8264462809917356,0.8928571428571429,0.8525149190110827,0.832639467110741,0.7733952049497294,0.7905138339920948],"raf":[1488,1386,1210,1120,1173,1201,1293,1265]}