{"time":[3.007,3.12,3.23,3.34,3.457,3.5749999999999997,3.7079999999999997,3.823,3.936,4.048,4.157,4.264,4.371,4.4830000000000005,4.603000000000001,4.718000000000001,4.828000000000001,4.936000000000001,5.050000000000001,5.1610000000000005,5.276000000000001,5.423000000000001,5.593000000000001,5.7540000000000004,5.896000000000001,6.029000000000001,6.151000000000001,6.269000000000001,6.386000000000001,6.521000000000001,6.657000000000001,6.792000000000001,6.920000000000001,7.055000000000001,7.180000000000001,7.325,7.524,7.702,7.845,7.992999999999999,8.151,8.315999999999999,8.499999999999998,8.689999999999998,8.897999999999998,9.006999999999998,9.119999999999997,9.333999999999998,9.550999999999998,9.706999999999999,9.844,10.116,10.274,10.42,10.553,10.701,10.827,10.954,11.078000000000001,11.202000000000002,11.334000000000001,11.474000000000002,11.609000000000002,11.735000000000001,11.861,12.006,12.204,12.416,12.535,12.688,12.806000000000001,12.925],"fps":[8.226691042047532,8.226691042047532,8.226691042047532,8.226691042047532,8.379888268156424,8.379888268156424,8.379888268156424,8.379888268156424,8.379888268156424,8.379888268156424,8.379888268156424,8.379888268156424,8.379888268156424,8.771929824561404,8.771929824561404,8.771929824561404,8.771929824561404,8.771929824561404,8.771929824561404,8.771929824561404,8.771929824561404,8.771929824561404,8.108108108108109,8.108108108108109,8.108108108108109,8.108108108108109,8.108108108108109,8.108108108108109,8.108108108108109,8.108108108108109,7.518796992481203,7.518796992481203,7.518796992481203,7.518796992481203,7.518796992481203,7.518796992481203,7.518796992481203,6.698564593301436,6.698564593301436,6.698564593301436,6.698564593301436,6.698564593301436,6.698564593301436,6.698564593301436,5.852842809364549,5.852842809364549,5.852842809364549,5.852842809364549,5.852842809364549,5.852842809364549,5.852842809364549,5.747126436781609,5.747126436781609,5.747126436781609,5.747126436781609,5.747126436781609,5.747126436781609,5.747126436781609,5.747126436781609,7.366482504604051,7.366482504604051,7.366482504604051,7.366482504604051,7.366482504604051,7.366482504604051,7.366482504604051,6.986027944111776,6.986027944111776,6.986027944111776,6.986027944111776,6.986027944111776,6.986027944111776],"raf":[115,113,110,110,117,118,133,115,113,112,109,107,107,112,120,115,110,108,114,111,115,147,170,161,142,133,122,118,117,135,136,135,128,135,125,145,199,178,143,148,158,165,184,190,208,109,113,214,217,156,137,272,158,146,133,148,126,127,124,124,132,141,134,126,126,145,198,212,119,153,118,119]}