{"time":[3.0610000000000004,3.1950000000000003,3.3280000000000003,3.4530000000000003,3.5920000000000005,3.7160000000000006,3.8470000000000004,3.9950000000000006,4.222,4.343,4.475,4.6129999999999995,4.786,4.912,5.041,5.175000000000001,5.299,5.432,5.562,5.696000000000001,5.8340000000000005,6.013000000000001,6.1770000000000005,6.304,6.436,6.578,6.720000000000001,6.851000000000001,6.977000000000001,7.1030000000000015,7.239000000000002,7.365000000000002,7.490000000000002,7.618000000000002,7.740000000000002,7.870000000000002,8.000000000000002,8.135000000000002,8.270000000000001,8.403000000000002,8.535000000000002,8.656000000000002,8.794000000000002,8.923000000000002,9.059000000000001,9.191,9.32,9.452,9.582,9.716000000000001,9.868,10.014000000000001,10.161000000000001,10.333000000000002,10.514000000000001,10.662,10.82,10.957,11.086,11.224,11.353,11.482,11.600999999999999,11.745,11.895,12.045,12.175,12.314,12.46,12.611,12.761000000000001,12.886000000000001],"fps":[6.529850746268656,6.529850746268656,6.529850746268656,6.529850746268656,7.4487895716946,7.4487895716946,7.4487895716946,7.4487895716946,7.4487895716946,7.4487895716946,7.4487895716946,6.8560235063663075,6.8560235063663075,6.8560235063663075,6.8560235063663075,6.8560235063663075,6.8560235063663075,6.8560235063663075,6.8560235063663075,7.386888273314866,7.386888273314866,7.386888273314866,7.386888273314866,7.386888273314866,7.386888273314866,7.386888273314866,6.8359375,6.8359375,6.8359375,6.8359375,6.8359375,6.8359375,6.8359375,6.8359375,7.8431372549019605,7.8431372549019605,7.8431372549019605,7.8431372549019605,7.8431372549019605,7.8431372549019605,7.8431372549019605,7.8431372549019605,7.590132827324478,7.590132827324478,7.590132827324478,7.590132827324478,7.590132827324478,7.590132827324478,7.590132827324478,7.590132827324478,7.4487895716946,7.4487895716946,7.4487895716946,7.4487895716946,7.4487895716946,7.4487895716946,7.4487895716946,6.4279155188246095,6.4279155188246095,6.4279155188246095,6.4279155188246095,6.4279155188246095,6.4279155188246095,6.4279155188246095,6.4279155188246095,7.352941176470588,7.352941176470588,7.352941176470588,7.352941176470588,7.352941176470588,7.352941176470588,7.352941176470588],"raf":[139,134,133,125,139,124,131,148,227,121,132,138,173,127,128,134,124,133,130,134,138,179,164,127,132,142,142,131,126,126,136,126,125,128,122,130,130,135,135,133,132,122,137,129,136,132,129,132,130,134,152,146,147,172,181,148,158,137,129,138,129,129,119,144,150,150,130,139,147,150,150,126]}