{"time":[3.0620000000000007,3.1520000000000006,3.3540000000000005,3.4420000000000006,3.521000000000001,3.6110000000000007,3.6920000000000006,3.8100000000000005,3.9490000000000007,4.021000000000001,4.103000000000001,4.1770000000000005,4.260000000000001,4.337000000000001,4.457000000000001,4.5840000000000005,4.670000000000001,4.748000000000001,4.833000000000001,4.908000000000001,4.988000000000001,5.067000000000001,5.195000000000001,5.344000000000001,5.415000000000001,5.495000000000001,5.569000000000001,5.695000000000001,5.784000000000002,5.856000000000002,5.941000000000002,6.035000000000002,6.118000000000002,6.267000000000002,6.350000000000002,6.4330000000000025,6.520000000000002,6.601000000000003,6.685000000000002,6.764000000000002,6.844000000000002,6.924000000000002,7.0100000000000025,7.097000000000002,7.1830000000000025,7.271000000000003,7.349000000000003,7.439000000000003,7.523000000000002,7.603000000000002,7.689000000000003,7.772000000000003,7.853000000000003,7.942000000000004,8.024000000000004,8.106000000000005,8.188000000000006,8.276000000000005,8.362000000000005,8.442000000000005,8.522000000000006,8.613000000000005,8.694000000000004,8.786000000000005,8.873000000000005,8.957000000000004,9.039000000000005,9.128000000000005,9.230000000000006,9.311000000000005,9.396000000000006,9.478000000000007,9.559000000000006,9.657000000000007,9.740000000000007,9.821000000000007,9.918000000000006,10.006000000000006,10.105000000000006,10.235000000000007,10.338000000000006,10.450000000000006,10.567000000000007,10.685000000000008,10.789000000000007,10.901000000000007,10.999000000000008,11.108000000000008,11.239000000000008,11.399000000000008,11.513000000000009,11.661000000000008,11.798000000000009,11.950000000000008,12.139000000000008,12.316000000000008,12.412000000000008,12.520000000000008,12.706000000000008,12.91600000000001],"fps":[7.8277886497064575,7.8277886497064575,10.178117048346056,10.178117048346056,10.178117048346056,10.178117048346056,10.178117048346056,10.178117048346056,10.178117048346056,10.178117048346056,10.178117048346056,10.178117048346056,10.178117048346056,10.178117048346056,10.879419764279238,10.879419764279238,10.879419764279238,10.879419764279238,10.879419764279238,10.879419764279238,10.879419764279238,10.879419764279238,10.879419764279238,10.879419764279238,10.879419764279238,10.597302504816955,10.597302504816955,10.597302504816955,10.597302504816955,10.597302504816955,10.597302504816955,10.597302504816955,10.597302504816955,10.597302504816955,10.597302504816955,10.597302504816955,10.721247563352826,10.721247563352826,10.721247563352826,10.721247563352826,10.721247563352826,10.721247563352826,10.721247563352826,10.721247563352826,10.721247563352826,10.721247563352826,10.721247563352826,10.721247563352826,11.976047904191617,11.976047904191617,11.976047904191617,11.976047904191617,11.976047904191617,11.976047904191617,11.976047904191617,11.976047904191617,11.976047904191617,11.976047904191617,11.976047904191617,11.976047904191617,11.976047904191617,11.926605504587156,11.926605504587156,11.926605504587156,11.926605504587156,11.926605504587156,11.926605504587156,11.926605504587156,11.926605504587156,11.926605504587156,11.926605504587156,11.926605504587156,11.926605504587156,11.494252873563218,11.494252873563218,11.494252873563218,11.494252873563218,11.494252873563218,11.494252873563218,11.494252873563218,11.494252873563218,11.494252873563218,11.494252873563218,9.718172983479105,9.718172983479105,9.718172983479105,9.718172983479105,9.718172983479105,9.718172983479105,9.718172983479105,9.718172983479105,9.718172983479105,8.093525179856115,8.093525179856115,8.093525179856115,8.093525179856115,8.093525179856115,8.093525179856115,8.093525179856115,6.261180679785331],"raf":[81,90,202,88,80,89,81,118,139,72,82,74,83,77,120,127,86,78,85,75,80,79,128,149,71,80,74,126,89,72,85,94,83,149,83,83,88,80,84,79,80,80,86,87,86,88,78,90,84,80,86,83,81,89,83,81,82,88,86,80,80,91,82,91,87,84,82,89,102,81,85,82,81,98,83,81,97,88,99,130,103,112,117,119,103,112,98,109,131,160,114,148,137,152,189,177,96,108,186,210]}