{"time":[3.0510000000000006,3.1430000000000007,3.2230000000000008,3.3050000000000006,3.3930000000000007,3.504000000000001,3.583000000000001,3.6620000000000013,3.743000000000001,3.825000000000001,3.907000000000001,4.070000000000001,4.159000000000002,4.234000000000002,4.312000000000002,4.392000000000002,4.4730000000000025,4.572000000000003,4.855000000000003,4.973000000000003,5.065000000000003,5.155000000000003,5.264000000000003,5.3720000000000026,5.471000000000003,5.553000000000003,5.6350000000000025,5.720000000000002,5.797000000000002,5.880000000000003,5.961000000000003,6.040000000000003,6.1350000000000025,6.217000000000002,6.295000000000003,6.374000000000002,6.471000000000003,6.618000000000003,6.692000000000003,6.770000000000003,6.847000000000003,6.943000000000003,7.023000000000003,7.107000000000003,7.1910000000000025,7.271000000000003,7.578000000000003,7.654000000000003,7.788000000000003,7.914000000000003,7.988000000000003,8.066000000000003,8.144000000000002,8.222000000000001,8.356000000000002,8.504000000000001,8.588000000000001,8.666,8.758000000000001,8.913,9.041,9.120000000000001,9.201,9.279,9.357,10.388,10.469,10.549999999999999,10.626999999999999,10.704999999999998,10.779999999999998,10.854999999999997,10.930999999999997,11.007999999999997,11.097999999999997,11.177999999999997,11.256999999999998,11.337999999999997,11.418999999999997,11.507999999999997,11.588999999999997,11.677999999999997,11.788999999999998,11.870999999999999,11.957999999999998,12.038999999999998,12.116999999999997,12.210999999999997,12.304999999999996,12.380999999999997,12.469999999999997,12.552999999999997,12.628999999999998,12.714999999999998,12.795999999999998,12.874999999999998,12.953999999999999],"fps":[8.403361344537815,8.403361344537815,8.403361344537815,8.403361344537815,8.403361344537815,8.403361344537815,8.403361344537815,8.403361344537815,8.403361344537815,8.403361344537815,8.403361344537815,10.899182561307901,10.899182561307901,10.899182561307901,10.899182561307901,10.899182561307901,10.899182561307901,10.899182561307901,10.899182561307901,10.899182561307901,10.899182561307901,9.216589861751151,9.216589861751151,9.216589861751151,9.216589861751151,9.216589861751151,9.216589861751151,9.216589861751151,9.216589861751151,9.216589861751151,9.216589861751151,9.216589861751151,9.216589861751151,11.299435028248588,11.299435028248588,11.299435028248588,11.299435028248588,11.299435028248588,11.299435028248588,11.299435028248588,11.299435028248588,11.299435028248588,11.299435028248588,11.299435028248588,11.299435028248588,11.385199240986717,11.385199240986717,11.385199240986717,11.385199240986717,11.385199240986717,11.385199240986717,11.385199240986717,11.385199240986717,11.385199240986717,8.294930875576037,8.294930875576037,8.294930875576037,8.294930875576037,8.294930875576037,8.294930875576037,8.294930875576037,8.294930875576037,8.294930875576037,8.294930875576037,9.99000999000999,0.9699321047526673,0.9699321047526673,0.9699321047526673,0.9699321047526673,0.9699321047526673,0.9699321047526673,0.9699321047526673,0.9699321047526673,0.9699321047526673,0.9699321047526673,0.9699321047526673,0.9699321047526673,0.9699321047526673,12.609117361784675,12.609117361784675,12.609117361784675,12.609117361784675,12.609117361784675,12.609117361784675,12.609117361784675,12.609117361784675,12.609117361784675,12.609117361784675,12.609117361784675,12.609117361784675,11.417697431018079,11.417697431018079,11.417697431018079,11.417697431018079,11.417697431018079,11.417697431018079,11.417697431018079],"raf":[82,93,79,82,88,111,79,79,81,82,82,163,89,75,78,80,81,99,283,118,92,90,109,109,98,82,82,85,77,83,81,79,95,82,78,79,98,146,75,77,77,96,80,84,84,80,307,76,134,126,74,78,78,78,134,148,84,78,92,155,128,79,81,78,78,1031,81,81,77,78,75,75,76,77,90,80,79,81,81,89,81,89,112,81,87,81,78,94,94,76,89,83,76,86,81,79,79]}