{"time":[3.0550000000000006,3.1920000000000006,3.303000000000001,3.415000000000001,3.516000000000001,3.627000000000001,3.753000000000001,3.866000000000001,3.994000000000001,4.118000000000001,4.252000000000002,4.409000000000002,4.551000000000002,4.792000000000002,5.003000000000002,5.260000000000002,5.400000000000001,5.558000000000002,5.820000000000002,6.075000000000002,6.185000000000002,6.375000000000003,6.501000000000003,6.631000000000003,6.780000000000003,6.876000000000003,7.023000000000003,7.2180000000000035,7.381000000000004,7.600000000000004,7.821000000000004,8.017000000000005,8.206000000000005,8.373000000000005,8.506000000000004,8.680000000000003,8.820000000000004,8.997000000000003,9.228000000000003,9.450000000000003,9.717000000000002,9.899000000000003,10.089000000000002,10.251000000000003,10.416000000000002,10.633000000000003,10.876000000000003,11.242000000000003,11.420000000000003,11.562000000000003,11.719000000000003,11.819000000000003,11.983000000000002,12.140000000000002,12.264000000000003,12.373000000000003,12.497000000000003,12.614000000000004,12.734000000000004,12.830000000000004,12.944000000000004],"fps":[7.285974499089253,6.937561942517344,6.937561942517344,6.937561942517344,6.937561942517344,6.937561942517344,6.937561942517344,6.937561942517344,6.937561942517344,6.937561942517344,8.49056603773585,8.49056603773585,8.49056603773585,8.49056603773585,8.49056603773585,4.9603174603174605,4.9603174603174605,4.9603174603174605,4.9603174603174605,4.9603174603174605,4.9603174603174605,5.381165919282512,5.381165919282512,5.381165919282512,5.381165919282512,5.381165919282512,5.381165919282512,5.381165919282512,6.958250497017892,6.958250497017892,6.958250497017892,6.958250497017892,6.958250497017892,6.958250497017892,5.333333333333333,5.333333333333333,5.333333333333333,5.333333333333333,5.333333333333333,5.333333333333333,4.95458298926507,4.95458298926507,4.95458298926507,4.95458298926507,4.95458298926507,4.95458298926507,5.176876617773943,5.176876617773943,5.176876617773943,5.176876617773943,5.176876617773943,5.176876617773943,5.420054200542006,5.420054200542006,5.420054200542006,5.420054200542006,5.420054200542006,5.420054200542006,5.420054200542006,5.420054200542006,5.420054200542006],"raf":[163,137,111,112,101,111,126,113,128,124,134,157,142,241,211,257,140,158,262,256,109,190,126,130,149,96,147,195,163,219,221,196,189,167,133,174,140,177,231,222,267,182,190,162,166,216,243,366,179,141,157,100,164,157,124,110,123,118,119,96,114]}