{"time":[3.0269999999999997,3.147,3.2119999999999997,3.2809999999999997,3.3499999999999996,3.425,3.497,3.597,3.692,3.758,3.829,3.899,3.976,4.045,4.114,4.183,4.254,4.327999999999999,4.401,4.471,4.543,4.617,4.691,4.766,4.837,4.9079999999999995,4.9799999999999995,5.058,5.129,5.201,5.271999999999999,5.343999999999999,5.420999999999999,5.494,5.569,5.643,5.713,5.788,5.861000000000001,5.936000000000001,6.007000000000001,6.077000000000001,6.154000000000001,6.228000000000001,6.299,6.368,6.444,6.519,6.59,6.661,6.733,6.803999999999999,6.879,6.949999999999999,7.023999999999999,7.099999999999999,7.179999999999999,7.265999999999999,7.347999999999999,7.432999999999999,7.538999999999999,7.645999999999999,7.736999999999999,7.8309999999999995,7.925999999999999,8.01,8.091,8.171,8.25,8.329,8.430000000000001,8.549000000000001,8.627,8.729000000000001,8.826,8.906,8.985000000000001,9.068000000000001,9.146,9.281,9.397,9.478,9.561,9.65,9.816,9.991000000000001,10.166000000000002,10.340000000000002,10.486000000000002,10.575000000000003,10.666000000000002,10.744000000000002,10.822000000000001,10.899000000000001,10.988000000000001,11.065000000000001,11.143,11.218,11.295,11.37,11.460999999999999,11.551999999999998,11.634999999999998,11.716999999999999,11.796999999999999,11.95,12.03,12.103,12.177999999999999,12.254999999999999,12.328999999999999,12.411999999999999,12.511,12.588999999999999,12.665,12.741,12.818,12.898],"fps":[12.720156555772995,12.720156555772995,12.720156555772995,12.720156555772995,12.720156555772995,12.720156555772995,12.720156555772995,12.720156555772995,12.720156555772995,12.720156555772995,12.720156555772995,12.5968992248062,12.5968992248062,12.5968992248062,12.5968992248062,12.5968992248062,12.5968992248062,12.5968992248062,12.5968992248062,12.5968992248062,12.5968992248062,12.5968992248062,12.5968992248062,12.5968992248062,12.5968992248062,13.88888888888889,13.88888888888889,13.88888888888889,13.88888888888889,13.88888888888889,13.88888888888889,13.88888888888889,13.88888888888889,13.88888888888889,13.88888888888889,13.88888888888889,13.88888888888889,13.88888888888889,13.88888888888889,13.618677042801556,13.618677042801556,13.618677042801556,13.618677042801556,13.618677042801556,13.618677042801556,13.618677042801556,13.618677042801556,13.618677042801556,13.618677042801556,13.618677042801556,13.618677042801556,13.618677042801556,13.618677042801556,13.806706114398422,13.806706114398422,13.806706114398422,13.806706114398422,13.806706114398422,13.806706114398422,13.806706114398422,13.806706114398422,13.806706114398422,13.806706114398422,13.806706114398422,13.806706114398422,11.320754716981131,11.320754716981131,11.320754716981131,11.320754716981131,11.320754716981131,11.320754716981131,11.320754716981131,11.320754716981131,11.320754716981131,11.320754716981131,11.320754716981131,11.320754716981131,11.342155009451796,11.342155009451796,11.342155009451796,11.342155009451796,11.342155009451796,11.342155009451796,11.342155009451796,11.342155009451796,11.342155009451796,8.19672131147541,8.19672131147541,8.19672131147541,8.19672131147541,8.19672131147541,8.19672131147541,8.19672131147541,8.19672131147541,8.19672131147541,8.19672131147541,8.19672131147541,10.456273764258555,10.456273764258555,10.456273764258555,10.456273764258555,10.456273764258555,10.456273764258555,10.456273764258555,10.456273764258555,10.456273764258555,10.456273764258555,10.456273764258555,10.456273764258555,11.571841851494696,11.571841851494696,11.571841851494696,11.571841851494696,11.571841851494696,11.571841851494696,11.571841851494696,11.571841851494696,11.571841851494696],"raf":[90,120,65,69,69,75,72,100,95,66,71,71,76,69,69,69,71,75,72,70,72,74,74,75,71,71,73,77,71,72,71,72,77,73,75,74,70,76,72,75,71,70,77,74,71,69,76,75,71,71,72,71,74,71,74,76,80,86,82,85,106,107,91,93,95,84,81,80,79,79,101,119,78,102,97,80,79,83,78,135,116,81,83,89,166,175,175,174,146,89,91,78,78,77,89,77,78,75,77,75,91,91,83,82,80,153,80,73,75,77,74,83,99,78,76,76,77,80]}