{"time":[3.011,3.4160000000000004,3.6440000000000006,3.8540000000000005,4.034000000000001,4.208000000000001,4.377000000000001,4.540000000000001,4.692000000000001,4.855000000000001,4.991000000000001,5.1400000000000015,5.294000000000001,5.433000000000002,5.593000000000002,5.7440000000000015,5.904000000000002,6.053000000000002,6.195000000000002,6.340000000000002,6.477000000000002,6.611000000000002,6.748000000000003,6.886000000000003,7.019000000000003,7.166000000000003,7.325000000000003,7.578000000000003,7.764000000000003,7.898000000000003,8.070000000000004,8.256000000000004,8.380000000000004,8.510000000000005,8.642000000000005,8.838000000000005,9.028000000000004,9.158000000000005,9.359000000000005,10.157000000000005,10.289000000000005,10.435000000000006,10.609000000000005,10.785000000000005,10.950000000000005,11.103000000000005,11.264000000000005,11.429000000000004,11.634000000000004,11.797000000000004,11.953000000000005,12.107000000000005,12.251000000000005,12.389000000000005,12.526000000000005,12.673000000000005,12.825000000000005,12.972000000000005],"fps":[4.170141784820684,2.949852507374631,2.949852507374631,2.949852507374631,2.949852507374631,2.949852507374631,2.949852507374631,5.338078291814947,5.338078291814947,5.338078291814947,5.338078291814947,5.338078291814947,5.338078291814947,5.338078291814947,6.647673314339981,6.647673314339981,6.647673314339981,6.647673314339981,6.647673314339981,6.647673314339981,6.647673314339981,6.8762278978389,6.8762278978389,6.8762278978389,6.8762278978389,6.8762278978389,6.8762278978389,6.8762278978389,6.071118820468343,6.071118820468343,6.071118820468343,6.071118820468343,6.071118820468343,6.071118820468343,6.071118820468343,6.517690875232774,6.517690875232774,6.517690875232774,6.517690875232774,3.0326004548900682,3.0326004548900682,3.0326004548900682,3.0326004548900682,3.0326004548900682,3.0326004548900682,3.0326004548900682,6.323396567299007,6.323396567299007,6.323396567299007,6.323396567299007,6.323396567299007,6.323396567299007,6.323396567299007,6.222222222222222,6.222222222222222,6.222222222222222,6.222222222222222,6.222222222222222],"raf":[358,405,228,210,180,174,169,163,152,163,136,149,154,139,160,151,160,149,142,145,137,134,137,138,133,147,159,253,186,134,172,186,125,129,132,196,190,130,201,798,132,146,174,176,165,153,161,165,205,163,156,154,144,138,137,147,152,147]}