{"time":[3.1240000000000006,3.3110000000000004,3.4920000000000004,3.6720000000000006,3.8510000000000004,4.03,4.215,4.3919999999999995,4.574999999999999,4.754999999999999,4.933999999999999,5.116999999999999,5.299999999999999,5.482999999999999,5.673999999999999,5.871999999999999,6.068999999999999,6.2829999999999995,6.468999999999999,6.672,6.882,7.1129999999999995,7.404,7.665,7.843,8.022,8.217,8.441,8.615,8.796,8.988,9.184,9.362,9.544,9.933,10.182,10.349,10.529,10.709999999999999,10.892,11.074,11.26,11.445,11.628,11.814,11.995,12.181999999999999,12.367999999999999,12.605999999999998,12.843999999999998],"fps":[4.401408450704225,4.401408450704225,4.401408450704225,4.401408450704225,4.401408450704225,4.401408450704225,5.499541704857928,5.499541704857928,5.499541704857928,5.499541704857928,5.499541704857928,5.499541704857928,5.529953917050691,5.529953917050691,5.529953917050691,5.529953917050691,5.529953917050691,5.529953917050691,5.132591958939265,5.132591958939265,5.132591958939265,5.132591958939265,5.132591958939265,4.1806020066889635,4.1806020066889635,4.1806020066889635,4.1806020066889635,4.1806020066889635,4.1806020066889635,5.305039787798409,5.305039787798409,5.305039787798409,5.305039787798409,5.305039787798409,4.397537379067722,4.397537379067722,4.397537379067722,4.397537379067722,4.397537379067722,4.397537379067722,5.25854513584575,5.25854513584575,5.25854513584575,5.25854513584575,5.25854513584575,5.25854513584575,5.415162454873646,5.415162454873646,5.415162454873646,5.415162454873646],"raf":[200,187,181,180,179,179,185,177,183,180,179,183,183,183,191,198,197,214,186,203,210,231,291,261,178,179,195,224,174,181,192,196,178,182,389,249,167,180,181,182,182,186,185,183,186,181,187,186,238,238]}