{"time":[3.134,3.518,3.8979999999999997,4.268,4.6579999999999995,4.930999999999999,5.351999999999999,5.651,5.951,6.231,6.546,6.841,7.133,7.458,7.766,8.061,8.355,8.667,8.966,9.267,9.568,9.850999999999999,10.290999999999999,10.661999999999999,10.940999999999999,11.235999999999999,11.571,11.940999999999999,12.264999999999999,12.557999999999998],"fps":[2.235469448584203,2.235469448584203,2.525252525252525,2.525252525252525,2.525252525252525,2.904162633107454,2.904162633107454,2.904162633107454,2.9411764705882355,2.9411764705882355,2.9411764705882355,2.9411764705882355,3.3840947546531304,3.3840947546531304,3.3840947546531304,3.3840947546531304,3.2733224222585924,3.2733224222585924,3.2733224222585924,3.2733224222585924,3.2976092333058533,3.2976092333058533,3.2976092333058533,2.742230347349177,2.742230347349177,2.742230347349177,2.742230347349177,3.127443315089914,3.127443315089914,3.127443315089914],"raf":[424,384,380,370,390,273,421,299,300,280,316,294,292,325,308,295,294,313,298,301,301,283,440,371,279,295,336,369,324,293]}