{"time":[3.2429999999999994,3.6629999999999994,4.164999999999999,4.568,4.962999999999999,5.355999999999999,5.736999999999999,6.0969999999999995,6.468999999999999,6.831999999999999,7.495999999999999,7.874999999999998,8.299999999999999,8.755999999999998,9.168,9.555,10.004,10.387,10.847000000000001,11.312000000000001,11.685,12.159,12.512,12.873000000000001],"fps":[2.109704641350211,2.109704641350211,2.288329519450801,2.288329519450801,2.288329519450801,2.5188916876574305,2.5188916876574305,2.5188916876574305,2.6954177897574123,2.6954177897574123,1.9474196689386563,1.9474196689386563,1.9474196689386563,2.380952380952381,2.380952380952381,2.380952380952381,2.4038461538461537,2.4038461538461537,2.4038461538461537,2.293577981651376,2.293577981651376,2.293577981651376,2.5,2.5],"raf":[389,420,502,403,396,392,381,361,371,363,664,379,425,456,412,387,449,383,460,465,373,474,353,361]}