{"time":[3.1769999999999996,3.848,4.531,5.186999999999999,5.957999999999999,6.605999999999999,7.307999999999999,8.130999999999998,8.711999999999998,9.362999999999998,9.944999999999999,10.572999999999999,11.175999999999998,11.801999999999998,12.599999999999998],"fps":[5.7708161582852435,1.8975332068311195,1.8975332068311195,1.4936519790888723,1.4936519790888723,1.408450704225352,1.408450704225352,1.3123359580052494,1.3123359580052494,1.6220600162206003,1.6220600162206003,1.6542597187758479,1.6542597187758479,1.627339300244101,1.627339300244101],"raf":[723,671,683,656,771,649,701,823,581,652,581,628,603,626,798]}