{"time":[4.23,5.328,6.586,7.812,8.839,9.865,10.687,11.453,12.264],"fps":[0.7716049382716049,0.9107468123861566,0.7955449482895783,0.8156606851549756,0.9727626459143969,0.975609756097561,0.975609756097561,1.2594458438287153,1.2594458438287153],"raf":[1296,1098,1257,1226,1028,1025,822,766,811]}