{"time":[3.186,3.5989999999999998,3.9979999999999998,4.404999999999999,4.815999999999999,5.229999999999999,5.653999999999999,6.062999999999999,6.470999999999999,6.877999999999999,7.276999999999999,7.683999999999999,8.084999999999999,8.511999999999999,8.944999999999999,9.364999999999998,9.797999999999998,10.316999999999998,10.847999999999999,11.360999999999999,11.754999999999999,12.178999999999998,12.586999999999998],"fps":[2.2970903522205206,2.2970903522205206,2.2970903522205206,2.4610336341263332,2.4610336341263332,2.4610336341263332,2.401921537229784,2.401921537229784,2.401921537229784,2.450980392156863,2.450980392156863,2.450980392156863,2.4855012427506216,2.4855012427506216,2.4855012427506216,2.34375,2.34375,2.34375,2.0215633423180592,2.0215633423180592,2.0215633423180592,2.255639097744361,2.255639097744361],"raf":[395,413,399,407,411,414,424,409,409,406,399,407,401,427,433,420,433,519,532,512,394,424,408]}