{"time":[3.003,3.532,3.99,4.465,4.961,5.456,5.960000000000001,6.447000000000001,6.957000000000001,7.471000000000001,8.002,8.552000000000001,9.068000000000001,9.622000000000002,10.232000000000001,11.043000000000001,11.916,12.89],"fps":[2.44299674267101,1.7809439002671417,1.7809439002671417,1.7809439002671417,2.099370188943317,2.099370188943317,2.099370188943317,2.018842530282638,2.018842530282638,1.953125,1.953125,1.8501387604070305,1.8501387604070305,1.8674136321195145,1.8674136321195145,1.408450704225352,1.408450704225352,1.0828370330265296],"raf":[594,529,458,475,496,495,504,487,510,514,531,550,516,555,609,811,873,974]}