{"time":[3.2640000000000007,3.589000000000001,3.915000000000001,4.248000000000001,4.612000000000001,4.969000000000001,5.391000000000001,5.843000000000001,6.260000000000001,6.626,6.955,7.309,7.639,7.971,8.528,8.85,9.177999999999999,9.505999999999998,9.839999999999998,10.242999999999999,10.550999999999998,10.890999999999998,11.265999999999998,11.661999999999999,11.979999999999999,12.312999999999999,12.653999999999998],"fps":[2.3112480739599386,2.840909090909091,2.840909090909091,2.840909090909091,2.932551319648094,2.932551319648094,2.932551319648094,2.435064935064935,2.435064935064935,2.435064935064935,2.7002700270027002,2.7002700270027002,2.7002700270027002,2.952755905511811,2.952755905511811,2.952755905511811,2.4855012427506216,2.4855012427506216,2.4855012427506216,2.816901408450704,2.816901408450704,2.816901408450704,2.932551319648094,2.932551319648094,2.932551319648094,2.865329512893983,2.865329512893983],"raf":[334,325,326,333,364,357,422,453,416,366,329,354,330,332,557,322,328,328,334,403,308,339,375,396,318,333,341]}