{"time":[4.777,6.837,8.838999999999999,10.790999999999999,12.62],"fps":[1.1705033164260632,0.4854368932038835,0.4995004995004995,0.5122950819672131,0.5467468562055768],"raf":[2136,2060,2002,1952,1829]}