{"time":[3.088,3.181,3.238,3.302,3.373,3.4440000000000004,3.5080000000000005,3.5750000000000006,3.6520000000000006,3.7200000000000006,3.7880000000000007,3.8570000000000007,3.9270000000000005,3.9880000000000004,4.054,4.122,4.202,4.274,4.343,4.419,4.4879999999999995,4.547,4.608,4.6659999999999995,4.723,4.78,4.844,4.9030000000000005,4.968000000000001,5.025000000000001,5.078000000000001,5.142000000000001,5.207000000000002,5.279000000000002,5.3530000000000015,5.413000000000001,5.471000000000001,5.546000000000001,5.643000000000002,5.722000000000001,5.7970000000000015,5.878000000000002,5.956000000000002,6.031000000000002,6.104000000000003,6.184000000000003,6.266000000000003,6.347000000000003,6.421000000000003,6.501000000000003,6.584000000000003,6.649000000000004,6.7100000000000035,6.784000000000003,6.860000000000003,6.933000000000003,6.996000000000003,7.062000000000003,7.131000000000003,7.204000000000003,7.273000000000003,7.342000000000003,7.4120000000000035,7.473000000000003,7.547000000000003,7.6250000000000036,7.697000000000004,7.7630000000000035,7.840000000000003,7.903000000000003,7.9840000000000035,8.046000000000003,8.126000000000003,8.208000000000004,8.282000000000004,8.355000000000004,8.432000000000004,8.508000000000004,8.585000000000004,8.675000000000004,8.749000000000004,8.820000000000004,8.886000000000005,8.970000000000004,9.049000000000005,9.124000000000004,9.222000000000005,9.299000000000005,9.362000000000005,9.443000000000005,9.516000000000005,9.583000000000006,9.717000000000006,9.799000000000007,9.865000000000007,9.940000000000007,10.091000000000006,10.234000000000007,10.293000000000006,10.362000000000007,10.428000000000008,10.498000000000008,10.588000000000008,10.667000000000009,10.843000000000009,10.90900000000001,10.97700000000001,11.03800000000001,11.100000000000009,11.164000000000009,11.239000000000008,11.319000000000008,11.395000000000008,11.468000000000009,11.549000000000008,11.625000000000009,11.73600000000001,11.801000000000009,11.872000000000009,11.944000000000008,12.127000000000008,12.251000000000008,12.327000000000009,12.402000000000008,12.466000000000008,12.557000000000007,12.620000000000008,12.695000000000007,12.759000000000007,12.831000000000007,12.909000000000006,12.982000000000006],"fps":[13.133208255159476,13.133208255159476,13.133208255159476,13.133208255159476,13.133208255159476,13.133208255159476,13.133208255159476,13.133208255159476,13.133208255159476,13.133208255159476,13.133208255159476,13.133208255159476,13.133208255159476,13.618677042801556,13.618677042801556,13.618677042801556,13.618677042801556,13.618677042801556,13.618677042801556,13.618677042801556,13.618677042801556,13.618677042801556,13.618677042801556,13.618677042801556,13.618677042801556,13.618677042801556,13.618677042801556,13.618677042801556,13.618677042801556,15.444015444015443,15.444015444015443,15.444015444015443,15.444015444015443,15.444015444015443,15.444015444015443,15.444015444015443,15.444015444015443,15.444015444015443,15.444015444015443,15.444015444015443,15.444015444015443,15.444015444015443,15.444015444015443,13.916500994035784,13.916500994035784,13.916500994035784,13.916500994035784,13.916500994035784,13.916500994035784,13.916500994035784,13.916500994035784,13.916500994035784,13.916500994035784,13.916500994035784,13.916500994035784,13.916500994035784,13.916500994035784,13.579049466537342,13.579049466537342,13.579049466537342,13.579049466537342,13.579049466537342,13.579049466537342,13.579049466537342,13.579049466537342,13.579049466537342,13.579049466537342,13.579049466537342,13.579049466537342,13.579049466537342,13.579049466537342,13.579049466537342,14.097744360902256,14.097744360902256,14.097744360902256,14.097744360902256,14.097744360902256,14.097744360902256,14.097744360902256,14.097744360902256,14.097744360902256,14.097744360902256,14.097744360902256,14.097744360902256,14.097744360902256,14.097744360902256,12.773722627737227,12.773722627737227,12.773722627737227,12.773722627737227,12.773722627737227,12.773722627737227,12.773722627737227,12.773722627737227,12.773722627737227,12.773722627737227,12.773722627737227,10.869565217391305,10.869565217391305,10.869565217391305,10.869565217391305,10.869565217391305,10.869565217391305,10.869565217391305,10.869565217391305,10.869565217391305,10.869565217391305,10.869565217391305,10.869565217391305,10.869565217391305,12.935323383084578,12.935323383084578,12.935323383084578,12.935323383084578,12.935323383084578,12.935323383084578,12.935323383084578,12.935323383084578,12.935323383084578,12.935323383084578,12.935323383084578,10.85883514313919,10.85883514313919,10.85883514313919,10.85883514313919,10.85883514313919,10.85883514313919,10.85883514313919,10.85883514313919,10.85883514313919,10.85883514313919,10.85883514313919],"raf":[127,93,57,64,71,71,64,67,77,68,68,69,70,62,65,69,79,72,69,76,69,59,62,57,57,57,64,59,65,57,53,64,65,72,74,60,58,75,97,79,75,81,78,75,73,80,82,81,74,80,83,65,61,74,76,73,63,66,69,73,69,69,70,61,74,78,72,66,77,63,81,62,80,83,73,73,77,76,77,90,74,71,66,84,79,76,97,77,63,81,73,67,134,82,66,75,151,143,59,69,66,70,90,79,176,66,68,61,62,64,75,80,76,73,81,76,111,65,71,72,183,124,76,75,64,91,63,75,64,72,78,74]}