{"time":[3.038,3.105,3.177,3.239,3.307,3.372,3.448,3.509,3.597,3.654,3.719,3.788,3.843,3.905,3.98,4.038,4.095000000000001,4.1610000000000005,4.232,4.2940000000000005,4.368,4.431,4.491,4.558,4.609999999999999,4.677,4.739999999999999,4.797,4.875,4.938,4.994,5.077999999999999,5.138999999999999,5.193999999999999,5.253999999999999,5.326999999999999,5.390999999999999,5.461999999999999,5.528999999999999,5.588999999999999,5.6549999999999985,5.7189999999999985,5.780999999999999,5.846999999999999,5.918999999999999,5.980999999999999,6.053999999999999,6.1259999999999994,6.1819999999999995,6.239999999999999,6.316999999999999,6.3839999999999995,6.454999999999999,6.523999999999999,6.583999999999999,6.6629999999999985,6.7269999999999985,6.7879999999999985,6.853999999999998,6.917999999999998,6.974999999999999,7.055999999999999,7.124999999999999,7.188999999999999,7.264999999999999,7.338999999999999,7.3969999999999985,7.477999999999999,7.581999999999999,7.640999999999999,7.719999999999999,7.801999999999999,7.8599999999999985,7.934999999999999,8.002999999999998,8.074999999999998,8.135999999999997,8.206999999999997,8.266999999999998,8.344999999999997,8.469999999999997,8.583999999999998,8.639999999999997,8.699999999999998,8.789999999999997,8.851999999999997,8.932999999999996,8.992999999999997,9.077999999999998,9.143999999999998,9.215999999999998,9.292999999999997,9.362999999999998,9.428999999999998,9.498,9.58,9.665000000000001,9.755,9.823,9.889000000000001,9.968000000000002,10.032000000000002,10.108000000000002,10.175000000000002,10.241000000000003,10.303000000000003,10.384000000000002,10.448000000000002,10.526000000000002,10.589000000000002,10.657000000000002,10.727000000000002,10.841000000000003,10.971000000000004,11.099000000000004,11.184000000000005,11.253000000000005,11.321000000000005,11.401000000000005,11.472000000000005,11.552000000000005,11.617000000000004,11.697000000000005,11.761000000000005,11.835000000000004,11.908000000000005,11.978000000000005,12.058000000000005,12.142000000000005,12.212000000000005,12.313000000000006,12.380000000000006,12.451000000000006,12.537000000000006,12.617000000000006,12.686000000000007,12.758000000000006,12.823000000000006,12.921000000000006],"fps":[9.569377990430622,9.569377990430622,9.569377990430622,9.569377990430622,9.569377990430622,9.569377990430622,9.569377990430622,9.569377990430622,9.569377990430622,13.409961685823754,13.409961685823754,13.409961685823754,13.409961685823754,13.409961685823754,13.409961685823754,13.409961685823754,13.409961685823754,13.409961685823754,13.409961685823754,13.409961685823754,13.409961685823754,13.409961685823754,13.409961685823754,13.409961685823754,13.409961685823754,15.640273704789834,15.640273704789834,15.640273704789834,15.640273704789834,15.640273704789834,15.640273704789834,15.640273704789834,15.640273704789834,15.640273704789834,15.640273704789834,15.640273704789834,15.640273704789834,15.640273704789834,15.640273704789834,15.640273704789834,15.640273704789834,15.355086372360844,15.355086372360844,15.355086372360844,15.355086372360844,15.355086372360844,15.355086372360844,15.355086372360844,15.355086372360844,15.355086372360844,15.355086372360844,15.355086372360844,15.355086372360844,15.355086372360844,15.355086372360844,15.355086372360844,14.880952380952381,14.880952380952381,14.880952380952381,14.880952380952381,14.880952380952381,14.880952380952381,14.880952380952381,14.880952380952381,14.880952380952381,14.880952380952381,14.880952380952381,14.880952380952381,14.880952380952381,14.880952380952381,14.880952380952381,13.953488372093023,13.953488372093023,13.953488372093023,13.953488372093023,13.953488372093023,13.953488372093023,13.953488372093023,13.953488372093023,13.953488372093023,13.953488372093023,13.953488372093023,13.953488372093023,13.953488372093023,13.953488372093023,13.320647002854423,13.320647002854423,13.320647002854423,13.320647002854423,13.320647002854423,13.320647002854423,13.320647002854423,13.320647002854423,13.320647002854423,13.320647002854423,13.320647002854423,13.320647002854423,13.320647002854423,13.320647002854423,13.513513513513514,13.513513513513514,13.513513513513514,13.513513513513514,13.513513513513514,13.513513513513514,13.513513513513514,13.513513513513514,13.513513513513514,13.513513513513514,13.513513513513514,13.513513513513514,13.513513513513514,13.513513513513514,12.939001848428836,12.939001848428836,12.939001848428836,12.939001848428836,12.939001848428836,12.939001848428836,12.939001848428836,12.939001848428836,12.939001848428836,12.939001848428836,12.939001848428836,12.939001848428836,12.939001848428836,12.909632571996028,12.909632571996028,12.909632571996028,12.909632571996028,12.909632571996028,12.909632571996028,12.909632571996028,12.909632571996028,12.909632571996028,12.909632571996028,12.909632571996028,12.909632571996028,12.909632571996028],"raf":[92,67,72,62,68,65,76,61,88,57,66,68,55,62,75,58,57,66,71,62,74,63,60,67,52,67,63,57,78,63,56,84,61,55,60,73,64,71,67,60,66,64,62,66,72,62,73,72,56,58,77,67,71,69,60,79,64,61,66,64,57,81,69,64,76,74,58,81,104,59,79,82,58,75,68,72,61,72,59,78,125,114,56,60,90,63,80,60,85,66,72,77,70,66,69,82,85,90,68,66,79,64,76,67,66,62,81,64,78,63,69,69,114,130,128,85,69,68,80,71,80,65,80,64,74,73,70,80,84,71,100,67,71,86,80,70,71,65,99]}