{"time":[3.0820000000000003,3.4090000000000003,3.599,3.79,3.967,4.121,4.269,4.4190000000000005,4.695,4.94,5.078,5.222,5.372000000000001,5.517,5.662,5.81,5.954,6.098999999999999,6.243999999999999,6.394999999999999,6.541999999999999,6.687999999999999,6.831999999999999,7.011999999999999,7.197999999999999,7.338999999999999,7.485999999999999,7.642999999999999,7.788999999999999,7.935999999999999,8.084999999999999,8.238999999999999,8.386999999999999,8.534999999999998,8.686999999999998,8.835999999999997,8.981999999999998,9.128999999999998,9.275999999999998,9.431999999999999,9.578999999999999,9.726999999999999,9.877999999999998,10.025999999999998,10.172999999999998,10.320999999999998,10.470999999999998,10.617999999999999,10.749999999999998,10.876999999999999,11.001999999999999,11.123999999999999,11.246999999999998,11.371999999999998,11.496999999999998,11.622999999999998,11.747999999999998,11.872999999999998,12.015999999999998,12.138999999999998,12.277999999999997,12.408999999999997,12.553999999999997,12.696999999999997,12.845999999999997,12.973999999999997],"fps":[3.2051282051282053,3.2051282051282053,3.2051282051282053,3.5842293906810037,3.5842293906810037,3.5842293906810037,3.5842293906810037,3.5842293906810037,3.5842293906810037,5.217391304347826,5.217391304347826,5.217391304347826,5.217391304347826,5.217391304347826,5.217391304347826,5.217391304347826,6.903353057199211,6.903353057199211,6.903353057199211,6.903353057199211,6.903353057199211,6.903353057199211,6.903353057199211,6.616257088846881,6.616257088846881,6.616257088846881,6.616257088846881,6.616257088846881,6.616257088846881,6.616257088846881,6.523765144454799,6.523765144454799,6.523765144454799,6.523765144454799,6.523765144454799,6.523765144454799,6.523765144454799,6.704980842911877,6.704980842911877,6.704980842911877,6.704980842911877,6.704980842911877,6.704980842911877,6.704980842911877,6.704980842911877,6.704980842911877,6.704980842911877,6.704980842911877,6.704980842911877,6.704980842911877,6.704980842911877,6.704980842911877,7.4487895716946,7.4487895716946,7.4487895716946,7.4487895716946,7.4487895716946,7.4487895716946,7.4487895716946,7.4487895716946,7.759456838021339,7.759456838021339,7.759456838021339,7.759456838021339,7.759456838021339,7.759456838021339],"raf":[408,327,190,191,177,154,148,150,276,245,138,144,150,145,145,148,144,145,145,151,147,146,144,180,186,141,148,156,146,147,149,154,148,148,152,149,146,147,147,156,147,148,151,148,147,148,150,147,132,127,125,123,122,125,125,126,126,124,143,123,139,131,145,143,149,128]}