{"time":[3.0119999999999996,3.2099999999999995,3.3919999999999995,3.5649999999999995,3.7269999999999994,3.8989999999999996,4.087999999999999,4.319999999999999,4.425,4.554,4.692,4.7940000000000005,4.904000000000001,5.008000000000001,5.118000000000001,5.225000000000001,5.339000000000001,5.458000000000001,5.562000000000001,5.671000000000001,5.929000000000001,6.030000000000001,6.129000000000001,6.231000000000002,6.341000000000002,6.550000000000002,6.6560000000000015,6.761000000000002,6.865000000000002,6.971000000000002,7.077000000000002,7.187000000000002,7.2920000000000025,7.397000000000003,7.502000000000003,7.605000000000003,7.761000000000003,7.922000000000002,8.024000000000003,8.128000000000002,8.232000000000001,8.340000000000002,8.481000000000002,8.632000000000001,8.733000000000002,8.838000000000003,8.997000000000003,9.107000000000003,9.210000000000003,9.325000000000003,9.480000000000002,9.611000000000002,9.714000000000002,9.821000000000002,9.927000000000001,10.035000000000002,10.140000000000002,10.248000000000003,10.355000000000002,10.460000000000003,10.569000000000003,10.671000000000003,10.771000000000003,10.867000000000003,10.954000000000002,11.051000000000002,11.140000000000002,11.228000000000002,11.319,11.41,11.504,11.593,11.691,11.782,11.878,11.971,12.07,12.163,12.255,12.356000000000002,12.448000000000002,12.538000000000002,12.630000000000003,12.721000000000002,12.817000000000002,12.912000000000003],"fps":[7.279344858962693,7.279344858962693,5.159071367153913,5.159071367153913,5.159071367153913,5.159071367153913,5.159071367153913,5.159071367153913,5.808325266214908,5.808325266214908,5.808325266214908,5.808325266214908,5.808325266214908,5.808325266214908,5.808325266214908,5.808325266214908,5.808325266214908,8.712487899322362,8.712487899322362,8.712487899322362,8.712487899322362,8.712487899322362,8.712487899322362,8.712487899322362,8.712487899322362,7.326007326007326,7.326007326007326,7.326007326007326,7.326007326007326,7.326007326007326,7.326007326007326,7.326007326007326,7.326007326007326,7.326007326007326,7.326007326007326,9.47867298578199,9.47867298578199,9.47867298578199,9.47867298578199,9.47867298578199,9.47867298578199,9.47867298578199,9.47867298578199,7.789678675754625,7.789678675754625,7.789678675754625,7.789678675754625,7.789678675754625,7.789678675754625,7.789678675754625,7.789678675754625,7.789678675754625,8.317929759704251,8.317929759704251,8.317929759704251,8.317929759704251,8.317929759704251,8.317929759704251,8.317929759704251,8.317929759704251,8.317929759704251,8.317929759704251,9.460737937559129,9.460737937559129,9.460737937559129,9.460737937559129,9.460737937559129,9.460737937559129,9.460737937559129,9.460737937559129,9.460737937559129,9.460737937559129,9.460737937559129,10.880316518298715,10.880316518298715,10.880316518298715,10.880316518298715,10.880316518298715,10.880316518298715,10.880316518298715,10.880316518298715,10.880316518298715,10.880316518298715,10.880316518298715,10.628019323671497,10.628019323671497],"raf":[184,198,182,173,162,172,189,232,105,129,138,102,110,104,110,107,114,119,104,109,258,101,99,102,110,209,106,105,104,106,106,110,105,105,105,103,156,161,102,104,104,108,141,151,101,105,159,110,103,115,155,131,103,107,106,108,105,108,107,105,109,102,100,96,87,97,89,88,91,91,94,90,97,91,96,93,99,93,92,101,92,90,92,91,96,95]}