{"time":[5.503,6.932,8.462,9.908,11.571],"fps":[3.05379375146817,0.6997900629811057,0.6535947712418301,0.691085003455425,0.601684717208183],"raf":[3319,1429,1530,1446,1663]}