{"time":[3.059999999999999,3.1429999999999993,3.224999999999999,3.3129999999999993,3.4089999999999994,3.4969999999999994,3.5769999999999995,3.6639999999999997,3.747,3.8369999999999997,3.921,4.01,4.093999999999999,4.1739999999999995,4.265,4.35,4.428999999999999,4.515999999999999,4.613999999999999,4.712999999999999,4.796999999999999,4.877999999999999,4.962999999999999,5.046999999999999,5.127999999999999,5.209,5.294,5.377999999999999,5.4639999999999995,5.558999999999999,5.6499999999999995,5.736,5.819,5.908,5.992,6.085,6.169,6.255999999999999,6.339999999999999,6.424999999999999,6.510999999999999,6.603999999999999,6.691999999999999,6.775999999999999,6.863999999999999,6.954999999999999,7.037999999999999,7.14,7.228,7.31,7.398,7.494,7.585,7.674,7.760000000000001,7.848000000000001,7.94,8.025,8.111,8.216000000000001,8.303,8.386000000000001,8.468000000000002,8.560000000000002,8.653000000000002,8.740000000000002,8.841000000000003,8.927000000000003,9.013000000000003,9.095000000000004,9.184000000000005,9.273000000000005,9.359000000000005,9.446000000000005,9.593000000000005,9.674000000000005,9.758000000000004,9.855000000000004,9.949000000000003,10.037000000000003,10.122000000000003,10.210000000000003,10.299000000000003,10.387000000000002,10.476000000000003,10.744000000000003,10.870000000000003,10.951000000000002,11.035000000000002,11.124000000000002,11.218000000000002,11.316000000000003,11.412000000000003,11.503000000000002,11.598000000000003,11.690000000000003,11.779000000000003,11.867000000000003,11.963000000000003,12.057000000000002,12.140000000000002,12.230000000000002,12.316000000000003,12.415000000000003,12.503000000000002,12.597000000000001,12.684000000000001,12.769000000000002,12.861000000000002,12.949000000000002],"fps":[7.920792079207921,7.920792079207921,7.920792079207921,7.920792079207921,7.920792079207921,10.805500982318271,10.805500982318271,10.805500982318271,10.805500982318271,10.805500982318271,10.805500982318271,10.805500982318271,10.805500982318271,10.805500982318271,10.805500982318271,10.805500982318271,10.805500982318271,11.776251226692835,11.776251226692835,11.776251226692835,11.776251226692835,11.776251226692835,11.776251226692835,11.776251226692835,11.776251226692835,11.776251226692835,11.776251226692835,11.776251226692835,11.776251226692835,11.505273250239693,11.505273250239693,11.505273250239693,11.505273250239693,11.505273250239693,11.505273250239693,11.505273250239693,11.505273250239693,11.505273250239693,11.505273250239693,11.505273250239693,11.505273250239693,11.483253588516746,11.483253588516746,11.483253588516746,11.483253588516746,11.483253588516746,11.483253588516746,11.483253588516746,11.483253588516746,11.483253588516746,11.483253588516746,11.483253588516746,11.483253588516746,11.214953271028037,11.214953271028037,11.214953271028037,11.214953271028037,11.214953271028037,11.214953271028037,11.214953271028037,11.214953271028037,11.214953271028037,11.214953271028037,11.214953271028037,11.214953271028037,11.25703564727955,11.25703564727955,11.25703564727955,11.25703564727955,11.25703564727955,11.25703564727955,11.25703564727955,11.25703564727955,11.25703564727955,11.25703564727955,11.25703564727955,10.805500982318271,10.805500982318271,10.805500982318271,10.805500982318271,10.805500982318271,10.805500982318271,10.805500982318271,10.805500982318271,10.805500982318271,10.805500982318271,8.992805755395683,8.992805755395683,8.992805755395683,8.992805755395683,8.992805755395683,8.992805755395683,8.992805755395683,8.992805755395683,8.992805755395683,8.992805755395683,8.992805755395683,8.992805755395683,10.978956999085087,10.978956999085087,10.978956999085087,10.978956999085087,10.978956999085087,10.978956999085087,10.978956999085087,10.978956999085087,10.978956999085087,10.978956999085087,10.978956999085087,10.978956999085087],"raf":[90,83,82,88,96,88,80,87,83,90,84,89,84,80,91,85,79,87,98,99,84,81,85,84,81,81,85,85,85,95,91,86,83,89,84,93,84,87,84,85,86,93,88,84,88,91,83,102,88,83,87,96,91,89,86,88,92,85,86,105,87,83,82,92,93,87,101,86,86,82,89,89,86,87,147,81,84,97,94,88,85,88,89,88,89,268,126,81,84,89,94,98,96,91,95,92,89,88,96,94,83,90,86,99,88,94,87,85,92,88]}