{"time":[3.043,3.524,3.966,4.377,4.805,5.208,5.622,6.036,6.452,6.866,7.2749999999999995,7.72,8.228,8.727,9.226,9.723,10.247,10.836,11.378,11.945,12.49],"fps":[1.7605633802816902,1.7605633802816902,1.7605633802816902,2.2488755622188905,2.2488755622188905,2.2488755622188905,2.4096385542168677,2.4096385542168677,2.4096385542168677,2.4115755627009645,2.4115755627009645,2.4115755627009645,2.202643171806167,2.202643171806167,2.202643171806167,2.0066889632107023,2.0066889632107023,1.7969451931716083,1.7969451931716083,1.8034265103697025,1.8034265103697025],"raf":[593,481,442,411,428,403,414,414,416,414,409,445,508,499,499,497,524,589,542,567,545]}