{"time":[3.774,4.784,5.647,6.364,7.186999999999999,8.068,8.897,9.603,10.187,10.821,11.404,12.001,12.663],"fps":[1.1983223487118035,1.0689470871191875,1.0689470871191875,1.2658227848101267,1.2658227848101267,1.1737089201877935,1.1737089201877935,1.3020833333333333,1.3020833333333333,1.6433853738701725,1.6433853738701725,1.694915254237288,1.694915254237288],"raf":[861,1010,863,717,823,881,830,706,583,634,583,597,662]}