{"time":[3.0570000000000004,3.2110000000000003,3.341,3.496,3.7,3.89,4.048,4.191,4.297,4.479,4.662,4.841,4.994,5.114,5.24,5.369,5.55,5.655,5.771,5.901,6.035,6.142,6.272,6.421,6.569,6.691,6.801,6.928,7.074,7.2509999999999994,7.401,7.511,7.638,7.779,7.913,8.046,8.173,8.317,8.428,8.535,8.657,8.806,8.954999999999998,9.080999999999998,9.241999999999997,9.389999999999997,9.537999999999997,9.684999999999997,9.800999999999997,9.945999999999996,10.109999999999996,10.266999999999996,10.398999999999996,10.541999999999996,10.679999999999996,10.828999999999995,10.944999999999995,11.081999999999995,11.218999999999996,11.349999999999996,11.494999999999996,11.622999999999996,11.752999999999997,11.867999999999997,11.993999999999996,12.127999999999997,12.247999999999996,12.366999999999996,12.514999999999995,12.642999999999995,12.782999999999996,12.924999999999995],"fps":[6.233303650934996,6.233303650934996,6.233303650934996,6.233303650934996,6.233303650934996,6.233303650934996,6.233303650934996,6.172839506172839,6.172839506172839,6.172839506172839,6.172839506172839,6.172839506172839,6.172839506172839,6.172839506172839,6.67302192564347,6.67302192564347,6.67302192564347,6.67302192564347,6.67302192564347,6.67302192564347,6.67302192564347,6.67302192564347,7.751937984496124,7.751937984496124,7.751937984496124,7.751937984496124,7.751937984496124,7.751937984496124,7.751937984496124,7.751937984496124,7.085916740478299,7.085916740478299,7.085916740478299,7.085916740478299,7.085916740478299,7.085916740478299,7.085916740478299,7.085916740478299,7.789678675754625,7.789678675754625,7.789678675754625,7.789678675754625,7.789678675754625,7.789678675754625,7.789678675754625,7.789678675754625,7.207207207207207,7.207207207207207,7.207207207207207,7.207207207207207,7.207207207207207,7.207207207207207,7.207207207207207,6.972111553784861,6.972111553784861,6.972111553784861,6.972111553784861,6.972111553784861,6.972111553784861,6.972111553784861,6.972111553784861,7.400555041628122,7.400555041628122,7.400555041628122,7.400555041628122,7.400555041628122,7.400555041628122,7.400555041628122,7.400555041628122,7.8431372549019605,7.8431372549019605,7.8431372549019605],"raf":[152,154,130,155,204,190,158,143,106,182,183,179,153,120,126,129,181,105,116,130,134,107,130,149,148,122,110,128,145,177,150,110,127,141,134,133,127,144,111,107,122,149,149,126,161,148,148,147,116,145,164,157,132,143,138,150,115,137,138,130,145,128,130,115,126,134,120,119,148,128,140,142]}