{"time":[3.311,4.307,5.113,6.7010000000000005,7.546,8.315,9.086,9.8,10.547,11.279,12.04,12.844999999999999],"fps":[1.5360983102918586,1.0587612493382743,1.0587612493382743,0.835421888053467,0.835421888053467,1.2391573729863692,1.2391573729863692,1.3468013468013469,1.3468013468013469,1.352265043948614,1.352265043948614,1.277139208173691],"raf":[893,996,806,1588,845,769,771,714,747,732,761,805]}