{"time":[3.3529999999999998,3.877,4.289,4.702,5.125,5.524,5.949,6.388,6.787,7.251,7.675000000000001,8.095,8.557,8.984,9.452,10.074,10.457,10.868,11.31,11.727,12.205,12.636],"fps":[3.3222591362126246,3.3222591362126246,2.186588921282799,2.186588921282799,2.186588921282799,2.42914979757085,2.42914979757085,2.42914979757085,2.375296912114014,2.375296912114014,2.375296912114014,2.293577981651376,2.293577981651376,2.293577981651376,2.210759027266028,2.210759027266028,1.9900497512437811,1.9900497512437811,1.9900497512437811,2.3622047244094486,2.3622047244094486,2.3622047244094486],"raf":[436,524,412,413,423,399,425,440,398,464,424,420,462,427,468,622,383,412,441,417,478,431]}