{"time":[3.3310000000000004,3.7720000000000002,4.054,4.495,4.812,5.096,5.38,5.675,5.958,6.244,6.527,6.815,7.094,7.378,7.6690000000000005,7.949000000000001,8.232000000000001,8.514000000000001,8.793000000000001,9.072000000000001,9.356000000000002,9.631000000000002,10.038000000000002,10.398000000000001,10.704,10.983,11.264000000000001,11.546000000000001,11.88],"fps":[1.9627085377821394,1.9627085377821394,2.710027100271003,2.710027100271003,2.710027100271003,2.8790786948176583,2.8790786948176583,2.8790786948176583,2.8790786948176583,3.4873583260680037,3.4873583260680037,3.4873583260680037,3.4873583260680037,3.527336860670194,3.527336860670194,3.527336860670194,3.527336860670194,3.5211267605633805,3.5211267605633805,3.5211267605633805,3.5211267605633805,3.5810205908683974,3.5810205908683974,3.5810205908683974,2.7958993476234855,2.7958993476234855,2.7958993476234855,2.7958993476234855,3.401360544217687],"raf":[383,441,283,440,317,285,283,295,283,286,283,288,279,284,291,280,283,282,279,279,284,275,407,360,306,279,281,282,334]}