{"time":[3.1590000000000003,3.3670000000000004,3.5410000000000004,3.7010000000000005,3.8200000000000003,3.9190000000000005,4.0120000000000005,4.098000000000001,4.175000000000001,4.251,4.3580000000000005,4.4350000000000005,4.5040000000000004,4.586,4.722,4.785,4.854,4.92,4.986,5.056,5.128,5.195,5.261,5.345,5.558,5.619,5.688,5.752,5.817,5.883,5.95,6.0200000000000005,6.085000000000001,6.1530000000000005,6.219,6.2860000000000005,6.394,6.526,6.5889999999999995,6.656999999999999,6.7219999999999995,6.786,6.879,6.994,7.0569999999999995,7.1259999999999994,7.191,7.258,7.324,7.389,7.507000000000001,7.614000000000001,7.678000000000001,7.744000000000001,7.8100000000000005,7.915000000000001,7.9830000000000005,8.051,8.124,8.191,8.283000000000001,8.349000000000002,8.417000000000002,8.485000000000001,8.556000000000001,8.625000000000002,8.693000000000001,8.761000000000001,8.830000000000002,8.898000000000001,8.966000000000001,9.038,9.106,9.174,9.241999999999999,9.311,9.383,9.456,9.525,9.594000000000001,9.662,9.731000000000002,9.799000000000001,9.870000000000001,9.943000000000001,10.013000000000002,10.081000000000001,10.150000000000002,10.221000000000002,10.288000000000002,10.362000000000002,10.431000000000003,10.500000000000004,10.571000000000003,10.641000000000004,10.714000000000004,10.785000000000004,10.868000000000004,10.949000000000003,11.018000000000004,11.084000000000005,11.154000000000005,11.221000000000005,11.296000000000005,11.368000000000004,11.439000000000004,11.513000000000003,11.587000000000003,11.670000000000003,11.749000000000004,11.823000000000004,11.900000000000004,11.984000000000004,12.066000000000004,12.137000000000004,12.217000000000004,12.298000000000004,12.368000000000004,12.450000000000005,12.532000000000005,12.604000000000005,12.684000000000005,12.765000000000004,12.854000000000005,12.948000000000004],"fps":[4.310344827586207,4.310344827586207,4.310344827586207,4.310344827586207,4.310344827586207,6.439742410303588,6.439742410303588,6.439742410303588,6.439742410303588,6.439742410303588,6.439742410303588,6.439742410303588,6.439742410303588,6.439742410303588,6.439742410303588,6.439742410303588,6.439742410303588,11.988011988011989,11.988011988011989,11.988011988011989,11.988011988011989,11.988011988011989,11.988011988011989,11.988011988011989,11.988011988011989,11.988011988011989,11.988011988011989,11.988011988011989,11.988011988011989,11.988011988011989,12.62135922330097,12.62135922330097,12.62135922330097,12.62135922330097,12.62135922330097,12.62135922330097,12.62135922330097,12.62135922330097,12.62135922330097,12.62135922330097,12.62135922330097,12.62135922330097,12.62135922330097,12.452107279693486,12.452107279693486,12.452107279693486,12.452107279693486,12.452107279693486,12.452107279693486,12.452107279693486,12.452107279693486,12.452107279693486,12.452107279693486,12.452107279693486,12.452107279693486,12.452107279693486,12.452107279693486,13.245033112582782,13.245033112582782,13.245033112582782,13.245033112582782,13.245033112582782,13.245033112582782,13.245033112582782,13.245033112582782,13.245033112582782,13.245033112582782,13.245033112582782,13.245033112582782,13.245033112582782,13.245033112582782,13.245033112582782,14.218009478672986,14.218009478672986,14.218009478672986,14.218009478672986,14.218009478672986,14.218009478672986,14.218009478672986,14.218009478672986,14.218009478672986,14.218009478672986,14.218009478672986,14.218009478672986,14.218009478672986,14.218009478672986,14.218009478672986,14.367816091954023,14.367816091954023,14.367816091954023,14.367816091954023,14.367816091954023,14.367816091954023,14.367816091954023,14.367816091954023,14.367816091954023,14.367816091954023,14.367816091954023,14.367816091954023,14.367816091954023,14.367816091954023,13.930348258706468,13.930348258706468,13.930348258706468,13.930348258706468,13.930348258706468,13.930348258706468,13.930348258706468,13.930348258706468,13.930348258706468,13.930348258706468,13.930348258706468,13.930348258706468,13.930348258706468,13.930348258706468,13.182674199623353,13.182674199623353,13.182674199623353,13.182674199623353,13.182674199623353,13.182674199623353,13.182674199623353,13.182674199623353,13.182674199623353,13.182674199623353],"raf":[224,208,174,160,119,99,94,85,77,77,106,77,69,82,136,63,69,66,66,70,72,67,66,84,213,61,69,64,65,66,67,70,65,68,66,67,108,132,63,68,65,64,93,115,63,69,65,67,66,65,118,107,64,66,66,105,68,68,73,67,92,66,68,68,71,69,68,68,70,67,69,71,68,68,68,69,73,72,69,69,68,69,68,71,73,70,68,69,71,67,74,69,69,71,70,73,71,83,81,69,66,70,66,75,72,71,74,74,83,79,74,77,84,82,71,80,81,70,82,82,72,80,81,89,94]}