{"time":[3.758,5.089,6.202,7.181,8.197,9.346,10.47,11.698,12.832],"fps":[0.8976660682226212,0.7513148009015778,0.8984725965858041,0.8984725965858041,1.0025062656641603,0.8703220191470844,0.8896797153024911,0.8143322475570033,0.8810572687224669],"raf":[1243,1331,1113,979,1016,1149,1124,1228,1134]}