{"time":[3.0490000000000004,3.176,3.3040000000000003,3.4530000000000003,3.579,3.7030000000000003,3.8260000000000005,3.9520000000000004,4.081,4.213,4.351,4.4879999999999995,4.632999999999999,4.759999999999999,4.893999999999999,5.026999999999999,5.154999999999999,5.302999999999999,5.414999999999999,5.5249999999999995,5.654,5.796,5.939,6.101,6.206,6.322,6.431,6.5360000000000005,6.648000000000001,6.756,6.881,7.042,7.151,7.257,7.382,7.545999999999999,7.6499999999999995,7.754,7.864,7.971,8.085,8.191,8.304,8.462,8.565,8.673,8.78,8.888,9.004,9.115,9.222,9.336,9.544,9.676,9.779,9.891,10.005,10.120000000000001,10.228000000000002,10.336000000000002,10.445000000000002,10.556000000000003,10.665000000000003,10.780000000000003,10.890000000000002,10.998000000000003,11.110000000000003,11.220000000000002,11.329000000000002,11.439000000000002,11.550000000000002,11.665000000000003,11.777000000000003,11.888000000000003,11.998000000000003,12.107000000000003,12.225000000000003,12.334000000000003,12.448000000000004,12.556000000000004,12.669000000000004,12.782000000000004,12.897000000000004],"fps":[7.611798287345385,7.611798287345385,7.428040854224698,7.428040854224698,7.428040854224698,7.428040854224698,7.428040854224698,7.428040854224698,7.428040854224698,7.428040854224698,7.640878701050621,7.640878701050621,7.640878701050621,7.640878701050621,7.640878701050621,7.640878701050621,7.640878701050621,7.640878701050621,7.518796992481203,7.518796992481203,7.518796992481203,7.518796992481203,7.518796992481203,7.518796992481203,7.518796992481203,7.518796992481203,7.874015748031496,7.874015748031496,7.874015748031496,7.874015748031496,7.874015748031496,7.874015748031496,7.874015748031496,7.874015748031496,7.874015748031496,8.071748878923767,8.071748878923767,8.071748878923767,8.071748878923767,8.071748878923767,8.071748878923767,8.071748878923767,8.071748878923767,8.071748878923767,8.832188420019627,8.832188420019627,8.832188420019627,8.832188420019627,8.832188420019627,8.832188420019627,8.832188420019627,8.832188420019627,8.832188420019627,8.1008100810081,8.1008100810081,8.1008100810081,8.1008100810081,8.1008100810081,8.1008100810081,8.1008100810081,8.1008100810081,8.1008100810081,8.1008100810081,9.057971014492754,9.057971014492754,9.057971014492754,9.057971014492754,9.057971014492754,9.057971014492754,9.057971014492754,9.057971014492754,9.057971014492754,9.057971014492754,9.025270758122744,9.025270758122744,9.025270758122744,9.025270758122744,9.025270758122744,9.025270758122744,9.025270758122744,9.025270758122744,9.025270758122744,8.919722497522299],"raf":[132,127,128,149,126,124,123,126,129,132,138,137,145,127,134,133,128,148,112,110,129,142,143,162,106,115,109,105,112,109,124,161,109,106,125,164,104,104,110,107,114,106,113,158,103,108,107,108,116,111,107,115,207,132,104,111,114,115,108,108,109,111,109,115,110,108,112,110,109,110,111,116,111,111,110,109,118,109,114,108,113,113,115]}