{"time":[3.295,3.678,4.042,4.499,4.891,5.25,5.616,5.987,6.337,6.678,7.028,7.401,7.785,8.174,8.651,8.966,9.353,9.697,9.982,10.279,10.576,10.884,11.206,11.503,11.819,12.117,12.622000000000002,12.954000000000002],"fps":[2.3828435266084194,1.9011406844106464,1.9011406844106464,1.9011406844106464,2.4732069249793898,2.4732069249793898,2.4732069249793898,2.7372262773722627,2.7372262773722627,2.7372262773722627,2.881844380403458,2.881844380403458,2.881844380403458,2.6178010471204187,2.6178010471204187,2.6178010471204187,2.544529262086514,2.544529262086514,2.544529262086514,2.544529262086514,3.2706459525756335,3.2706459525756335,3.2706459525756335,3.2706459525756335,3.2180209171359615,3.2180209171359615,3.2180209171359615,2.643171806167401],"raf":[669,383,365,456,392,359,366,371,350,341,350,373,384,389,477,315,387,344,285,297,297,308,322,297,316,298,505,332]}