{"time":[3.254,4.2059999999999995,5.066999999999999,5.8839999999999995,6.717,7.596,8.696,9.615,10.496,11.324,12.095,12.874],"fps":[0.8271298593879239,0.8271298593879239,1.1031439602868174,1.1031439602868174,1.2121212121212122,1.2121212121212122,1.010611419909045,1.010611419909045,1.1111111111111112,1.1111111111111112,1.2507817385866167,1.2507817385866167],"raf":[1209,952,861,817,833,879,1100,920,880,828,771,779]}