{"time":[3.2520000000000002,3.8520000000000003,4.53,5.2860000000000005,5.968000000000001,6.619000000000001,7.196000000000001,7.856000000000001,8.405000000000001,9.063,9.635,10.189,10.735,11.328,11.841999999999999,12.364999999999998,12.816999999999998],"fps":[1.6835016835016836,1.6835016835016836,1.5649452269170578,1.5649452269170578,1.3908205841446453,1.3908205841446453,1.6286644951140066,1.6286644951140066,1.6542597187758479,1.6542597187758479,1.6260162601626016,1.6260162601626016,1.8181818181818181,1.8181818181818181,1.8066847335140017,1.8066847335140017,1.8066847335140017],"raf":[656,600,678,756,682,651,577,660,549,658,572,554,546,593,514,523,452]}