{"time":[3.0280000000000005,3.1850000000000005,3.4370000000000003,3.68,3.8520000000000003,4.024,4.197,4.371,4.703,4.945,5.109,5.274,5.438,5.612,5.779,5.942,6.112,6.279,6.445,6.617,6.784,6.9479999999999995,7.167999999999999,7.3919999999999995,7.5649999999999995,7.742999999999999,7.909,8.08,8.26,8.431,8.598999999999998,8.775999999999998,8.956999999999997,9.170999999999998,9.413999999999998,9.596999999999998,9.764999999999997,9.931999999999997,10.103999999999997,10.278999999999998,10.448999999999998,10.617999999999999,10.790999999999999,10.957999999999998,11.127999999999998,11.301999999999998,11.469999999999997,11.642999999999997,11.815999999999997,11.984999999999998,12.154999999999998,12.342999999999998,12.508999999999999,12.678999999999998,12.871999999999998],"fps":[3.4482758620689653,3.4482758620689653,4.8828125,4.8828125,4.8828125,4.8828125,4.8828125,4.8828125,4.739336492890995,4.739336492890995,4.739336492890995,4.739336492890995,4.739336492890995,4.739336492890995,5.5762081784386615,5.5762081784386615,5.5762081784386615,5.5762081784386615,5.5762081784386615,5.5762081784386615,5.970149253731344,5.970149253731344,5.970149253731344,5.970149253731344,5.970149253731344,5.970149253731344,5.333333333333333,5.333333333333333,5.333333333333333,5.333333333333333,5.333333333333333,5.333333333333333,5.7251908396946565,5.7251908396946565,5.7251908396946565,5.7251908396946565,5.7251908396946565,5.7251908396946565,5.231037489102005,5.231037489102005,5.231037489102005,5.231037489102005,5.231037489102005,5.231037489102005,5.859375,5.859375,5.859375,5.859375,5.859375,5.859375,5.8422590068159685,5.8422590068159685,5.8422590068159685,5.8422590068159685,5.8422590068159685],"raf":[228,157,252,244,171,172,173,174,332,242,165,164,164,174,167,163,170,167,166,172,167,164,221,223,173,178,166,171,180,171,168,177,181,214,243,183,168,167,172,175,170,169,173,167,170,174,168,173,173,169,170,188,166,170,193]}