{"time":[3.0380000000000003,4.03,4.979,5.956,6.9670000000000005,7.929,8.75,9.467,10.224,10.847,11.591,12.280999999999999,12.895999999999999],"fps":[4.390779363336993,1.122334455667789,1.122334455667789,1.0384215991692627,0.9891196834817013,0.9891196834817013,1.1217049915872126,1.1217049915872126,1.3568521031207599,1.3568521031207599,1.463057790782736,1.463057790782736,1.5325670498084292],"raf":[790,992,949,977,1011,962,821,717,757,623,744,690,615]}