{"time":[3.098,3.2399999999999998,3.377,3.516,3.651,3.7779999999999996,3.9059999999999997,4.039,4.172,4.303,4.438,4.569,4.708,4.836,4.9670000000000005,5.097,5.2250000000000005,5.351000000000001,5.48,5.606000000000001,5.735000000000001,5.865000000000001,5.993000000000001,6.125000000000001,6.256000000000001,6.397000000000001,6.556000000000001,6.690000000000001,6.824000000000002,6.975000000000001,7.124000000000001,7.276000000000002,7.464000000000001,7.6400000000000015,7.783000000000001,7.943000000000001,8.091000000000001,8.267000000000001,8.47,8.64,8.799000000000001,8.951,9.101,9.277000000000001,9.47,9.632000000000001,9.849000000000002,10.059000000000003,10.224000000000002,10.387000000000002,10.547000000000002,10.709000000000003,11.064000000000004,11.208000000000004,11.360000000000003,11.506000000000004,11.673000000000004,11.829000000000004,11.987000000000004,12.155000000000003,12.329000000000002,12.525000000000002,12.690000000000001,12.845],"fps":[5.853658536585366,5.853658536585366,5.853658536585366,5.853658536585366,5.853658536585366,7.299270072992701,7.299270072992701,7.299270072992701,7.299270072992701,7.299270072992701,7.299270072992701,7.299270072992701,7.299270072992701,7.561436672967864,7.561436672967864,7.561436672967864,7.561436672967864,7.561436672967864,7.561436672967864,7.561436672967864,7.561436672967864,7.774538386783285,7.774538386783285,7.774538386783285,7.774538386783285,7.774538386783285,7.774538386783285,7.774538386783285,7.774538386783285,7.207207207207207,7.207207207207207,7.207207207207207,7.207207207207207,7.207207207207207,7.207207207207207,7.207207207207207,6.272401433691757,6.272401433691757,6.272401433691757,6.272401433691757,6.272401433691757,6.272401433691757,5.9405940594059405,5.9405940594059405,5.9405940594059405,5.9405940594059405,5.9405940594059405,5.9405940594059405,5.342831700801424,5.342831700801424,5.342831700801424,5.342831700801424,5.342831700801424,5.342831700801424,5.28169014084507,5.28169014084507,5.28169014084507,5.28169014084507,5.28169014084507,5.28169014084507,5.28169014084507,6.003430531732419,6.003430531732419,6.003430531732419],"raf":[135,142,137,139,135,127,128,133,133,131,135,131,139,128,131,130,128,126,129,126,129,130,128,132,131,141,159,134,134,151,149,153,187,176,143,160,148,176,203,170,160,151,150,176,193,162,217,210,165,164,159,162,355,144,152,146,167,156,158,168,174,197,164,155]}