{"time":[3.5309999999999997,4.088,4.652,5.19,5.760000000000001,6.314000000000001,6.930000000000001,7.684000000000001,8.388000000000002,9.046000000000001,9.675,10.304,10.869,11.349,12.134,12.812000000000001],"fps":[1.665278934221482,1.665278934221482,1.784121320249777,1.784121320249777,1.8050541516245486,1.8050541516245486,1.7094017094017093,1.7094017094017093,1.3717421124828533,1.3717421124828533,1.554001554001554,1.554001554001554,1.6736401673640167,1.6736401673640167,1.5822784810126582,1.5822784810126582],"raf":[590,557,564,538,570,554,616,754,704,658,629,629,566,479,785,678]}