{"time":[3.1359999999999997,3.4429999999999996,3.6319999999999997,3.8089999999999997,3.9699999999999998,4.138,4.313,4.4639999999999995,4.614,4.763,4.917,5.067,5.2170000000000005,5.399000000000001,5.545000000000001,5.69,5.837000000000001,5.9830000000000005,6.134,6.28,6.4270000000000005,6.574000000000001,6.73,6.8790000000000004,7.025,7.173,7.325,7.473,7.619,7.773,7.917999999999999,8.064,8.212,8.373,8.536,8.69,8.844999999999999,9.017999999999999,9.18,9.344999999999999,9.504,9.706,9.866,10.049,10.2,10.375,10.57,10.831,11.062999999999999,11.315,11.532,11.831,11.975999999999999,12.123999999999999,12.274999999999999,12.437,12.593,12.745,12.893999999999998],"fps":[3.852080123266564,3.852080123266564,3.852080123266564,3.852080123266564,4.549590536851683,4.549590536851683,4.549590536851683,4.549590536851683,4.549590536851683,4.549590536851683,4.549590536851683,6.381039197812215,6.381039197812215,6.381039197812215,6.381039197812215,6.381039197812215,6.381039197812215,6.381039197812215,6.560449859418932,6.560449859418932,6.560449859418932,6.560449859418932,6.560449859418932,6.560449859418932,6.560449859418932,6.737247353224254,6.737247353224254,6.737247353224254,6.737247353224254,6.737247353224254,6.737247353224254,6.737247353224254,6.737247353224254,6.737247353224254,6.737247353224254,6.737247353224254,6.737247353224254,6.737247353224254,6.737247353224254,6.17828773168579,6.17828773168579,6.17828773168579,6.17828773168579,6.17828773168579,6.17828773168579,5.825242718446602,5.825242718446602,5.825242718446602,5.825242718446602,5.825242718446602,4.32152117545376,4.32152117545376,4.32152117545376,4.32152117545376,4.32152117545376,4.32152117545376,5.649717514124294,5.649717514124294,5.649717514124294],"raf":[265,307,189,177,161,168,175,151,151,148,154,150,150,182,146,145,147,146,151,146,147,147,156,149,146,148,152,148,146,154,145,146,148,161,163,154,155,173,162,165,159,202,160,183,151,175,195,262,231,252,217,299,145,148,151,162,157,151,149]}