{"time":[3.0040000000000013,3.1160000000000014,3.2290000000000014,3.3440000000000016,3.4660000000000015,3.5860000000000016,3.7110000000000016,3.8650000000000015,4.019000000000002,4.1720000000000015,4.330000000000002,4.473000000000002,4.618000000000001,4.752000000000002,4.875000000000002,4.995000000000002,5.137000000000002,5.253000000000002,5.367000000000002,5.490000000000002,5.602000000000002,5.7150000000000025,5.828000000000003,5.945000000000003,6.059000000000003,6.174000000000003,6.298000000000003,6.415000000000003,6.541000000000003,6.666000000000003,6.809000000000003,6.922000000000003,7.032000000000004,7.153000000000004,7.279000000000004,7.392000000000005,7.509000000000005,7.626000000000005,7.742000000000004,7.8540000000000045,7.964000000000005,8.074000000000005,8.195000000000006,8.310000000000006,8.422000000000006,8.555000000000007,8.665000000000006,8.776000000000007,8.898000000000007,9.010000000000007,9.130000000000006,9.243000000000006,9.364000000000006,9.478000000000007,9.594000000000007,9.706000000000007,9.822000000000006,9.945000000000006,10.067000000000005,10.184000000000006,10.316000000000006,10.435000000000006,10.547000000000006,10.667000000000005,10.780000000000005,10.901000000000005,11.011000000000005,11.125000000000005,11.241000000000005,11.357000000000005,11.473000000000004,11.585000000000004,11.700000000000005,11.834000000000005,11.948000000000006,12.076000000000006,12.204000000000006,12.334000000000007,12.474000000000007,12.623000000000006,12.766000000000007,12.892000000000007],"fps":[7.782101167315175,7.782101167315175,7.782101167315175,7.782101167315175,8.678881388621022,8.678881388621022,8.678881388621022,8.678881388621022,8.678881388621022,8.678881388621022,8.678881388621022,6.944444444444445,6.944444444444445,6.944444444444445,6.944444444444445,6.944444444444445,6.944444444444445,6.944444444444445,6.944444444444445,7.866273352999016,7.866273352999016,7.866273352999016,7.866273352999016,7.866273352999016,7.866273352999016,7.866273352999016,7.866273352999016,7.866273352999016,8.571428571428571,8.571428571428571,8.571428571428571,8.571428571428571,8.571428571428571,8.571428571428571,8.571428571428571,8.571428571428571,8.571428571428571,8.294930875576037,8.294930875576037,8.294930875576037,8.294930875576037,8.294930875576037,8.294930875576037,8.294930875576037,8.294930875576037,8.294930875576037,8.662175168431183,8.662175168431183,8.662175168431183,8.662175168431183,8.662175168431183,8.662175168431183,8.662175168431183,8.662175168431183,8.662175168431183,8.645533141210375,8.645533141210375,8.645533141210375,8.645533141210375,8.645533141210375,8.645533141210375,8.645533141210375,8.645533141210375,8.645533141210375,8.379888268156424,8.379888268156424,8.379888268156424,8.379888268156424,8.379888268156424,8.379888268156424,8.379888268156424,8.379888268156424,8.379888268156424,8.538899430740038,8.538899430740038,8.538899430740038,8.538899430740038,8.538899430740038,8.538899430740038,8.538899430740038,8.538899430740038,7.561436672967864],"raf":[116,112,113,115,122,121,124,154,154,153,158,143,144,134,123,120,142,116,114,124,111,113,113,117,114,115,124,117,126,125,143,113,110,121,126,113,117,117,116,112,110,111,120,115,112,133,110,111,122,112,120,113,121,115,115,112,116,123,122,117,132,119,112,120,113,121,110,114,116,116,116,112,115,134,114,128,128,130,140,149,143,126]}