{"time":[3.009,3.1639999999999997,3.3459999999999996,3.5689999999999995,3.7879999999999994,3.9569999999999994,4.116999999999999,4.268999999999999,4.419,4.5809999999999995,4.7459999999999996,4.890999999999999,5.042999999999999,5.235999999999999,5.402999999999999,5.562999999999999,5.708999999999999,5.890999999999999,6.039999999999999,6.228999999999999,6.381999999999999,6.525999999999999,6.701999999999999,6.865999999999999,7.064999999999999,7.246999999999999,7.481999999999999,7.672999999999999,7.812999999999999,8.024,8.26,8.407,8.549,8.705,8.933,9.164,9.363,9.546,9.703999999999999,9.854,10.074,10.347,10.525,10.738,10.965,11.183,11.387,11.618,11.868,12.14,12.476,12.784],"fps":[4.545454545454546,4.545454545454546,4.545454545454546,5.756578947368421,5.756578947368421,5.756578947368421,5.756578947368421,5.756578947368421,5.756578947368421,5.928853754940712,5.928853754940712,5.928853754940712,5.928853754940712,5.928853754940712,5.928853754940712,5.928853754940712,6.205673758865248,6.205673758865248,6.205673758865248,6.205673758865248,6.205673758865248,6.205673758865248,6.205673758865248,6.050129645635264,6.050129645635264,6.050129645635264,6.050129645635264,6.050129645635264,6.050129645635264,5.181347150259067,5.181347150259067,5.181347150259067,5.181347150259067,5.181347150259067,5.181347150259067,5.2631578947368425,5.2631578947368425,5.2631578947368425,5.2631578947368425,5.2631578947368425,5.2631578947368425,5.07185122569738,5.07185122569738,5.07185122569738,5.07185122569738,5.07185122569738,4.803073967339097,4.803073967339097,4.803073967339097,4.803073967339097,3.676470588235294,3.676470588235294],"raf":[146,155,182,223,219,169,160,152,150,162,165,145,152,193,167,160,146,182,149,189,153,144,176,164,199,182,235,191,141,210,236,147,142,156,229,230,199,184,157,150,220,273,178,213,227,219,204,230,250,272,336,308]}