{"time":[3.0180000000000007,3.2350000000000008,3.431000000000001,3.621000000000001,3.805000000000001,3.990000000000001,4.174000000000001,4.357000000000001,4.557000000000001,4.737000000000001,4.916000000000001,5.096000000000001,5.278000000000001,5.457000000000002,5.643000000000002,5.826000000000001,6.011000000000001,6.192000000000001,6.377000000000001,6.561000000000001,6.744000000000001,6.928000000000001,7.113,7.297000000000001,7.479000000000001,7.661000000000001,7.842000000000001,8.026000000000002,8.206000000000001,8.406,8.599,8.82,9.06,9.273,9.467,9.655000000000001,9.843000000000002,10.029000000000002,10.216000000000001,10.403,10.586,10.771,10.956000000000001,11.136000000000001,11.323,11.509,11.692,11.896,12.099,12.306000000000001,12.511000000000001,12.706000000000001,12.896],"fps":[5.217391304347826,5.025125628140704,5.025125628140704,5.025125628140704,5.025125628140704,5.025125628140704,5.025125628140704,5.347593582887701,5.347593582887701,5.347593582887701,5.347593582887701,5.347593582887701,5.347593582887701,5.454545454545454,5.454545454545454,5.454545454545454,5.454545454545454,5.454545454545454,5.454545454545454,5.434782608695652,5.434782608695652,5.434782608695652,5.434782608695652,5.434782608695652,5.434782608695652,5.454545454545454,5.454545454545454,5.454545454545454,5.454545454545454,5.454545454545454,5.454545454545454,5.176876617773943,5.176876617773943,5.176876617773943,5.176876617773943,5.176876617773943,4.887585532746823,4.887585532746823,4.887585532746823,4.887585532746823,4.887585532746823,4.887585532746823,5.390835579514825,5.390835579514825,5.390835579514825,5.390835579514825,5.390835579514825,5.390835579514825,5.2493438320209975,5.2493438320209975,5.2493438320209975,5.2493438320209975,5.2493438320209975],"raf":[193,217,196,190,184,185,183,183,200,180,179,180,182,179,186,184,184,181,185,184,183,184,185,185,181,182,181,184,180,200,193,221,240,213,194,188,188,187,186,187,183,185,185,180,187,186,183,204,203,208,204,195,190]}