{"time":[3.058,3.203,3.33,3.456,3.609,3.776,3.956,4.087,4.2059999999999995,4.327,4.446,4.567,4.692,4.816,4.936999999999999,5.0569999999999995,5.177,5.298,5.422,5.542,5.66,5.7860000000000005,5.905,6.026,6.145,6.271,6.417,6.538,6.66,6.7780000000000005,6.899000000000001,7.019000000000001,7.139000000000001,7.260000000000002,7.379000000000001,7.500000000000002,7.622000000000002,7.742000000000002,7.863000000000001,7.981000000000002,8.101,8.221,8.34,8.464,8.584,8.708,8.831,8.95,9.068999999999999,9.188999999999998,9.310999999999998,9.434999999999999,9.553999999999998,9.674999999999999,9.793999999999999,9.919999999999998,10.052999999999997,10.172999999999996,10.294999999999996,10.415999999999997,10.541999999999996,10.666999999999996,10.790999999999997,10.913999999999996,11.036999999999995,11.160999999999996,11.282999999999996,11.404999999999996,11.525999999999996,11.645999999999995,11.767999999999995,11.891999999999996,12.013999999999996,12.137999999999996,12.259999999999996,12.392999999999997,12.527999999999997,12.668999999999997,12.789999999999997,12.920999999999998],"fps":[7.373271889400922,7.373271889400922,7.373271889400922,7.373271889400922,7.373271889400922,7.373271889400922,7.373271889400922,6.802721088435374,6.802721088435374,6.802721088435374,6.802721088435374,6.802721088435374,6.802721088435374,6.802721088435374,6.802721088435374,6.802721088435374,8.256880733944953,8.256880733944953,8.256880733944953,8.256880733944953,8.256880733944953,8.256880733944953,8.256880733944953,8.256880733944953,8.256880733944953,8.226691042047532,8.226691042047532,8.226691042047532,8.226691042047532,8.226691042047532,8.226691042047532,8.226691042047532,8.226691042047532,8.226691042047532,8.12274368231047,8.12274368231047,8.12274368231047,8.12274368231047,8.12274368231047,8.12274368231047,8.12274368231047,8.12274368231047,8.12274368231047,8.294930875576037,8.294930875576037,8.294930875576037,8.294930875576037,8.294930875576037,8.294930875576037,8.294930875576037,8.294930875576037,8.294930875576037,8.256880733944953,8.256880733944953,8.256880733944953,8.256880733944953,8.256880733944953,8.256880733944953,8.256880733944953,8.256880733944953,8.256880733944953,8.086253369272237,8.086253369272237,8.086253369272237,8.086253369272237,8.086253369272237,8.086253369272237,8.086253369272237,8.086253369272237,8.086253369272237,8.174386920980927,8.174386920980927,8.174386920980927,8.174386920980927,8.174386920980927,8.174386920980927,8.174386920980927,8.174386920980927,7.8277886497064575,7.8277886497064575],"raf":[136,145,127,126,153,167,180,131,119,121,119,121,125,124,121,120,120,122,123,120,118,126,119,121,119,126,146,121,122,118,121,120,120,121,119,121,122,120,121,118,120,120,119,124,120,124,124,118,119,120,123,123,119,121,119,126,133,120,122,121,126,125,124,123,123,124,122,122,121,120,122,124,122,124,122,133,135,141,121,132]}