{"time":[3.254,3.876,4.49,5.097,5.760000000000001,6.375000000000001,6.949000000000001,7.652000000000001,8.285,8.903,9.563,10.181000000000001,10.847000000000001,11.530000000000001,12.125000000000002,12.668000000000001],"fps":[1.3599274705349047,1.5649452269170578,1.5649452269170578,1.638001638001638,1.638001638001638,1.5649452269170578,1.5649452269170578,1.5661707126076743,1.5661707126076743,1.5987210231814548,1.5987210231814548,1.5649452269170578,1.5649452269170578,1.4825796886582654,1.4825796886582654,1.757469244288225],"raf":[656,622,614,607,663,615,574,703,633,618,660,618,666,683,595,543]}