{"time":[3.6790000000000003,4.113,4.478000000000001,4.964,5.61,6.183,6.6129999999999995,7.061999999999999,7.4959999999999996,7.826,8.129,8.504999999999999,8.866999999999999,9.213,9.556999999999999,9.969,10.34,10.837,11.197,11.539,11.863999999999999,12.190999999999999,12.678999999999998],"fps":[1.2315270935960592,1.2315270935960592,1.2315270935960592,2.336448598130841,2.336448598130841,1.639344262295082,1.639344262295082,1.639344262295082,2.2865853658536586,2.2865853658536586,2.2865853658536586,2.9732408325074333,2.9732408325074333,2.9732408325074333,2.8517110266159698,2.8517110266159698,2.8517110266159698,2.34375,2.34375,2.34375,2.9211295034079843,2.9211295034079843,2.9211295034079843],"raf":[704,433,365,486,646,573,429,449,434,330,303,376,362,346,344,412,371,497,360,342,325,328,487]}