{"time":[3.001,3.084,3.18,3.2680000000000002,3.3520000000000003,3.4570000000000003,3.547,3.6390000000000002,3.724,3.821,3.907,3.996,4.087,4.173,4.257,4.343999999999999,4.433,4.523,4.6209999999999996,4.709,4.792,4.878,4.9830000000000005,5.069000000000001,5.156000000000001,5.244000000000001,5.335000000000001,5.425000000000001,5.519000000000001,5.608000000000001,5.692000000000001,5.784000000000001,5.867000000000001,5.948000000000001,6.030000000000001,6.112000000000001,6.195000000000001,6.2810000000000015,6.371000000000001,6.4620000000000015,6.5470000000000015,6.634000000000001,6.717000000000001,6.798000000000002,6.8820000000000014,6.988000000000001,7.073000000000001,7.162000000000002,7.288000000000002,7.400000000000002,7.4890000000000025,7.5740000000000025,7.657000000000003,7.737000000000003,7.819000000000003,7.899000000000003,7.977000000000003,8.064000000000004,8.147000000000004,8.229000000000005,8.320000000000004,8.407000000000004,8.490000000000004,8.581000000000003,8.661000000000003,8.754000000000003,8.847000000000003,8.931000000000003,9.013000000000003,9.103000000000003,9.208000000000004,9.314000000000004,9.408000000000003,9.493000000000004,9.591000000000005,9.673000000000005,9.754000000000005,9.848000000000004,9.943000000000005,10.041000000000006,10.119000000000005,10.211000000000006,10.317000000000005,10.408000000000005,10.510000000000005,10.623000000000005,10.747000000000005,10.854000000000005,10.937000000000005,11.017000000000005,11.100000000000005,11.183000000000005,11.368000000000006,11.477000000000006,11.559000000000006,11.671000000000006,11.805000000000007,11.888000000000007,11.971000000000007,12.053000000000008,12.141000000000007,12.230000000000008,12.319000000000008,12.399000000000008,12.479000000000008,12.561000000000009,12.642000000000008,12.735000000000008,12.816000000000008,12.898000000000009,12.979000000000008],"fps":[10.138248847926267,10.138248847926267,10.138248847926267,10.138248847926267,10.138248847926267,10.138248847926267,11.142061281337048,11.142061281337048,11.142061281337048,11.142061281337048,11.142061281337048,11.142061281337048,11.142061281337048,11.142061281337048,11.142061281337048,11.142061281337048,11.142061281337048,11.142061281337048,11.1731843575419,11.1731843575419,11.1731843575419,11.1731843575419,11.1731843575419,11.1731843575419,11.1731843575419,11.1731843575419,11.1731843575419,11.1731843575419,11.1731843575419,11.1731843575419,11.204481792717086,11.204481792717086,11.204481792717086,11.204481792717086,11.204481792717086,11.204481792717086,11.204481792717086,11.204481792717086,11.204481792717086,11.204481792717086,11.204481792717086,11.204481792717086,11.707317073170731,11.707317073170731,11.707317073170731,11.707317073170731,11.707317073170731,11.707317073170731,11.707317073170731,11.707317073170731,11.707317073170731,11.707317073170731,11.707317073170731,10.784313725490197,10.784313725490197,10.784313725490197,10.784313725490197,10.784313725490197,10.784313725490197,10.784313725490197,10.784313725490197,10.784313725490197,10.784313725490197,10.784313725490197,10.784313725490197,11.799410029498524,11.799410029498524,11.799410029498524,11.799410029498524,11.799410029498524,11.799410029498524,11.799410029498524,11.799410029498524,11.799410029498524,11.799410029498524,11.799410029498524,11.799410029498524,10.968921389396709,10.968921389396709,10.968921389396709,10.968921389396709,10.968921389396709,10.968921389396709,10.968921389396709,10.968921389396709,10.968921389396709,10.968921389396709,9.940357852882704,9.940357852882704,9.940357852882704,9.940357852882704,9.940357852882704,9.940357852882704,9.940357852882704,9.940357852882704,9.940357852882704,9.940357852882704,9.671179883945841,9.671179883945841,9.671179883945841,9.671179883945841,9.671179883945841,9.671179883945841,9.671179883945841,9.671179883945841,9.671179883945841,9.671179883945841,9.671179883945841,9.671179883945841,11.881188118811881,11.881188118811881],"raf":[81,83,96,88,84,105,90,92,85,97,86,89,91,86,84,87,89,90,98,88,83,86,105,86,87,88,91,90,94,89,84,92,83,81,82,82,83,86,90,91,86,86,83,81,84,106,85,89,126,112,89,85,83,80,82,80,78,87,83,82,91,87,83,91,80,93,93,84,82,90,105,106,94,85,98,82,81,94,95,98,78,92,106,91,102,113,124,107,83,80,83,83,185,109,82,112,134,83,83,82,88,89,89,80,80,82,81,93,81,82,81]}