{"time":[3.2819999999999996,3.5959999999999996,3.9549999999999996,4.27,4.563999999999999,4.845999999999999,5.135999999999999,5.435999999999999,5.730999999999999,6.028999999999999,6.292999999999999,6.5489999999999995,6.81,7.06,7.311999999999999,7.568,7.81,8.067,8.308,8.554,8.804,9.045,9.288,9.546,9.834999999999999,10.1,10.344999999999999,10.600999999999999,10.877999999999998,11.131999999999998,11.386999999999999,11.797999999999998,12.208999999999998,12.558999999999997,12.854999999999997],"fps":[3.2467532467532467,2.912621359223301,2.912621359223301,2.912621359223301,2.912621359223301,3.2,3.2,3.2,3.2,3.3812341504649197,3.3812341504649197,3.3812341504649197,3.3812341504649197,3.8797284190106693,3.8797284190106693,3.8797284190106693,3.8797284190106693,3.9682539682539684,3.9682539682539684,3.9682539682539684,3.9682539682539684,3.9682539682539684,4.098360655737705,4.098360655737705,4.098360655737705,4.098360655737705,3.7842951750236518,3.7842951750236518,3.7842951750236518,3.7842951750236518,3.838771593090211,3.838771593090211,3.838771593090211,2.5597269624573378,2.5597269624573378],"raf":[328,314,359,315,294,282,290,300,295,298,264,256,261,250,252,256,242,258,240,246,250,241,243,258,289,265,245,256,277,254,255,411,411,350,296]}