{"time":[3.014,3.2209999999999996,3.4869999999999997,3.7179999999999995,3.9599999999999995,4.209,4.425999999999999,4.622999999999999,4.816999999999999,5.007,5.2459999999999996,5.441,5.671,5.857,6.033,6.216,6.416,6.607,6.771,6.959,7.135999999999999,7.313999999999999,7.513999999999999,7.702999999999999,7.885999999999999,8.066999999999998,8.268999999999998,8.457999999999998,8.633,8.809999999999999,9.002999999999998,9.185999999999998,9.363999999999999,9.558,9.738999999999999,9.917,10.088,10.302,10.513,10.693999999999999,10.861999999999998,11.035999999999998,11.196999999999997,11.353999999999997,11.506999999999998,11.655999999999997,11.822999999999997,11.999999999999996,12.161999999999997,12.355999999999998,12.507999999999997,12.678999999999997,12.855999999999996],"fps":[4.310344827586207,4.310344827586207,4.332755632582322,4.332755632582322,4.332755632582322,4.332755632582322,4.332755632582322,4.405286343612334,4.405286343612334,4.405286343612334,4.405286343612334,4.405286343612334,4.770992366412214,4.770992366412214,4.770992366412214,4.770992366412214,4.770992366412214,4.770992366412214,5.454545454545454,5.454545454545454,5.454545454545454,5.454545454545454,5.454545454545454,5.454545454545454,5.381165919282512,5.381165919282512,5.381165919282512,5.381165919282512,5.381165919282512,5.381165919282512,5.371530886302597,5.371530886302597,5.371530886302597,5.371530886302597,5.371530886302597,5.371530886302597,5.529953917050691,5.529953917050691,5.529953917050691,5.529953917050691,5.529953917050691,5.529953917050691,5.410279531109107,5.410279531109107,5.410279531109107,5.410279531109107,5.410279531109107,5.410279531109107,5.410279531109107,6.039689387402934,6.039689387402934,6.039689387402934,6.039689387402934],"raf":[210,207,267,230,242,249,217,197,194,190,240,194,230,186,176,183,200,191,164,188,177,179,199,189,183,181,202,189,175,177,193,183,178,194,181,178,171,215,210,181,168,174,161,157,153,149,167,177,162,194,152,171,177]}