{"time":[3.0580000000000007,3.125000000000001,3.189000000000001,3.253000000000001,3.318000000000001,3.402000000000001,3.464000000000001,3.5260000000000007,3.5860000000000007,3.6470000000000007,3.7110000000000007,3.783000000000001,3.846000000000001,3.908000000000001,3.9700000000000006,4.033,4.095000000000001,4.156000000000001,4.216,4.277,4.339,4.399,4.461,4.522,4.583,4.646,4.709,4.774,4.837,4.902,4.968,5.031,5.093999999999999,5.156999999999999,5.217999999999999,5.279999999999999,5.342,5.403,5.465,5.526,5.587,5.652,5.739,5.804,5.8660000000000005,5.926,5.99,6.051,6.112,6.174,6.235,6.298,6.358,6.419,6.481,6.542,6.603,6.696,6.757,6.821,6.885,6.947,7.008,7.07,7.131,7.192,7.252,7.3149999999999995,7.374999999999999,7.435999999999999,7.497999999999999,7.558999999999999,7.621999999999999,7.695999999999999,7.774999999999999,7.854999999999999,7.934999999999999,8.004,8.07,8.136000000000001,8.202000000000002,8.277000000000001,8.351,8.417000000000002,8.481000000000002,8.545000000000002,8.608000000000002,8.686000000000002,8.750000000000002,8.817000000000002,8.881000000000002,8.944000000000003,9.008000000000003,9.072000000000003,9.134000000000002,9.237000000000002,9.348000000000003,9.409000000000002,9.471000000000002,9.543000000000001,9.618,9.69,9.753,9.817,9.882,9.945,10.008000000000001,10.068000000000001,10.131000000000002,10.192000000000002,10.252000000000002,10.314000000000002,10.375000000000002,10.436000000000002,10.499000000000002,10.562000000000003,10.625000000000004,10.691000000000004,10.754000000000005,10.817000000000005,10.880000000000006,10.940000000000007,11.001000000000007,11.064000000000007,11.126000000000007,11.188000000000006,11.251000000000007,11.315000000000007,11.375000000000007,11.436000000000007,11.498000000000006,11.560000000000006,11.623000000000006,11.687000000000006,11.749000000000006,11.810000000000006,11.874000000000006,11.936000000000005,11.999000000000006,12.061000000000005,12.124000000000006,12.186000000000005,12.247000000000005,12.308000000000005,12.369000000000005,12.430000000000005,12.491000000000005,12.551000000000005,12.618000000000006,12.686000000000005,12.749000000000006,12.812000000000006,12.875000000000007,12.938000000000008,12.998000000000008],"fps":[15.065913370998116,15.065913370998116,15.065913370998116,15.065913370998116,15.065913370998116,15.065913370998116,15.065913370998116,15.065913370998116,15.065913370998116,15.065913370998116,15.065913370998116,15.037593984962406,15.037593984962406,15.037593984962406,15.037593984962406,15.037593984962406,15.037593984962406,15.037593984962406,15.037593984962406,15.037593984962406,15.037593984962406,15.037593984962406,15.037593984962406,15.037593984962406,15.037593984962406,15.037593984962406,15.037593984962406,15.037593984962406,16.113744075829384,16.113744075829384,16.113744075829384,16.113744075829384,16.113744075829384,16.113744075829384,16.113744075829384,16.113744075829384,16.113744075829384,16.113744075829384,16.113744075829384,16.113744075829384,16.113744075829384,16.113744075829384,16.113744075829384,16.113744075829384,15.56420233463035,15.56420233463035,15.56420233463035,15.56420233463035,15.56420233463035,15.56420233463035,15.56420233463035,15.56420233463035,15.56420233463035,15.56420233463035,15.56420233463035,15.56420233463035,15.56420233463035,15.56420233463035,15.56420233463035,15.56420233463035,15.701668302257115,15.701668302257115,15.701668302257115,15.701668302257115,15.701668302257115,15.701668302257115,15.701668302257115,15.701668302257115,15.701668302257115,15.701668302257115,15.701668302257115,15.701668302257115,15.701668302257115,15.701668302257115,15.701668302257115,15.701668302257115,15.238095238095237,15.238095238095237,15.238095238095237,15.238095238095237,15.238095238095237,15.238095238095237,15.238095238095237,15.238095238095237,15.238095238095237,15.238095238095237,15.238095238095237,15.238095238095237,15.238095238095237,15.238095238095237,15.238095238095237,14.866204162537166,14.866204162537166,14.866204162537166,14.866204162537166,14.866204162537166,14.866204162537166,14.866204162537166,14.866204162537166,14.866204162537166,14.866204162537166,14.866204162537166,14.866204162537166,14.866204162537166,14.866204162537166,13.986013986013987,13.986013986013987,13.986013986013987,13.986013986013987,13.986013986013987,13.986013986013987,13.986013986013987,13.986013986013987,13.986013986013987,13.986013986013987,13.986013986013987,13.986013986013987,13.986013986013987,13.986013986013987,13.986013986013987,13.986013986013987,13.986013986013987,16.098484848484848,16.098484848484848,16.098484848484848,16.098484848484848,16.098484848484848,16.098484848484848,16.098484848484848,16.098484848484848,16.098484848484848,16.098484848484848,16.098484848484848,16.098484848484848,16.098484848484848,16.098484848484848,16.098484848484848,16.098484848484848,16.098484848484848,16.037735849056602,16.037735849056602,16.037735849056602,16.037735849056602,16.037735849056602,16.037735849056602,16.037735849056602,16.037735849056602,16.037735849056602,16.037735849056602,16.037735849056602,16.037735849056602,16.037735849056602,16.037735849056602,16.037735849056602,16.037735849056602],"raf":[67,67,64,64,66,83,62,62,60,62,63,72,63,62,62,63,62,61,60,61,62,60,62,61,61,63,63,65,64,64,66,63,63,63,61,62,62,61,62,61,61,65,87,65,62,61,63,61,61,62,61,63,60,62,61,61,61,93,61,64,64,62,61,62,61,61,60,63,60,61,62,61,63,74,79,80,80,69,66,66,66,75,74,66,64,64,63,78,65,66,64,63,64,64,62,103,111,61,62,72,75,72,63,64,65,63,63,60,63,61,60,62,61,61,63,63,63,66,63,63,63,60,61,63,62,63,62,64,60,61,62,62,63,64,62,61,64,63,62,62,63,62,61,61,61,61,61,60,67,68,63,64,62,63,60]}