{"time":[3.468,3.948,4.399,4.866,5.286,5.67,6.136,6.524,6.965,7.3549999999999995,7.768999999999999,8.193999999999999,8.639999999999999,9.072,9.492999999999999,9.892,10.318999999999999,10.747,11.172,11.575000000000001,12.006,12.436,12.951],"fps":[1.8365472910927456,1.8365472910927456,1.8365472910927456,2.1459227467811157,2.1459227467811157,2.1459227467811157,2.3603461841070024,2.3603461841070024,2.3603461841070024,2.4630541871921183,2.4630541871921183,2.4630541871921183,2.3346303501945527,2.3346303501945527,2.3346303501945527,2.3961661341853033,2.3961661341853033,2.3961661341853033,2.34375,2.34375,2.34375,2.3734177215189876,2.3734177215189876],"raf":[610,480,451,467,420,384,466,388,441,390,414,425,446,432,421,399,427,428,425,403,431,430,515]}