{"time":[3.041,3.479,3.946,4.319,4.753,5.132,5.516,5.875,6.206,6.6080000000000005,6.954000000000001,7.2940000000000005,7.642,7.971,8.315,8.647,8.997,9.368,9.731,10.068999999999999,10.414,10.786,11.177,11.577,11.921,12.285,12.632],"fps":[1.3404825737265416,1.3404825737265416,2.3006134969325154,2.3006134969325154,2.3006134969325154,2.5295109612141653,2.5295109612141653,2.5295109612141653,2.793296089385475,2.793296089385475,2.793296089385475,2.7573529411764706,2.7573529411764706,2.7573529411764706,2.9382957884427032,2.9382957884427032,2.9382957884427032,2.849002849002849,2.849002849002849,2.849002849002849,2.8680688336520075,2.8680688336520075,2.8680688336520075,2.5795356835769563,2.5795356835769563,2.5795356835769563,2.843601895734597],"raf":[399,438,467,373,434,379,384,359,331,402,346,340,348,329,344,332,350,371,363,338,345,372,391,400,344,364,347]}