{"time":[3.0400000000000005,3.1440000000000006,3.2540000000000004,3.3520000000000003,3.4480000000000004,3.5690000000000004,3.7060000000000004,3.8540000000000005,4.011,4.1080000000000005,4.210000000000001,4.309000000000001,4.420000000000001,4.517000000000001,4.615000000000001,4.7120000000000015,4.810000000000001,4.909000000000002,5.009000000000001,5.1110000000000015,5.217000000000001,5.323000000000001,5.436000000000002,5.562000000000002,5.719000000000002,5.844000000000002,5.965000000000002,6.082000000000002,6.201000000000001,6.312000000000001,6.427000000000001,6.542000000000002,6.6560000000000015,6.771000000000002,6.887000000000001,6.999000000000001,7.110000000000001,7.221000000000001,7.360000000000001,7.473000000000002,7.585000000000002,7.697000000000002,7.807000000000002,7.9170000000000025,8.027000000000003,8.143000000000002,8.256000000000002,8.374000000000002,8.489000000000003,8.600000000000003,8.713000000000003,8.827000000000004,8.938000000000004,9.048000000000004,9.159000000000004,9.272000000000004,9.380000000000004,9.491000000000005,9.599000000000006,9.706000000000005,9.816000000000004,9.923000000000004,10.033000000000003,10.141000000000004,10.250000000000004,10.359000000000004,10.471000000000004,10.593000000000004,10.702000000000004,10.814000000000004,10.933000000000003,11.043000000000003,11.151000000000003,11.262000000000004,11.374000000000004,11.483000000000004,11.602000000000004,11.723000000000004,11.840000000000005,11.952000000000005,12.064000000000005,12.176000000000005,12.287000000000006,12.402000000000006,12.516000000000007,12.648000000000007,12.765000000000008,12.882000000000009,12.99900000000001],"fps":[10.251630941286114,10.251630941286114,10.251630941286114,10.251630941286114,10.251630941286114,10.251630941286114,10.251630941286114,9.099181073703367,9.099181073703367,9.099181073703367,9.099181073703367,9.099181073703367,9.099181073703367,9.099181073703367,9.099181073703367,9.099181073703367,9.099181073703367,9.47867298578199,9.47867298578199,9.47867298578199,9.47867298578199,9.47867298578199,9.47867298578199,9.47867298578199,9.47867298578199,9.47867298578199,8.522727272727273,8.522727272727273,8.522727272727273,8.522727272727273,8.522727272727273,8.522727272727273,8.522727272727273,8.522727272727273,8.522727272727273,8.704061895551257,8.704061895551257,8.704061895551257,8.704061895551257,8.704061895551257,8.704061895551257,8.704061895551257,8.704061895551257,8.704061895551257,8.754863813229573,8.754863813229573,8.754863813229573,8.754863813229573,8.754863813229573,8.754863813229573,8.754863813229573,8.754863813229573,8.754863813229573,8.81488736532811,8.81488736532811,8.81488736532811,8.81488736532811,8.81488736532811,8.81488736532811,8.81488736532811,8.81488736532811,8.81488736532811,8.81488736532811,9.149130832570906,9.149130832570906,9.149130832570906,9.149130832570906,9.149130832570906,9.149130832570906,9.149130832570906,9.149130832570906,9.149130832570906,8.910891089108912,8.910891089108912,8.910891089108912,8.910891089108912,8.910891089108912,8.910891089108912,8.910891089108912,8.910891089108912,8.910891089108912,8.78048780487805,8.78048780487805,8.78048780487805,8.78048780487805,8.78048780487805,8.78048780487805,8.78048780487805,8.78048780487805],"raf":[93,104,110,98,96,121,138,147,157,98,101,99,111,97,98,97,98,99,101,101,106,106,113,126,157,125,121,117,119,111,115,115,114,115,116,112,111,112,138,113,112,112,110,110,110,116,113,118,115,111,113,114,111,110,111,113,108,111,108,107,110,107,110,108,109,109,112,122,109,112,119,110,108,111,112,109,119,121,117,112,112,112,111,115,114,132,117,117,117]}