{"time":[4.247999999999999,5.283999999999999,6.371999999999999,7.416999999999999,8.453,9.491,10.532,11.637,12.74],"fps":[2.405773857257418,0.9652509652509652,0.9191176470588235,0.9569377990430622,0.9652509652509652,0.9633911368015414,0.9606147934678194,0.9049773755656109,0.9066183136899365],"raf":[3002,1036,1088,1045,1036,1038,1041,1105,1103]}