{"time":[3.696,4.323,4.861000000000001,5.351000000000001,5.838000000000001,6.299000000000001,6.820000000000001,7.279000000000001,7.705000000000001,8.184000000000001,8.644000000000002,9.136000000000003,9.583000000000002,10.041000000000002,10.531000000000002,11.077000000000002,11.510000000000002,12.004000000000001,12.516000000000002],"fps":[4.86080424215643,1.3114754098360655,1.3114754098360655,1.9455252918287937,1.9455252918287937,1.9455252918287937,2.0422055820285907,2.0422055820285907,2.0422055820285907,2.19941348973607,2.19941348973607,2.19941348973607,2.144388849177984,2.144388849177984,2.144388849177984,2.0080321285140563,2.0080321285140563,2.0080321285140563,2.0833333333333335],"raf":[898,627,538,490,487,461,521,459,426,479,460,492,447,458,490,546,433,495,512]}