{"time":[3.032,3.265,3.5100000000000002,3.736,3.975,4.2010000000000005,4.434,4.6690000000000005,4.902,5.136,5.356,5.583,5.82,6.057,6.287000000000001,6.515000000000001,6.742000000000001,6.966000000000001,7.191000000000001,7.437000000000001,7.679000000000001,7.899000000000001,8.143,8.377,8.598,8.839,9.08,9.303,9.543000000000001,9.771,9.991000000000001,10.21,10.462000000000002,10.701000000000002,10.937000000000003,11.159000000000002,11.380000000000003,11.607000000000003,11.842000000000002,12.064000000000002,12.297000000000002,12.547000000000002,12.778000000000002,12.998000000000003],"fps":[3.717472118959108,3.9721946375372394,3.9721946375372394,3.9721946375372394,3.9721946375372394,3.9721946375372394,4.277159965782721,4.277159965782721,4.277159965782721,4.277159965782721,4.277159965782721,4.351610095735422,4.351610095735422,4.351610095735422,4.351610095735422,4.351610095735422,4.3140638481449525,4.3140638481449525,4.3140638481449525,4.3140638481449525,4.3140638481449525,4.32152117545376,4.32152117545376,4.32152117545376,4.32152117545376,4.32152117545376,4.233700254022016,4.233700254022016,4.233700254022016,4.233700254022016,4.233700254022016,4.424778761061947,4.424778761061947,4.424778761061947,4.424778761061947,4.424778761061947,4.273504273504273,4.273504273504273,4.273504273504273,4.273504273504273,4.273504273504273,4.284490145672665,4.284490145672665,4.284490145672665],"raf":[233,233,245,227,238,226,233,235,233,234,220,227,237,237,230,228,227,224,225,246,242,220,245,233,221,241,241,223,240,228,220,219,252,239,236,222,221,227,235,222,233,250,231,220]}