{"time":[3.052000000000001,3.151000000000001,3.241000000000001,3.329000000000001,3.413000000000001,3.498000000000001,3.582000000000001,3.663000000000001,3.745000000000001,3.827000000000001,3.910000000000001,3.992000000000001,4.075000000000001,4.158000000000001,4.239000000000002,4.324000000000002,4.407000000000002,4.490000000000002,4.572000000000002,4.655000000000002,4.737000000000002,4.822000000000002,4.905000000000002,4.988000000000002,5.068000000000002,5.148000000000002,5.234000000000003,5.318000000000002,5.4010000000000025,5.485000000000002,5.570000000000002,5.652000000000002,5.734000000000002,5.816000000000002,5.8980000000000015,5.981000000000002,6.0630000000000015,6.146000000000002,6.233000000000001,6.316000000000002,6.397000000000002,6.479000000000002,6.567000000000002,6.649000000000002,6.731000000000002,6.812000000000002,6.894000000000002,6.976000000000002,7.059000000000002,7.141000000000002,7.224000000000002,7.309000000000002,7.391000000000002,7.475000000000001,7.558000000000002,7.6400000000000015,7.722000000000001,7.8050000000000015,7.8900000000000015,7.9700000000000015,8.052000000000001,8.135000000000002,8.219000000000001,8.303,8.385000000000002,8.467000000000002,8.548000000000002,8.629000000000001,8.712000000000002,8.793000000000001,8.876000000000001,8.959000000000001,9.041000000000002,9.123000000000003,9.206000000000003,9.288000000000004,9.371000000000004,9.454000000000004,9.544000000000004,9.627000000000004,9.709000000000005,9.794000000000006,9.876000000000007,9.958000000000007,10.041000000000007,10.124000000000008,10.207000000000008,10.290000000000008,10.373000000000008,10.458000000000009,10.551000000000009,10.641000000000009,10.72600000000001,10.81000000000001,10.89700000000001,10.99300000000001,11.093000000000009,11.186000000000009,11.274000000000008,11.370000000000008,11.470000000000008,11.556000000000008,11.650000000000007,11.735000000000008,11.82000000000001,11.917000000000009,12.003000000000009,12.08800000000001,12.19400000000001,12.31300000000001,12.39700000000001,12.50900000000001,12.60700000000001,12.70000000000001,12.78600000000001,12.87500000000001,12.964000000000011],"fps":[9.157509157509157,9.157509157509157,9.157509157509157,9.157509157509157,9.157509157509157,9.157509157509157,9.157509157509157,9.157509157509157,11.142061281337048,11.142061281337048,11.142061281337048,11.142061281337048,11.142061281337048,11.142061281337048,11.142061281337048,11.142061281337048,11.142061281337048,11.142061281337048,11.142061281337048,11.142061281337048,11.142061281337048,12.070566388115134,12.070566388115134,12.070566388115134,12.070566388115134,12.070566388115134,12.070566388115134,12.070566388115134,12.070566388115134,12.070566388115134,12.070566388115134,12.070566388115134,12.070566388115134,12.070566388115134,12.0817843866171,12.0817843866171,12.0817843866171,12.0817843866171,12.0817843866171,12.0817843866171,12.0817843866171,12.0817843866171,12.0817843866171,12.0817843866171,12.0817843866171,12.0817843866171,12.0817843866171,12.059369202226344,12.059369202226344,12.059369202226344,12.059369202226344,12.059369202226344,12.059369202226344,12.059369202226344,12.059369202226344,12.059369202226344,12.059369202226344,12.059369202226344,12.059369202226344,12.059369202226344,12.0817843866171,12.0817843866171,12.0817843866171,12.0817843866171,12.0817843866171,12.0817843866171,12.0817843866171,12.0817843866171,12.0817843866171,12.0817843866171,12.0817843866171,12.0817843866171,12.0817843866171,12.138188608776844,12.138188608776844,12.138188608776844,12.138188608776844,12.138188608776844,12.138188608776844,12.138188608776844,12.138188608776844,12.138188608776844,12.138188608776844,12.138188608776844,12.138188608776844,11.988011988011989,11.988011988011989,11.988011988011989,11.988011988011989,11.988011988011989,11.988011988011989,11.988011988011989,11.988011988011989,11.988011988011989,11.988011988011989,11.988011988011989,11.988011988011989,11.299435028248588,11.299435028248588,11.299435028248588,11.299435028248588,11.299435028248588,11.299435028248588,11.299435028248588,11.299435028248588,11.299435028248588,11.299435028248588,11.299435028248588,10.912698412698413,10.912698412698413,10.912698412698413,10.912698412698413,10.912698412698413,10.912698412698413,10.912698412698413,10.912698412698413,10.912698412698413],"raf":[95,99,90,88,84,85,84,81,82,82,83,83,82,83,81,85,83,83,82,83,82,85,83,83,80,80,86,84,83,84,85,82,82,82,82,83,82,83,87,83,81,82,88,82,82,81,82,82,83,82,83,85,82,84,83,82,82,83,85,80,82,83,84,85,81,82,81,81,83,81,83,83,82,82,83,82,83,83,90,83,82,85,82,82,83,83,83,83,83,85,93,90,85,84,87,96,100,93,88,96,100,86,94,85,85,96,86,85,106,119,84,112,99,92,86,89,89]}