{"time":[3.041000000000001,3.1110000000000007,3.178000000000001,3.246000000000001,3.313000000000001,3.381000000000001,3.449000000000001,3.5210000000000012,3.5890000000000013,3.663000000000001,3.7300000000000013,3.800000000000001,3.869000000000001,3.938000000000001,4.0150000000000015,4.083000000000001,4.150000000000001,4.2200000000000015,4.291000000000001,4.358000000000001,4.426000000000001,4.493000000000001,4.566000000000002,4.649000000000002,4.7200000000000015,4.787000000000002,4.8530000000000015,4.919000000000001,4.985000000000001,5.050000000000002,5.1190000000000015,5.186000000000002,5.255000000000002,5.323000000000001,5.3900000000000015,5.455000000000002,5.5230000000000015,5.591000000000001,5.659000000000001,5.726000000000001,5.7940000000000005,5.862,5.928,5.997,6.066,6.133,6.198,6.267,6.3340000000000005,6.404000000000001,6.473000000000001,6.541,6.609,6.678,6.744,6.81,6.875,6.943,7.013,7.082,7.151,7.22,7.287999999999999,7.356999999999999,7.4239999999999995,7.491,7.558999999999999,7.624999999999999,7.693999999999999,7.759999999999999,7.825999999999999,7.892999999999999,7.9609999999999985,8.030999999999999,8.098999999999998,8.168999999999999,8.235999999999999,8.303999999999998,8.37,8.439,8.509,8.588000000000001,8.665000000000001,8.738000000000001,8.819,8.898000000000001,8.97,9.051,9.132,9.202,9.281,9.355,9.435,9.515,9.585,9.664000000000001,9.734000000000002,9.817000000000002,9.898000000000001,9.967000000000002,10.074000000000002,10.166000000000002,10.236000000000002,10.312000000000003,10.379000000000003,10.446000000000003,10.511000000000003,10.579000000000002,10.648000000000003,10.718000000000004,10.786000000000003,10.854000000000003,10.923000000000004,10.989000000000004,11.054000000000004,11.122000000000003,11.189000000000004,11.257000000000003,11.325000000000003,11.392000000000003,11.458000000000004,11.523000000000003,11.588000000000003,11.654000000000003,11.723000000000004,11.789000000000005,11.858000000000006,11.925000000000006,11.994000000000007,12.060000000000008,12.127000000000008,12.194000000000008,12.262000000000008,12.329000000000008,12.398000000000009,12.46400000000001,12.53100000000001,12.599000000000009,12.66900000000001,12.737000000000009,12.805000000000009,12.870000000000008,12.935000000000008],"fps":[13.83399209486166,13.83399209486166,13.83399209486166,13.83399209486166,13.83399209486166,13.83399209486166,13.83399209486166,13.83399209486166,13.83399209486166,13.83399209486166,13.83399209486166,13.83399209486166,14.436958614051973,14.436958614051973,14.436958614051973,14.436958614051973,14.436958614051973,14.436958614051973,14.436958614051973,14.436958614051973,14.436958614051973,14.436958614051973,14.436958614051973,14.436958614051973,14.436958614051973,14.436958614051973,14.436958614051973,14.285714285714286,14.285714285714286,14.285714285714286,14.285714285714286,14.285714285714286,14.285714285714286,14.285714285714286,14.285714285714286,14.285714285714286,14.285714285714286,14.285714285714286,14.285714285714286,14.285714285714286,14.285714285714286,14.285714285714286,14.866204162537166,14.866204162537166,14.866204162537166,14.866204162537166,14.866204162537166,14.866204162537166,14.866204162537166,14.866204162537166,14.866204162537166,14.866204162537166,14.866204162537166,14.866204162537166,14.866204162537166,14.866204162537166,14.866204162537166,14.77832512315271,14.77832512315271,14.77832512315271,14.77832512315271,14.77832512315271,14.77832512315271,14.77832512315271,14.77832512315271,14.77832512315271,14.77832512315271,14.77832512315271,14.77832512315271,14.77832512315271,14.77832512315271,14.77832512315271,14.734774066797643,14.734774066797643,14.734774066797643,14.734774066797643,14.734774066797643,14.734774066797643,14.734774066797643,14.734774066797643,14.734774066797643,14.734774066797643,14.734774066797643,14.734774066797643,14.734774066797643,14.734774066797643,13.875123885034688,13.875123885034688,13.875123885034688,13.875123885034688,13.875123885034688,13.875123885034688,13.875123885034688,13.875123885034688,13.875123885034688,13.875123885034688,13.875123885034688,13.875123885034688,13.875123885034688,13.875123885034688,12.681159420289855,12.681159420289855,12.681159420289855,12.681159420289855,12.681159420289855,12.681159420289855,12.681159420289855,12.681159420289855,12.681159420289855,12.681159420289855,12.681159420289855,12.681159420289855,12.681159420289855,12.681159420289855,12.681159420289855,14.312977099236642,14.312977099236642,14.312977099236642,14.312977099236642,14.312977099236642,14.312977099236642,14.312977099236642,14.312977099236642,14.312977099236642,14.312977099236642,14.312977099236642,14.312977099236642,14.312977099236642,14.312977099236642,14.312977099236642,14.925373134328359,14.925373134328359,14.925373134328359,14.925373134328359,14.925373134328359,14.925373134328359,14.925373134328359,14.925373134328359,14.925373134328359,14.925373134328359,14.925373134328359,14.925373134328359,14.925373134328359],"raf":[69,70,67,68,67,68,68,72,68,74,67,70,69,69,77,68,67,70,71,67,68,67,73,83,71,67,66,66,66,65,69,67,69,68,67,65,68,68,68,67,68,68,66,69,69,67,65,69,67,70,69,68,68,69,66,66,65,68,70,69,69,69,68,69,67,67,68,66,69,66,66,67,68,70,68,70,68,67,66,69,70,79,77,73,81,79,72,81,81,70,79,74,80,80,70,79,70,83,81,69,107,92,70,76,67,67,65,68,69,70,68,68,69,66,65,68,67,68,68,67,66,65,65,67,68,66,69,67,69,66,67,67,68,67,69,66,67,68,70,68,68,65,65]}