{"time":[3.0890000000000004,3.3510000000000004,3.6050000000000004,3.8460000000000005,4.082000000000001,4.369000000000001,4.647,4.932,5.202,5.479,5.725,5.97,6.261,6.529,6.777,7.04,7.334,7.577999999999999,7.789,8.01,8.272,8.522,8.772,9.015,9.277000000000001,9.524000000000001,9.858,10.138,10.355,10.571,10.767999999999999,11.011999999999999,11.270999999999999,11.502999999999998,11.715999999999998,11.935999999999998,12.169999999999998,12.432999999999998,12.740999999999998],"fps":[3.392705682782019,3.392705682782019,3.392705682782019,3.392705682782019,3.392705682782019,3.9032006245121,3.9032006245121,3.9032006245121,3.9032006245121,3.606853020739405,3.606853020739405,3.606853020739405,3.606853020739405,3.8095238095238093,3.8095238095238093,3.8095238095238093,3.8095238095238093,3.813155386081983,3.813155386081983,3.813155386081983,3.813155386081983,3.813155386081983,4.187604690117253,4.187604690117253,4.187604690117253,4.187604690117253,3.6832412523020257,3.6832412523020257,3.6832412523020257,3.6832412523020257,3.6832412523020257,4.329004329004329,4.329004329004329,4.329004329004329,4.329004329004329,4.329004329004329,4.32152117545376,4.32152117545376,4.32152117545376],"raf":[310,262,254,241,235,288,277,285,270,277,246,245,291,268,248,264,293,244,211,221,262,250,250,243,262,247,334,280,217,216,197,245,258,232,213,220,234,264,307]}