{"time":[3.0100000000000007,3.0940000000000007,3.178000000000001,3.259000000000001,3.3400000000000007,3.423000000000001,3.507000000000001,3.588000000000001,3.667000000000001,3.744000000000001,3.822000000000001,3.900000000000001,3.9780000000000006,4.0600000000000005,4.146000000000001,4.2250000000000005,4.303000000000001,4.386000000000001,4.466000000000001,4.544000000000001,4.629000000000001,4.708000000000001,4.786000000000001,4.880000000000002,4.957000000000002,5.034000000000002,5.113000000000001,5.192000000000001,5.2730000000000015,5.352000000000001,5.431000000000001,5.509000000000001,5.585000000000001,5.666000000000001,5.746000000000001,5.823000000000001,5.902000000000001,5.981000000000001,6.072000000000001,6.151000000000001,6.231000000000001,6.313000000000001,6.388000000000001,6.468000000000001,6.555000000000001,6.640000000000001,6.719,6.797000000000001,6.8870000000000005,6.965000000000001,7.048000000000001,7.126000000000001,7.223000000000002,7.308000000000002,7.392000000000001,7.474000000000001,7.553000000000001,7.631000000000001,7.7200000000000015,7.7970000000000015,7.880000000000002,7.959000000000001,8.038000000000002,8.116000000000001,8.202000000000002,8.282000000000002,8.360000000000001,8.442000000000002,8.523000000000001,8.600000000000001,8.680000000000001,8.758000000000001,8.839,8.919,8.998000000000001,9.090000000000002,9.172000000000002,9.249000000000002,9.329000000000002,9.413000000000002,9.490000000000002,9.571000000000002,9.652000000000001,9.73,9.809000000000001,9.888000000000002,9.980000000000002,10.056000000000003,10.147000000000002,10.225000000000001,10.310000000000002,10.390000000000002,10.470000000000002,10.550000000000002,10.638000000000002,10.717000000000002,10.794000000000002,10.870000000000003,10.951000000000002,11.029000000000002,11.108000000000002,11.186000000000002,11.264000000000001,11.348,11.432,11.508000000000001,11.586,11.67,11.747,11.826,11.903,11.982000000000001,12.068000000000001,12.150000000000002,12.232000000000003,12.311000000000003,12.399000000000003,12.492000000000003,12.571000000000003,12.648000000000003,12.734000000000004,12.811000000000003,12.890000000000004,12.968000000000004],"fps":[11.121408711770158,11.121408711770158,11.121408711770158,11.121408711770158,11.121408711770158,11.121408711770158,12.048192771084338,12.048192771084338,12.048192771084338,12.048192771084338,12.048192771084338,12.048192771084338,12.048192771084338,12.048192771084338,12.048192771084338,12.048192771084338,12.048192771084338,12.048192771084338,12.048192771084338,12.53616200578592,12.53616200578592,12.53616200578592,12.53616200578592,12.53616200578592,12.53616200578592,12.53616200578592,12.53616200578592,12.53616200578592,12.53616200578592,12.53616200578592,12.53616200578592,12.53616200578592,12.487992315081652,12.487992315081652,12.487992315081652,12.487992315081652,12.487992315081652,12.487992315081652,12.487992315081652,12.487992315081652,12.487992315081652,12.487992315081652,12.487992315081652,12.487992315081652,12.487992315081652,12.322274881516588,12.322274881516588,12.322274881516588,12.322274881516588,12.322274881516588,12.322274881516588,12.322274881516588,12.322274881516588,12.322274881516588,12.322274881516588,12.322274881516588,12.322274881516588,12.322274881516588,12.037037037037036,12.037037037037036,12.037037037037036,12.037037037037036,12.037037037037036,12.037037037037036,12.037037037037036,12.037037037037036,12.037037037037036,12.037037037037036,12.037037037037036,12.037037037037036,12.037037037037036,12.524084778420038,12.524084778420038,12.524084778420038,12.524084778420038,12.524084778420038,12.524084778420038,12.524084778420038,12.524084778420038,12.524084778420038,12.524084778420038,12.524084778420038,12.524084778420038,12.524084778420038,12.369172216936251,12.369172216936251,12.369172216936251,12.369172216936251,12.369172216936251,12.369172216936251,12.369172216936251,12.369172216936251,12.369172216936251,12.369172216936251,12.369172216936251,12.369172216936251,12.369172216936251,12.252591894439208,12.252591894439208,12.252591894439208,12.252591894439208,12.252591894439208,12.252591894439208,12.252591894439208,12.252591894439208,12.252591894439208,12.252591894439208,12.252591894439208,12.252591894439208,12.252591894439208,12.584704743465634,12.584704743465634,12.584704743465634,12.584704743465634,12.584704743465634,12.584704743465634,12.584704743465634,12.584704743465634,12.584704743465634,12.584704743465634,12.584704743465634,12.584704743465634,12.584704743465634,12.206572769953052],"raf":[81,84,84,81,81,83,84,81,79,77,78,78,78,82,86,79,78,83,80,78,85,79,78,94,77,77,79,79,81,79,79,78,76,81,80,77,79,79,91,79,80,82,75,80,87,85,79,78,90,78,83,78,97,85,84,82,79,78,89,77,83,79,79,77,86,80,78,82,81,77,80,78,81,80,79,92,82,77,80,84,77,81,81,78,79,79,92,76,91,78,85,80,80,80,88,79,77,76,81,78,79,78,78,84,84,76,78,84,77,79,77,79,86,82,82,79,88,93,79,77,86,77,79,78]}