{"time":[3.057,3.2439999999999998,3.4069999999999996,3.6139999999999994,3.7799999999999994,3.9479999999999995,4.116999999999999,4.299999999999999,4.475999999999999,4.638999999999999,4.802999999999999,4.963999999999999,5.131999999999999,5.292999999999998,5.467999999999998,5.6309999999999985,5.8039999999999985,5.973999999999998,6.150999999999998,6.321999999999998,6.486999999999998,6.666999999999998,6.848999999999998,7.0059999999999985,7.163999999999999,7.320999999999999,7.479999999999999,7.639999999999999,7.8039999999999985,7.9849999999999985,8.156999999999998,8.320999999999998,8.475999999999997,8.619999999999997,8.775999999999998,8.931999999999999,9.12,9.314,9.488,9.668,9.818,9.982,10.155,10.311,10.478,10.654,10.808,10.983,11.162,11.33,11.51,11.693,11.865,12.05,12.228000000000002,12.396,12.556000000000001,12.726,12.898000000000001],"fps":[5.338078291814947,5.338078291814947,5.338078291814947,5.338078291814947,5.338078291814947,5.424954792043399,5.424954792043399,5.424954792043399,5.424954792043399,5.424954792043399,5.424954792043399,5.905511811023622,5.905511811023622,5.905511811023622,5.905511811023622,5.905511811023622,5.905511811023622,5.9405940594059405,5.9405940594059405,5.9405940594059405,5.9405940594059405,5.9405940594059405,5.9405940594059405,5.808325266214908,5.808325266214908,5.808325266214908,5.808325266214908,5.808325266214908,5.808325266214908,5.808325266214908,6.086956521739131,6.086956521739131,6.086956521739131,6.086956521739131,6.086956521739131,6.086956521739131,6.086956521739131,6.050129645635264,6.050129645635264,6.050129645635264,6.050129645635264,6.050129645635264,6.050129645635264,6.050129645635264,6.013745704467354,6.013745704467354,6.013745704467354,6.013745704467354,6.013745704467354,6.013745704467354,5.813953488372093,5.813953488372093,5.813953488372093,5.813953488372093,5.813953488372093,5.813953488372093,5.736137667304015,5.736137667304015,5.736137667304015],"raf":[215,187,163,207,166,168,169,183,176,163,164,161,168,161,175,163,173,170,177,171,165,180,182,158,157,157,159,160,164,182,171,164,155,144,156,156,188,194,174,180,150,164,173,156,167,176,154,175,179,169,179,183,172,185,178,168,160,170,172]}