{"time":[3.293,4.023,4.564,5.136,5.676,6.148,6.617,7.116,7.717,8.278,8.836,9.448,10.089,10.700000000000001,11.340000000000002,11.955000000000002,12.534000000000002],"fps":[5.069708491761724,1.4958863126402393,1.4958863126402393,1.7969451931716083,1.7969451931716083,1.976284584980237,1.976284584980237,1.976284584980237,1.9120458891013383,1.9120458891013383,1.7857142857142858,1.7857142857142858,1.597444089456869,1.597444089456869,1.5987210231814548,1.5987210231814548,1.6750418760469012],"raf":[607,730,541,572,540,472,469,499,601,561,559,612,640,611,640,615,579]}