{"time":[3.2670000000000003,4.03,4.855,5.5200000000000005,6.359,7.058,7.734999999999999,8.511,9.324,10.052,10.792,11.526,12.236,12.885000000000002],"fps":[4.5420136260408785,4.5420136260408785,1.2594458438287153,1.2594458438287153,1.3289036544850499,1.3289036544850499,1.4545454545454546,1.4545454545454546,1.2586532410320956,1.2586532410320956,1.3623978201634876,1.3623978201634876,1.3850415512465375,1.3850415512465375],"raf":[2153,763,825,665,840,698,677,776,813,728,740,734,710,649]}