{"time":[3.0020000000000002,3.6300000000000003,4.04,4.44,4.827,5.224,5.607,5.978,6.319999999999999,6.68,7.058,7.528,7.976,8.54,8.902,9.267999999999999,9.637999999999998,10.033999999999999,10.424,10.788,11.217,11.58,11.953,12.334,12.741],"fps":[2.510460251046025,2.510460251046025,1.9249278152069298,1.9249278152069298,1.9249278152069298,2.53592561284869,2.53592561284869,2.53592561284869,2.7372262773722627,2.7372262773722627,2.7372262773722627,2.4834437086092715,2.4834437086092715,1.976284584980237,1.976284584980237,1.976284584980237,2.73224043715847,2.73224043715847,2.73224043715847,2.608695652173913,2.608695652173913,2.608695652173913,2.575107296137339,2.575107296137339,2.575107296137339],"raf":[428,628,411,399,387,397,383,371,342,361,377,470,448,564,362,366,370,396,391,363,429,363,373,381,407]}