{"time":[3.0009999999999994,3.1209999999999996,3.2459999999999996,3.3719999999999994,3.4959999999999996,3.6169999999999995,3.7389999999999994,3.8589999999999995,3.9769999999999994,4.093999999999999,4.207999999999999,4.324999999999999,4.440999999999999,4.554999999999999,4.674999999999999,4.791999999999999,4.913999999999999,5.030999999999999,5.149999999999999,5.265999999999998,5.3809999999999985,5.496999999999998,5.615999999999998,5.7319999999999975,5.849999999999998,5.962999999999998,6.0779999999999985,6.198999999999998,6.313999999999998,6.427999999999998,6.546999999999998,6.663999999999998,6.780999999999998,6.894999999999998,7.0109999999999975,7.123999999999998,7.240999999999998,7.358999999999998,7.473999999999998,7.588999999999999,7.704999999999998,7.8199999999999985,7.935999999999998,8.048999999999998,8.163999999999998,8.278999999999998,8.392999999999999,8.505999999999998,8.624999999999998,8.742999999999999,8.862999999999998,8.985999999999997,9.131999999999998,9.265999999999998,9.392999999999999,9.517999999999999,9.636999999999999,9.767,9.886999999999999,10.004999999999999,10.123,10.241999999999999,10.359,10.472,10.588,10.707999999999998,10.828999999999999,10.946,11.063,11.177000000000001,11.291000000000002,11.405000000000003,11.519000000000004,11.638000000000003,11.759000000000004,11.877000000000004,11.996000000000004,12.112000000000004,12.231000000000003,12.348000000000004,12.466000000000005,12.583000000000006,12.702000000000005,12.822000000000005,12.940000000000005],"fps":[7.292616226071103,7.292616226071103,7.292616226071103,7.292616226071103,7.292616226071103,7.292616226071103,7.292616226071103,7.292616226071103,7.292616226071103,8.234217749313816,8.234217749313816,8.234217749313816,8.234217749313816,8.234217749313816,8.234217749313816,8.234217749313816,8.234217749313816,8.234217749313816,8.522727272727273,8.522727272727273,8.522727272727273,8.522727272727273,8.522727272727273,8.522727272727273,8.522727272727273,8.522727272727273,8.522727272727273,8.579599618684462,8.579599618684462,8.579599618684462,8.579599618684462,8.579599618684462,8.579599618684462,8.579599618684462,8.579599618684462,8.579599618684462,8.637236084452976,8.637236084452976,8.637236084452976,8.637236084452976,8.637236084452976,8.637236084452976,8.637236084452976,8.637236084452976,8.637236084452976,8.670520231213873,8.670520231213873,8.670520231213873,8.670520231213873,8.670520231213873,8.670520231213873,8.670520231213873,8.670520231213873,8.670520231213873,8.07899461400359,8.07899461400359,8.07899461400359,8.07899461400359,8.07899461400359,8.07899461400359,8.07899461400359,8.07899461400359,8.07899461400359,8.341056533827619,8.341056533827619,8.341056533827619,8.341056533827619,8.341056533827619,8.341056533827619,8.341056533827619,8.341056533827619,8.341056533827619,8.595988538681949,8.595988538681949,8.595988538681949,8.595988538681949,8.595988538681949,8.595988538681949,8.595988538681949,8.595988538681949,8.595988538681949,8.458646616541353,8.458646616541353,8.458646616541353,8.458646616541353],"raf":[125,120,125,126,124,121,122,120,118,117,114,117,116,114,121,116,122,117,119,116,115,116,119,116,118,113,115,121,115,114,119,117,117,114,116,114,116,118,115,115,116,115,116,113,115,115,114,113,119,118,120,123,146,135,126,125,119,130,121,117,118,119,117,113,116,120,121,117,117,114,114,114,114,120,120,118,119,116,119,117,118,117,119,120,118]}