{"time":[3.0509999999999997,3.2299999999999995,3.4209999999999994,3.607999999999999,3.8049999999999993,3.9969999999999994,4.185999999999999,4.378999999999999,4.564999999999999,4.760999999999998,4.949999999999998,5.156999999999998,5.346999999999999,5.5379999999999985,5.7269999999999985,5.906999999999998,6.087999999999998,6.276999999999998,6.458999999999999,6.680999999999999,6.857999999999999,7.043999999999999,7.2269999999999985,7.4129999999999985,7.596999999999999,7.808999999999998,7.985999999999998,8.166999999999998,8.354999999999999,8.543,8.741999999999999,8.937,9.116999999999999,9.305,9.485,9.668999999999999,9.857999999999999,10.056,10.236999999999998,10.440999999999999,10.623999999999999,10.829999999999998,11.008999999999999,11.195999999999998,11.381999999999998,11.559999999999999,11.752999999999998,11.928999999999998,12.109999999999998,12.312999999999997,12.510999999999997,12.706999999999997,12.916999999999998],"fps":[4.344048653344918,4.344048653344918,4.344048653344918,5.059021922428331,5.059021922428331,5.059021922428331,5.059021922428331,5.059021922428331,5.059021922428331,5.203816131830009,5.203816131830009,5.203816131830009,5.203816131830009,5.203816131830009,5.203816131830009,5.2356020942408374,5.2356020942408374,5.2356020942408374,5.2356020942408374,5.2356020942408374,5.2356020942408374,5.277044854881266,5.277044854881266,5.277044854881266,5.277044854881266,5.277044854881266,5.277044854881266,5.342831700801424,5.342831700801424,5.342831700801424,5.342831700801424,5.342831700801424,5.342831700801424,5.272407732864675,5.272407732864675,5.272407732864675,5.272407732864675,5.272407732864675,5.272407732864675,5.28169014084507,5.28169014084507,5.28169014084507,5.28169014084507,5.28169014084507,5.28169014084507,5.361930294906166,5.361930294906166,5.361930294906166,5.361930294906166,5.361930294906166,5.361930294906166,5.231037489102005,5.231037489102005],"raf":[209,179,191,187,197,192,189,193,186,196,189,207,190,191,189,180,181,190,181,222,177,186,183,186,184,212,177,181,188,188,199,195,180,188,180,184,189,198,181,204,183,206,179,187,186,178,193,176,181,203,198,196,210]}