{"time":[3.095,3.2,3.3230000000000004,3.4390000000000005,3.5850000000000004,3.7100000000000004,3.8380000000000005,3.9550000000000005,4.0760000000000005,4.19,4.309,4.439,4.563,4.699,4.841,4.946000000000001,5.0600000000000005,5.192,5.306,5.4350000000000005,5.549,5.681,5.79,5.908,6.03,6.148000000000001,6.268000000000001,6.398000000000001,6.502000000000001,6.640000000000001,6.7490000000000006,6.857,6.984,7.103,7.234999999999999,7.345999999999999,7.494999999999999,7.656999999999999,7.811999999999999,7.973999999999999,8.091999999999999,8.230999999999998,8.348999999999998,8.482,8.639,8.79,8.921999999999999,9.034999999999998,9.142999999999999,9.251,9.369,9.483,9.604000000000001,9.736,9.858,9.974,10.093,10.21,10.338000000000001,10.448,10.56,10.673,10.788,10.898,11.013,11.155,11.279,11.386,11.495,11.613999999999999,11.719999999999999,11.835999999999999,11.958999999999998,12.059999999999999,12.185999999999998,12.297999999999998,12.431999999999999,12.543,12.648,12.746,12.846,12.944],"fps":[6.8493150684931505,6.8493150684931505,6.8493150684931505,6.8493150684931505,7.7369439071566735,7.7369439071566735,7.7369439071566735,7.7369439071566735,7.7369439071566735,7.7369439071566735,7.7369439071566735,7.7369439071566735,7.7369439071566735,8.07899461400359,8.07899461400359,8.07899461400359,8.07899461400359,8.07899461400359,8.07899461400359,8.07899461400359,8.07899461400359,8.07899461400359,8.241758241758241,8.241758241758241,8.241758241758241,8.241758241758241,8.241758241758241,8.241758241758241,8.241758241758241,8.241758241758241,8.241758241758241,8.434864104967199,8.434864104967199,8.434864104967199,8.434864104967199,8.434864104967199,8.434864104967199,8.434864104967199,8.434864104967199,7.168458781362007,7.168458781362007,7.168458781362007,7.168458781362007,7.168458781362007,7.168458781362007,7.168458781362007,7.168458781362007,7.540056550424128,7.540056550424128,7.540056550424128,7.540056550424128,7.540056550424128,7.540056550424128,7.540056550424128,7.540056550424128,7.540056550424128,8.506616257088847,8.506616257088847,8.506616257088847,8.506616257088847,8.506616257088847,8.506616257088847,8.506616257088847,8.506616257088847,8.506616257088847,8.474576271186441,8.474576271186441,8.474576271186441,8.474576271186441,8.474576271186441,8.474576271186441,8.474576271186441,8.474576271186441,8.474576271186441,8.729388942774007,8.729388942774007,8.729388942774007,8.729388942774007,8.729388942774007,8.729388942774007,8.729388942774007,8.729388942774007],"raf":[118,105,124,116,145,126,128,116,121,113,120,129,124,136,142,106,113,132,114,129,114,132,110,117,122,119,120,129,104,138,109,109,126,119,132,111,149,163,154,162,118,139,119,132,157,151,132,113,108,108,118,114,121,132,122,116,119,117,128,110,112,113,115,110,115,142,124,107,110,118,106,116,123,101,125,112,134,111,105,98,100,98]}