{"time":[3.0530000000000017,3.149000000000002,3.245000000000002,3.344000000000002,3.440000000000002,3.5350000000000024,3.6310000000000024,3.7270000000000025,3.8220000000000027,3.917000000000003,4.013000000000003,4.108000000000002,4.200000000000002,4.292000000000002,4.386000000000002,4.482000000000002,4.578000000000002,4.673000000000002,4.770000000000002,4.8640000000000025,4.959000000000002,5.054000000000002,5.146000000000002,5.242000000000002,5.334000000000001,5.429000000000001,5.524000000000001,5.622000000000001,5.7170000000000005,5.813000000000001,5.909000000000001,6.001,6.095000000000001,6.191000000000001,6.290000000000001,6.400000000000001,6.509000000000001,6.610000000000001,6.717000000000001,6.826000000000001,6.926000000000001,7.024000000000001,7.121000000000001,7.241000000000001,7.373000000000001,7.472000000000001,7.569000000000002,7.735000000000002,7.865000000000002,7.963000000000002,8.060000000000002,8.163000000000002,8.259000000000002,8.354000000000003,8.448000000000002,8.542000000000002,8.636000000000001,8.732000000000001,8.827000000000002,8.924000000000001,9.018,9.115,9.208,9.3,9.396,9.492,9.587000000000002,9.681000000000001,9.778,9.874,9.97,10.064,10.183,10.289,10.394,10.497,10.597,10.693999999999999,10.793,10.889,10.984,11.08,11.176,11.275,11.371,11.468,11.56,11.655000000000001,11.753000000000002,11.849000000000002,11.945000000000002,12.040000000000003,12.133000000000003,12.227000000000002,12.322000000000003,12.417000000000003,12.514000000000003,12.609000000000004,12.705000000000004,12.803000000000004,12.899000000000004,12.994000000000005],"fps":[10.251630941286114,10.251630941286114,10.251630941286114,10.251630941286114,10.128913443830571,10.128913443830571,10.128913443830571,10.128913443830571,10.128913443830571,10.128913443830571,10.128913443830571,10.128913443830571,10.128913443830571,10.128913443830571,10.128913443830571,10.556621880998081,10.556621880998081,10.556621880998081,10.556621880998081,10.556621880998081,10.556621880998081,10.556621880998081,10.556621880998081,10.556621880998081,10.556621880998081,10.556621880998081,10.556621880998081,10.556621880998081,10.556621880998081,10.556621880998081,10.556621880998081,10.556621880998081,10.556621880998081,10.556621880998081,10.556621880998081,10.556621880998081,10.556621880998081,10.128913443830571,10.128913443830571,10.128913443830571,10.128913443830571,10.128913443830571,10.128913443830571,10.128913443830571,10.128913443830571,10.128913443830571,10.128913443830571,8.880994671403197,8.880994671403197,8.880994671403197,8.880994671403197,8.880994671403197,8.880994671403197,8.880994671403197,8.880994671403197,8.880994671403197,8.880994671403197,8.880994671403197,10.082493125572869,10.082493125572869,10.082493125572869,10.082493125572869,10.082493125572869,10.082493125572869,10.082493125572869,10.082493125572869,10.082493125572869,10.082493125572869,10.082493125572869,10.506208213944603,10.506208213944603,10.506208213944603,10.506208213944603,10.506208213944603,10.506208213944603,10.506208213944603,10.506208213944603,10.506208213944603,10.506208213944603,9.852216748768473,9.852216748768473,9.852216748768473,9.852216748768473,9.852216748768473,9.852216748768473,9.852216748768473,9.852216748768473,9.852216748768473,9.852216748768473,9.852216748768473,10.416666666666666,10.416666666666666,10.416666666666666,10.416666666666666,10.416666666666666,10.416666666666666,10.416666666666666,10.416666666666666,10.416666666666666,10.416666666666666,10.416666666666666,10.486177311725452],"raf":[95,96,96,99,96,95,96,96,95,96,95,95,92,92,94,96,96,95,97,94,95,95,92,96,92,95,95,98,95,96,96,93,93,96,99,110,109,101,107,109,100,98,97,120,132,99,98,166,129,98,97,103,96,95,94,94,94,96,95,97,94,97,93,92,96,96,95,94,97,96,96,94,119,106,105,103,100,97,99,96,95,96,96,99,96,97,92,95,98,96,96,95,94,93,95,95,97,95,96,98,97,94]}