{"time":[3.272,3.5549999999999997,3.8339999999999996,4.106,4.3919999999999995,4.675,4.952999999999999,5.234999999999999,5.552,5.842,6.1209999999999996,6.403,6.691,7.021,7.388,7.707,8.020999999999999,8.338,8.645999999999999,8.941999999999998,9.237999999999998,9.559999999999997,9.898999999999997,10.224999999999998,10.553999999999998,10.842999999999998,11.124999999999998,11.426999999999998,11.702999999999998,11.986999999999998,12.277999999999999,12.566999999999998,12.849999999999998],"fps":[3.4812880765883376,3.4812880765883376,3.5180299032541775,3.5180299032541775,3.5180299032541775,3.5180299032541775,3.5746201966041107,3.5746201966041107,3.5746201966041107,3.5746201966041107,3.4217279726261762,3.4217279726261762,3.4217279726261762,3.4217279726261762,3.1595576619273302,3.1595576619273302,3.1595576619273302,3.1595576619273302,3.179650238473768,3.179650238473768,3.179650238473768,3.179650238473768,3.189792663476874,3.189792663476874,3.189792663476874,3.189792663476874,3.2626427406199023,3.2626427406199023,3.2626427406199023,3.2626427406199023,3.4692107545533393,3.4692107545533393,3.4692107545533393],"raf":[282,283,279,272,286,283,278,282,317,290,279,281,288,330,367,319,314,317,308,296,296,322,340,325,328,289,283,301,276,284,292,288,283]}