{"time":[3.137,3.403,3.677,3.86,4.066,4.3229999999999995,4.577,4.839,5.127000000000001,5.4270000000000005,5.6450000000000005,5.944000000000001,6.251000000000001,6.477000000000001,6.747000000000002,6.991000000000001,7.230000000000001,7.4620000000000015,7.718000000000002,7.984000000000002,8.193000000000001,8.491000000000001,8.840000000000002,9.129000000000001,9.444,9.756,10.133000000000001,10.414000000000001,10.694,10.99,11.209,11.41,11.709,11.972,12.141,12.39,12.713000000000001,12.958],"fps":[2.5641025641025643,2.5641025641025643,2.5641025641025643,3.484320557491289,3.484320557491289,3.484320557491289,3.484320557491289,3.484320557491289,3.946329913180742,3.946329913180742,3.946329913180742,3.946329913180742,3.5587188612099645,3.5587188612099645,3.5587188612099645,3.5587188612099645,3.5587188612099645,4.1288191577208915,4.1288191577208915,4.1288191577208915,4.1288191577208915,3.8872691933916426,3.8872691933916426,3.8872691933916426,3.8872691933916426,3.1620553359683794,3.1620553359683794,3.1620553359683794,3.1620553359683794,3.2414910858995136,3.2414910858995136,3.2414910858995136,3.2414910858995136,3.2414910858995136,4.344048653344918,4.344048653344918,4.344048653344918,4.344048653344918],"raf":[425,266,274,183,206,257,254,262,288,301,217,299,307,226,270,245,238,232,256,266,209,298,349,289,315,312,377,281,280,296,219,202,298,264,168,250,322,245]}