{"time":[3.285,3.5820000000000003,3.8580000000000005,4.144,4.465,4.742,5.036,5.318,5.638,5.952,6.251,6.551,6.828,7.1080000000000005,7.393000000000001,7.680000000000001,7.965000000000001,8.260000000000002,8.567000000000002,8.884000000000002,9.158000000000001,9.442000000000002,9.730000000000002,10.020000000000001,10.307000000000002,10.588000000000003,10.894000000000002,11.175000000000002,11.462000000000003,11.750000000000004,12.035000000000004,12.326000000000004,12.619000000000003,12.920000000000003],"fps":[2.9382957884427032,2.7881040892193307,2.7881040892193307,2.7881040892193307,2.7881040892193307,3.4482758620689653,3.4482758620689653,3.4482758620689653,3.4482758620689653,3.3057851239669422,3.3057851239669422,3.3057851239669422,3.3057851239669422,3.4602076124567476,3.4602076124567476,3.4602076124567476,3.4602076124567476,3.4722222222222223,3.4722222222222223,3.4722222222222223,3.4722222222222223,3.3840947546531304,3.3840947546531304,3.3840947546531304,3.3840947546531304,3.4904013961605584,3.4904013961605584,3.4904013961605584,3.4904013961605584,3.442340791738382,3.442340791738382,3.442340791738382,3.442340791738382,3.4188034188034186],"raf":[330,297,276,286,321,277,294,282,320,314,300,299,277,280,286,286,285,295,308,316,274,284,288,291,286,281,306,281,287,288,286,290,293,301]}