{"time":[3.198,3.597,3.938,4.482,4.925,5.257,5.630999999999999,6.037999999999999,6.427,6.782,7.113,7.463,7.815,8.157,8.508,8.860999999999999,9.213,9.536999999999999,9.898,10.23,10.601,10.931000000000001,11.278,11.618,11.983,12.327,12.668],"fps":[5.0600885515496525,2.42914979757085,2.42914979757085,2.42914979757085,2.2590361445783134,2.2590361445783134,2.2590361445783134,2.6954177897574123,2.6954177897574123,2.6954177897574123,2.7906976744186047,2.7906976744186047,2.7906976744186047,2.8735632183908044,2.8735632183908044,2.8735632183908044,2.840909090909091,2.840909090909091,2.840909090909091,2.949852507374631,2.949852507374631,2.949852507374631,2.8625954198473282,2.8625954198473282,2.8625954198473282,2.8598665395614873,2.8598665395614873],"raf":[460,399,341,545,442,332,374,407,389,355,331,350,352,342,351,353,352,324,361,332,371,330,347,340,365,344,341]}