{"time":[3.185,3.374,3.5660000000000003,3.7500000000000004,3.9150000000000005,4.1160000000000005,4.385000000000001,4.607000000000001,4.788000000000001,4.984000000000001,5.168000000000001,5.439000000000001,5.711000000000001,5.892000000000001,6.0710000000000015,6.261000000000002,6.433000000000002,6.646000000000002,6.8450000000000015,7.024000000000002,7.205000000000002,7.394000000000002,7.543000000000002,7.706000000000002,7.851000000000002,8.035000000000002,8.207000000000003,8.373000000000003,8.548000000000004,8.715000000000003,8.861000000000004,9.032000000000004,9.236000000000004,9.407000000000004,9.606000000000003,9.826000000000004,10.063000000000004,10.314000000000004,10.547000000000004,10.770000000000005,10.970000000000004,11.188000000000004,11.343000000000004,11.520000000000003,11.746000000000004,11.955000000000004,12.115000000000004,12.255000000000004,12.421000000000005,12.587000000000005,12.749000000000006,12.898000000000005],"fps":[4.7303689687795645,4.7303689687795645,4.7303689687795645,4.970178926441352,4.970178926441352,4.970178926441352,4.970178926441352,4.970178926441352,4.821600771456123,4.821600771456123,4.821600771456123,4.821600771456123,4.821600771456123,4.528985507246377,4.528985507246377,4.528985507246377,4.528985507246377,4.528985507246377,4.528985507246377,5.30035335689046,5.30035335689046,5.30035335689046,5.30035335689046,5.30035335689046,5.30035335689046,5.9347181008902075,5.9347181008902075,5.9347181008902075,5.9347181008902075,5.9347181008902075,5.9347181008902075,5.9347181008902075,5.828476269775187,5.828476269775187,5.828476269775187,5.828476269775187,5.828476269775187,4.638218923933209,4.638218923933209,4.638218923933209,4.638218923933209,4.638218923933209,4.859086491739553,4.859086491739553,4.859086491739553,4.859086491739553,4.859086491739553,4.859086491739553,5.565862708719852,5.565862708719852,5.565862708719852,5.565862708719852],"raf":[229,189,192,185,164,201,269,222,181,196,184,271,272,181,179,190,172,213,199,179,181,189,149,163,145,184,172,166,175,168,145,172,203,171,199,220,238,250,233,223,200,218,155,177,226,209,160,140,166,166,162,149]}