{"time":[3.2060000000000004,3.5940000000000003,3.9400000000000004,4.296,4.632000000000001,4.952000000000001,5.260000000000001,5.5840000000000005,5.893000000000001,6.204000000000001,6.498,6.8020000000000005,7.106000000000001,7.406000000000001,7.721000000000001,8.029000000000002,8.326000000000002,8.636000000000003,8.957000000000003,9.271000000000003,9.604000000000003,9.914000000000003,10.216000000000003,10.528000000000002,10.830000000000002,11.126000000000001,11.432,11.739,12.053,12.342,12.656,12.96],"fps":[2.2573363431151243,2.2573363431151243,2.2573363431151243,2.7522935779816513,2.7522935779816513,2.7522935779816513,2.7522935779816513,3.1055900621118013,3.1055900621118013,3.1055900621118013,3.1055900621118013,3.284072249589491,3.284072249589491,3.284072249589491,3.284072249589491,3.2599837000814995,3.2599837000814995,3.2599837000814995,3.2599837000814995,3.2206119162640903,3.2206119162640903,3.2206119162640903,3.2206119162640903,3.1821797931583133,3.1821797931583133,3.1821797931583133,3.1821797931583133,3.3030553261767133,3.3030553261767133,3.3030553261767133,3.3030553261767133,3.276003276003276],"raf":[392,388,346,356,336,320,308,324,309,311,294,304,304,300,315,308,297,310,322,313,333,310,302,312,302,296,306,307,314,289,314,304]}