{"time":[3.063000000000001,3.145000000000001,3.232000000000001,3.317000000000001,3.406000000000001,3.489000000000001,3.575000000000001,3.660000000000001,3.750000000000001,3.8320000000000007,3.928000000000001,4.011000000000001,4.101000000000001,4.182000000000001,4.268000000000002,4.349000000000002,4.431000000000002,4.517000000000002,4.611000000000002,4.690000000000002,4.780000000000002,4.863000000000002,4.955000000000002,5.056000000000002,5.139000000000002,5.245000000000002,5.3370000000000015,5.427000000000001,5.514000000000001,5.610000000000001,5.710000000000001,5.7940000000000005,5.8870000000000005,5.993,6.082000000000001,6.183000000000001,6.290000000000001,6.373000000000001,6.4700000000000015,6.586000000000001,6.677000000000001,6.768000000000002,6.847000000000001,6.942000000000001,7.025000000000001,7.113000000000001,7.193000000000001,7.282000000000002,7.365000000000002,7.445000000000002,7.532000000000002,7.617000000000002,7.703000000000002,7.796000000000002,7.8770000000000024,7.986000000000002,8.066000000000003,8.148000000000003,8.239000000000003,8.319000000000003,8.400000000000002,8.479000000000003,8.568000000000003,8.662000000000003,8.758000000000003,8.838000000000003,8.924000000000003,9.006000000000004,9.105000000000004,9.183000000000003,9.272000000000004,9.359000000000004,9.450000000000003,9.531000000000002,9.613000000000003,9.697000000000003,9.783000000000003,9.868000000000004,9.952000000000004,10.035000000000004,10.128000000000004,10.210000000000004,10.293000000000005,10.378000000000005,10.461000000000006,10.552000000000005,10.635000000000005,10.716000000000005,10.799000000000005,10.882000000000005,10.967000000000006,11.066000000000006,11.148000000000007,11.230000000000008,11.312000000000008,11.395000000000008,11.478000000000009,11.561000000000009,11.651000000000009,11.740000000000009,11.831000000000008,11.934000000000008,12.032000000000009,12.135000000000009,12.21400000000001,12.305000000000009,12.40000000000001,12.49900000000001,12.580000000000009,12.66300000000001,12.76100000000001,12.84500000000001,12.92200000000001],"fps":[11.204481792717086,11.204481792717086,11.204481792717086,11.204481792717086,11.204481792717086,11.204481792717086,11.204481792717086,11.204481792717086,11.204481792717086,11.627906976744185,11.627906976744185,11.627906976744185,11.627906976744185,11.627906976744185,11.627906976744185,11.627906976744185,11.627906976744185,11.627906976744185,11.627906976744185,11.627906976744185,11.627906976744185,11.639185257032008,11.639185257032008,11.639185257032008,11.639185257032008,11.639185257032008,11.639185257032008,11.639185257032008,11.639185257032008,11.639185257032008,11.639185257032008,11.639185257032008,10.7421875,10.7421875,10.7421875,10.7421875,10.7421875,10.7421875,10.7421875,10.7421875,10.7421875,10.7421875,10.7421875,10.42654028436019,10.42654028436019,10.42654028436019,10.42654028436019,10.42654028436019,10.42654028436019,10.42654028436019,10.42654028436019,10.42654028436019,10.42654028436019,10.42654028436019,10.42654028436019,11.494252873563218,11.494252873563218,11.494252873563218,11.494252873563218,11.494252873563218,11.494252873563218,11.494252873563218,11.494252873563218,11.494252873563218,11.494252873563218,11.494252873563218,11.494252873563218,11.764705882352942,11.764705882352942,11.764705882352942,11.764705882352942,11.764705882352942,11.764705882352942,11.764705882352942,11.764705882352942,11.764705882352942,11.764705882352942,11.764705882352942,11.764705882352942,11.661807580174926,11.661807580174926,11.661807580174926,11.661807580174926,11.661807580174926,11.661807580174926,11.661807580174926,11.661807580174926,11.661807580174926,11.661807580174926,11.661807580174926,11.661807580174926,11.639185257032008,11.639185257032008,11.639185257032008,11.639185257032008,11.639185257032008,11.639185257032008,11.639185257032008,11.639185257032008,11.639185257032008,11.639185257032008,11.639185257032008,11.639185257032008,11.225444340505145,11.225444340505145,11.225444340505145,11.225444340505145,11.225444340505145,11.225444340505145,11.225444340505145,11.225444340505145,11.225444340505145,11.225444340505145],"raf":[87,82,87,85,89,83,86,85,90,82,96,83,90,80,86,81,82,86,94,79,90,83,92,101,83,106,92,90,87,96,100,84,93,107,88,101,107,83,97,116,91,91,79,95,83,88,80,90,82,80,87,85,86,93,81,109,80,82,91,80,81,79,89,94,96,80,86,82,99,78,89,87,91,81,82,84,86,85,84,83,93,82,84,84,83,91,83,81,83,83,85,99,82,82,82,83,83,83,90,89,91,103,99,102,79,91,95,99,81,83,98,84,77]}