{"time":[3.15,3.32,3.485,3.659,3.8329999999999997,4.005999999999999,4.177999999999999,4.351999999999999,4.518999999999999,4.680999999999999,4.866999999999999,5.041999999999999,5.205999999999999,5.374999999999998,5.538999999999998,5.709999999999998,5.876999999999998,6.042999999999998,6.208999999999999,6.372999999999998,6.544999999999998,6.706999999999998,6.873999999999998,7.046999999999998,7.233999999999998,7.441999999999998,7.637999999999998,7.829999999999998,8.061999999999998,8.256999999999998,8.458999999999998,8.687999999999997,8.892999999999997,9.104999999999997,9.338999999999997,9.608999999999996,9.816999999999997,10.042999999999997,10.234999999999998,10.435999999999998,10.638999999999998,10.849999999999998,11.056999999999999,11.264999999999999,11.457999999999998,11.673999999999998,11.867999999999999,12.107,12.347999999999999,12.588,12.84],"fps":[5.612722170252573,5.639097744360902,5.639097744360902,5.639097744360902,5.639097744360902,5.639097744360902,5.639097744360902,5.813953488372093,5.813953488372093,5.813953488372093,5.813953488372093,5.813953488372093,5.813953488372093,5.865102639296188,5.865102639296188,5.865102639296188,5.865102639296188,5.865102639296188,5.865102639296188,5.865102639296188,5.982905982905983,5.982905982905983,5.982905982905983,5.982905982905983,5.982905982905983,5.982905982905983,5.489478499542543,5.489478499542543,5.489478499542543,5.489478499542543,5.489478499542543,4.761904761904762,4.761904761904762,4.761904761904762,4.761904761904762,4.761904761904762,4.428697962798937,4.428697962798937,4.428697962798937,4.428697962798937,4.428697962798937,4.84027105517909,4.84027105517909,4.84027105517909,4.84027105517909,4.84027105517909,4.911591355599215,4.911591355599215,4.911591355599215,4.911591355599215,4.911591355599215],"raf":[163,170,165,174,174,173,172,174,167,162,186,175,164,169,164,171,167,166,166,164,172,162,167,173,187,208,196,192,232,195,202,229,205,212,234,270,208,226,192,201,203,211,207,208,193,216,194,239,241,240,252]}