{"time":[3.072,3.166,3.261,3.357,3.4560000000000004,3.5490000000000004,3.6430000000000002,3.7380000000000004,3.8310000000000004,3.9240000000000004,4.017,4.1080000000000005,4.2,4.292,4.383,4.479,4.574,4.667,4.763,4.856,4.95,5.042,5.133,5.227,5.322,5.416,5.513000000000001,5.606000000000001,5.699000000000001,5.791,5.883,5.975,6.068,6.161,6.255999999999999,6.348999999999999,6.444999999999999,6.539999999999999,6.632999999999999,6.727999999999999,6.818999999999999,6.912999999999999,7.01,7.119,7.284,7.449,7.595,7.734999999999999,7.882999999999999,8.056999999999999,8.214999999999998,8.380999999999998,8.607,8.815,9.048,9.286,9.498,9.66,9.814,9.986,10.165000000000001,10.348,10.566,10.715,10.899,11.062,11.228,11.379999999999999,11.572999999999999,11.764999999999999,11.972999999999999,12.18,12.378,12.587,12.756,12.934000000000001],"fps":[9.233610341643583,9.233610341643583,10.387157695939566,10.387157695939566,10.387157695939566,10.387157695939566,10.387157695939566,10.387157695939566,10.387157695939566,10.387157695939566,10.387157695939566,10.387157695939566,10.387157695939566,10.66925315227934,10.66925315227934,10.66925315227934,10.66925315227934,10.66925315227934,10.66925315227934,10.66925315227934,10.66925315227934,10.66925315227934,10.66925315227934,10.66925315227934,10.679611650485437,10.679611650485437,10.679611650485437,10.679611650485437,10.679611650485437,10.679611650485437,10.679611650485437,10.679611650485437,10.679611650485437,10.679611650485437,10.679611650485437,10.71080817916261,10.71080817916261,10.71080817916261,10.71080817916261,10.71080817916261,10.71080817916261,10.71080817916261,10.71080817916261,10.71080817916261,10.71080817916261,9.090909090909092,9.090909090909092,9.090909090909092,9.090909090909092,9.090909090909092,9.090909090909092,9.090909090909092,6.0449050086355784,6.0449050086355784,6.0449050086355784,6.0449050086355784,6.0449050086355784,4.748338081671415,4.748338081671415,4.748338081671415,4.748338081671415,4.748338081671415,4.748338081671415,5.687203791469194,5.687203791469194,5.687203791469194,5.687203791469194,5.687203791469194,5.687203791469194,5.714285714285714,5.714285714285714,5.714285714285714,5.714285714285714,5.714285714285714,5.714285714285714,5.132591958939265],"raf":[94,94,95,96,99,93,94,95,94,92,93,92,91,92,91,96,95,94,95,93,94,92,91,94,95,94,97,93,93,92,92,92,93,92,96,92,96,95,93,95,91,94,97,109,165,165,146,140,148,174,158,166,226,208,233,238,212,162,155,171,179,183,218,149,184,164,165,152,194,191,208,207,198,209,169,178]}