{"time":[3.2190000000000003,3.398,3.5740000000000003,3.7870000000000004,4.0120000000000005,4.189,4.363,4.53,4.7010000000000005,4.899000000000001,5.127000000000001,5.405000000000001,5.673000000000001,5.855000000000001,6.026000000000002,6.208000000000002,6.3690000000000015,6.542000000000002,6.7040000000000015,6.878000000000002,7.049000000000002,7.1990000000000025,7.360000000000002,7.5500000000000025,7.7070000000000025,7.873000000000003,8.043000000000003,8.202000000000004,8.394000000000004,8.567000000000004,8.720000000000004,8.879000000000005,9.042000000000005,9.200000000000005,9.363000000000005,9.517000000000005,9.676000000000005,9.865000000000006,10.033000000000005,10.200000000000005,10.361000000000004,10.511000000000005,10.665000000000004,10.825000000000005,11.010000000000005,11.166000000000006,11.336000000000006,11.513000000000005,11.671000000000005,11.827000000000005,11.994000000000005,12.147000000000006,12.321000000000005,12.498000000000005,12.664000000000005,12.827000000000005,12.989000000000006],"fps":[5.333333333333333,5.333333333333333,5.333333333333333,5.333333333333333,5.333333333333333,5.333333333333333,5.2493438320209975,5.2493438320209975,5.2493438320209975,5.2493438320209975,5.2493438320209975,4.798464491362764,4.798464491362764,4.798464491362764,4.798464491362764,4.798464491362764,4.798464491362764,5.277044854881266,5.277044854881266,5.277044854881266,5.277044854881266,5.277044854881266,5.277044854881266,5.9523809523809526,5.9523809523809526,5.9523809523809526,5.9523809523809526,5.9523809523809526,5.9523809523809526,5.899705014749262,5.899705014749262,5.899705014749262,5.899705014749262,5.899705014749262,5.899705014749262,5.899705014749262,6.306306306306307,6.306306306306307,6.306306306306307,6.306306306306307,6.306306306306307,6.306306306306307,6.306306306306307,6.097560975609756,6.097560975609756,6.097560975609756,6.097560975609756,6.097560975609756,6.097560975609756,5.9880239520958085,5.9880239520958085,5.9880239520958085,5.9880239520958085,5.9880239520958085,5.9880239520958085,5.9880239520958085,6.024096385542169],"raf":[236,178,176,213,225,177,174,167,172,198,227,278,268,182,171,182,161,173,162,173,171,150,161,190,157,166,170,159,192,173,153,159,163,158,163,154,160,188,169,166,162,149,154,160,185,156,170,177,158,156,167,153,174,177,166,162,162]}