{"time":[3.156,3.3440000000000003,3.5370000000000004,3.7330000000000005,3.9150000000000005,4.101000000000001,4.287000000000001,4.460000000000001,4.630000000000001,4.795000000000001,4.954000000000001,5.117000000000001,5.275000000000001,5.444000000000001,5.613,5.777,5.938,6.0969999999999995,6.254,6.409999999999999,6.565999999999999,6.720999999999999,6.8759999999999994,7.0329999999999995,7.191999999999999,7.3469999999999995,7.502,7.657,7.812,7.968,8.123,8.279,8.435,8.59,8.745,8.899999999999999,9.054999999999998,9.233999999999998,9.415999999999999,9.588,9.754,9.92,10.078,10.232999999999999,10.390999999999998,10.544999999999998,10.699999999999998,10.874999999999998,11.121999999999998,11.298999999999998,11.467999999999998,11.630999999999998,11.793,11.953999999999999,12.120999999999999,12.286999999999999,12.459,12.639,12.825],"fps":[5.172413793103448,5.172413793103448,5.145797598627787,5.145797598627787,5.145797598627787,5.145797598627787,5.145797598627787,5.145797598627787,5.489478499542543,5.489478499542543,5.489478499542543,5.489478499542543,5.489478499542543,5.489478499542543,5.489478499542543,6.102877070619006,6.102877070619006,6.102877070619006,6.102877070619006,6.102877070619006,6.102877070619006,6.102877070619006,6.369426751592357,6.369426751592357,6.369426751592357,6.369426751592357,6.369426751592357,6.369426751592357,6.369426751592357,6.410256410256411,6.410256410256411,6.410256410256411,6.410256410256411,6.410256410256411,6.410256410256411,6.410256410256411,6.439742410303588,6.439742410303588,6.439742410303588,6.439742410303588,6.439742410303588,6.439742410303588,5.865102639296188,5.865102639296188,5.865102639296188,5.865102639296188,5.865102639296188,5.865102639296188,5.747126436781609,5.747126436781609,5.747126436781609,5.747126436781609,5.747126436781609,5.747126436781609,5.747126436781609,6.003430531732419,6.003430531732419,6.003430531732419,6.003430531732419],"raf":[187,188,193,196,182,186,186,173,170,165,160,162,158,169,169,164,161,159,157,156,156,155,155,157,159,156,155,154,155,156,155,156,156,155,155,155,155,179,182,172,166,166,158,155,158,154,155,175,247,177,169,163,162,161,167,167,171,180,186]}