{"time":[3.0809999999999995,3.2759999999999994,3.4539999999999993,3.7139999999999995,3.9239999999999995,4.127,4.298,4.49,4.69,4.894,5.105,5.284000000000001,5.476000000000001,5.657000000000001,5.823000000000001,5.9860000000000015,6.147000000000001,6.335000000000001,6.5120000000000005,6.671,6.847,7.015000000000001,7.179,7.355,7.522,7.680000000000001,7.843000000000001,8.001000000000001,8.177000000000001,8.352000000000002,8.529000000000002,8.692000000000002,8.867000000000003,9.037000000000003,9.219000000000003,9.383000000000003,9.552000000000003,9.718000000000004,9.878000000000004,10.052000000000003,10.245000000000003,10.443000000000003,10.607000000000003,10.797000000000002,11.012000000000002,11.243000000000002,11.427000000000001,11.616000000000001,11.789000000000001,11.958000000000002,12.130000000000003,12.322000000000003,12.501000000000003,12.659000000000002,12.826000000000002,12.991000000000001],"fps":[4.945598417408506,4.945598417408506,4.945598417408506,4.788507581803671,4.788507581803671,4.788507581803671,4.788507581803671,4.788507581803671,4.788507581803671,5.084745762711864,5.084745762711864,5.084745762711864,5.084745762711864,5.084745762711864,5.084745762711864,5.4945054945054945,5.4945054945054945,5.4945054945054945,5.4945054945054945,5.4945054945054945,5.4945054945054945,5.830903790087463,5.830903790087463,5.830903790087463,5.830903790087463,5.830903790087463,5.830903790087463,5.830903790087463,6.024096385542169,6.024096385542169,6.024096385542169,6.024096385542169,6.024096385542169,6.024096385542169,5.752636625119846,5.752636625119846,5.752636625119846,5.752636625119846,5.752636625119846,5.752636625119846,5.853658536585366,5.853658536585366,5.853658536585366,5.853658536585366,5.853658536585366,5.853658536585366,5.0761421319796955,5.0761421319796955,5.0761421319796955,5.0761421319796955,5.0761421319796955,5.0761421319796955,5.58659217877095,5.58659217877095,5.58659217877095,5.58659217877095],"raf":[198,195,179,259,210,203,171,192,200,204,211,179,192,181,166,163,162,187,177,159,176,168,164,176,167,158,163,159,175,176,176,163,175,170,183,163,169,166,160,174,193,198,164,190,215,231,184,189,173,169,172,192,179,158,167,165]}