{"time":[3.037,3.287,3.535,3.8000000000000003,4.043,4.2860000000000005,4.523000000000001,4.767,5.014,5.271,5.52,5.754,5.989,6.2219999999999995,6.452999999999999,6.693,6.952999999999999,7.196999999999999,7.441999999999999,7.699999999999999,7.938999999999999,8.178999999999998,8.418999999999999,8.652,8.892999999999999,9.136999999999999,9.386,9.617999999999999,9.854999999999999,10.091999999999999,10.332999999999998,10.572,10.799999999999999,11.030999999999999,11.261999999999999,11.491999999999999,11.733999999999998,11.981999999999998,12.218999999999998,12.467999999999998,12.701999999999998,12.934999999999999],"fps":[3.686635944700461,3.686635944700461,3.952569169960474,3.952569169960474,3.952569169960474,3.952569169960474,3.952569169960474,4.058441558441558,4.058441558441558,4.058441558441558,4.058441558441558,4.058441558441558,4.091653027823241,4.091653027823241,4.091653027823241,4.091653027823241,4.091653027823241,4.139072847682119,4.139072847682119,4.139072847682119,4.139072847682119,4.139072847682119,4.091653027823241,4.091653027823241,4.091653027823241,4.091653027823241,4.091653027823241,4.170141784820684,4.170141784820684,4.170141784820684,4.170141784820684,4.170141784820684,4.230118443316413,4.230118443316413,4.230118443316413,4.230118443316413,4.230118443316413,4.230118443316413,4.230118443316413,4.230118443316413,4.230118443316413,4.230118443316413],"raf":[248,250,248,265,243,243,237,244,247,257,249,234,235,233,231,240,260,244,245,258,239,240,240,233,241,244,249,232,237,237,241,239,228,231,231,231,241,248,237,249,234,233]}