{"time":[3.1630000000000003,3.366,3.576,3.774,3.97,4.17,4.367,4.56,4.7509999999999994,4.941,5.132,5.324,5.514,5.703,5.890000000000001,6.0760000000000005,6.271000000000001,6.466000000000001,6.654000000000001,6.846000000000001,7.033000000000001,7.226000000000001,7.4270000000000005,7.671,7.902,8.112,8.311,8.509,8.699,8.891,9.08,9.269,9.457,9.644,9.833,10.024000000000001,10.215000000000002,10.405000000000001,10.595,10.784,10.976,11.159,11.348,11.537,11.726,11.914000000000001,12.099000000000002,12.285000000000002,12.474000000000002,12.661000000000001,12.849000000000002],"fps":[4.541326067211626,4.541326067211626,4.591368227731864,4.591368227731864,4.591368227731864,4.591368227731864,4.591368227731864,4.591368227731864,5.1063829787234045,5.1063829787234045,5.1063829787234045,5.1063829787234045,5.1063829787234045,5.1063829787234045,5.267778753292362,5.267778753292362,5.267778753292362,5.267778753292362,5.267778753292362,5.267778753292362,5.2493438320209975,5.2493438320209975,5.2493438320209975,5.2493438320209975,5.2493438320209975,4.633920296570899,4.633920296570899,4.633920296570899,4.633920296570899,4.633920296570899,4.633920296570899,5.185825410544512,5.185825410544512,5.185825410544512,5.185825410544512,5.185825410544512,5.185825410544512,5.28169014084507,5.28169014084507,5.28169014084507,5.28169014084507,5.28169014084507,5.28169014084507,5.30035335689046,5.30035335689046,5.30035335689046,5.30035335689046,5.30035335689046,5.30035335689046,5.333333333333333,5.333333333333333],"raf":[207,203,210,198,196,200,197,193,191,190,191,192,190,189,187,186,195,195,188,192,187,193,201,244,231,210,199,198,190,192,189,189,188,187,189,191,191,190,190,189,192,183,189,189,189,188,185,186,189,188,187]}