{"time":[3.087,3.382,3.684,3.817,4.034,4.279999999999999,4.446,4.551,4.679,4.806,4.965,5.107,5.213,5.33,5.444,5.568,5.686,5.812,6.013,6.237,6.4,6.561,6.711,6.881,7.03,7.19,7.297000000000001,7.441000000000001,7.675000000000001,7.907000000000001,8.14,8.303,8.443000000000001,8.642000000000001,8.757000000000001,8.911000000000001,9.074000000000002,9.252000000000002,9.411000000000003,9.581000000000003,9.714000000000002,9.826000000000002,9.951000000000002,10.138000000000002,10.313000000000002,10.497000000000002,10.663000000000002,10.846000000000002,11.012000000000002,11.153000000000002,11.346000000000002,11.537000000000003,11.682000000000002,11.852000000000002,12.036000000000001,12.217,12.403,12.58,12.761,12.934999999999999],"fps":[3.427592116538132,4.1459369817578775,4.1459369817578775,4.1459369817578775,4.1459369817578775,4.1459369817578775,4.694835680751174,4.694835680751174,4.694835680751174,4.694835680751174,4.694835680751174,4.694835680751174,4.694835680751174,4.694835680751174,4.694835680751174,8.028545941123996,8.028545941123996,8.028545941123996,8.028545941123996,8.028545941123996,8.028545941123996,8.028545941123996,6.124234470691164,6.124234470691164,6.124234470691164,6.124234470691164,6.124234470691164,6.124234470691164,6.124234470691164,5.852842809364549,5.852842809364549,5.852842809364549,5.852842809364549,5.852842809364549,5.852842809364549,5.9760956175298805,5.9760956175298805,5.9760956175298805,5.9760956175298805,5.9760956175298805,5.9760956175298805,5.9760956175298805,6.730769230769231,6.730769230769231,6.730769230769231,6.730769230769231,6.730769230769231,6.730769230769231,5.655042412818096,5.655042412818096,5.655042412818096,5.655042412818096,5.655042412818096,5.655042412818096,5.859375,5.859375,5.859375,5.859375,5.859375,5.859375],"raf":[246,295,302,133,217,246,167,104,128,127,159,142,106,117,114,124,118,126,201,224,163,161,150,170,149,160,107,144,234,232,233,163,140,199,116,153,163,178,159,170,133,112,125,187,175,184,166,183,166,142,193,190,145,170,184,181,186,177,181,174]}