{"time":[3.1260000000000003,3.4110000000000005,3.6510000000000007,3.923000000000001,4.153000000000001,4.371000000000001,4.617000000000001,4.8660000000000005,5.047000000000001,5.211,5.405,5.557,5.83,6.14,6.411,6.593999999999999,6.917,7.183,7.322,7.445,7.575,7.74,7.944,8.187,8.408999999999999,8.560999999999998,8.739999999999998,8.979,9.145999999999999,9.335999999999999,9.544999999999998,9.764999999999999,9.931,10.052,10.197,10.415999999999999,10.633999999999999,10.897999999999998,11.079999999999998,11.315999999999999,11.565,11.763,12.002,12.215,12.434,12.644,12.848],"fps":[3.6429872495446265,3.6429872495446265,3.330557868442964,3.330557868442964,3.330557868442964,3.330557868442964,3.330557868442964,4.118616144975288,4.118616144975288,4.118616144975288,4.118616144975288,4.118616144975288,4.118616144975288,4.705882352941177,4.705882352941177,4.705882352941177,4.705882352941177,3.8350910834132312,3.8350910834132312,3.8350910834132312,3.8350910834132312,3.8350910834132312,3.8350910834132312,5.982053838484546,5.982053838484546,5.982053838484546,5.982053838484546,5.982053838484546,5.982053838484546,5.221932114882507,5.221932114882507,5.221932114882507,5.221932114882507,5.221932114882507,5.221932114882507,5.555555555555555,5.555555555555555,5.555555555555555,5.555555555555555,5.555555555555555,4.351610095735422,4.351610095735422,4.351610095735422,4.351610095735422,4.351610095735422,4.633920296570899,4.633920296570899],"raf":[377,285,240,271,230,218,246,249,181,164,194,152,273,311,270,183,323,267,138,123,131,165,203,243,222,152,179,239,168,189,209,220,166,121,145,219,218,264,182,236,249,198,239,213,219,210,204]}