{"time":[3.1150000000000007,3.2270000000000008,3.3400000000000007,3.455000000000001,3.566000000000001,3.6770000000000014,3.7890000000000015,3.9020000000000015,4.011000000000002,4.122000000000002,4.234000000000002,4.343000000000002,4.455000000000002,4.569000000000002,4.6800000000000015,4.791000000000001,4.902000000000001,5.010000000000001,5.121,5.234000000000001,5.347000000000001,5.457000000000002,5.573000000000001,5.682000000000001,5.793000000000001,5.902000000000001,6.013000000000001,6.1240000000000006,6.234000000000001,6.344000000000001,6.456000000000001,6.569000000000002,6.679000000000002,6.793000000000002,6.909000000000002,7.025000000000001,7.141000000000001,7.254000000000001,7.365000000000001,7.477000000000001,7.589000000000001,7.703000000000001,7.815000000000001,7.927000000000001,8.038000000000002,8.150000000000002,8.261000000000003,8.375000000000004,8.491000000000003,8.599000000000004,8.710000000000004,8.822000000000005,8.934000000000005,9.043000000000005,9.156000000000004,9.269000000000004,9.383000000000004,9.493000000000004,9.606000000000003,9.727000000000004,9.847000000000003,9.967000000000002,10.082000000000003,10.198000000000002,10.313000000000002,10.424000000000003,10.541000000000004,10.679000000000004,10.806000000000004,10.924000000000005,11.048000000000005,11.173000000000005,11.306000000000004,11.417000000000005,11.527000000000005,11.641000000000005,11.820000000000006,12.012000000000006,12.220000000000006,12.398000000000007,12.523000000000007,12.645000000000007,12.763000000000007,12.881000000000007,12.997000000000007],"fps":[8.61244019138756,8.61244019138756,8.61244019138756,8.61244019138756,8.61244019138756,8.61244019138756,8.81488736532811,8.81488736532811,8.81488736532811,8.81488736532811,8.81488736532811,8.81488736532811,8.81488736532811,8.81488736532811,8.81488736532811,8.97308075772682,8.97308075772682,8.97308075772682,8.97308075772682,8.97308075772682,8.97308075772682,8.97308075772682,8.97308075772682,8.97308075772682,8.991008991008991,8.991008991008991,8.991008991008991,8.991008991008991,8.991008991008991,8.991008991008991,8.991008991008991,8.991008991008991,8.991008991008991,8.991008991008991,8.960573476702509,8.960573476702509,8.960573476702509,8.960573476702509,8.960573476702509,8.960573476702509,8.960573476702509,8.960573476702509,8.960573476702509,8.840864440078585,8.840864440078585,8.840864440078585,8.840864440078585,8.840864440078585,8.840864440078585,8.840864440078585,8.840864440078585,8.840864440078585,8.937437934458789,8.937437934458789,8.937437934458789,8.937437934458789,8.937437934458789,8.937437934458789,8.937437934458789,8.937437934458789,8.937437934458789,8.712487899322362,8.712487899322362,8.712487899322362,8.712487899322362,8.712487899322362,8.712487899322362,8.712487899322362,8.712487899322362,8.712487899322362,8.325624421831638,8.325624421831638,8.325624421831638,8.325624421831638,8.325624421831638,8.325624421831638,8.325624421831638,8.325624421831638,6.825938566552901,6.825938566552901,6.825938566552901,6.825938566552901,6.825938566552901,6.825938566552901,6.825938566552901],"raf":[116,112,113,115,111,111,112,113,109,111,112,110,111,114,112,111,110,108,111,113,113,110,116,109,111,109,111,111,110,110,112,113,110,114,116,116,116,113,111,113,111,114,112,112,111,113,110,114,116,108,111,112,112,109,113,113,114,110,113,121,120,120,115,116,115,111,117,138,127,118,124,125,133,111,110,114,179,192,208,178,125,122,118,118,116]}