{"time":[3.09,3.2529999999999997,3.4239999999999995,3.5929999999999995,3.7569999999999997,3.9219999999999997,4.085999999999999,4.249999999999999,4.419999999999999,4.585999999999999,4.749999999999999,4.913999999999999,5.078999999999999,5.238999999999999,5.413999999999999,5.6019999999999985,5.801999999999999,5.991999999999999,6.183999999999999,6.395,6.608,6.835,7.034,7.231,7.4319999999999995,7.627,7.813,8.019,8.227,8.473,8.668000000000001,8.852,9.019,9.193,9.363999999999999,9.550999999999998,9.721999999999998,9.894999999999998,10.074999999999998,10.257999999999997,10.438999999999997,10.620999999999997,10.798999999999998,11.015999999999998,11.206999999999999,11.387999999999998,11.586999999999998,11.762999999999998,11.930999999999997,12.096999999999998,12.260999999999997,12.434999999999997,12.615999999999996,12.859999999999996],"fps":[5.607476635514018,5.607476635514018,5.607476635514018,5.607476635514018,5.607476635514018,5.607476635514018,5.607476635514018,6.0344827586206895,6.0344827586206895,6.0344827586206895,6.0344827586206895,6.0344827586206895,6.0344827586206895,6.0344827586206895,6.013745704467354,6.013745704467354,6.013745704467354,6.013745704467354,6.013745704467354,6.013745704467354,5.025125628140704,5.025125628140704,5.025125628140704,5.025125628140704,5.025125628140704,4.906771344455349,4.906771344455349,4.906771344455349,4.906771344455349,4.906771344455349,4.803073967339097,4.803073967339097,4.803073967339097,4.803073967339097,4.803073967339097,4.803073967339097,5.692599620493358,5.692599620493358,5.692599620493358,5.692599620493358,5.692599620493358,5.692599620493358,5.571030640668524,5.571030640668524,5.571030640668524,5.571030640668524,5.571030640668524,5.571030640668524,5.30035335689046,5.30035335689046,5.30035335689046,5.30035335689046,5.30035335689046,5.30035335689046],"raf":[165,163,171,169,164,165,164,164,170,166,164,164,165,160,175,188,200,190,192,211,213,227,199,197,201,195,186,206,208,246,195,184,167,174,171,187,171,173,180,183,181,182,178,217,191,181,199,176,168,166,164,175,181,243]}