{"time":[3.0439999999999996,3.4399999999999995,3.7899999999999996,4.109,4.424,4.736000000000001,5.027000000000001,5.376000000000001,5.748000000000001,6.127000000000001,6.506,6.886,7.239,7.49,7.726,7.954,8.181,8.408,8.634,8.854000000000001,9.089,9.456,9.751999999999999,10.04,10.296999999999999,10.534999999999998,10.766999999999998,10.992999999999999,11.219999999999999,11.443,11.666,11.886000000000001,12.108,12.333,12.556000000000001,12.778],"fps":[2.18978102189781,2.18978102189781,2.18978102189781,2.816901408450704,2.816901408450704,2.816901408450704,2.816901408450704,3.1570639305445933,3.1570639305445933,3.1570639305445933,2.6548672566371683,2.6548672566371683,2.6548672566371683,2.6548672566371683,3.278688524590164,3.278688524590164,3.278688524590164,3.278688524590164,3.278688524590164,4.432624113475177,4.432624113475177,4.432624113475177,4.432624113475177,3.372681281618887,3.372681281618887,3.372681281618887,3.372681281618887,3.372681281618887,4.237288135593221,4.237288135593221,4.237288135593221,4.237288135593221,4.237288135593221,4.492362982929021,4.492362982929021,4.492362982929021],"raf":[482,396,350,319,315,312,291,349,372,379,379,380,353,251,236,228,227,227,226,220,235,367,296,288,257,238,232,226,227,223,223,220,222,225,223,222]}