{"time":[3.204,3.427,3.646,3.87,4.09,4.312,4.5360000000000005,4.764,4.994000000000001,5.2170000000000005,5.439000000000001,5.663000000000001,5.881000000000001,6.1030000000000015,6.327000000000002,6.577000000000002,6.807000000000002,7.039000000000002,7.271000000000003,7.503000000000003,7.733000000000003,7.965000000000003,8.197000000000003,8.535000000000002,8.795000000000002,9.020000000000001,9.245000000000001,9.469000000000001,9.693000000000001,9.916000000000002,10.137000000000002,10.358000000000002,10.577000000000002,10.830000000000002,11.044000000000002,11.270000000000003,11.488000000000003,11.708000000000004,11.928000000000004,12.148000000000005,12.367000000000004,12.590000000000005,12.808000000000005],"fps":[4.269854824935952,4.3029259896729775,4.3029259896729775,4.3029259896729775,4.3029259896729775,4.3029259896729775,4.504504504504505,4.504504504504505,4.504504504504505,4.504504504504505,4.504504504504505,4.440497335701599,4.440497335701599,4.440497335701599,4.440497335701599,4.440497335701599,4.370629370629371,4.370629370629371,4.370629370629371,4.370629370629371,4.370629370629371,4.317789291882556,4.317789291882556,4.317789291882556,4.317789291882556,3.7914691943127963,3.7914691943127963,3.7914691943127963,3.7914691943127963,3.7914691943127963,4.476275738585497,4.476275738585497,4.476275738585497,4.476275738585497,4.476275738585497,4.41306266548985,4.41306266548985,4.41306266548985,4.41306266548985,4.41306266548985,4.557885141294439,4.557885141294439,4.557885141294439],"raf":[225,223,219,224,220,223,224,227,230,223,222,224,218,222,224,250,230,232,232,232,230,232,232,338,260,225,225,224,224,223,221,221,219,253,214,226,218,220,220,220,219,223,218]}