{"time":[3.031,3.1140000000000003,3.196,3.2920000000000003,3.3750000000000004,3.4630000000000005,3.5490000000000004,3.6340000000000003,3.7220000000000004,3.8090000000000006,3.8990000000000005,3.9900000000000007,4.0760000000000005,4.162000000000001,4.248000000000001,4.332000000000001,4.417000000000001,4.5040000000000004,4.587000000000001,4.675000000000001,4.766000000000001,4.854000000000001,4.940000000000001,5.027000000000001,5.108000000000001,5.197000000000002,5.285000000000002,5.366000000000002,5.453000000000002,5.5420000000000025,5.6220000000000026,5.708000000000003,5.795000000000003,5.8770000000000024,5.968000000000003,6.054000000000003,6.143000000000003,6.229000000000004,6.329000000000003,6.413000000000003,6.502000000000003,6.596000000000004,6.680000000000003,6.767000000000003,6.857000000000003,6.944000000000003,7.025000000000003,7.115000000000003,7.205000000000003,7.295000000000003,7.381000000000003,7.4650000000000025,7.547000000000002,7.6270000000000024,7.711000000000002,7.798000000000002,7.879000000000002,7.960000000000003,8.040000000000003,8.119000000000003,8.208000000000004,8.289000000000003,8.370000000000003,8.457000000000003,8.538000000000002,8.618000000000002,8.705000000000002,8.785000000000002,8.864000000000003,8.947000000000003,9.033000000000003,9.109000000000004,9.187000000000003,9.272000000000004,9.350000000000003,9.435000000000004,9.521000000000004,9.606000000000005,9.683000000000005,9.762000000000006,9.841000000000006,9.919000000000006,9.996000000000006,10.075000000000006,10.169000000000006,10.249000000000006,10.330000000000005,10.416000000000006,10.498000000000006,10.583000000000007,10.668000000000008,10.754000000000008,10.838000000000008,10.915000000000008,10.995000000000008,11.085000000000008,11.165000000000008,11.244000000000009,11.32600000000001,11.40200000000001,11.48000000000001,11.56000000000001,11.64000000000001,11.71700000000001,11.79700000000001,11.88300000000001,11.96100000000001,12.04400000000001,12.12100000000001,12.21000000000001,12.28700000000001,12.365000000000009,12.452000000000009,12.532000000000009,12.609000000000009,12.686000000000009,12.76800000000001,12.86300000000001,12.94600000000001],"fps":[11.47227533460803,11.47227533460803,11.47227533460803,11.194029850746269,11.194029850746269,11.194029850746269,11.194029850746269,11.194029850746269,11.194029850746269,11.194029850746269,11.194029850746269,11.194029850746269,11.194029850746269,11.194029850746269,11.194029850746269,11.538461538461538,11.538461538461538,11.538461538461538,11.538461538461538,11.538461538461538,11.538461538461538,11.538461538461538,11.538461538461538,11.538461538461538,11.538461538461538,11.538461538461538,11.538461538461538,11.60541586073501,11.60541586073501,11.60541586073501,11.60541586073501,11.60541586073501,11.60541586073501,11.60541586073501,11.60541586073501,11.60541586073501,11.60541586073501,11.60541586073501,11.60541586073501,11.461318051575931,11.461318051575931,11.461318051575931,11.461318051575931,11.461318051575931,11.461318051575931,11.461318051575931,11.461318051575931,11.461318051575931,11.461318051575931,11.461318051575931,11.461318051575931,11.406844106463879,11.406844106463879,11.406844106463879,11.406844106463879,11.406844106463879,11.406844106463879,11.406844106463879,11.406844106463879,11.406844106463879,11.406844106463879,11.406844106463879,11.406844106463879,11.406844106463879,12.115563839701771,12.115563839701771,12.115563839701771,12.115563839701771,12.115563839701771,12.115563839701771,12.115563839701771,12.115563839701771,12.115563839701771,12.115563839701771,12.115563839701771,12.115563839701771,12.115563839701771,12.172284644194757,12.172284644194757,12.172284644194757,12.172284644194757,12.172284644194757,12.172284644194757,12.172284644194757,12.172284644194757,12.172284644194757,12.172284644194757,12.172284644194757,12.172284644194757,12.172284644194757,12.24105461393597,12.24105461393597,12.24105461393597,12.24105461393597,12.24105461393597,12.24105461393597,12.24105461393597,12.24105461393597,12.24105461393597,12.24105461393597,12.24105461393597,12.24105461393597,12.24105461393597,12.392755004766444,12.392755004766444,12.392755004766444,12.392755004766444,12.392755004766444,12.392755004766444,12.392755004766444,12.392755004766444,12.392755004766444,12.392755004766444,12.392755004766444,12.392755004766444,12.392755004766444,12.369172216936251,12.369172216936251,12.369172216936251],"raf":[89,83,82,96,83,88,86,85,88,87,90,91,86,87,85,84,85,87,83,88,91,88,86,87,81,89,88,81,87,89,80,86,87,82,91,86,89,86,100,84,89,94,84,87,90,87,81,90,90,91,85,84,82,80,84,87,81,81,80,79,89,81,81,87,81,80,87,80,79,83,86,76,78,85,78,85,86,85,77,79,79,78,77,79,94,80,81,86,82,85,85,86,84,77,80,90,80,79,82,76,78,80,80,77,80,86,78,83,77,89,78,77,87,80,77,77,82,95,83]}