{"time":[3.1279999999999997,3.2709999999999995,3.4139999999999993,3.556999999999999,3.699999999999999,3.844999999999999,4.009999999999999,4.152999999999999,4.296999999999999,4.445999999999999,4.591999999999999,4.733999999999999,4.876999999999999,5.0219999999999985,5.166999999999998,5.310999999999998,5.461999999999998,5.605999999999998,5.751999999999998,5.895999999999998,6.040999999999998,6.1839999999999975,6.326999999999997,6.469999999999997,6.616999999999997,6.761999999999997,6.904999999999997,7.0479999999999965,7.190999999999996,7.333999999999996,7.475999999999996,7.618999999999996,7.763999999999996,7.904999999999996,8.044999999999996,8.187999999999997,8.329999999999997,8.480999999999996,8.639999999999997,8.807999999999996,8.963999999999997,9.115999999999996,9.265999999999996,9.413999999999996,9.556999999999997,9.701999999999996,9.845999999999997,9.987999999999996,10.131999999999996,10.285999999999996,10.447999999999997,10.609999999999998,10.759999999999998,10.907999999999998,11.069999999999999,11.236999999999998,11.416999999999998,11.604999999999999,11.761,11.907,12.05,12.192,12.335,12.478000000000002,12.624000000000002,12.767000000000003,12.911000000000003],"fps":[5.708848715509039,6.628787878787879,6.628787878787879,6.628787878787879,6.628787878787879,6.628787878787879,6.628787878787879,6.628787878787879,6.822612085769981,6.822612085769981,6.822612085769981,6.822612085769981,6.822612085769981,6.822612085769981,6.822612085769981,6.903353057199211,6.903353057199211,6.903353057199211,6.903353057199211,6.903353057199211,6.903353057199211,6.903353057199211,6.889763779527559,6.889763779527559,6.889763779527559,6.889763779527559,6.889763779527559,6.889763779527559,6.889763779527559,6.951340615690169,6.951340615690169,6.951340615690169,6.951340615690169,6.951340615690169,6.951340615690169,6.951340615690169,6.951340615690169,6.974716652136007,6.974716652136007,6.974716652136007,6.974716652136007,6.974716652136007,6.974716652136007,6.974716652136007,6.5055762081784385,6.5055762081784385,6.5055762081784385,6.5055762081784385,6.5055762081784385,6.5055762081784385,6.5055762081784385,6.647673314339981,6.647673314339981,6.647673314339981,6.647673314339981,6.647673314339981,6.647673314339981,6.647673314339981,6.081668114682884,6.081668114682884,6.081668114682884,6.081668114682884,6.081668114682884,6.081668114682884,6.081668114682884,6.958250497017892,6.958250497017892],"raf":[149,143,143,143,144,144,165,143,144,149,146,142,143,145,145,144,151,144,146,144,145,143,143,143,147,145,143,143,143,143,142,143,145,141,140,143,142,151,159,168,156,152,150,148,143,145,144,142,144,154,162,162,150,148,162,167,180,188,156,146,143,142,143,143,146,143,144]}