{"time":[3.0279999999999996,3.1049999999999995,3.1849999999999996,3.2619999999999996,3.3369999999999997,3.4109999999999996,3.4849999999999994,3.5579999999999994,3.6299999999999994,3.7169999999999996,3.7909999999999995,3.8649999999999993,3.9399999999999995,4.013,4.0889999999999995,4.161,4.234999999999999,4.308,4.379,4.451,4.5249999999999995,4.5969999999999995,4.678,4.762,4.835,4.907,4.984,5.057,5.126,5.199000000000001,5.271000000000001,5.343000000000001,5.415000000000001,5.488000000000001,5.561000000000002,5.643000000000002,5.7200000000000015,5.798000000000002,5.8690000000000015,5.940000000000001,6.010000000000002,6.0790000000000015,6.146000000000002,6.2120000000000015,6.275000000000001,6.339000000000001,6.401000000000002,6.464000000000001,6.526000000000002,6.5870000000000015,6.650000000000001,6.7120000000000015,6.775000000000001,6.835000000000001,6.896000000000001,6.957000000000001,7.018000000000001,7.080000000000001,7.141000000000001,7.202000000000001,7.261000000000001,7.321000000000001,7.380000000000001,7.439000000000001,7.501000000000001,7.560000000000001,7.620000000000001,7.681000000000001,7.742000000000001,7.803000000000001,7.864000000000001,7.923000000000001,7.986000000000001,8.05,8.108,8.167,8.23,8.292,8.353,8.411999999999999,8.470999999999998,8.530999999999999,8.591,8.652,8.712,8.770999999999999,8.834999999999999,8.898,8.958,9.018,9.079,9.138,9.196,9.257,9.318,9.376999999999999,9.435999999999998,9.495999999999999,9.554999999999998,9.614999999999998,9.676999999999998,9.736999999999998,9.797999999999998,9.855999999999998,9.915999999999999,9.974999999999998,10.033999999999997,10.093999999999998,10.152999999999997,10.213999999999997,10.275999999999996,10.335999999999997,10.393999999999997,10.456999999999997,10.518999999999997,10.579999999999997,10.640999999999996,10.702999999999996,10.763999999999996,10.823999999999996,10.884999999999996,10.950999999999997,11.031999999999996,11.098999999999997,11.173999999999996,11.247999999999996,11.310999999999996,11.373999999999997,11.436999999999998,11.508999999999997,11.581999999999997,11.643999999999997,11.706999999999997,11.768999999999997,11.840999999999996,11.914999999999996,11.979999999999995,12.043999999999995,12.106999999999996,12.170999999999996,12.234999999999996,12.298999999999996,12.389999999999995,12.490999999999996,12.548999999999996,12.627999999999997,12.701999999999996,12.784999999999997,12.849999999999996,12.914999999999996,12.978999999999996],"fps":[14.354066985645932,14.354066985645932,14.354066985645932,14.354066985645932,14.354066985645932,14.354066985645932,14.354066985645932,14.354066985645932,14.354066985645932,13.120899718837864,13.120899718837864,13.120899718837864,13.120899718837864,13.120899718837864,13.120899718837864,13.120899718837864,13.120899718837864,13.120899718837864,13.120899718837864,13.120899718837864,13.120899718837864,13.120899718837864,13.120899718837864,13.397129186602871,13.397129186602871,13.397129186602871,13.397129186602871,13.397129186602871,13.397129186602871,13.397129186602871,13.397129186602871,13.397129186602871,13.397129186602871,13.397129186602871,13.397129186602871,13.397129186602871,13.397129186602871,13.513513513513514,13.513513513513514,13.513513513513514,13.513513513513514,13.513513513513514,13.513513513513514,13.513513513513514,13.513513513513514,13.513513513513514,13.513513513513514,13.513513513513514,13.513513513513514,13.513513513513514,13.513513513513514,13.513513513513514,13.513513513513514,15.429122468659594,15.429122468659594,15.429122468659594,15.429122468659594,15.429122468659594,15.429122468659594,15.429122468659594,15.429122468659594,15.429122468659594,15.429122468659594,15.429122468659594,15.429122468659594,15.429122468659594,15.429122468659594,15.429122468659594,15.429122468659594,15.429122468659594,16.52089407191448,16.52089407191448,16.52089407191448,16.52089407191448,16.52089407191448,16.52089407191448,16.52089407191448,16.52089407191448,16.52089407191448,16.52089407191448,16.52089407191448,16.52089407191448,16.52089407191448,16.52089407191448,16.52089407191448,16.52089407191448,16.52089407191448,16.44100580270793,16.44100580270793,16.44100580270793,16.44100580270793,16.44100580270793,16.44100580270793,16.44100580270793,16.44100580270793,16.44100580270793,16.44100580270793,16.44100580270793,16.44100580270793,16.44100580270793,16.44100580270793,16.44100580270793,16.44100580270793,16.44100580270793,16.69941060903733,16.69941060903733,16.69941060903733,16.69941060903733,16.69941060903733,16.69941060903733,16.69941060903733,16.69941060903733,16.69941060903733,16.69941060903733,16.69941060903733,16.69941060903733,16.69941060903733,16.69941060903733,16.69941060903733,16.69941060903733,16.69941060903733,16.42512077294686,16.42512077294686,16.42512077294686,16.42512077294686,16.42512077294686,16.42512077294686,16.42512077294686,16.42512077294686,16.42512077294686,16.42512077294686,16.42512077294686,16.42512077294686,16.42512077294686,16.42512077294686,16.42512077294686,14.577259475218659,14.577259475218659,14.577259475218659,14.577259475218659,14.577259475218659,14.577259475218659,14.577259475218659,14.577259475218659,14.577259475218659,14.577259475218659,14.577259475218659,14.577259475218659,14.577259475218659,14.577259475218659,14.577259475218659],"raf":[74,77,80,77,75,74,74,73,72,87,74,74,75,73,76,72,74,73,71,72,74,72,81,84,73,72,77,73,69,73,73,71,72,73,73,82,77,78,71,71,71,68,67,66,63,64,62,63,62,61,63,62,63,60,61,61,61,62,61,61,59,60,59,59,62,59,60,61,61,62,60,59,63,64,58,59,63,62,61,59,59,60,60,61,60,59,64,63,60,60,61,59,58,61,61,59,59,60,59,60,62,60,61,58,60,59,59,60,59,61,63,59,59,62,62,61,61,62,61,60,61,66,81,67,75,74,63,63,63,72,73,62,63,62,72,74,65,64,63,64,64,64,91,101,58,79,74,83,65,65,65]}