{"time":[3.087,3.277,3.474,3.717,3.973,4.165,4.356,4.55,4.742,4.936,5.13,5.325,5.523000000000001,5.718000000000001,5.910000000000001,6.101000000000001,6.293000000000001,6.489000000000001,6.684000000000001,6.878000000000001,7.077000000000001,7.275000000000001,7.471000000000001,7.675000000000001,7.917000000000001,8.174000000000001,8.422,8.625,8.836,9.039,9.244,9.447,9.655999999999999,9.854,10.055,10.251,10.453999999999999,10.655,10.853,11.049,11.251,11.449,11.648,11.847,12.043999999999999,12.245,12.45,12.648,12.843],"fps":[4.336513443191674,4.336513443191674,4.336513443191674,4.703668861712136,4.703668861712136,4.703668861712136,4.703668861712136,4.703668861712136,4.878048780487805,4.878048780487805,4.878048780487805,4.878048780487805,4.878048780487805,4.878048780487805,5.136986301369863,5.136986301369863,5.136986301369863,5.136986301369863,5.136986301369863,5.136986301369863,5.141388174807198,5.141388174807198,5.141388174807198,5.141388174807198,5.141388174807198,4.557885141294439,4.557885141294439,4.557885141294439,4.557885141294439,4.557885141294439,4.672897196261682,4.672897196261682,4.672897196261682,4.672897196261682,4.672897196261682,4.965243296921549,4.965243296921549,4.965243296921549,4.965243296921549,4.965243296921549,4.965243296921549,5.008347245409015,5.008347245409015,5.008347245409015,5.008347245409015,5.008347245409015,4.995004995004995,4.995004995004995,4.995004995004995],"raf":[203,190,197,243,256,192,191,194,192,194,194,195,198,195,192,191,192,196,195,194,199,198,196,204,242,257,248,203,211,203,205,203,209,198,201,196,203,201,198,196,202,198,199,199,197,201,205,198,195]}