{"time":[3,3.115,3.2310000000000003,3.3500000000000005,3.4610000000000007,3.5740000000000007,3.6950000000000007,3.810000000000001,3.921000000000001,4.033000000000001,4.160000000000001,4.295000000000001,4.412000000000001,4.526000000000001,4.658,4.779,4.895,5.013999999999999,5.135999999999999,5.2749999999999995,5.393999999999999,5.514999999999999,5.651999999999999,5.773,5.8999999999999995,6.015999999999999,6.1339999999999995,6.255999999999999,6.374,6.489,6.6049999999999995,6.736,6.856999999999999,7.0009999999999994,7.116999999999999,7.232999999999999,7.358999999999999,7.491999999999999,7.627999999999999,7.757,7.903,8.064,8.233,8.425,8.571000000000002,8.691,8.803,8.921000000000001,9.036000000000001,9.167000000000002,9.281000000000002,9.400000000000002,9.518000000000002,9.661000000000003,9.782000000000004,9.903000000000004,10.019000000000004,10.137000000000004,10.255000000000004,10.371000000000004,10.490000000000004,10.612000000000004,10.728000000000003,10.847000000000003,10.967000000000002,11.084000000000003,11.198000000000004,11.321000000000003,11.440000000000003,11.549000000000003,11.666000000000004,11.780000000000005,11.891000000000005,12.002000000000006,12.115000000000006,12.226000000000006,12.339000000000006,12.464000000000006,12.579000000000006,12.693000000000007,12.810000000000008,12.932000000000007],"fps":[8.264462809917354,8.264462809917354,8.264462809917354,8.287292817679559,8.287292817679559,8.287292817679559,8.287292817679559,8.287292817679559,8.287292817679559,8.287292817679559,8.287292817679559,8.287292817679559,8.474576271186441,8.474576271186441,8.474576271186441,8.474576271186441,8.474576271186441,8.474576271186441,8.474576271186441,8.474576271186441,8.474576271186441,8.159564823209429,8.159564823209429,8.159564823209429,8.159564823209429,8.159564823209429,8.159564823209429,8.159564823209429,8.159564823209429,8.159564823209429,8.256880733944953,8.256880733944953,8.256880733944953,8.256880733944953,8.256880733944953,8.256880733944953,8.256880733944953,8.256880733944953,7.820136852394917,7.820136852394917,7.820136852394917,7.820136852394917,7.820136852394917,7.820136852394917,7.820136852394917,6.585136406396989,6.585136406396989,6.585136406396989,6.585136406396989,6.585136406396989,6.585136406396989,6.585136406396989,6.585136406396989,6.585136406396989,8.249312557286892,8.249312557286892,8.249312557286892,8.249312557286892,8.249312557286892,8.249312557286892,8.249312557286892,8.249312557286892,8.249312557286892,8.450704225352112,8.450704225352112,8.450704225352112,8.450704225352112,8.450704225352112,8.450704225352112,8.450704225352112,8.450704225352112,8.450704225352112,8.620689655172415,8.620689655172415,8.620689655172415,8.620689655172415,8.620689655172415,8.620689655172415,8.620689655172415,8.620689655172415,8.620689655172415,8.645533141210375],"raf":[119,115,116,119,111,113,120,115,112,111,127,135,117,114,132,121,116,119,122,139,119,121,137,121,127,116,118,122,118,115,116,131,121,144,116,116,127,132,136,129,146,161,169,192,146,120,112,118,116,130,114,119,118,143,121,121,116,118,118,116,119,122,116,119,120,117,114,123,119,109,117,114,111,111,113,111,113,125,115,114,117,122]}