{"time":[3.1529999999999996,3.3089999999999997,3.4819999999999998,3.662,3.83,3.989,4.1499999999999995,4.313999999999999,4.494999999999999,4.651999999999999,4.821999999999999,4.986999999999999,5.145999999999999,5.316999999999999,5.484999999999999,5.645999999999999,5.818999999999999,5.987999999999999,6.159999999999998,6.321999999999998,6.482999999999998,6.672999999999998,6.849999999999998,7.016999999999998,7.194999999999998,7.386999999999998,7.552999999999998,7.696999999999998,7.865999999999998,8.035999999999998,8.204999999999998,8.378999999999998,8.555999999999997,8.722999999999997,8.891999999999998,9.057999999999998,9.223999999999998,9.390999999999998,9.556999999999999,9.735999999999999,9.892,10.051,10.216,10.372,10.541,10.707,10.870000000000001,11.041,11.191,11.348,11.496,11.657,11.818,11.978,12.128,12.290000000000001,12.445,12.601,12.759,12.911],"fps":[5.847953216374269,5.847953216374269,5.958291956305859,5.958291956305859,5.958291956305859,5.958291956305859,5.958291956305859,5.958291956305859,5.923000987166831,5.923000987166831,5.923000987166831,5.923000987166831,5.923000987166831,5.923000987166831,5.923000987166831,6.081668114682884,6.081668114682884,6.081668114682884,6.081668114682884,6.081668114682884,6.081668114682884,5.8422590068159685,5.8422590068159685,5.8422590068159685,5.8422590068159685,5.8422590068159685,5.8422590068159685,5.853658536585366,5.853658536585366,5.853658536585366,5.853658536585366,5.853658536585366,5.853658536585366,5.853658536585366,5.853658536585366,5.853658536585366,5.853658536585366,5.853658536585366,5.853658536585366,5.923000987166831,5.923000987166831,5.923000987166831,5.923000987166831,5.923000987166831,5.923000987166831,5.923000987166831,6.172839506172839,6.172839506172839,6.172839506172839,6.172839506172839,6.172839506172839,6.172839506172839,6.172839506172839,6.317689530685921,6.317689530685921,6.317689530685921,6.317689530685921,6.317689530685921,6.317689530685921,6.317689530685921],"raf":[161,156,173,180,168,159,161,164,181,157,170,165,159,172,167,160,173,169,172,162,161,190,177,167,178,192,166,145,168,170,169,174,177,167,169,166,166,167,166,179,156,159,165,156,169,166,163,171,150,157,149,160,161,160,150,163,155,156,157,152]}