{"time":[3.103,3.5460000000000003,3.9290000000000003,4.308,4.7059999999999995,5.262,5.8389999999999995,6.263,6.694,7.131,7.484,7.83,8.2,8.488,8.815999999999999,9.155999999999999,9.488999999999999,9.850999999999999,10.199,10.596,11.017,11.376999999999999,11.714999999999998,12.089999999999998,12.445999999999998,12.769999999999998],"fps":[2.1431633090441493,2.1431633090441493,2.506265664160401,2.506265664160401,2.506265664160401,2.250562640660165,2.250562640660165,1.996007984031936,1.996007984031936,1.996007984031936,2.459016393442623,2.459016393442623,2.459016393442623,2.9880478087649402,2.9880478087649402,2.9880478087649402,2.997002997002997,2.997002997002997,2.997002997002997,2.710027100271003,2.710027100271003,2.710027100271003,2.680965147453083,2.680965147453083,2.680965147453083,2.843601895734597],"raf":[371,443,383,379,398,556,577,425,430,437,353,346,370,288,328,340,333,362,348,397,421,360,338,375,357,323]}