{"time":[3.035,3.382,3.648,3.806,3.985,4.12,4.282,4.481,4.6979999999999995,4.909,5.144,5.349,5.566,5.753,5.913,6.0760000000000005,6.231000000000001,6.402000000000001,6.585000000000001,6.803000000000001,7.080000000000001,7.373000000000001,7.491000000000001,7.643000000000002,7.849000000000002,7.998000000000002,8.182000000000002,8.404000000000002,8.619000000000002,8.847000000000001,9.114,9.322000000000001,9.469000000000001,9.663000000000002,9.855000000000002,10.099000000000002,10.292000000000002,10.458000000000002,10.676000000000002,10.902000000000003,11.055000000000003,11.186000000000003,11.323000000000004,11.483000000000004,11.669000000000004,11.903000000000004,12.197000000000005,12.498000000000005,12.666000000000004,12.895000000000003],"fps":[3.284072249589491,3.284072249589491,2.9296875,2.9296875,2.9296875,2.9296875,2.9296875,2.9296875,5.714285714285714,5.714285714285714,5.714285714285714,5.714285714285714,5.714285714285714,4.739336492890995,4.739336492890995,4.739336492890995,4.739336492890995,4.739336492890995,4.739336492890995,5.714285714285714,5.714285714285714,5.714285714285714,5.714285714285714,5.714285714285714,4.780114722753346,4.780114722753346,4.780114722753346,4.780114722753346,4.780114722753346,4.780114722753346,4.743083003952569,4.743083003952569,4.743083003952569,4.743083003952569,4.743083003952569,4.743083003952569,5.093378607809847,5.093378607809847,5.093378607809847,5.093378607809847,5.093378607809847,5.093378607809847,5.819592628516004,5.819592628516004,5.819592628516004,5.819592628516004,5.819592628516004,4.25531914893617,4.25531914893617,4.25531914893617],"raf":[411,347,266,159,178,135,162,199,217,211,235,205,218,186,160,163,155,171,183,218,277,293,118,152,206,149,184,222,215,229,266,208,147,194,192,244,193,167,217,226,153,131,137,160,186,234,294,301,168,229]}