{"time":[3.039,3.2310000000000003,3.4190000000000005,3.6050000000000004,3.7900000000000005,3.9820000000000007,4.1770000000000005,4.3740000000000006,4.566000000000001,4.757000000000001,4.944000000000001,5.142000000000001,5.354000000000001,5.568000000000001,5.770000000000001,5.967000000000001,6.166000000000001,6.378000000000001,6.578000000000001,6.769000000000001,6.958000000000001,7.155000000000001,7.350000000000001,7.550000000000002,7.764000000000002,7.960000000000002,8.156000000000002,8.354000000000003,8.552000000000003,8.838000000000003,9.113000000000003,9.317000000000004,9.596000000000004,9.811000000000003,10.021000000000004,10.232000000000005,10.448000000000004,10.674000000000005,10.905000000000005,11.126000000000005,11.329000000000004,11.523000000000005,11.713000000000005,11.896000000000004,12.084000000000005,12.272000000000006,12.463000000000006,12.647000000000006,12.840000000000005],"fps":[5.0675675675675675,5.0675675675675675,5.128205128205129,5.128205128205129,5.128205128205129,5.128205128205129,5.128205128205129,5.128205128205129,5.231037489102005,5.231037489102005,5.231037489102005,5.231037489102005,5.231037489102005,4.990019960079841,4.990019960079841,4.990019960079841,4.990019960079841,4.990019960079841,4.9504950495049505,4.9504950495049505,4.9504950495049505,4.9504950495049505,4.9504950495049505,4.9504950495049505,5.059021922428331,5.059021922428331,5.059021922428331,5.059021922428331,5.059021922428331,4.655493482309125,4.655493482309125,4.655493482309125,4.655493482309125,4.655493482309125,4.22654268808115,4.22654268808115,4.22654268808115,4.22654268808115,4.22654268808115,4.524886877828054,4.524886877828054,4.524886877828054,4.524886877828054,4.524886877828054,4.524886877828054,5.2356020942408374,5.2356020942408374,5.2356020942408374,5.2356020942408374],"raf":[190,192,188,186,185,192,195,197,192,191,187,198,212,214,202,197,199,212,200,191,189,197,195,200,214,196,196,198,198,286,275,204,279,215,210,211,216,226,231,221,203,194,190,184,187,188,191,184,193]}