{"time":[3.0120000000000013,3.1090000000000013,3.2090000000000014,3.3140000000000014,3.4090000000000016,3.5060000000000016,3.6080000000000014,3.7060000000000013,3.812000000000001,3.9120000000000013,4.0070000000000014,4.108000000000001,4.209000000000001,4.309000000000001,4.4220000000000015,4.530000000000001,4.633000000000001,4.7170000000000005,4.815,4.9110000000000005,5.007000000000001,5.122000000000001,5.219000000000001,5.315000000000001,5.416000000000001,5.5070000000000014,5.617000000000002,5.711000000000002,5.797000000000002,5.899000000000003,6.000000000000003,6.092000000000002,6.1830000000000025,6.277000000000003,6.370000000000003,6.471000000000003,6.567000000000003,6.671000000000003,6.761000000000003,6.857000000000003,6.952000000000003,7.052000000000002,7.173000000000002,7.262000000000002,7.353000000000002,7.4490000000000025,7.5500000000000025,7.665000000000003,7.750000000000003,7.8400000000000025,7.945000000000003,8.058000000000003,8.169000000000004,8.282000000000004,8.381000000000004,8.503000000000004,8.603000000000003,8.700000000000003,8.803000000000003,8.924000000000003,9.029000000000003,9.132000000000003,9.234000000000004,9.348000000000004,9.451000000000004,9.555000000000003,9.657000000000004,9.753000000000004,9.853000000000003,9.937000000000003,10.028000000000002,10.267000000000003,10.390000000000002,10.487000000000002,10.578000000000001,10.701,10.792,10.883,10.988,11.068999999999999,11.175999999999998,11.274,11.369,11.455,11.554,11.645,11.732,11.831,11.924,12.030999999999999,12.130999999999998,12.235999999999999,12.347,12.443,12.543,12.648,12.751999999999999,12.850999999999999,12.959999999999999],"fps":[9.633911368015415,9.633911368015415,9.633911368015415,9.633911368015415,9.633911368015415,9.633911368015415,9.784735812133073,9.784735812133073,9.784735812133073,9.784735812133073,9.784735812133073,9.784735812133073,9.784735812133073,9.784735812133073,9.784735812133073,9.784735812133073,9.75609756097561,9.75609756097561,9.75609756097561,9.75609756097561,9.75609756097561,9.75609756097561,9.75609756097561,9.75609756097561,9.75609756097561,9.75609756097561,9.75609756097561,10.204081632653061,10.204081632653061,10.204081632653061,10.204081632653061,10.204081632653061,10.204081632653061,10.204081632653061,10.204081632653061,10.204081632653061,10.204081632653061,10.204081632653061,10.476190476190476,10.476190476190476,10.476190476190476,10.476190476190476,10.476190476190476,10.476190476190476,10.476190476190476,10.476190476190476,10.476190476190476,10.476190476190476,10.476190476190476,10.194624652455978,10.194624652455978,10.194624652455978,10.194624652455978,10.194624652455978,10.194624652455978,10.194624652455978,10.194624652455978,10.194624652455978,10.194624652455978,9.22509225092251,9.22509225092251,9.22509225092251,9.22509225092251,9.22509225092251,9.22509225092251,9.22509225092251,9.22509225092251,9.22509225092251,9.22509225092251,9.871668311944719,9.871668311944719,9.871668311944719,9.871668311944719,9.871668311944719,9.871668311944719,9.871668311944719,9.871668311944719,9.871668311944719,8.56327307326356,8.56327307326356,8.56327307326356,8.56327307326356,8.56327307326356,8.56327307326356,8.56327307326356,8.56327307326356,8.56327307326356,8.56327307326356,8.56327307326356,10.546500479386385,10.546500479386385,10.546500479386385,10.546500479386385,10.546500479386385,10.546500479386385,10.546500479386385,10.546500479386385,10.546500479386385,10.546500479386385],"raf":[107,97,100,105,95,97,102,98,106,100,95,101,101,100,113,108,103,84,98,96,97,114,97,96,101,91,110,94,86,102,101,92,91,94,93,101,96,104,90,96,95,100,121,89,91,96,101,115,85,90,105,113,111,113,99,122,100,97,103,121,105,103,102,114,103,104,102,96,100,84,91,239,124,96,91,124,90,91,104,81,107,98,95,86,99,91,86,99,93,107,100,105,112,95,100,106,103,99,109]}