{"time":[3.285,3.552,3.791,4.037,4.278,4.512,4.885999999999999,5.201999999999999,5.481999999999999,5.783999999999999,6.064999999999999,6.321999999999998,6.591999999999999,6.889999999999999,7.184999999999999,7.450999999999999,7.695999999999999,7.961999999999999,8.216,8.469999999999999,8.717999999999998,8.967999999999998,9.226999999999999,9.458999999999998,9.713999999999999,9.937999999999999,10.182999999999998,10.411999999999997,10.637999999999998,10.900999999999998,11.181999999999999,11.486999999999998,11.754999999999999,11.978,12.184,12.411999999999999,12.639999999999999,12.842999999999998],"fps":[2.962962962962963,2.962962962962963,2.962962962962963,3.8461538461538463,3.8461538461538463,3.8461538461538463,3.8461538461538463,3.4334763948497855,3.4334763948497855,3.4334763948497855,3.4334763948497855,3.5714285714285716,3.5714285714285716,3.5714285714285716,3.5714285714285716,3.5429583702391496,3.5429583702391496,3.5429583702391496,3.5429583702391496,3.9254170755642788,3.9254170755642788,3.9254170755642788,3.9254170755642788,3.9254170755642788,4.019292604501608,4.019292604501608,4.019292604501608,4.019292604501608,4.019292604501608,4.212299915754001,4.212299915754001,4.212299915754001,4.212299915754001,3.714020427112349,3.714020427112349,3.714020427112349,3.714020427112349,3.714020427112349],"raf":[288,267,239,246,241,234,374,316,281,301,281,257,271,297,296,264,245,266,254,254,248,250,259,232,255,224,245,229,226,263,281,305,268,223,206,228,228,203]}