{"time":[3.1100000000000003,3.3770000000000002,3.649,3.916,4.192,4.454000000000001,4.720000000000001,4.984000000000001,5.250000000000001,5.514000000000001,5.7810000000000015,6.046000000000001,6.310000000000001,6.5710000000000015,6.846000000000002,7.134000000000002,7.424000000000002,7.757000000000002,8.099000000000002,8.398000000000001,8.669000000000002,8.932000000000002,9.199000000000002,9.467000000000002,9.735000000000003,10.007000000000003,10.271000000000003,10.545000000000002,10.814000000000002,11.080000000000002,11.408000000000001,11.680000000000001,11.959000000000001,12.22,12.486,12.772],"fps":[3.606853020739405,3.606853020739405,3.606853020739405,3.7278657968313142,3.7278657968313142,3.7278657968313142,3.7278657968313142,3.745318352059925,3.745318352059925,3.745318352059925,3.745318352059925,3.766478342749529,3.766478342749529,3.766478342749529,3.766478342749529,3.676470588235294,3.676470588235294,3.676470588235294,3.676470588235294,3.1645569620253164,3.1645569620253164,3.1645569620253164,3.1645569620253164,3.7418147801683816,3.7418147801683816,3.7418147801683816,3.7418147801683816,3.7105751391465676,3.7105751391465676,3.7105751391465676,3.7105751391465676,3.5242290748898677,3.5242290748898677,3.5242290748898677,3.5242290748898677,3.663003663003663],"raf":[267,267,272,267,276,262,266,264,266,264,267,265,264,261,275,288,290,333,342,299,271,263,267,268,268,272,264,274,270,265,328,272,279,261,266,286]}