{"time":[3.654,4.483,5.276999999999999,5.996999999999999,6.711999999999999,7.3969999999999985,8.163999999999998,8.895999999999997,9.600999999999997,10.238999999999997,10.950999999999997,11.612999999999998,12.311999999999998],"fps":[2.7531355154481494,2.7531355154481494,1.2322858903265557,1.2322858903265557,1.392757660167131,1.392757660167131,1.3783597518952446,1.3783597518952446,1.3917884481558802,1.3917884481558802,1.4803849000740192,1.4803849000740192,1.4705882352941178],"raf":[2505,831,792,720,715,685,767,733,704,638,713,661,699]}