{"time":[3.269,3.7750000000000004,4.269,4.7540000000000004,5.178000000000001,5.557,5.933000000000001,6.2940000000000005,6.672000000000001,7.040000000000001,7.465000000000001,7.997000000000001,8.492,8.851,9.200000000000001,9.549000000000001,9.88,10.21,10.554,10.914,11.283999999999999,11.624999999999998,12.071999999999997,12.409999999999997,12.798999999999996],"fps":[1.7667844522968197,1.8726591760299625,1.8726591760299625,1.8726591760299625,2.1382751247327154,2.1382751247327154,2.1382751247327154,2.6881720430107525,2.6881720430107525,2.6881720430107525,2.5619128949615715,2.5619128949615715,1.9474196689386563,1.9474196689386563,1.9474196689386563,2.838221381267739,2.838221381267739,2.838221381267739,2.985074626865672,2.985074626865672,2.985074626865672,2.8011204481792715,2.8011204481792715,2.8011204481792715,2.5553662691652472],"raf":[563,506,494,485,424,380,375,361,378,368,425,532,495,359,349,349,331,330,344,360,370,341,447,338,389]}