{"time":[3.01,3.11,3.198,3.299,3.385,3.469,3.553,3.639,3.727,3.812,3.909,3.996,4.082,4.173,4.255,4.342,4.43,4.519,4.605,4.703,4.821000000000001,4.906000000000001,5.006,5.105,5.2,5.295,5.398,5.494,5.585,5.677,5.792999999999999,5.884999999999999,5.978999999999999,6.077999999999999,6.2059999999999995,6.311,6.401,6.514,6.611000000000001,6.695,6.777,6.867,6.955,7.046,7.135000000000001,7.228000000000001,7.323,7.413,7.497,7.5889999999999995,7.677,7.763,7.857,7.944,8.033,8.116999999999999,8.213999999999999,8.303999999999998,8.386999999999999,8.470999999999998,8.563999999999998,8.651999999999997,8.739999999999997,8.824999999999998,8.911999999999997,8.997999999999998,9.084999999999997,9.170999999999998,9.256999999999998,9.342999999999998,9.433999999999997,9.526999999999997,9.613999999999997,9.699999999999998,9.786999999999997,9.870999999999997,9.955999999999998,10.042999999999997,10.126999999999997,10.210999999999997,10.300999999999997,10.385999999999997,10.480999999999998,10.568999999999997,10.652999999999997,10.744999999999997,10.831999999999997,10.931999999999997,11.018999999999997,11.110999999999997,11.204999999999997,11.288999999999996,11.385999999999996,11.471999999999996,11.584999999999996,11.671999999999995,11.755999999999995,11.852999999999994,11.943999999999994,12.027999999999993,12.115999999999993,12.201999999999993,12.286999999999994,12.371999999999995,12.468999999999994,12.558999999999994,12.646999999999993,12.733999999999993,12.819999999999993,12.912999999999993,12.996999999999993],"fps":[10.848126232741617,10.848126232741617,10.848126232741617,10.848126232741617,10.700389105058365,10.700389105058365,10.700389105058365,10.700389105058365,10.700389105058365,10.700389105058365,10.700389105058365,10.700389105058365,10.700389105058365,10.700389105058365,10.700389105058365,10.700389105058365,11.483253588516746,11.483253588516746,11.483253588516746,11.483253588516746,11.483253588516746,11.483253588516746,11.483253588516746,11.483253588516746,11.483253588516746,11.483253588516746,11.483253588516746,10.338345864661655,10.338345864661655,10.338345864661655,10.338345864661655,10.338345864661655,10.338345864661655,10.338345864661655,10.338345864661655,10.338345864661655,10.338345864661655,9.803921568627452,9.803921568627452,9.803921568627452,9.803921568627452,9.803921568627452,9.803921568627452,9.803921568627452,9.803921568627452,9.803921568627452,9.803921568627452,9.803921568627452,9.803921568627452,11.162790697674419,11.162790697674419,11.162790697674419,11.162790697674419,11.162790697674419,11.162790697674419,11.162790697674419,11.162790697674419,11.162790697674419,11.162790697674419,11.162790697674419,11.162790697674419,11.288805268109126,11.288805268109126,11.288805268109126,11.288805268109126,11.288805268109126,11.288805268109126,11.288805268109126,11.288805268109126,11.288805268109126,11.288805268109126,11.288805268109126,11.288805268109126,11.450381679389313,11.450381679389313,11.450381679389313,11.450381679389313,11.450381679389313,11.450381679389313,11.450381679389313,11.450381679389313,11.450381679389313,11.450381679389313,11.450381679389313,11.450381679389313,11.483253588516746,11.483253588516746,11.483253588516746,11.483253588516746,11.483253588516746,11.483253588516746,11.483253588516746,11.483253588516746,11.483253588516746,11.483253588516746,11.483253588516746,10.880316518298715,10.880316518298715,10.880316518298715,10.880316518298715,10.880316518298715,10.880316518298715,10.880316518298715,10.880316518298715,10.880316518298715,10.880316518298715,10.880316518298715,10.880316518298715,11.278195488721805,11.278195488721805,11.278195488721805],"raf":[86,100,88,101,86,84,84,86,88,85,97,87,86,91,82,87,88,89,86,98,118,85,100,99,95,95,103,96,91,92,116,92,95,98,128,105,90,113,97,84,82,90,88,91,89,93,95,90,84,92,88,86,94,87,89,84,97,90,83,85,92,88,88,85,87,86,87,86,86,87,90,93,87,86,87,84,85,87,84,84,90,85,95,88,84,92,87,100,87,92,94,84,97,86,113,87,84,97,91,84,88,86,85,85,97,90,88,87,86,93,84]}