{"time":[3.178000000000001,3.378000000000001,3.566000000000001,3.741000000000001,3.918000000000001,4.095000000000001,4.283,4.458,4.641,4.821,4.997,5.177,5.361999999999999,5.544999999999999,5.721999999999999,5.908999999999999,6.0859999999999985,6.259999999999999,6.4449999999999985,6.624999999999998,6.806999999999999,6.995999999999999,7.193999999999999,7.377999999999999,7.552,7.726999999999999,7.909999999999999,8.09,8.272,8.453,8.629,8.804,8.981,9.171,9.350999999999999,9.53,9.703999999999999,9.889999999999999,10.088999999999999,10.258,10.441999999999998,10.613999999999999,10.793999999999999,10.970999999999998,11.163999999999998,11.346999999999998,11.519999999999998,11.704999999999998,11.895999999999999,12.066999999999998,12.240999999999998,12.420999999999998,12.600999999999997,12.782999999999998,12.964999999999998],"fps":[5.277044854881266,5.277044854881266,5.277044854881266,5.277044854881266,5.277044854881266,5.277044854881266,5.429864253393665,5.429864253393665,5.429864253393665,5.429864253393665,5.429864253393665,5.429864253393665,5.560704355885079,5.560704355885079,5.560704355885079,5.560704355885079,5.560704355885079,5.560704355885079,5.54016620498615,5.54016620498615,5.54016620498615,5.54016620498615,5.54016620498615,5.54016620498615,5.420054200542006,5.420054200542006,5.420054200542006,5.420054200542006,5.420054200542006,5.420054200542006,5.571030640668524,5.571030640668524,5.571030640668524,5.571030640668524,5.571030640668524,5.571030640668524,5.5813953488372094,5.5813953488372094,5.5813953488372094,5.5813953488372094,5.5813953488372094,5.5813953488372094,5.504587155963303,5.504587155963303,5.504587155963303,5.504587155963303,5.504587155963303,5.504587155963303,5.44464609800363,5.44464609800363,5.44464609800363,5.44464609800363,5.44464609800363,5.44464609800363,5.612722170252573],"raf":[180,200,188,175,177,177,188,175,183,180,176,180,185,183,177,187,177,174,185,180,182,189,198,184,174,176,182,180,182,180,176,175,177,190,180,179,174,186,199,168,184,172,180,178,192,184,173,184,191,172,173,180,180,182,182]}