{"time":[5.191000000000001,5.558000000000001,5.9030000000000005,6.2860000000000005,6.6450000000000005,7.002000000000001,7.313000000000001,7.601000000000001,7.871,8.169,8.459,8.748999999999999,9.024,9.293999999999999,9.562,9.841999999999999,10.129,10.404,10.7,10.968,11.262,11.535,11.815,12.104999999999999,12.380999999999998,12.673999999999998,12.945999999999998],"fps":[1.0199918400652794,1.0199918400652794,1.0199918400652794,2.73972602739726,2.73972602739726,2.73972602739726,2.9211295034079843,2.9211295034079843,2.9211295034079843,2.9211295034079843,3.4904013961605584,3.4904013961605584,3.4904013961605584,3.4904013961605584,3.626473254759746,3.626473254759746,3.626473254759746,3.626473254759746,3.51493848857645,3.51493848857645,3.51493848857645,3.51493848857645,3.587443946188341,3.587443946188341,3.587443946188341,3.587443946188341,3.5366931918656057],"raf":[4780,367,345,383,359,357,311,288,271,297,290,290,275,270,268,280,287,275,296,268,294,273,280,290,276,293,272]}