{"time":[3.0330000000000004,3.115,3.1910000000000003,3.257,3.338,3.416,3.496,3.591,3.6870000000000003,3.765,3.8520000000000003,3.9160000000000004,4.002000000000001,4.077000000000001,4.162000000000001,4.226000000000001,4.296000000000001,4.373000000000001,4.458000000000001,4.533000000000001,4.600000000000001,4.682000000000001,4.770000000000001,4.849000000000001,4.925000000000001,4.998000000000001,5.059000000000001,5.124000000000001,5.183000000000002,5.247000000000002,5.317000000000002,5.383000000000002,5.445000000000002,5.517000000000002,5.581000000000002,5.6590000000000025,5.719000000000002,5.789000000000002,5.860000000000002,5.930000000000002,5.994000000000002,6.0660000000000025,6.140000000000002,6.2150000000000025,6.281000000000002,6.357000000000002,6.432000000000002,6.498000000000002,6.591000000000002,6.685000000000002,6.771000000000003,6.844000000000003,6.921000000000003,6.998000000000003,7.064000000000003,7.142000000000003,7.211000000000003,7.286000000000003,7.357000000000003,7.436000000000003,7.494000000000002,7.565000000000002,7.639000000000002,7.713000000000002,7.785000000000002,7.858000000000002,7.936000000000003,8.008000000000003,8.073000000000002,8.135000000000002,8.204000000000002,8.268000000000002,8.337000000000003,8.416000000000004,8.485000000000005,8.547000000000004,8.610000000000005,8.678000000000004,8.737000000000004,8.797000000000004,8.869000000000003,8.928000000000003,9.002000000000002,9.063000000000002,9.129000000000003,9.199000000000003,9.266000000000004,9.332000000000004,9.399000000000004,9.462000000000005,9.533000000000005,9.607000000000005,9.666000000000004,9.749000000000004,9.821000000000003,9.883000000000003,9.947000000000003,10.009000000000002,10.077000000000002,10.148000000000001,10.228000000000002,10.291000000000002,10.366000000000001,10.438,10.498000000000001,10.562000000000001,10.643,10.716000000000001,10.775,10.835,10.902000000000001,10.975000000000001,11.047,11.122,11.188,11.25,11.313,11.395000000000001,11.474000000000002,11.547000000000002,11.620000000000003,11.699000000000003,11.769000000000004,11.847000000000003,11.909000000000002,11.992000000000003,12.078000000000003,12.158000000000003,12.235000000000003,12.314000000000004,12.400000000000004,12.493000000000004,12.580000000000004,12.665000000000004,12.759000000000004,12.852000000000004,12.935000000000004],"fps":[12.357414448669202,12.357414448669202,12.357414448669202,12.357414448669202,12.357414448669202,12.357414448669202,12.357414448669202,12.357414448669202,12.357414448669202,12.357414448669202,12.357414448669202,12.357414448669202,12.357414448669202,12.452107279693486,12.452107279693486,12.452107279693486,12.452107279693486,12.452107279693486,12.452107279693486,12.452107279693486,12.452107279693486,12.452107279693486,12.452107279693486,12.452107279693486,12.452107279693486,12.452107279693486,12.452107279693486,13.371537726838586,13.371537726838586,13.371537726838586,13.371537726838586,13.371537726838586,13.371537726838586,13.371537726838586,13.371537726838586,13.371537726838586,13.371537726838586,13.371537726838586,13.371537726838586,13.371537726838586,13.371537726838586,13.371537726838586,14.763779527559056,14.763779527559056,14.763779527559056,14.763779527559056,14.763779527559056,14.763779527559056,14.763779527559056,14.763779527559056,14.763779527559056,14.763779527559056,14.763779527559056,14.763779527559056,14.763779527559056,12.974051896207586,12.974051896207586,12.974051896207586,12.974051896207586,12.974051896207586,12.974051896207586,12.974051896207586,12.974051896207586,12.974051896207586,12.974051896207586,12.974051896207586,12.974051896207586,12.974051896207586,12.974051896207586,12.974051896207586,14.124293785310735,14.124293785310735,14.124293785310735,14.124293785310735,14.124293785310735,14.124293785310735,14.124293785310735,14.124293785310735,14.124293785310735,14.124293785310735,14.124293785310735,14.124293785310735,14.124293785310735,14.124293785310735,14.124293785310735,14.124293785310735,15.065913370998116,15.065913370998116,15.065913370998116,15.065913370998116,15.065913370998116,15.065913370998116,15.065913370998116,15.065913370998116,15.065913370998116,15.065913370998116,15.065913370998116,15.065913370998116,15.065913370998116,15.065913370998116,15.065913370998116,14.619883040935672,14.619883040935672,14.619883040935672,14.619883040935672,14.619883040935672,14.619883040935672,14.619883040935672,14.619883040935672,14.619883040935672,14.619883040935672,14.619883040935672,14.619883040935672,14.619883040935672,14.619883040935672,14.619883040935672,14.691478942213516,14.691478942213516,14.691478942213516,14.691478942213516,14.691478942213516,14.691478942213516,14.691478942213516,14.691478942213516,14.691478942213516,14.691478942213516,14.691478942213516,14.691478942213516,14.691478942213516,12.987012987012987,12.987012987012987,12.987012987012987,12.987012987012987,12.987012987012987,12.987012987012987,12.987012987012987,12.987012987012987],"raf":[83,82,76,66,81,78,80,95,96,78,87,64,86,75,85,64,70,77,85,75,67,82,88,79,76,73,61,65,59,64,70,66,62,72,64,78,60,70,71,70,64,72,74,75,66,76,75,66,93,94,86,73,77,77,66,78,69,75,71,79,58,71,74,74,72,73,78,72,65,62,69,64,69,79,69,62,63,68,59,60,72,59,74,61,66,70,67,66,68,62,71,74,59,83,72,62,64,62,68,71,80,64,74,72,60,64,81,73,59,60,67,73,72,75,66,62,63,82,79,73,73,79,70,78,62,83,86,80,77,79,87,92,87,85,94,93,83]}