{"time":[3.167,3.4909999999999997,3.788,4.096,4.388,4.701,5,5.3,5.599,5.908,6.2490000000000006,6.548000000000001,6.852000000000001,7.151000000000002,7.450000000000002,7.851000000000002,8.259000000000002,8.582000000000003,8.892000000000003,9.180000000000003,9.467000000000004,9.754000000000005,10.057000000000006,10.350000000000005,10.648000000000005,10.932000000000006,11.220000000000006,11.512000000000006,11.801000000000005,12.097000000000005,12.401000000000005,12.695000000000006],"fps":[3.33889816360601,3.33889816360601,3.215434083601286,3.215434083601286,3.215434083601286,3.215434083601286,3.3003300330033003,3.3003300330033003,3.3003300330033003,3.3003300330033003,3.202562049639712,3.202562049639712,3.202562049639712,3.202562049639712,3.330557868442964,3.330557868442964,3.330557868442964,2.65017667844523,2.65017667844523,2.65017667844523,2.65017667844523,3.4129692832764507,3.4129692832764507,3.4129692832764507,3.4129692832764507,3.395585738539898,3.395585738539898,3.395585738539898,3.395585738539898,3.4334763948497855,3.4334763948497855,3.4334763948497855],"raf":[299,324,297,308,292,313,299,300,299,309,341,299,304,299,299,401,408,323,310,288,287,287,303,293,298,284,288,292,289,296,304,294]}