{"time":[3.0829999999999997,3.1959999999999997,3.3339999999999996,3.4559999999999995,3.5689999999999995,3.7049999999999996,3.8149999999999995,3.9169999999999994,4.012,4.132,4.239999999999999,4.360999999999999,4.490999999999999,4.602999999999999,4.7189999999999985,4.865999999999999,5.064999999999999,5.1949999999999985,5.320999999999999,5.449999999999999,5.581999999999999,5.679999999999999,5.784999999999999,5.8999999999999995,6.045999999999999,6.226999999999999,6.398999999999999,6.518999999999999,6.6259999999999994,6.754,6.882,7.039,7.130999999999999,7.241,7.362,7.566,7.689,7.807,7.945,8.054,8.186,8.363,8.48,8.59,8.687,8.818,8.953,9.049999999999999,9.165,9.297999999999998,9.423999999999998,9.546999999999997,9.682999999999996,9.806999999999997,9.901999999999997,10.008999999999997,10.119999999999997,10.234999999999998,10.365999999999998,10.492999999999999,10.620999999999999,10.740999999999998,10.859999999999998,10.975999999999997,11.111999999999997,11.264999999999997,11.379999999999997,11.485999999999997,11.588999999999997,11.719999999999997,11.861999999999997,12.067999999999996,12.193999999999996,12.336999999999996,12.458999999999996,12.562999999999995,12.674999999999995,12.787999999999995,12.903999999999995],"fps":[8.1374321880651,8.1374321880651,8.1374321880651,8.1374321880651,8.1374321880651,8.1374321880651,8.1374321880651,8.1374321880651,8.372093023255815,8.372093023255815,8.372093023255815,8.372093023255815,8.372093023255815,8.372093023255815,8.372093023255815,8.372093023255815,7.590132827324478,7.590132827324478,7.590132827324478,7.590132827324478,7.590132827324478,7.590132827324478,7.590132827324478,7.590132827324478,7.590132827324478,7.74526678141136,7.74526678141136,7.74526678141136,7.74526678141136,7.74526678141136,7.74526678141136,7.74526678141136,7.74526678141136,7.897334649555775,7.897334649555775,7.897334649555775,7.897334649555775,7.897334649555775,7.897334649555775,7.897334649555775,7.897334649555775,7.1301247771836005,7.1301247771836005,7.1301247771836005,7.1301247771836005,7.1301247771836005,7.1301247771836005,7.1301247771836005,7.1301247771836005,7.1301247771836005,8.482563619227145,8.482563619227145,8.482563619227145,8.482563619227145,8.482563619227145,8.482563619227145,8.482563619227145,8.482563619227145,8.482563619227145,8.419083255378858,8.419083255378858,8.419083255378858,8.419083255378858,8.419083255378858,8.419083255378858,8.419083255378858,8.419083255378858,8.419083255378858,8.211678832116789,8.211678832116789,8.211678832116789,8.211678832116789,8.211678832116789,8.211678832116789,8.211678832116789,8.211678832116789,7.366482504604051,7.366482504604051,7.366482504604051],"raf":[146,113,138,122,113,136,110,102,95,120,108,121,130,112,116,147,200,129,126,129,132,98,105,115,147,181,171,120,107,128,128,157,92,110,121,204,123,118,138,109,132,177,117,110,97,131,135,97,115,133,126,123,136,124,95,107,111,115,131,127,128,120,119,116,136,153,115,106,103,131,142,206,126,143,122,105,111,113,116]}