{"time":[3.0780000000000003,3.3030000000000004,3.5290000000000004,3.7530000000000006,3.9760000000000004,4.2090000000000005,4.4590000000000005,4.689000000000001,4.920000000000001,5.139000000000001,5.352000000000001,5.567000000000001,5.788000000000001,6.011000000000001,6.237000000000001,6.467000000000001,6.676000000000001,6.873000000000001,7.032000000000001,7.1930000000000005,7.371,7.5360000000000005,7.7090000000000005,7.871,8.035,8.21,8.367,8.557,8.716000000000001,8.874,9.033000000000001,9.201,9.383000000000001,9.554,9.711,9.873000000000001,10.038,10.208,10.372,10.528,10.687000000000001,10.845,11.030000000000001,11.189000000000002,11.369000000000002,11.531000000000002,11.689000000000002,11.850000000000001,12.027000000000001,12.200000000000001,12.383000000000001,12.542000000000002,12.707,12.882000000000001],"fps":[4.132231404958677,4.132231404958677,4.2517006802721085,4.2517006802721085,4.2517006802721085,4.2517006802721085,4.2517006802721085,4.310344827586207,4.310344827586207,4.310344827586207,4.310344827586207,4.310344827586207,4.549590536851683,4.549590536851683,4.549590536851683,4.549590536851683,4.549590536851683,4.608294930875576,4.608294930875576,4.608294930875576,4.608294930875576,4.608294930875576,4.608294930875576,4.608294930875576,6.024096385542169,6.024096385542169,6.024096385542169,6.024096385542169,6.024096385542169,6.024096385542169,6.024096385542169,6.003430531732419,6.003430531732419,6.003430531732419,6.003430531732419,6.003430531732419,6.003430531732419,5.958291956305859,5.958291956305859,5.958291956305859,5.958291956305859,5.958291956305859,5.958291956305859,5.958291956305859,6.029285099052541,6.029285099052541,6.029285099052541,6.029285099052541,6.029285099052541,6.029285099052541,5.9171597633136095,5.9171597633136095,5.9171597633136095,5.9171597633136095],"raf":[234,225,226,224,223,233,250,230,231,219,213,215,221,223,226,231,208,197,159,161,178,165,173,162,164,175,157,190,159,158,159,168,182,171,157,162,166,169,164,156,159,158,185,159,180,162,158,161,177,173,183,159,165,175]}