{"time":[3.083,3.49,3.9010000000000002,4.273000000000001,4.7780000000000005,5.253,5.633,6.017,6.377000000000001,6.7250000000000005,7.045000000000001,7.351000000000001,7.638000000000001,7.932,8.264000000000001,8.573,8.875,9.192,9.496,9.88,10.234,10.592,10.948,11.296000000000001,11.644000000000002,11.972000000000001,12.354000000000001,12.866000000000001],"fps":[2.26928895612708,2.26928895612708,2.26928895612708,2.5210084033613445,2.5210084033613445,2.5210084033613445,2.2058823529411766,2.2058823529411766,2.2058823529411766,2.7472527472527473,2.7472527472527473,2.7472527472527473,2.7472527472527473,3.3140016570008286,3.3140016570008286,3.3140016570008286,3.3140016570008286,3.1746031746031744,3.1746031746031744,3.1746031746031744,2.8790786948176583,2.8790786948176583,2.8790786948176583,2.824858757062147,2.824858757062147,2.824858757062147,2.835538752362949,2.835538752362949],"raf":[498,407,411,372,505,475,380,384,360,348,321,305,287,294,332,309,302,317,304,384,354,358,357,347,348,328,382,512]}