{"time":[3.0920000000000005,3.4700000000000006,3.6630000000000007,3.8560000000000008,4.008000000000001,4.196000000000001,4.420000000000001,4.620000000000001,4.811000000000001,4.997000000000001,5.200000000000001,5.454000000000001,5.626,5.804,5.9830000000000005,6.1450000000000005,6.327000000000001,6.510000000000001,6.712000000000001,6.923000000000001,7.101000000000001,7.2700000000000005,7.469,7.643000000000001,7.823,8.045,8.215,8.377,8.557,8.773,8.949,9.111,9.281,9.474,9.678,9.855,10.028,10.215,10.398,10.613,10.839,11.038,11.223,11.435,11.691,11.904,12.116,12.315,12.514999999999999,12.716999999999999,12.911],"fps":[4.468275245755138,4.468275245755138,4.468275245755138,4.468275245755138,4.468275245755138,4.528985507246377,4.528985507246377,4.528985507246377,4.528985507246377,4.528985507246377,4.9800796812749,4.9800796812749,4.9800796812749,4.9800796812749,4.9800796812749,4.9800796812749,5.323868677905945,5.323868677905945,5.323868677905945,5.323868677905945,5.323868677905945,5.323868677905945,5.253940455341506,5.253940455341506,5.253940455341506,5.253940455341506,5.253940455341506,5.253940455341506,5.514705882352941,5.514705882352941,5.514705882352941,5.514705882352941,5.514705882352941,5.514705882352941,5.352363960749331,5.352363960749331,5.352363960749331,5.352363960749331,5.352363960749331,5.352363960749331,5.167958656330749,5.167958656330749,5.167958656330749,5.167958656330749,5.167958656330749,4.694835680751174,4.694835680751174,4.694835680751174,4.694835680751174,4.694835680751174,4.965243296921549],"raf":[229,378,193,193,152,188,224,200,191,186,203,254,172,178,179,162,182,183,202,211,178,169,199,174,180,222,170,162,180,216,177,161,170,193,204,177,173,187,183,215,226,200,184,212,256,213,212,199,200,202,194]}