{"time":[3.098,3.364,3.576,3.802,4.0200000000000005,4.224,4.4430000000000005,4.662000000000001,4.962000000000001,5.191000000000001,5.3790000000000004,5.614000000000001,5.812000000000001,6.058000000000002,6.2890000000000015,6.5390000000000015,6.754000000000001,6.972000000000001,7.207000000000002,7.441000000000002,7.6560000000000015,7.920000000000002,8.165000000000001,8.415000000000001,8.665000000000001,8.956000000000001,9.172,9.401,9.656,9.897,10.111,10.342,10.578000000000001,10.817000000000002,11.056000000000003,11.239000000000003,11.453000000000003,11.665000000000003,11.843000000000004,12.024000000000003,12.218000000000004,12.425000000000004,12.611000000000004,12.821000000000005],"fps":[4.212299915754001,4.212299915754001,3.898635477582846,3.898635477582846,3.898635477582846,3.898635477582846,3.898635477582846,4.6040515653775325,4.6040515653775325,4.6040515653775325,4.6040515653775325,4.6040515653775325,4.344048653344918,4.344048653344918,4.344048653344918,4.344048653344918,4.344048653344918,4.3140638481449525,4.3140638481449525,4.3140638481449525,4.3140638481449525,4.3140638481449525,4.191114836546522,4.191114836546522,4.191114836546522,4.191114836546522,3.9721946375372394,3.9721946375372394,3.9721946375372394,3.9721946375372394,3.9721946375372394,4.273504273504273,4.273504273504273,4.273504273504273,4.273504273504273,4.273504273504273,4.5004500450045,4.5004500450045,4.5004500450045,4.5004500450045,4.5004500450045,4.5004500450045,5.176876617773943,5.176876617773943],"raf":[269,266,212,227,217,204,219,219,300,229,188,235,199,245,231,250,215,218,235,234,215,264,245,250,250,292,215,229,255,241,214,231,236,239,239,183,214,212,178,181,194,207,186,210]}