{"time":[3.089000000000001,3.182000000000001,3.275000000000001,3.3680000000000008,3.463000000000001,3.557000000000001,3.6510000000000007,3.7440000000000007,3.8370000000000006,3.9330000000000007,4.0280000000000005,4.136,4.2540000000000004,4.3790000000000004,4.505000000000001,4.636000000000001,4.744000000000001,4.861000000000001,4.974000000000001,5.0870000000000015,5.185000000000001,5.283000000000001,5.3820000000000014,5.479000000000002,5.577000000000002,5.674000000000002,5.771000000000003,5.869000000000002,6.041000000000002,6.140000000000002,6.254000000000002,6.347000000000002,6.442000000000002,6.535000000000002,6.627000000000002,6.718000000000002,6.8130000000000015,6.905000000000001,6.999000000000001,7.090000000000002,7.183000000000002,7.278000000000001,7.371000000000001,7.466000000000001,7.559000000000001,7.650000000000001,7.7440000000000015,7.836000000000001,7.934000000000001,8.028,8.119,8.214,8.307,8.401,8.494,8.594,8.713999999999999,8.825999999999999,8.935999999999998,9.051999999999998,9.179999999999998,9.284999999999998,9.391999999999998,9.497999999999998,9.600999999999997,9.702999999999998,9.806999999999997,9.905999999999997,10.002999999999997,10.098999999999997,10.192999999999996,10.285999999999996,10.378999999999996,10.472999999999995,10.565999999999995,10.660999999999996,10.753999999999996,10.843999999999996,10.937999999999995,11.032999999999996,11.123999999999995,11.216999999999995,11.306999999999995,11.399999999999995,11.495999999999995,11.586999999999994,11.679999999999994,11.771999999999995,11.865999999999994,11.956999999999994,12.049999999999994,12.139999999999993,12.232999999999993,12.327999999999994,12.421999999999993,12.515999999999993,12.609999999999992,12.703999999999992,12.797999999999991,12.890999999999991,12.985999999999992],"fps":[10.14760147601476,10.14760147601476,10.14760147601476,10.14760147601476,10.14760147601476,10.14760147601476,10.14760147601476,10.14760147601476,10.66925315227934,10.66925315227934,10.66925315227934,10.66925315227934,10.66925315227934,10.66925315227934,10.66925315227934,10.66925315227934,10.66925315227934,8.7890625,8.7890625,8.7890625,8.7890625,8.7890625,8.7890625,8.7890625,8.7890625,8.7890625,8.7890625,9.920634920634921,9.920634920634921,9.920634920634921,9.920634920634921,9.920634920634921,9.920634920634921,9.920634920634921,9.920634920634921,9.920634920634921,9.920634920634921,9.652509652509652,9.652509652509652,9.652509652509652,9.652509652509652,9.652509652509652,9.652509652509652,9.652509652509652,9.652509652509652,9.652509652509652,9.652509652509652,9.652509652509652,10.689990281827017,10.689990281827017,10.689990281827017,10.689990281827017,10.689990281827017,10.689990281827017,10.689990281827017,10.689990281827017,10.689990281827017,10.689990281827017,9.980039920159681,9.980039920159681,9.980039920159681,9.980039920159681,9.980039920159681,9.980039920159681,9.980039920159681,9.980039920159681,9.980039920159681,9.980039920159681,9.372071227741332,9.372071227741332,9.372071227741332,9.372071227741332,9.372071227741332,9.372071227741332,9.372071227741332,9.372071227741332,9.372071227741332,9.372071227741332,9.372071227741332,10.679611650485437,10.679611650485437,10.679611650485437,10.679611650485437,10.679611650485437,10.679611650485437,10.679611650485437,10.679611650485437,10.679611650485437,10.679611650485437,10.679611650485437,10.816125860373647,10.816125860373647,10.816125860373647,10.816125860373647,10.816125860373647,10.816125860373647,10.816125860373647,10.816125860373647,10.816125860373647,10.816125860373647,10.816125860373647],"raf":[94,93,93,93,95,94,94,93,93,96,95,108,118,125,126,131,109,116,113,113,98,98,99,97,98,97,97,98,172,99,114,93,95,93,92,91,95,92,94,91,93,95,93,95,93,91,94,92,98,94,91,95,93,94,94,99,120,112,110,116,128,105,107,106,103,103,103,99,97,96,94,93,93,94,93,95,93,90,94,95,91,93,90,93,96,91,93,92,94,91,93,90,93,95,94,94,95,93,94,93,95]}