{"time":[3.0180000000000002,3.071,3.119,3.1740000000000004,3.2300000000000004,3.2880000000000003,3.3480000000000003,3.4050000000000002,3.4600000000000004,3.5140000000000002,3.5650000000000004,3.6200000000000006,3.6740000000000004,3.732,3.7840000000000003,3.8360000000000003,3.8890000000000002,3.939,3.988,4.039,4.087,4.1339999999999995,4.191,4.239,4.2989999999999995,4.348,4.403,4.462,4.528,4.585999999999999,4.635,4.691,4.749,4.803999999999999,4.864999999999999,4.919,4.965999999999999,5.015,5.084,5.146999999999999,5.233999999999999,5.3149999999999995,5.396999999999999,5.476999999999999,5.56,5.64,5.7219999999999995,5.797,5.858,5.925999999999999,5.9879999999999995,6.050999999999999,6.110999999999999,6.158999999999999,6.216999999999999,6.290999999999999,6.377999999999998,6.459999999999998,6.534999999999998,6.590999999999998,6.645999999999998,6.713999999999998,6.793999999999998,6.891999999999998,6.972999999999998,7.075999999999998,7.163999999999998,7.253999999999998,7.358999999999998,7.449999999999998,7.5059999999999985,7.560999999999998,7.612999999999998,7.662999999999998,7.712999999999997,7.763999999999998,7.815999999999997,7.878999999999997,7.942999999999997,7.997999999999997,8.058999999999997,8.125999999999998,8.190999999999997,8.242999999999997,8.305999999999997,8.374999999999998,8.437999999999999,8.493999999999998,8.549999999999997,8.613999999999997,8.677999999999997,8.733999999999996,8.784999999999997,8.836999999999996,8.919999999999996,8.995999999999997,9.089999999999996,9.178999999999997,9.267999999999997,9.348999999999997,9.406999999999996,9.460999999999997,9.525999999999996,9.585999999999997,9.639999999999997,9.691999999999997,9.742999999999997,9.795999999999998,9.845999999999998,9.912999999999998,10.011999999999999,10.101999999999999,10.198999999999998,10.290999999999999,10.377999999999998,10.469999999999999,10.582999999999998,10.672999999999998,10.763999999999998,10.856999999999998,10.958999999999998,11.050999999999998,11.165,11.266,11.371,11.467,11.556000000000001,11.655000000000001,11.749,11.839,11.932,12.02,12.113999999999999,12.213,12.306,12.395999999999999,12.488999999999999,12.584999999999999,12.674,12.759,12.846,12.934],"fps":[18.04368471035138,18.04368471035138,18.04368471035138,18.04368471035138,18.04368471035138,18.04368471035138,18.04368471035138,18.04368471035138,18.04368471035138,18.04368471035138,18.04368471035138,18.04368471035138,18.04368471035138,18.04368471035138,18.04368471035138,18.04368471035138,18.464528668610303,18.464528668610303,18.464528668610303,18.464528668610303,18.464528668610303,18.464528668610303,18.464528668610303,18.464528668610303,18.464528668610303,18.464528668610303,18.464528668610303,18.464528668610303,18.464528668610303,18.464528668610303,18.464528668610303,18.464528668610303,18.464528668610303,18.464528668610303,18.464528668610303,18.446601941747574,18.446601941747574,18.446601941747574,18.446601941747574,18.446601941747574,18.446601941747574,18.446601941747574,18.446601941747574,18.446601941747574,18.446601941747574,18.446601941747574,18.446601941747574,18.446601941747574,18.446601941747574,13.902681231380338,13.902681231380338,13.902681231380338,13.902681231380338,13.902681231380338,13.902681231380338,13.902681231380338,13.902681231380338,13.902681231380338,13.902681231380338,13.902681231380338,13.902681231380338,13.902681231380338,13.902681231380338,13.902681231380338,14.326647564469914,14.326647564469914,14.326647564469914,14.326647564469914,14.326647564469914,14.326647564469914,14.326647564469914,14.326647564469914,14.326647564469914,14.326647564469914,14.326647564469914,14.326647564469914,14.326647564469914,14.326647564469914,14.326647564469914,14.634146341463415,14.634146341463415,14.634146341463415,14.634146341463415,14.634146341463415,14.634146341463415,14.634146341463415,14.634146341463415,14.634146341463415,14.634146341463415,14.634146341463415,14.634146341463415,14.634146341463415,14.634146341463415,14.634146341463415,14.634146341463415,14.634146341463415,15.553522415370539,15.553522415370539,15.553522415370539,15.553522415370539,15.553522415370539,15.553522415370539,15.553522415370539,15.553522415370539,15.553522415370539,15.553522415370539,15.553522415370539,15.553522415370539,15.553522415370539,15.553522415370539,15.553522415370539,14.836795252225519,14.836795252225519,14.836795252225519,14.836795252225519,14.836795252225519,14.836795252225519,14.836795252225519,14.836795252225519,14.836795252225519,14.836795252225519,14.836795252225519,10.338345864661655,10.338345864661655,10.338345864661655,10.338345864661655,10.338345864661655,10.338345864661655,10.338345864661655,10.338345864661655,10.338345864661655,10.338345864661655,10.338345864661655,10.506208213944603,10.506208213944603,10.506208213944603,10.506208213944603,10.506208213944603,10.506208213944603,10.506208213944603,10.506208213944603,10.506208213944603],"raf":[59,53,48,55,56,58,60,57,55,54,51,56,53,58,52,52,53,50,49,52,48,46,57,48,60,49,55,59,66,58,49,56,58,55,61,54,47,49,69,63,87,81,82,81,82,80,82,75,61,68,62,63,60,48,59,73,87,82,75,56,55,68,80,98,81,103,89,89,105,91,56,55,52,50,50,51,52,63,64,55,61,67,65,52,63,69,63,56,56,64,64,56,51,52,83,76,95,88,90,80,58,54,65,60,54,52,51,53,50,67,99,90,97,92,87,92,114,89,91,93,102,92,115,100,105,96,89,99,94,91,92,88,94,99,93,90,93,96,89,85,87,88]}