{"time":[3.014,3.126,3.2439999999999998,3.3709999999999996,3.5029999999999997,3.651,3.796,3.913,4.05,4.179,4.305000000000001,4.436000000000001,4.579000000000001,4.69,4.803000000000001,4.916000000000001,5.0310000000000015,5.167000000000002,5.2970000000000015,5.428000000000002,5.551000000000002,5.673000000000002,5.798000000000002,5.9140000000000015,6.030000000000001,6.162000000000001,6.274000000000001,6.393000000000001,6.508000000000001,6.621000000000001,6.740000000000001,6.862000000000001,6.982000000000001,7.098000000000001,7.211000000000001,7.334000000000001,7.449000000000002,7.568000000000001,7.681000000000002,7.794000000000002,7.9250000000000025,8.036000000000003,8.172000000000002,8.301000000000002,8.424000000000001,8.532000000000002,8.642000000000001,8.765,8.877,8.989,9.102,9.213000000000001,9.328000000000001,9.483,9.600000000000001,9.711000000000002,9.824000000000002,9.938000000000002,10.048000000000002,10.179000000000002,10.297000000000002,10.412000000000003,10.524000000000003,10.634000000000002,10.747000000000002,10.865000000000002,10.994000000000002,11.112000000000002,11.231000000000002,11.348000000000003,11.465000000000003,11.584000000000003,11.704000000000002,11.826000000000002,11.948000000000002,12.068000000000001,12.191,12.31,12.432,12.552,12.671999999999999,12.793999999999999,12.927999999999999],"fps":[8.341056533827619,8.341056533827619,8.341056533827619,8.341056533827619,8.341056533827619,8.341056533827619,8.341056533827619,7.897334649555775,7.897334649555775,7.897334649555775,7.897334649555775,7.897334649555775,7.897334649555775,7.897334649555775,7.897334649555775,7.976071784646062,7.976071784646062,7.976071784646062,7.976071784646062,7.976071784646062,7.976071784646062,7.976071784646062,7.976071784646062,7.976071784646062,8.07899461400359,8.07899461400359,8.07899461400359,8.07899461400359,8.07899461400359,8.07899461400359,8.07899461400359,8.07899461400359,8.07899461400359,8.426966292134832,8.426966292134832,8.426966292134832,8.426966292134832,8.426966292134832,8.426966292134832,8.426966292134832,8.426966292134832,8.426966292134832,8.379888268156424,8.379888268156424,8.379888268156424,8.379888268156424,8.379888268156424,8.379888268156424,8.379888268156424,8.379888268156424,8.379888268156424,8.645533141210375,8.645533141210375,8.645533141210375,8.645533141210375,8.645533141210375,8.645533141210375,8.645533141210375,8.645533141210375,8.645533141210375,8.302583025830259,8.302583025830259,8.302583025830259,8.302583025830259,8.302583025830259,8.302583025830259,8.302583025830259,8.302583025830259,8.302583025830259,8.56327307326356,8.56327307326356,8.56327307326356,8.56327307326356,8.56327307326356,8.56327307326356,8.56327307326356,8.56327307326356,8.56327307326356,8.302583025830259,8.302583025830259,8.302583025830259,8.302583025830259,8.302583025830259],"raf":[114,112,118,127,132,148,145,117,137,129,126,132,142,111,113,113,115,136,130,131,123,122,126,115,116,132,112,119,115,113,119,122,120,116,113,123,115,120,113,112,131,111,136,129,123,108,110,123,112,112,113,111,115,156,116,111,113,114,110,131,118,115,112,111,112,118,129,119,118,117,117,119,120,122,122,120,123,119,122,120,120,122,134]}