{"time":[3.0580000000000003,3.1220000000000003,3.1860000000000004,3.2450000000000006,3.2950000000000004,3.3500000000000005,3.4010000000000007,3.4580000000000006,3.5120000000000005,3.5700000000000003,3.648,3.726,3.801,3.8770000000000002,3.9330000000000003,3.986,4.04,4.093,4.147,4.197,4.258,4.316,4.367,4.422,4.473,4.524,4.569,4.631,4.683,4.739,4.801,4.857,4.913,4.964,5.018000000000001,5.067000000000001,5.127000000000001,5.175000000000001,5.239000000000001,5.287000000000001,5.3500000000000005,5.439000000000001,5.538000000000001,5.645000000000001,5.747000000000002,5.8530000000000015,5.960000000000002,6.051000000000002,6.145000000000002,6.240000000000002,6.333000000000002,6.441000000000002,6.5310000000000015,6.639000000000001,6.724000000000001,6.822000000000001,6.912000000000001,7.002000000000001,7.088000000000001,7.169000000000001,7.2200000000000015,7.2730000000000015,7.322000000000002,7.376000000000002,7.479000000000002,7.564000000000002,7.630000000000002,7.717000000000001,7.822000000000002,7.9220000000000015,8.020000000000001,8.112000000000002,8.212000000000002,8.318000000000001,8.426000000000002,8.520000000000001,8.63,8.723,8.818000000000001,8.922,9.021,9.139000000000001,9.224000000000002,9.330000000000002,9.416000000000002,9.505000000000003,9.592000000000002,9.682000000000002,9.774000000000003,9.856000000000003,9.947000000000003,10.036000000000003,10.125000000000004,10.220000000000004,10.315000000000005,10.405000000000005,10.507000000000005,10.621000000000006,10.710000000000006,10.803000000000006,10.904000000000007,10.995000000000006,11.093000000000007,11.200000000000006,11.298000000000007,11.411000000000007,11.515000000000006,11.584000000000007,11.636000000000006,11.697000000000006,11.779000000000007,11.863000000000007,11.963000000000006,12.066000000000006,12.159000000000006,12.259000000000006,12.368000000000006,12.472000000000005,12.573000000000006,12.665000000000006,12.774000000000006,12.863000000000007,12.930000000000007],"fps":[14.970059880239521,14.970059880239521,14.970059880239521,14.970059880239521,14.970059880239521,14.970059880239521,14.970059880239521,14.970059880239521,14.970059880239521,14.970059880239521,14.970059880239521,14.970059880239521,14.970059880239521,16.39344262295082,16.39344262295082,16.39344262295082,16.39344262295082,16.39344262295082,16.39344262295082,16.39344262295082,16.39344262295082,16.39344262295082,16.39344262295082,16.39344262295082,16.39344262295082,16.39344262295082,16.39344262295082,16.39344262295082,16.39344262295082,16.39344262295082,16.39344262295082,16.39344262295082,18.33976833976834,18.33976833976834,18.33976833976834,18.33976833976834,18.33976833976834,18.33976833976834,18.33976833976834,18.33976833976834,18.33976833976834,18.33976833976834,18.33976833976834,18.33976833976834,18.33976833976834,18.33976833976834,13.371537726838586,13.371537726838586,13.371537726838586,13.371537726838586,13.371537726838586,13.371537726838586,13.371537726838586,13.371537726838586,13.371537726838586,13.371537726838586,13.371537726838586,10.556621880998081,10.556621880998081,10.556621880998081,10.556621880998081,10.556621880998081,10.556621880998081,10.556621880998081,10.556621880998081,10.556621880998081,10.556621880998081,10.556621880998081,10.556621880998081,10.556621880998081,12.770137524557956,12.770137524557956,12.770137524557956,12.770137524557956,12.770137524557956,12.770137524557956,12.770137524557956,12.770137524557956,12.770137524557956,12.770137524557956,9.99000999000999,9.99000999000999,9.99000999000999,9.99000999000999,9.99000999000999,9.99000999000999,9.99000999000999,9.99000999000999,9.99000999000999,9.99000999000999,9.99000999000999,10.83743842364532,10.83743842364532,10.83743842364532,10.83743842364532,10.83743842364532,10.83743842364532,10.83743842364532,10.83743842364532,10.83743842364532,10.83743842364532,10.83743842364532,10.406811731315043,10.406811731315043,10.406811731315043,10.406811731315043,10.406811731315043,10.406811731315043,10.406811731315043,10.406811731315043,10.406811731315043,10.406811731315043,10.406811731315043,10.406811731315043,11.25703564727955,11.25703564727955,11.25703564727955,11.25703564727955,11.25703564727955,11.25703564727955,11.25703564727955,11.25703564727955,11.25703564727955],"raf":[61,64,64,59,50,55,51,57,54,58,78,78,75,76,56,53,54,53,54,50,61,58,51,55,51,51,45,62,52,56,62,56,56,51,54,49,60,48,64,48,63,89,99,107,102,106,107,91,94,95,93,108,90,108,85,98,90,90,86,81,51,53,49,54,103,85,66,87,105,101,97,92,100,106,108,94,110,93,95,104,99,118,85,106,86,89,87,90,92,82,91,89,89,95,95,90,102,114,89,93,101,91,98,107,98,113,104,69,52,61,82,84,100,103,93,100,109,104,101,92,109,89,67]}