{"time":[3.0560000000000005,3.1340000000000003,3.2140000000000004,3.2910000000000004,3.369,3.446,3.5260000000000002,3.604,3.6830000000000003,3.761,3.839,3.916,3.993,4.072,4.15,4.231000000000001,4.309000000000001,4.387000000000001,4.466000000000001,4.544000000000001,4.622000000000002,4.699000000000002,4.7890000000000015,4.8690000000000015,4.947000000000002,5.024000000000002,5.102000000000002,5.180000000000002,5.258000000000003,5.338000000000003,5.416000000000003,5.493000000000003,5.571000000000003,5.649000000000004,5.7260000000000035,5.8030000000000035,5.883000000000004,5.959000000000003,6.036000000000003,6.114000000000003,6.191000000000003,6.270000000000003,6.347000000000003,6.424000000000003,6.504000000000003,6.581000000000003,6.657000000000003,6.741000000000002,6.818000000000002,6.899000000000003,6.977000000000003,7.059000000000003,7.136000000000003,7.214000000000003,7.291000000000003,7.369000000000003,7.448000000000003,7.525000000000003,7.617000000000003,7.693000000000002,7.772000000000002,7.851000000000002,7.929000000000002,8.007000000000001,8.085,8.164000000000001,8.242,8.32,8.398,8.477,8.562000000000001,8.64,8.719000000000001,8.798000000000002,8.879000000000001,8.97,9.052000000000001,9.131000000000002,9.209000000000001,9.286000000000001,9.365000000000002,9.442000000000002,9.519000000000002,9.596000000000002,9.675000000000002,9.752000000000002,9.829000000000002,9.910000000000002,9.988000000000001,10.067000000000002,10.145000000000001,10.224000000000002,10.305000000000001,10.384000000000002,10.464000000000002,10.542000000000002,10.621000000000002,10.702000000000002,10.779000000000002,10.860000000000001,10.938,11.017000000000001,11.097000000000001,11.219000000000001,11.318000000000001,11.418000000000001,11.505,11.588000000000001,11.671000000000001,11.753000000000002,11.833000000000002,11.921000000000001,12.004000000000001,12.083000000000002,12.162000000000003,12.241000000000003,12.320000000000004,12.399000000000004,12.482000000000005,12.565000000000005,12.643000000000004,12.721000000000004,12.800000000000004,12.884000000000004,12.966000000000005],"fps":[12.452107279693486,12.452107279693486,12.452107279693486,12.452107279693486,12.512030798845043,12.512030798845043,12.512030798845043,12.512030798845043,12.512030798845043,12.512030798845043,12.512030798845043,12.512030798845043,12.512030798845043,12.512030798845043,12.512030798845043,12.512030798845043,12.512030798845043,12.770137524557956,12.770137524557956,12.770137524557956,12.770137524557956,12.770137524557956,12.770137524557956,12.770137524557956,12.770137524557956,12.770137524557956,12.770137524557956,12.770137524557956,12.770137524557956,12.770137524557956,12.633624878522838,12.633624878522838,12.633624878522838,12.633624878522838,12.633624878522838,12.633624878522838,12.633624878522838,12.633624878522838,12.633624878522838,12.633624878522838,12.633624878522838,12.633624878522838,12.633624878522838,12.88404360753221,12.88404360753221,12.88404360753221,12.88404360753221,12.88404360753221,12.88404360753221,12.88404360753221,12.88404360753221,12.88404360753221,12.88404360753221,12.88404360753221,12.88404360753221,12.88404360753221,12.70772238514174,12.70772238514174,12.70772238514174,12.70772238514174,12.70772238514174,12.70772238514174,12.70772238514174,12.70772238514174,12.70772238514174,12.70772238514174,12.70772238514174,12.70772238514174,12.70772238514174,12.633624878522838,12.633624878522838,12.633624878522838,12.633624878522838,12.633624878522838,12.633624878522838,12.633624878522838,12.633624878522838,12.633624878522838,12.633624878522838,12.633624878522838,12.633624878522838,12.633624878522838,12.476007677543187,12.476007677543187,12.476007677543187,12.476007677543187,12.476007677543187,12.476007677543187,12.476007677543187,12.476007677543187,12.476007677543187,12.476007677543187,12.476007677543187,12.476007677543187,12.476007677543187,12.70772238514174,12.70772238514174,12.70772238514174,12.70772238514174,12.70772238514174,12.70772238514174,12.70772238514174,12.70772238514174,12.70772238514174,12.70772238514174,12.70772238514174,12.70772238514174,11.461318051575931,11.461318051575931,11.461318051575931,11.461318051575931,11.461318051575931,11.461318051575931,11.461318051575931,11.461318051575931,11.461318051575931,11.461318051575931,11.461318051575931,11.461318051575931,11.461318051575931,12.333965844402277,12.333965844402277,12.333965844402277,12.333965844402277,12.333965844402277],"raf":[77,78,80,77,78,77,80,78,79,78,78,77,77,79,78,81,78,78,79,78,78,77,90,80,78,77,78,78,78,80,78,77,78,78,77,77,80,76,77,78,78,78,77,78,79,77,76,84,78,80,78,82,78,77,77,78,79,77,92,76,79,79,78,78,79,78,78,78,78,79,85,78,79,80,80,91,82,79,78,77,79,77,77,78,78,77,77,82,77,79,78,79,81,79,80,78,79,81,77,81,78,79,80,122,99,100,87,84,82,82,80,88,83,79,79,79,79,80,82,83,78,78,79,84,82]}