{"time":[3.45,4.082,4.729,5.401,6.233,7.069,7.818,8.567,9.391,10.106,10.798,11.549,12.222,12.915],"fps":[1.1240164855751218,1.1240164855751218,1.563721657544957,1.563721657544957,1.3297872340425532,1.3297872340425532,1.2618296529968454,1.2618296529968454,1.2714558169103625,1.2714558169103625,1.4214641080312722,1.4214641080312722,1.404494382022472,1.404494382022472],"raf":[1862,632,647,672,832,836,749,749,824,715,692,751,673,693]}