{"time":[3.008000000000001,3.091000000000001,3.183000000000001,3.2630000000000012,3.344000000000001,3.4230000000000014,3.5170000000000012,3.6170000000000013,3.7020000000000013,3.7820000000000014,3.8690000000000015,3.9480000000000017,4.030000000000002,4.109000000000002,4.1880000000000015,4.268000000000002,4.3530000000000015,4.441000000000002,4.530000000000002,4.620000000000002,4.708000000000002,4.790000000000002,4.875000000000002,4.963000000000002,5.044000000000002,5.139000000000002,5.235000000000002,5.321000000000002,5.402000000000003,5.4810000000000025,5.567000000000003,5.653000000000003,5.736000000000003,5.820000000000003,5.907000000000003,5.990000000000003,6.079000000000003,6.161000000000003,6.245000000000003,6.331000000000003,6.413000000000003,6.494000000000003,6.583000000000004,6.669000000000004,6.753000000000004,6.8350000000000035,6.918000000000004,7.007000000000004,7.091000000000004,7.175000000000003,7.264000000000004,7.3430000000000035,7.424000000000004,7.506000000000004,7.600000000000004,7.687000000000004,7.769000000000004,7.8510000000000035,7.933000000000003,8.012000000000004,8.091000000000005,8.184000000000005,8.267000000000005,8.350000000000005,8.433000000000005,8.515000000000006,8.598000000000006,8.685000000000006,8.781000000000006,8.877000000000006,8.987000000000005,9.073000000000006,9.168000000000006,9.255000000000006,9.349000000000006,9.432000000000006,9.527000000000006,9.625000000000007,9.719000000000007,9.806000000000006,9.918000000000006,10.032000000000007,10.121000000000008,10.262000000000008,10.413000000000007,10.508000000000008,10.619000000000009,10.708000000000009,10.801000000000009,10.88300000000001,10.96700000000001,11.05400000000001,11.13700000000001,11.22200000000001,11.30900000000001,11.39200000000001,11.47500000000001,11.56500000000001,11.64900000000001,11.73000000000001,11.81300000000001,11.91600000000001,11.994000000000009,12.07600000000001,12.15500000000001,12.23400000000001,12.33300000000001,12.418000000000012,12.517000000000012,12.603000000000012,12.689000000000012,12.768000000000013,12.863000000000014,12.947000000000013],"fps":[11.121408711770158,11.121408711770158,11.121408711770158,11.121408711770158,11.121408711770158,11.121408711770158,11.121408711770158,11.121408711770158,11.121408711770158,11.121408711770158,11.121408711770158,11.741682974559687,11.741682974559687,11.741682974559687,11.741682974559687,11.741682974559687,11.741682974559687,11.741682974559687,11.741682974559687,11.741682974559687,11.741682974559687,11.741682974559687,11.741682974559687,11.822660098522167,11.822660098522167,11.822660098522167,11.822660098522167,11.822660098522167,11.822660098522167,11.822660098522167,11.822660098522167,11.822660098522167,11.822660098522167,11.822660098522167,11.822660098522167,11.684518013631937,11.684518013631937,11.684518013631937,11.684518013631937,11.684518013631937,11.684518013631937,11.684518013631937,11.684518013631937,11.684518013631937,11.684518013631937,11.684518013631937,11.684518013631937,11.799410029498524,11.799410029498524,11.799410029498524,11.799410029498524,11.799410029498524,11.799410029498524,11.799410029498524,11.799410029498524,11.799410029498524,11.799410029498524,11.799410029498524,11.799410029498524,11.940298507462687,11.940298507462687,11.940298507462687,11.940298507462687,11.940298507462687,11.940298507462687,11.940298507462687,11.940298507462687,11.940298507462687,11.940298507462687,11.940298507462687,11.940298507462687,11.310084825636192,11.310084825636192,11.310084825636192,11.310084825636192,11.310084825636192,11.310084825636192,11.310084825636192,11.310084825636192,11.310084825636192,11.310084825636192,11.310084825636192,10.49618320610687,10.49618320610687,10.49618320610687,10.49618320610687,10.49618320610687,10.49618320610687,10.49618320610687,10.49618320610687,10.49618320610687,10.49618320610687,9.84251968503937,9.84251968503937,9.84251968503937,9.84251968503937,9.84251968503937,9.84251968503937,9.84251968503937,9.84251968503937,9.84251968503937,9.84251968503937,9.84251968503937,9.84251968503937,11.787819253438114,11.787819253438114,11.787819253438114,11.787819253438114,11.787819253438114,11.787819253438114,11.787819253438114,11.787819253438114,11.787819253438114,11.787819253438114],"raf":[82,83,92,80,81,79,94,100,85,80,87,79,82,79,79,80,85,88,89,90,88,82,85,88,81,95,96,86,81,79,86,86,83,84,87,83,89,82,84,86,82,81,89,86,84,82,83,89,84,84,89,79,81,82,94,87,82,82,82,79,79,93,83,83,83,82,83,87,96,96,110,86,96,86,94,83,95,98,95,87,111,114,89,141,151,96,110,89,93,83,83,87,83,85,87,83,83,90,84,81,83,103,78,82,79,79,99,85,99,86,86,79,95,84]}