{"time":[3.111,3.269,3.448,3.605,3.762,3.923,4.087,4.242999999999999,4.401,4.556,4.71,4.865,5.021,5.175,5.319999999999999,5.454,5.585,5.714,5.845000000000001,5.972,6.097,6.220000000000001,6.345000000000001,6.4670000000000005,6.594,6.715,6.837,6.959,7.082999999999999,7.203999999999999,7.3279999999999985,7.455999999999999,7.589999999999999,7.713999999999999,7.8359999999999985,7.957999999999998,8.077999999999998,8.200999999999997,8.321999999999997,8.444999999999997,8.567999999999996,8.689999999999996,8.812999999999995,8.932999999999995,9.055999999999994,9.179999999999994,9.303999999999995,9.428999999999995,9.551999999999994,9.672999999999995,9.795999999999994,9.919999999999995,10.042999999999994,10.162999999999993,10.285999999999992,10.409999999999993,10.532999999999992,10.658999999999992,10.785999999999992,10.908999999999992,11.032999999999992,11.158999999999992,11.285999999999992,11.411999999999992,11.537999999999991,11.664999999999992,11.792999999999992,11.917999999999992,12.039999999999992,12.164999999999992,12.287999999999991,12.412999999999991,12.536999999999992,12.662999999999991,12.78899999999999,12.909999999999991],"fps":[5.905511811023622,5.39568345323741,5.39568345323741,5.39568345323741,5.39568345323741,5.39568345323741,5.39568345323741,5.39568345323741,6.18374558303887,6.18374558303887,6.18374558303887,6.18374558303887,6.18374558303887,6.18374558303887,6.18374558303887,6.647673314339981,6.647673314339981,6.647673314339981,6.647673314339981,6.647673314339981,6.647673314339981,6.647673314339981,6.647673314339981,7.897334649555775,7.897334649555775,7.897334649555775,7.897334649555775,7.897334649555775,7.897334649555775,7.897334649555775,7.897334649555775,7.897334649555775,8.014247551202137,8.014247551202137,8.014247551202137,8.014247551202137,8.014247551202137,8.014247551202137,8.014247551202137,8.014247551202137,8.014247551202137,8.181818181818182,8.181818181818182,8.181818181818182,8.181818181818182,8.181818181818182,8.181818181818182,8.181818181818182,8.181818181818182,8.181818181818182,8.1374321880651,8.1374321880651,8.1374321880651,8.1374321880651,8.1374321880651,8.1374321880651,8.1374321880651,8.1374321880651,8.1374321880651,8.086253369272237,8.086253369272237,8.086253369272237,8.086253369272237,8.086253369272237,8.086253369272237,8.086253369272237,8.086253369272237,7.928642220019822,7.928642220019822,7.928642220019822,7.928642220019822,7.928642220019822,7.928642220019822,7.928642220019822,7.928642220019822,7.928642220019822],"raf":[163,158,179,157,157,161,164,156,158,155,154,155,156,154,145,134,131,129,131,127,125,123,125,122,127,121,122,122,124,121,124,128,134,124,122,122,120,123,121,123,123,122,123,120,123,124,124,125,123,121,123,124,123,120,123,124,123,126,127,123,124,126,127,126,126,127,128,125,122,125,123,124,124,126,126,121]}