{"time":[3.0080000000000005,3.2050000000000005,3.4250000000000007,3.6430000000000007,3.8500000000000005,4.062,4.274,4.472,4.684,4.913,5.143000000000001,5.357000000000001,5.624000000000001,5.843000000000002,6.084000000000001,6.304000000000001,6.509000000000001,6.699000000000002,6.895000000000001,7.107000000000001,7.338000000000001,7.539000000000001,7.728000000000001,7.929,8.151,8.37,8.552999999999999,8.76,8.98,9.172,9.366000000000001,9.579,9.779,9.955,10.134,10.317,10.492,10.675,10.870000000000001,11.06,11.245000000000001,11.448,11.629,11.847999999999999,12.028999999999998,12.207999999999998,12.366999999999999,12.561,12.741,12.927],"fps":[3.8572806171648986,3.8572806171648986,3.8572806171648986,3.8572806171648986,4.440497335701599,4.440497335701599,4.440497335701599,4.440497335701599,4.440497335701599,4.703668861712136,4.703668861712136,4.703668861712136,4.703668861712136,4.703668861712136,4.269854824935952,4.269854824935952,4.269854824935952,4.269854824935952,4.269854824935952,4.887585532746823,4.887585532746823,4.887585532746823,4.887585532746823,4.887585532746823,4.789272030651341,4.789272030651341,4.789272030651341,4.789272030651341,4.789272030651341,4.897159647404505,4.897159647404505,4.897159647404505,4.897159647404505,4.897159647404505,4.897159647404505,5.240174672489083,5.240174672489083,5.240174672489083,5.240174672489083,5.240174672489083,5.240174672489083,5.305039787798409,5.305039787798409,5.305039787798409,5.305039787798409,5.305039787798409,5.305039787798409,5.390835579514825,5.390835579514825,5.390835579514825],"raf":[284,197,220,218,207,212,212,198,212,229,230,213,267,219,241,220,205,190,197,211,231,201,189,201,222,219,183,207,220,192,194,213,200,176,179,183,175,183,195,190,185,203,181,219,181,179,159,194,180,186]}