{"time":[3.018,3.171,3.3,3.461,3.625,3.76,3.896,3.981,4.078,4.244000000000001,4.4190000000000005,4.509,4.632000000000001,4.7540000000000004,4.847,4.948,5.039000000000001,5.126,5.216,5.299,5.396000000000001,5.494000000000001,5.597,5.681,5.78,5.864,5.949,6.031,6.135,6.2219999999999995,6.3069999999999995,6.395,6.486999999999999,6.582999999999999,6.6739999999999995,6.784999999999999,6.911999999999999,7.003999999999999,7.105999999999999,7.196999999999999,7.284999999999999,7.374,7.455,7.538,7.638,7.7379999999999995,7.826,7.92,8.006,8.094,8.184999999999999,8.265999999999998,8.358999999999998,8.453999999999999,8.568,8.65,8.742,8.833,8.917,9.004999999999999,9.095999999999998,9.174999999999999,9.264999999999999,9.344999999999999,9.427999999999999,9.517999999999999,9.603,9.688,9.785,9.872,9.966,10.048,10.132,10.213,10.292,10.379,10.478,10.571,10.658999999999999,10.751,10.841,10.934,11.011999999999999,11.089999999999998,11.171999999999999,11.254,11.343,11.419,11.501000000000001,11.578000000000001,11.657000000000002,11.732000000000001,11.813,11.903,11.983,12.07,12.162,12.251000000000001,12.324000000000002,12.414000000000001,12.492,12.564,12.647,12.734,12.805,12.876999999999999,12.950999999999999],"fps":[7.866273352999016,7.866273352999016,7.866273352999016,7.866273352999016,7.866273352999016,7.866273352999016,7.866273352999016,7.866273352999016,7.547169811320755,7.547169811320755,7.547169811320755,7.547169811320755,7.547169811320755,7.547169811320755,7.547169811320755,7.547169811320755,7.547169811320755,8.587786259541986,8.587786259541986,8.587786259541986,8.587786259541986,8.587786259541986,8.587786259541986,8.587786259541986,8.587786259541986,8.587786259541986,8.587786259541986,8.587786259541986,10.901883052527255,10.901883052527255,10.901883052527255,10.901883052527255,10.901883052527255,10.901883052527255,10.901883052527255,10.901883052527255,10.901883052527255,10.901883052527255,10.901883052527255,10.357815442561206,10.357815442561206,10.357815442561206,10.357815442561206,10.357815442561206,10.357815442561206,10.357815442561206,10.357815442561206,10.357815442561206,10.357815442561206,10.357815442561206,10.357815442561206,11.225444340505145,11.225444340505145,11.225444340505145,11.225444340505145,11.225444340505145,11.225444340505145,11.225444340505145,11.225444340505145,11.225444340505145,11.225444340505145,11.225444340505145,11.225444340505145,11.121408711770158,11.121408711770158,11.121408711770158,11.121408711770158,11.121408711770158,11.121408711770158,11.121408711770158,11.121408711770158,11.121408711770158,11.121408711770158,11.121408711770158,11.121408711770158,11.60541586073501,11.60541586073501,11.60541586073501,11.60541586073501,11.60541586073501,11.60541586073501,11.60541586073501,11.60541586073501,11.60541586073501,11.60541586073501,11.60541586073501,11.60541586073501,11.538461538461538,11.538461538461538,11.538461538461538,11.538461538461538,11.538461538461538,11.538461538461538,11.538461538461538,11.538461538461538,11.538461538461538,11.538461538461538,11.538461538461538,11.538461538461538,11.538461538461538,12.115563839701771,12.115563839701771,12.115563839701771,12.115563839701771,12.115563839701771,12.115563839701771,12.115563839701771],"raf":[152,153,129,162,163,136,135,85,96,166,175,90,123,122,93,101,91,87,90,83,97,98,103,84,99,84,85,82,104,87,85,88,92,96,91,111,127,92,102,91,88,89,81,83,100,100,88,95,85,88,91,81,93,95,114,82,92,91,84,88,91,79,90,80,83,90,86,84,97,87,94,82,84,81,79,87,99,93,88,92,90,93,78,78,82,82,89,76,82,77,79,75,81,90,80,87,92,90,72,90,78,73,82,87,71,72,74]}