{"time":[3.0669999999999997,3.1969999999999996,3.3289999999999997,3.4509999999999996,3.5669999999999997,3.7089999999999996,3.8389999999999995,3.9669999999999996,4.093999999999999,4.218999999999999,4.35,4.4559999999999995,4.566,4.672,4.777,4.8870000000000005,5.017,5.151000000000001,5.2700000000000005,5.378,5.489,5.593,5.7,5.803,5.904,6.028,6.146,6.2669999999999995,6.374,6.4879999999999995,6.598999999999999,6.707999999999999,6.815999999999999,6.931999999999999,7.047999999999998,7.174999999999998,7.282999999999998,7.394999999999998,7.496999999999998,7.603999999999998,7.713999999999999,7.824999999999998,7.9369999999999985,8.069999999999999,8.176999999999998,8.289999999999997,8.389999999999997,8.491999999999997,8.593999999999998,8.707999999999998,8.810999999999998,8.913999999999998,9.027999999999999,9.155,9.266,9.403,9.563,9.686,9.806,9.921999999999999,10.030999999999999,10.148,10.257,10.365,10.48,10.597000000000001,10.71,10.815000000000001,10.921000000000001,11.026000000000002,11.139000000000001,11.252,11.367,11.482000000000001,11.605,11.747,11.869,11.999,12.131,12.248000000000001,12.399000000000001,12.553,12.657,12.763,12.874,12.986],"fps":[5.888125613346418,5.888125613346418,5.888125613346418,5.888125613346418,5.888125613346418,5.888125613346418,5.888125613346418,7.797270955165692,7.797270955165692,7.797270955165692,7.797270955165692,7.797270955165692,7.797270955165692,7.797270955165692,7.797270955165692,7.797270955165692,8.571428571428571,8.571428571428571,8.571428571428571,8.571428571428571,8.571428571428571,8.571428571428571,8.571428571428571,8.571428571428571,8.571428571428571,8.90207715133531,8.90207715133531,8.90207715133531,8.90207715133531,8.90207715133531,8.90207715133531,8.90207715133531,8.90207715133531,8.90207715133531,8.823529411764707,8.823529411764707,8.823529411764707,8.823529411764707,8.823529411764707,8.823529411764707,8.823529411764707,8.823529411764707,8.823529411764707,8.806262230919765,8.806262230919765,8.806262230919765,8.806262230919765,8.806262230919765,8.806262230919765,8.806262230919765,8.806262230919765,8.806262230919765,8.806262230919765,9.216589861751151,9.216589861751151,9.216589861751151,9.216589861751151,9.216589861751151,9.216589861751151,9.216589861751151,9.216589861751151,9.216589861751151,8.166969147005444,8.166969147005444,8.166969147005444,8.166969147005444,8.166969147005444,8.166969147005444,8.166969147005444,8.166969147005444,8.166969147005444,8.166969147005444,9.00900900900901,9.00900900900901,9.00900900900901,9.00900900900901,9.00900900900901,9.00900900900901,9.00900900900901,9.00900900900901,7.751937984496124,7.751937984496124,7.751937984496124,7.751937984496124,7.751937984496124,7.751937984496124],"raf":[126,130,132,122,116,142,130,128,127,125,131,106,110,106,105,110,130,134,119,108,111,104,107,103,101,124,118,121,107,114,111,109,108,116,116,127,108,112,102,107,110,111,112,133,107,113,100,102,102,114,103,103,114,127,111,137,160,123,120,116,109,117,109,108,115,117,113,105,106,105,113,113,115,115,123,142,122,130,132,117,151,154,104,106,111,112]}