{"time":[3.163,3.3939999999999997,3.6249999999999996,3.9219999999999997,4.3069999999999995,4.56,4.800999999999999,5.1,5.369999999999999,5.624999999999999,5.860999999999999,6.118999999999999,6.397999999999999,6.689999999999999,6.971999999999999,7.270999999999999,7.5329999999999995,7.837,8.116,8.404,8.697,9.023,9.318999999999999,9.556999999999999,9.833999999999998,10.233999999999998,10.556999999999999,11.022999999999998,11.554999999999998,12.032999999999998,12.546999999999997],"fps":[2.7372262773722627,2.7372262773722627,3.8535645472061657,3.8535645472061657,3.8535645472061657,3.8535645472061657,3.401360544217687,3.401360544217687,3.401360544217687,3.401360544217687,3.7735849056603774,3.7735849056603774,3.7735849056603774,3.7735849056603774,3.6003600360036003,3.6003600360036003,3.6003600360036003,3.6003600360036003,3.4965034965034967,3.4965034965034967,3.4965034965034967,3.4965034965034967,3.3250207813798838,3.3250207813798838,3.3250207813798838,3.3250207813798838,3.231017770597738,3.231017770597738,3.231017770597738,2.032520325203252,2.032520325203252],"raf":[274,231,231,297,385,253,241,299,270,255,236,258,279,293,281,299,262,304,279,288,293,326,296,238,277,400,323,466,532,478,514]}