{"time":[3.511,4.2,4.861000000000001,5.505000000000001,6.130000000000001,6.753000000000001,7.375000000000001,7.966000000000001,8.458000000000002,8.933000000000002,9.403000000000002,9.856000000000002,10.305000000000001,10.773000000000001,11.354000000000001,11.922,12.492,12.927000000000001],"fps":[3.209536909674461,1.4684287812041117,1.4684287812041117,1.5325670498084292,1.5325670498084292,1.6025641025641026,1.6025641025641026,1.6488046166529267,1.6488046166529267,1.6488046166529267,2.0876826722338206,2.0876826722338206,2.0876826722338206,2.1881838074398248,2.1881838074398248,1.7421602787456445,1.7421602787456445,1.9900497512437811],"raf":[674,688,661,644,625,623,622,591,492,475,470,453,449,469,580,568,570,435]}