{"time":[3.0530000000000004,3.3400000000000003,3.8500000000000005,4.126,4.424,4.667000000000001,4.933000000000001,5.207000000000001,5.486000000000001,5.7330000000000005,5.9990000000000006,6.275,6.559,6.827,7.093,7.366,7.669,7.938,8.201,8.496,8.756,9.042,9.293,9.572,9.809999999999999,10.084,10.326,10.579,10.826,11.08,11.282,11.522,11.793000000000001,12.033000000000001,12.267000000000001,12.504000000000001,12.773000000000001],"fps":[3.0211480362537766,3.0211480362537766,3.0211480362537766,2.7958993476234855,2.7958993476234855,2.7958993476234855,2.7958993476234855,3.700277520814061,3.700277520814061,3.700277520814061,3.700277520814061,3.745318352059925,3.745318352059925,3.745318352059925,3.745318352059925,3.666361136571952,3.666361136571952,3.666361136571952,3.666361136571952,3.5398230088495577,3.5398230088495577,3.5398230088495577,3.5398230088495577,3.717472118959108,3.717472118959108,3.717472118959108,3.717472118959108,3.9721946375372394,3.9721946375372394,3.9721946375372394,3.9721946375372394,3.9721946375372394,4.118616144975288,4.118616144975288,4.118616144975288,4.118616144975288,4.118616144975288],"raf":[337,287,511,275,298,243,266,274,279,248,265,276,284,268,266,273,303,269,263,295,260,287,250,279,238,274,242,253,247,253,202,240,271,240,234,237,269]}