{"time":[3.0729999999999995,3.2389999999999994,3.4129999999999994,3.603999999999999,3.798999999999999,3.967999999999999,4.122999999999999,4.286999999999999,4.449999999999999,4.614999999999999,4.805,4.965,5.141,5.291,5.434,5.5760000000000005,5.719,5.8660000000000005,6.013000000000001,6.154000000000001,6.290000000000001,6.4430000000000005,6.591,6.726,6.861,7.007,7.151999999999999,7.302999999999999,7.447999999999999,7.5939999999999985,7.737999999999999,7.884999999999999,8.059999999999999,8.2,8.347,8.488,8.628,8.77,8.905999999999999,9.063999999999998,9.229999999999999,9.373,9.506,9.648,9.793,9.946,10.094,10.232,10.376999999999999,10.517,10.667,10.863,11.004,11.152,11.302,11.469999999999999,11.643999999999998,11.824999999999998,11.979999999999997,12.154999999999998,12.306999999999997,12.458999999999996,12.603999999999996,12.753999999999996,12.898999999999996],"fps":[5.797101449275362,5.797101449275362,5.797101449275362,5.504587155963303,5.504587155963303,5.504587155963303,5.504587155963303,5.504587155963303,5.504587155963303,5.9347181008902075,5.9347181008902075,5.9347181008902075,5.9347181008902075,5.9347181008902075,5.9347181008902075,5.9347181008902075,6.340579710144928,6.340579710144928,6.340579710144928,6.340579710144928,6.340579710144928,6.340579710144928,6.340579710144928,6.951340615690169,6.951340615690169,6.951340615690169,6.951340615690169,6.951340615690169,6.951340615690169,6.951340615690169,6.91699604743083,6.91699604743083,6.91699604743083,6.91699604743083,6.91699604743083,6.91699604743083,6.91699604743083,6.782945736434108,6.782945736434108,6.782945736434108,6.782945736434108,6.782945736434108,6.782945736434108,6.782945736434108,6.842619745845552,6.842619745845552,6.842619745845552,6.842619745845552,6.842619745845552,6.842619745845552,6.842619745845552,6.542056074766355,6.542056074766355,6.542056074766355,6.542056074766355,6.542056074766355,6.542056074766355,6.542056074766355,6.266786034019695,6.266786034019695,6.266786034019695,6.266786034019695,6.266786034019695,6.266786034019695,6.266786034019695],"raf":[179,166,174,191,195,169,155,164,163,165,190,160,176,150,143,142,143,147,147,141,136,153,148,135,135,146,145,151,145,146,144,147,175,140,147,141,140,142,136,158,166,143,133,142,145,153,148,138,145,140,150,196,141,148,150,168,174,181,155,175,152,152,145,150,145]}