{"time":[3.1540000000000004,3.3110000000000004,3.4710000000000005,3.6280000000000006,3.7890000000000006,3.9500000000000006,4.1080000000000005,4.265000000000001,4.423000000000001,4.580000000000001,4.742000000000001,4.900000000000001,5.060000000000001,5.219000000000001,5.377000000000002,5.535000000000002,5.691000000000002,5.854000000000002,6.013000000000002,6.175000000000002,6.333000000000002,6.488000000000002,6.645000000000002,6.811000000000003,6.968000000000003,7.130000000000003,7.289000000000002,7.456000000000002,7.613000000000002,7.7680000000000025,7.927000000000002,8.083000000000002,8.241000000000001,8.399000000000001,8.559000000000001,8.717,8.876000000000001,9.036000000000001,9.192000000000002,9.349000000000002,9.508000000000003,9.669000000000002,9.827000000000002,9.992,10.156,10.313,10.47,10.632000000000001,10.792000000000002,10.953000000000001,11.112000000000002,11.272000000000002,11.439000000000002,11.595000000000002,11.754000000000003,11.909000000000002,12.070000000000002,12.228000000000002,12.387000000000002,12.545000000000002,12.704000000000002,12.859000000000002],"fps":[5.3859964093357275,5.3859964093357275,5.3859964093357275,5.3859964093357275,5.3859964093357275,5.3859964093357275,5.3859964093357275,6.300630063006301,6.300630063006301,6.300630063006301,6.300630063006301,6.300630063006301,6.300630063006301,6.300630063006301,6.294964028776978,6.294964028776978,6.294964028776978,6.294964028776978,6.294964028776978,6.294964028776978,6.294964028776978,6.289308176100629,6.289308176100629,6.289308176100629,6.289308176100629,6.289308176100629,6.289308176100629,6.289308176100629,6.233303650934996,6.233303650934996,6.233303650934996,6.233303650934996,6.233303650934996,6.233303650934996,6.233303650934996,6.340579710144928,6.340579710144928,6.340579710144928,6.340579710144928,6.340579710144928,6.340579710144928,6.340579710144928,6.306306306306307,6.306306306306307,6.306306306306307,6.306306306306307,6.306306306306307,6.306306306306307,6.306306306306307,6.216696269982238,6.216696269982238,6.216696269982238,6.216696269982238,6.216696269982238,6.216696269982238,6.216696269982238,6.266786034019695,6.266786034019695,6.266786034019695,6.266786034019695,6.266786034019695,6.266786034019695],"raf":[160,157,160,157,161,161,158,157,158,157,162,158,160,159,158,158,156,163,159,162,159,156,155,166,157,162,159,167,157,155,159,156,158,158,160,158,159,160,156,157,159,161,158,165,164,157,157,162,161,160,159,160,167,156,159,155,161,158,159,158,159,155]}