{"time":[3.076,3.207,3.3369999999999997,3.4669999999999996,3.5969999999999995,3.7289999999999996,3.8749999999999996,3.9999999999999996,4.129,4.257,4.388,4.519,4.647,4.775,4.908,5.042000000000001,5.175000000000001,5.305000000000001,5.434000000000001,5.563000000000001,5.691000000000001,5.82,5.95,6.079000000000001,6.208,6.341,6.4670000000000005,6.597,6.726000000000001,6.856000000000001,6.987000000000001,7.118000000000001,7.249000000000001,7.377000000000002,7.5070000000000014,7.635000000000002,7.777000000000002,7.907000000000002,8.034000000000002,8.169000000000002,8.300000000000002,8.428000000000003,8.559000000000003,8.701000000000002,8.840000000000002,8.987000000000002,9.132000000000001,9.272000000000002,9.418000000000003,9.552000000000003,9.682000000000004,9.814000000000004,9.943000000000003,10.074000000000003,10.207000000000004,10.336000000000004,10.468000000000004,10.599000000000004,10.727000000000004,10.860000000000003,10.987000000000004,11.114000000000004,11.241000000000005,11.368000000000006,11.496000000000006,11.625000000000005,11.758000000000006,11.889000000000006,12.021000000000006,12.152000000000006,12.283000000000007,12.414000000000007,12.543000000000006,12.672000000000006,12.811000000000005,12.939000000000005],"fps":[7.441860465116279,7.441860465116279,7.441860465116279,7.326007326007326,7.326007326007326,7.326007326007326,7.326007326007326,7.326007326007326,7.326007326007326,7.326007326007326,7.326007326007326,7.604562737642586,7.604562737642586,7.604562737642586,7.604562737642586,7.604562737642586,7.604562737642586,7.604562737642586,7.604562737642586,7.662835249042145,7.662835249042145,7.662835249042145,7.662835249042145,7.662835249042145,7.662835249042145,7.662835249042145,7.662835249042145,7.7369439071566735,7.7369439071566735,7.7369439071566735,7.7369439071566735,7.7369439071566735,7.7369439071566735,7.7369439071566735,7.7369439071566735,7.707129094412331,7.707129094412331,7.707129094412331,7.707129094412331,7.707129094412331,7.707129094412331,7.707129094412331,7.707129094412331,7.5046904315197,7.5046904315197,7.5046904315197,7.5046904315197,7.5046904315197,7.5046904315197,7.5046904315197,7.5046904315197,7.187780772686433,7.187780772686433,7.187780772686433,7.187780772686433,7.187780772686433,7.187780772686433,7.187780772686433,7.187780772686433,7.648183556405353,7.648183556405353,7.648183556405353,7.648183556405353,7.648183556405353,7.648183556405353,7.648183556405353,7.648183556405353,7.774538386783285,7.774538386783285,7.774538386783285,7.774538386783285,7.774538386783285,7.774538386783285,7.774538386783285,7.774538386783285,7.619047619047619],"raf":[145,131,130,130,130,133,145,126,128,128,131,131,128,128,133,134,133,130,129,129,128,129,130,129,129,133,126,130,129,130,131,131,132,127,130,128,142,130,128,135,130,128,131,142,139,147,145,140,146,134,130,132,129,131,133,129,132,131,128,133,127,128,126,127,128,129,133,131,132,131,131,131,129,129,139,128]}