{"time":[3.296,3.8089999999999997,4.306,4.8420000000000005,5.281000000000001,5.6370000000000005,6.0680000000000005,6.462000000000001,6.882000000000001,7.327000000000001,7.779000000000001,8.257000000000001,8.754000000000001,9.188,9.636000000000001,10.011000000000001,10.384,10.771,11.161000000000001,11.608,12.063,12.540000000000001,12.994000000000002],"fps":[1.8921475875118259,1.8921475875118259,1.9801980198019802,1.9801980198019802,1.9801980198019802,2.2539444027047333,2.2539444027047333,2.2539444027047333,2.4096385542168677,2.4096385542168677,2.4096385542168677,2.1818181818181817,2.1818181818181817,2.1818181818181817,2.1754894851341553,2.1754894851341553,2.1754894851341553,2.643171806167401,2.643171806167401,2.643171806167401,2.320185614849188,2.320185614849188,2.320185614849188],"raf":[556,513,497,536,440,355,431,394,420,445,452,477,497,434,448,375,374,386,390,447,456,476,454]}