{"time":[4.139,4.956,5.73,6.393000000000001,7.089,7.75,8.514,9.241,10.022,10.772,11.505,12.249],"fps":[4.0959625511995315,4.0959625511995315,1.2570710245128849,1.2570710245128849,1.4716703458425313,1.4716703458425313,1.4035087719298245,1.4035087719298245,1.3262599469496021,1.3262599469496021,1.3468013468013469,1.3468013468013469],"raf":[2422,817,774,663,696,662,763,727,781,750,734,743]}