{"time":[3.485,4.016,4.44,4.848000000000001,5.246,5.672000000000001,6.043000000000001,6.4300000000000015,6.793000000000001,7.174000000000001,7.542000000000002,7.923000000000002,8.340000000000002,8.773000000000001,9.206000000000001,9.554000000000002,9.884000000000002,10.205000000000002,10.523000000000001,10.882000000000001,11.225000000000001,11.573000000000002,11.890000000000002,12.251000000000003,12.579000000000002,12.910000000000002],"fps":[5.2264808362369335,1.6168148746968471,1.6168148746968471,1.6168148746968471,2.4390243902439024,2.4390243902439024,2.4390243902439024,2.5337837837837838,2.5337837837837838,2.5337837837837838,2.697841726618705,2.697841726618705,2.697841726618705,2.4370430544272947,2.4370430544272947,2.4370430544272947,2.7002700270027002,2.7002700270027002,2.7002700270027002,2.7002700270027002,2.982848620432513,2.982848620432513,2.982848620432513,2.9211295034079843,2.9211295034079843,2.9211295034079843],"raf":[706,531,424,408,398,426,371,387,363,381,368,381,417,433,433,348,330,321,318,359,343,348,317,362,327,331]}