{"time":[3.0299999999999994,3.083999999999999,3.1389999999999993,3.1939999999999995,3.2489999999999997,3.3069999999999995,3.3629999999999995,3.4189999999999996,3.4739999999999998,3.5269999999999997,3.5829999999999997,3.6359999999999997,3.6929999999999996,3.7479999999999998,3.804,3.8609999999999998,3.916,3.972,4.027,4.081,4.134,4.189,4.248,4.307,4.363,4.420000000000001,4.477000000000001,4.546000000000001,4.599000000000001,4.673000000000001,4.727000000000001,4.782000000000001,4.838000000000001,4.893000000000001,4.948,5.006,5.061,5.116,5.172,5.228,5.284,5.3389999999999995,5.393,5.451,5.505,5.559,5.613,5.668,5.724,5.78,5.835,5.889,5.942,5.995,6.05,6.107,6.162,6.218,6.277,6.331,6.386,6.441,6.497,6.558,6.612,6.667,6.724,6.779,6.833,6.892,6.946000000000001,7.002000000000001,7.058000000000001,7.117000000000001,7.174000000000001,7.229000000000001,7.285000000000001,7.340000000000001,7.3950000000000005,7.448,7.502000000000001,7.558000000000001,7.613,7.666,7.721,7.777,7.831,7.886,7.942,7.996,8.05,8.105,8.162,8.214,8.269,8.342,8.396,8.449000000000002,8.504000000000001,8.56,8.615,8.67,8.725,8.780999999999999,8.835999999999999,8.896999999999998,8.970999999999998,9.029999999999998,9.099999999999998,9.163999999999998,9.226999999999999,9.302999999999999,9.388,9.47,9.527000000000001,9.588000000000001,9.656,9.72,9.790000000000001,9.861,9.937000000000001,9.994000000000002,10.063000000000002,10.153000000000002,10.211000000000002,10.268000000000002,10.352000000000002,10.410000000000002,10.507000000000001,10.611,10.665000000000001,10.723,10.787,10.860000000000001,10.936000000000002,11.010000000000002,11.105000000000002,11.162000000000003,11.236000000000002,11.296000000000003,11.355000000000002,11.413000000000002,11.469000000000001,11.528,11.589,11.662,11.719000000000001,11.775,11.829,11.905000000000001,11.978000000000002,12.033000000000001,12.095,12.15,12.228,12.283,12.34,12.395999999999999,12.450999999999999,12.505999999999998,12.562999999999999,12.616999999999999,12.674,12.731,12.786999999999999,12.844999999999999,12.911,12.977],"fps":[16.585365853658537,16.585365853658537,16.585365853658537,16.585365853658537,16.585365853658537,16.585365853658537,16.585365853658537,16.585365853658537,16.585365853658537,16.585365853658537,16.585365853658537,16.585365853658537,16.585365853658537,16.585365853658537,18.04368471035138,18.04368471035138,18.04368471035138,18.04368471035138,18.04368471035138,18.04368471035138,18.04368471035138,18.04368471035138,18.04368471035138,18.04368471035138,18.04368471035138,18.04368471035138,18.04368471035138,18.04368471035138,18.04368471035138,18.04368471035138,18.04368471035138,18.04368471035138,17.408123791102515,17.408123791102515,17.408123791102515,17.408123791102515,17.408123791102515,17.408123791102515,17.408123791102515,17.408123791102515,17.408123791102515,17.408123791102515,17.408123791102515,17.408123791102515,17.408123791102515,17.408123791102515,17.408123791102515,17.408123791102515,17.408123791102515,17.408123791102515,17.408123791102515,18.07802093244529,18.07802093244529,18.07802093244529,18.07802093244529,18.07802093244529,18.07802093244529,18.07802093244529,18.07802093244529,18.07802093244529,18.07802093244529,18.07802093244529,18.07802093244529,18.07802093244529,18.07802093244529,18.07802093244529,18.07802093244529,18.07802093244529,18.07802093244529,17.94616151545364,17.94616151545364,17.94616151545364,17.94616151545364,17.94616151545364,17.94616151545364,17.94616151545364,17.94616151545364,17.94616151545364,17.94616151545364,17.94616151545364,17.94616151545364,17.94616151545364,17.94616151545364,17.94616151545364,17.94616151545364,17.94616151545364,17.94616151545364,17.94616151545364,18.095238095238095,18.095238095238095,18.095238095238095,18.095238095238095,18.095238095238095,18.095238095238095,18.095238095238095,18.095238095238095,18.095238095238095,18.095238095238095,18.095238095238095,18.095238095238095,18.095238095238095,18.095238095238095,18.095238095238095,18.095238095238095,18.095238095238095,18.095238095238095,17.49271137026239,17.49271137026239,17.49271137026239,17.49271137026239,17.49271137026239,17.49271137026239,17.49271137026239,17.49271137026239,17.49271137026239,17.49271137026239,17.49271137026239,17.49271137026239,17.49271137026239,17.49271137026239,17.49271137026239,14.662756598240469,14.662756598240469,14.662756598240469,14.662756598240469,14.662756598240469,14.662756598240469,14.662756598240469,14.662756598240469,14.662756598240469,14.662756598240469,14.662756598240469,14.662756598240469,14.662756598240469,14.662756598240469,13.779527559055119,13.779527559055119,13.779527559055119,13.779527559055119,13.779527559055119,13.779527559055119,13.779527559055119,13.779527559055119,13.779527559055119,13.779527559055119,13.779527559055119,13.779527559055119,13.779527559055119,13.779527559055119,13.779527559055119,13.779527559055119,15.640273704789834,15.640273704789834,15.640273704789834,15.640273704789834,15.640273704789834,15.640273704789834,15.640273704789834,15.640273704789834,15.640273704789834,15.640273704789834,15.640273704789834,15.640273704789834,15.640273704789834,15.640273704789834,15.640273704789834,15.640273704789834,15.640273704789834],"raf":[54,54,55,55,55,58,56,56,55,53,56,53,57,55,56,57,55,56,55,54,53,55,59,59,56,57,57,69,53,74,54,55,56,55,55,58,55,55,56,56,56,55,54,58,54,54,54,55,56,56,55,54,54,52,55,57,55,56,59,54,55,54,56,61,54,55,57,55,54,59,54,56,56,59,57,55,56,55,55,53,54,56,55,53,56,55,54,55,56,54,54,55,57,52,55,73,54,53,55,56,55,55,55,56,55,61,74,60,69,64,63,76,85,82,57,61,68,64,70,71,76,57,69,90,58,57,84,58,97,104,54,58,64,73,76,74,95,57,74,60,59,58,56,59,61,73,57,56,54,76,73,55,62,55,79,54,57,56,55,55,57,54,57,57,56,58,66,66]}