{"time":[3.0919999999999996,3.256,3.4179999999999997,3.5829999999999997,3.7499999999999996,3.9049999999999994,4.0729999999999995,4.2589999999999995,4.457999999999999,4.672,4.834,5.0009999999999994,5.159999999999999,5.3149999999999995,5.4719999999999995,5.63,5.786,5.935,6.0889999999999995,6.239999999999999,6.39,6.5409999999999995,6.6899999999999995,6.837999999999999,6.986999999999999,7.140999999999999,7.287999999999999,7.440999999999999,7.589999999999999,7.7429999999999986,7.890999999999998,8.040999999999999,8.188999999999998,8.336999999999998,8.483999999999998,8.633999999999999,8.822999999999999,8.966999999999999,9.113999999999999,9.261999999999999,9.409999999999998,9.562999999999999,9.709999999999999,9.857999999999999,10.006999999999998,10.154999999999998,10.302999999999997,10.449999999999998,10.599999999999998,10.748999999999997,10.897999999999996,11.045999999999996,11.193999999999996,11.341999999999995,11.489999999999995,11.642999999999995,11.793999999999995,11.944999999999995,12.092999999999995,12.241999999999994,12.389999999999993,12.539999999999994,12.688999999999993,12.837999999999992,12.988999999999992],"fps":[5.338078291814947,5.338078291814947,6.081668114682884,6.081668114682884,6.081668114682884,6.081668114682884,6.081668114682884,6.081668114682884,5.769230769230769,5.769230769230769,5.769230769230769,5.769230769230769,5.769230769230769,5.769230769230769,5.9171597633136095,5.9171597633136095,5.9171597633136095,5.9171597633136095,5.9171597633136095,5.9171597633136095,5.9171597633136095,6.5481758652946676,6.5481758652946676,6.5481758652946676,6.5481758652946676,6.5481758652946676,6.5481758652946676,6.5481758652946676,6.67302192564347,6.67302192564347,6.67302192564347,6.67302192564347,6.67302192564347,6.67302192564347,6.67302192564347,6.704980842911877,6.704980842911877,6.704980842911877,6.704980842911877,6.704980842911877,6.704980842911877,6.704980842911877,6.5055762081784385,6.5055762081784385,6.5055762081784385,6.5055762081784385,6.5055762081784385,6.5055762081784385,6.5055762081784385,6.737247353224254,6.737247353224254,6.737247353224254,6.737247353224254,6.737247353224254,6.737247353224254,6.737247353224254,6.698564593301436,6.698564593301436,6.698564593301436,6.698564593301436,6.698564593301436,6.698564593301436,6.698564593301436,6.704980842911877,6.704980842911877],"raf":[162,164,162,165,167,156,168,185,199,214,162,167,159,155,157,158,156,149,154,151,150,151,149,148,149,154,147,153,149,153,148,150,148,148,147,150,189,144,147,148,148,153,147,148,149,148,148,147,150,149,149,148,148,148,148,153,151,151,148,149,148,150,149,149,152]}