{"time":[3.0860000000000003,3.3200000000000003,3.5570000000000004,3.7900000000000005,4.0200000000000005,4.2620000000000005,4.507000000000001,4.751,4.9830000000000005,5.2250000000000005,5.468000000000001,5.714,5.9510000000000005,6.204000000000001,6.484000000000001,6.7410000000000005,7.046,7.399,7.701,7.967,8.221,8.462,8.702,8.946,9.19,9.43,9.682,9.919,10.158000000000001,10.419,10.651,10.9,11.154,11.394,11.636,11.880999999999998,12.136,12.379,12.613999999999999,12.844],"fps":[3.676470588235294,3.676470588235294,3.9761431411530817,3.9761431411530817,3.9761431411530817,3.9761431411530817,3.9761431411530817,4.187604690117253,4.187604690117253,4.187604690117253,4.187604690117253,4.187604690117253,4.166666666666667,4.166666666666667,4.166666666666667,4.166666666666667,3.65296803652968,3.65296803652968,3.65296803652968,3.65296803652968,3.404255319148936,3.404255319148936,3.404255319148936,3.404255319148936,3.404255319148936,4.1356492969396195,4.1356492969396195,4.1356492969396195,4.1356492969396195,4.1356492969396195,4.095004095004095,4.095004095004095,4.095004095004095,4.095004095004095,4.095004095004095,4.065040650406504,4.065040650406504,4.065040650406504,4.065040650406504,4.065040650406504],"raf":[245,234,237,233,230,242,245,244,232,242,243,246,237,253,280,257,305,353,302,266,254,241,240,244,244,240,252,237,239,261,232,249,254,240,242,245,255,243,235,230]}