{"time":[3.027,3.242,3.456,3.674,3.884,4.08,4.275,4.463,4.648,4.8309999999999995,5.0169999999999995,5.201,5.385999999999999,5.570999999999999,5.756999999999999,5.942999999999999,6.131999999999999,6.338999999999999,6.5219999999999985,6.704999999999998,6.889999999999998,7.071999999999998,7.252999999999998,7.435999999999998,7.618999999999998,7.801999999999998,7.985999999999998,8.166999999999998,8.348999999999998,8.530999999999999,8.716,8.898,9.08,9.263,9.445,9.626,9.809999999999999,9.989999999999998,10.171999999999999,10.355999999999998,10.538999999999998,10.722999999999997,10.904999999999998,11.090999999999998,11.275999999999998,11.460999999999999,11.643999999999998,11.828999999999999,12.011999999999999,12.197,12.383,12.565999999999999,12.754,12.948],"fps":[4.374453193350831,3.734827264239029,3.734827264239029,3.734827264239029,3.734827264239029,3.734827264239029,4.84027105517909,4.84027105517909,4.84027105517909,4.84027105517909,4.84027105517909,4.84027105517909,5.39568345323741,5.39568345323741,5.39568345323741,5.39568345323741,5.39568345323741,5.39568345323741,5.286343612334802,5.286343612334802,5.286343612334802,5.286343612334802,5.286343612334802,5.286343612334802,5.469462169553327,5.469462169553327,5.469462169553327,5.469462169553327,5.469462169553327,5.469462169553327,5.469462169553327,5.469462169553327,5.469462169553327,5.469462169553327,5.469462169553327,5.469462169553327,5.484460694698354,5.484460694698354,5.484460694698354,5.484460694698354,5.484460694698354,5.484460694698354,5.47945205479452,5.47945205479452,5.47945205479452,5.47945205479452,5.47945205479452,5.47945205479452,5.420054200542006,5.420054200542006,5.420054200542006,5.420054200542006,5.420054200542006,5.420054200542006],"raf":[244,215,214,218,210,196,195,188,185,183,186,184,186,184,186,186,189,207,183,183,185,182,181,183,183,183,185,180,182,182,185,182,182,183,182,181,184,180,182,184,183,184,182,186,185,185,183,185,183,185,186,183,188,194]}