{"time":[3.027,3.318,3.549,3.8,4.0169999999999995,4.249,4.467,4.6739999999999995,4.978999999999999,5.242999999999999,5.449,5.667,5.891,6.115,6.315,6.539000000000001,6.788,7.013,7.2459999999999996,7.587999999999999,7.885999999999999,8.116999999999999,8.392999999999999,8.649999999999999,8.942999999999998,9.189999999999998,9.490999999999998,9.762999999999998,10.022999999999998,10.284999999999998,10.564999999999998,10.811999999999998,11.055999999999997,11.310999999999998,11.561999999999998,11.805999999999997,12.067999999999998,12.312999999999997,12.575999999999997,12.827999999999998],"fps":[3.656307129798903,3.656307129798903,3.656307129798903,3.656307129798903,3.656307129798903,4.095004095004095,4.095004095004095,4.095004095004095,4.095004095004095,4.095004095004095,4.163197335553705,4.163197335553705,4.163197335553705,4.163197335553705,4.163197335553705,4.591368227731864,4.591368227731864,4.591368227731864,4.591368227731864,3.813155386081983,3.813155386081983,3.813155386081983,3.813155386081983,3.766478342749529,3.766478342749529,3.766478342749529,3.766478342749529,3.5938903863432166,3.5938903863432166,3.5938903863432166,3.5938903863432166,3.813155386081983,3.813155386081983,3.813155386081983,3.813155386081983,3.813155386081983,3.9808917197452227,3.9808917197452227,3.9808917197452227,3.9808917197452227],"raf":[210,291,230,251,217,232,218,207,305,264,207,217,224,224,200,224,249,225,233,342,298,231,276,257,293,247,301,272,260,262,280,247,244,256,250,244,262,245,263,251]}