{"time":[3.2439999999999998,3.513,3.785,4.053,4.346,4.726,4.998,5.282,5.573,5.848000000000001,6.128000000000001,6.3820000000000014,6.604000000000002,6.830000000000002,7.080000000000002,7.304000000000002,7.5500000000000025,7.819000000000003,8.148000000000003,8.420000000000003,8.623000000000003,8.828000000000003,9.021000000000003,9.251000000000003,9.449000000000003,9.663000000000004,9.899000000000004,10.102000000000004,10.367000000000004,10.608000000000004,10.865000000000004,11.165000000000004,11.438000000000004,11.700000000000005,11.956000000000005,12.193000000000005,12.433000000000005,12.700000000000005,12.973000000000004],"fps":[3.2467532467532467,3.2467532467532467,3.2467532467532467,3.2467532467532467,3.629764065335753,3.629764065335753,3.629764065335753,3.629764065335753,3.2599837000814995,3.2599837000814995,3.2599837000814995,3.2599837000814995,3.8797284190106693,3.8797284190106693,3.8797284190106693,3.8797284190106693,3.8797284190106693,4.11522633744856,4.11522633744856,4.11522633744856,4.11522633744856,3.964321110009911,3.964321110009911,3.964321110009911,3.964321110009911,3.964321110009911,4.6685340802987865,4.6685340802987865,4.6685340802987865,4.6685340802987865,4.6685340802987865,3.949447077409163,3.949447077409163,3.949447077409163,3.949447077409163,3.8910505836575875,3.8910505836575875,3.8910505836575875,3.8910505836575875],"raf":[345,270,271,268,293,381,271,284,291,275,280,254,222,226,250,224,246,269,329,272,203,205,193,230,198,214,236,203,265,241,257,300,274,261,256,237,241,266,273]}