{"time":[3.825,4.784,5.7059999999999995,6.68,7.72,8.741999999999999,9.758,10.858999999999998,11.967999999999998],"fps":[0.7196833393306945,0.7196833393306945,1.063264221158958,1.063264221158958,0.9930486593843099,0.9784735812133072,0.984251968503937,0.9082652134423251,0.9017132551848512],"raf":[2675,959,922,974,1040,1022,1016,1101,1109]}