{"time":[3.364,3.8089999999999997,4.348,4.843999999999999,5.302,5.784999999999999,6.367999999999999,6.951999999999999,7.464999999999999,8.052999999999999,8.697999999999999,9.179999999999998,9.686999999999998,10.167999999999997,10.665999999999997,11.086999999999996,11.483999999999996,11.887999999999996,12.384999999999996,12.817999999999996],"fps":[2.1216407355021216,2.1216407355021216,2.1216407355021216,2.027027027027027,2.027027027027027,2.027027027027027,1.968503937007874,1.968503937007874,1.8231540565177757,1.8231540565177757,1.6207455429497568,1.6207455429497568,1.6207455429497568,2.0408163265306123,2.0408163265306123,2.0408163265306123,2.2813688212927756,2.2813688212927756,2.2813688212927756,2.2488755622188905],"raf":[490,445,539,496,459,482,583,585,512,588,646,481,507,482,497,422,396,404,497,433]}