{"time":[3.013,3.229,3.4410000000000003,3.648,3.8720000000000003,4.107,4.349,4.618,4.835,5.04,5.221,5.423,5.631,5.846,6.102,6.314,6.538,6.7620000000000005,7.08,7.459,7.795999999999999,8.125,8.325,8.539,8.746,9.006,9.33,9.653,9.896,10.082,10.328000000000001,10.596000000000002,10.828000000000001,11.021,11.213000000000001,11.414000000000001,11.605000000000002,11.843000000000002,12.183000000000002,12.494000000000002,12.772000000000002],"fps":[4.173622704507513,4.173622704507513,4.173622704507513,4.173622704507513,4.508566275924256,4.508566275924256,4.508566275924256,4.508566275924256,4.508566275924256,4.280821917808219,4.280821917808219,4.280821917808219,4.280821917808219,4.280821917808219,4.708097928436912,4.708097928436912,4.708097928436912,4.708097928436912,4.708097928436912,3.6845983787767134,3.6845983787767134,3.6845983787767134,3.6845983787767134,3.7037037037037037,3.7037037037037037,3.7037037037037037,3.7037037037037037,3.5906642728904847,3.5906642728904847,3.5906642728904847,3.5906642728904847,3.5906642728904847,4.25531914893617,4.25531914893617,4.25531914893617,4.25531914893617,4.25531914893617,4.926108374384237,4.926108374384237,4.926108374384237,4.926108374384237],"raf":[250,216,212,207,224,235,242,269,217,205,181,202,208,215,256,212,224,224,318,379,337,329,200,214,207,260,324,323,243,186,246,268,232,193,192,201,191,238,340,311,278]}