{"time":[3.135,3.319,3.507,3.692,3.8770000000000002,4.064,4.249,4.436,4.622,4.81,4.997,5.1819999999999995,5.367999999999999,5.553999999999999,5.736,5.92,6.1049999999999995,6.289999999999999,6.473999999999999,6.661,6.845,7.028,7.2139999999999995,7.3999999999999995,7.584,7.779999999999999,7.97,8.156,8.342,8.615,8.838000000000001,9.042000000000002,9.237000000000002,9.427000000000001,9.615000000000002,9.805000000000001,9.988000000000001,10.175,10.359,10.541,10.728,10.927999999999999,11.106,11.286,11.469999999999999,11.655,11.838,12.024,12.207999999999998,12.393999999999998,12.578999999999999,12.761,12.944999999999999],"fps":[5.1063829787234045,5.1063829787234045,5.1063829787234045,5.1063829787234045,5.1063829787234045,5.1063829787234045,5.3859964093357275,5.3859964093357275,5.3859964093357275,5.3859964093357275,5.3859964093357275,5.3859964093357275,5.357142857142857,5.357142857142857,5.357142857142857,5.357142857142857,5.357142857142857,5.357142857142857,5.429864253393665,5.429864253393665,5.429864253393665,5.429864253393665,5.429864253393665,5.429864253393665,5.405405405405405,5.405405405405405,5.405405405405405,5.405405405405405,5.405405405405405,4.849660523763337,4.849660523763337,4.849660523763337,4.849660523763337,4.849660523763337,4.849660523763337,5.042016806722689,5.042016806722689,5.042016806722689,5.042016806722689,5.042016806722689,5.042016806722689,5.342831700801424,5.342831700801424,5.342831700801424,5.342831700801424,5.342831700801424,5.342831700801424,5.474452554744525,5.474452554744525,5.474452554744525,5.474452554744525,5.474452554744525,5.474452554744525],"raf":[184,184,188,185,185,187,185,187,186,188,187,185,187,185,182,184,185,185,184,187,184,183,186,186,184,196,191,185,186,273,223,204,195,190,188,190,183,187,184,182,188,199,178,180,184,185,183,186,184,185,185,182,184]}