{"time":[3.1760000000000006,3.400000000000001,3.6070000000000007,3.8000000000000007,3.9940000000000007,4.1930000000000005,4.384,4.575,4.766,4.959,5.138,5.342,5.531,5.725,5.911,6.103,6.287999999999999,6.470999999999999,6.661999999999999,6.840999999999999,7.026999999999999,7.217,7.404999999999999,7.608999999999999,7.800999999999999,7.9879999999999995,8.167,8.375,8.567,8.763,8.95,9.139999999999999,9.325999999999999,9.512999999999998,9.696999999999997,9.898999999999997,10.073999999999998,10.274999999999999,10.482,10.677999999999999,10.860999999999999,11.040999999999999,11.229999999999999,11.422999999999998,11.613999999999999,11.796,11.988,12.182,12.383000000000001,12.571000000000002,12.759000000000002,12.950000000000003],"fps":[3.8498556304138596,3.8498556304138596,3.8498556304138596,3.8498556304138596,3.8498556304138596,4.916420845624385,4.916420845624385,4.916420845624385,4.916420845624385,4.916420845624385,4.916420845624385,5.221932114882507,5.221932114882507,5.221932114882507,5.221932114882507,5.221932114882507,5.221932114882507,5.314437555358724,5.314437555358724,5.314437555358724,5.314437555358724,5.314437555358724,5.314437555358724,5.272407732864675,5.272407732864675,5.272407732864675,5.272407732864675,5.272407732864675,5.272407732864675,5.1993067590987865,5.1993067590987865,5.1993067590987865,5.1993067590987865,5.1993067590987865,5.1993067590987865,5.28169014084507,5.28169014084507,5.28169014084507,5.28169014084507,5.28169014084507,5.28169014084507,5.253940455341506,5.253940455341506,5.253940455341506,5.253940455341506,5.253940455341506,5.253940455341506,5.25854513584575,5.25854513584575,5.25854513584575,5.25854513584575,5.25854513584575],"raf":[205,224,207,193,194,199,191,191,191,193,179,204,189,194,186,193,184,183,191,179,186,190,188,204,192,187,180,207,192,196,187,190,186,187,184,202,175,201,207,196,183,180,189,193,191,182,192,194,201,188,188,191]}