{"time":[3.0100000000000007,3.061000000000001,3.125000000000001,3.177000000000001,3.2270000000000008,3.282000000000001,3.335000000000001,3.394000000000001,3.5090000000000012,3.598000000000001,3.6570000000000014,3.723000000000001,3.7870000000000013,3.8510000000000013,3.9240000000000013,3.9870000000000014,4.045000000000002,4.105000000000001,4.162000000000002,4.217000000000001,4.279000000000002,4.3370000000000015,4.392000000000001,4.460000000000001,4.523000000000001,4.589,4.65,4.706,4.799,4.853000000000001,4.907000000000001,4.971000000000001,5.039000000000001,5.113,5.165,5.233,5.298,5.356,5.412,5.475,5.534999999999999,5.592999999999999,5.656999999999999,5.720999999999999,5.780999999999999,5.825999999999999,5.882999999999999,5.933999999999999,5.988999999999999,6.036999999999999,6.095999999999999,6.1499999999999995,6.209,6.263999999999999,6.3309999999999995,6.388,6.439,6.49,6.543,6.6000000000000005,6.654000000000001,6.712000000000001,6.773000000000001,6.833,6.885,6.942,7.005,7.061,7.122,7.177,7.223999999999999,7.275999999999999,7.322999999999999,7.3969999999999985,7.457999999999998,7.509999999999998,7.569999999999998,7.639999999999998,7.701999999999998,7.752999999999998,7.808999999999998,7.860999999999998,7.917999999999998,7.967999999999998,8.021999999999998,8.073999999999998,8.142999999999999,8.200999999999999,8.261999999999999,8.322,8.376999999999999,8.440999999999999,8.508,8.563999999999998,8.604999999999999,8.658999999999999,8.706,8.761,8.83,8.891,8.945,9.018,9.096,9.167,9.251,9.325,9.389999999999999,9.443,9.509,9.564,9.626,9.684,9.757,9.815,9.885,9.945,10,10.054,10.11,10.163,10.221,10.289,10.35,10.402,10.453,10.504,10.557,10.618,10.682,10.737,10.813,10.870000000000001,10.924000000000001,10.986,11.041,11.097,11.166,11.227,11.287,11.342,11.397,11.455,11.499,11.564,11.631,11.682,11.742,11.801,11.854000000000001,11.948,12.022,12.084,12.152,12.209999999999999,12.289,12.368,12.44,12.498999999999999,12.557999999999998,12.621999999999998,12.682999999999998,12.740999999999998,12.794999999999998,12.855999999999998,12.923999999999998,12.967999999999998],"fps":[15.609756097560975,15.609756097560975,15.609756097560975,15.609756097560975,15.609756097560975,15.609756097560975,15.609756097560975,15.609756097560975,15.609756097560975,15.609756097560975,15.936254980079681,15.936254980079681,15.936254980079681,15.936254980079681,15.936254980079681,15.936254980079681,15.936254980079681,15.936254980079681,15.936254980079681,15.936254980079681,15.936254980079681,15.936254980079681,15.936254980079681,15.936254980079681,15.936254980079681,15.936254980079681,15.936254980079681,16.205910390848427,16.205910390848427,16.205910390848427,16.205910390848427,16.205910390848427,16.205910390848427,16.205910390848427,16.205910390848427,16.205910390848427,16.205910390848427,16.205910390848427,16.205910390848427,16.205910390848427,16.205910390848427,16.205910390848427,16.205910390848427,15.763546798029557,15.763546798029557,15.763546798029557,15.763546798029557,15.763546798029557,15.763546798029557,15.763546798029557,15.763546798029557,15.763546798029557,15.763546798029557,15.763546798029557,15.763546798029557,15.763546798029557,15.763546798029557,15.763546798029557,15.763546798029557,15.763546798029557,15.763546798029557,15.763546798029557,18.06083650190114,18.06083650190114,18.06083650190114,18.06083650190114,18.06083650190114,18.06083650190114,18.06083650190114,18.06083650190114,18.06083650190114,18.06083650190114,18.06083650190114,18.06083650190114,18.06083650190114,18.06083650190114,18.06083650190114,18.06083650190114,18.06083650190114,18.06083650190114,17.374517374517374,17.374517374517374,17.374517374517374,17.374517374517374,17.374517374517374,17.374517374517374,17.374517374517374,17.374517374517374,17.374517374517374,17.374517374517374,17.374517374517374,17.374517374517374,17.374517374517374,17.374517374517374,17.374517374517374,17.374517374517374,17.374517374517374,17.374517374517374,17.62977473065622,17.62977473065622,17.62977473065622,17.62977473065622,17.62977473065622,17.62977473065622,17.62977473065622,17.62977473065622,17.62977473065622,17.62977473065622,17.62977473065622,17.62977473065622,17.62977473065622,17.62977473065622,17.62977473065622,17.62977473065622,15.165876777251185,15.165876777251185,15.165876777251185,15.165876777251185,15.165876777251185,15.165876777251185,15.165876777251185,15.165876777251185,15.165876777251185,15.165876777251185,15.165876777251185,15.165876777251185,15.165876777251185,15.165876777251185,15.165876777251185,15.165876777251185,15.165876777251185,15.165876777251185,17.307692307692307,17.307692307692307,17.307692307692307,17.307692307692307,17.307692307692307,17.307692307692307,17.307692307692307,17.307692307692307,17.307692307692307,17.307692307692307,17.307692307692307,17.307692307692307,17.307692307692307,17.307692307692307,17.307692307692307,17.307692307692307,17.307692307692307,16.617790811339198,16.617790811339198,16.617790811339198,16.617790811339198,16.617790811339198,16.617790811339198,16.617790811339198,16.617790811339198,16.617790811339198,16.617790811339198,16.617790811339198,16.617790811339198,16.617790811339198,16.617790811339198,16.617790811339198,16.617790811339198,15.686274509803921],"raf":[52,51,64,52,50,55,53,59,115,89,59,66,64,64,74,62,58,60,57,55,62,58,55,68,63,66,61,56,93,54,54,64,68,74,52,68,66,57,56,63,60,58,64,64,60,45,57,51,55,48,59,54,59,55,67,57,51,51,53,57,54,58,61,60,52,57,63,56,61,55,47,52,48,73,61,52,60,70,62,51,56,52,57,50,54,52,69,58,61,60,55,64,67,56,41,54,47,56,68,61,54,73,78,71,84,74,65,53,66,56,61,59,72,58,70,60,55,54,56,53,58,68,61,52,52,50,53,61,64,55,76,57,55,61,55,56,70,60,60,55,55,58,44,65,68,50,60,59,53,94,74,62,68,58,79,79,72,59,59,64,61,58,54,61,68,44]}