{"time":[3.319,3.782,4.277,4.822,5.498,6.027,6.535,7.111,7.718999999999999,8.234,8.747,9.229,9.655999999999999,10.062,10.484,10.894,11.295,11.738,12.228,12.737],"fps":[0.6305170239596469,1.8975332068311195,1.8975332068311195,1.8921475875118259,1.8921475875118259,1.6835016835016836,1.6835016835016836,1.845018450184502,1.845018450184502,1.7809439002671417,1.7809439002671417,1.7809439002671417,2.109704641350211,2.109704641350211,2.109704641350211,2.4232633279483036,2.4232633279483036,2.4232633279483036,2.2488755622188905,2.2488755622188905],"raf":[592,462,495,562,660,528,508,576,608,515,513,483,426,407,421,410,401,443,490,509]}