{"time":[3.172,3.4130000000000003,3.6580000000000004,3.9200000000000004,4.152,4.37,4.609,4.8629999999999995,5.061,5.303,5.606,5.8309999999999995,6.045999999999999,6.343999999999999,6.6419999999999995,6.904999999999999,7.1419999999999995,7.3839999999999995,7.6129999999999995,7.840999999999999,8.037999999999998,8.237999999999998,8.416999999999998,8.609999999999998,8.816999999999998,9.021999999999998,9.293,9.520999999999999,9.744,9.945,10.211,10.458,10.699,10.957,11.202,11.483,11.737,11.971,12.228,12.491999999999999,12.789],"fps":[4.266211604095563,4.266211604095563,4.266211604095563,4.266211604095563,4.266211604095563,4.173622704507513,4.173622704507513,4.173622704507513,4.173622704507513,4.173622704507513,4.0453074433656955,4.0453074433656955,4.0453074433656955,4.0453074433656955,3.861003861003861,3.861003861003861,3.861003861003861,3.861003861003861,3.861003861003861,4.166666666666667,4.166666666666667,4.166666666666667,4.166666666666667,4.166666666666667,4.166666666666667,5.084745762711864,5.084745762711864,5.084745762711864,5.084745762711864,5.084745762711864,4.205214465937763,4.205214465937763,4.205214465937763,4.205214465937763,4.205214465937763,3.930817610062893,3.930817610062893,3.930817610062893,3.930817610062893,3.964321110009911,3.964321110009911],"raf":[293,241,245,262,233,217,239,254,198,242,303,225,216,298,297,263,237,243,228,229,196,200,180,192,207,205,271,228,223,201,266,247,241,259,244,281,254,234,257,264,297]}