{"time":[3.0070000000000006,3.1010000000000004,3.1810000000000005,3.2690000000000006,3.3580000000000005,3.4420000000000006,3.5240000000000005,3.6110000000000007,3.6920000000000006,3.7960000000000007,3.876000000000001,3.956000000000001,4.0360000000000005,4.117000000000001,4.207000000000001,4.287000000000001,4.378000000000001,4.464000000000001,4.546000000000001,4.642000000000001,4.731000000000002,4.819000000000002,4.915000000000002,4.995000000000002,5.075000000000002,5.165000000000002,5.253000000000002,5.351000000000002,5.441000000000002,5.524000000000002,5.605000000000002,5.706000000000002,5.788000000000002,5.869000000000002,5.951000000000002,6.033000000000002,6.121000000000002,6.220000000000002,6.302000000000002,6.389000000000002,6.476000000000002,6.556000000000002,6.646000000000002,6.7280000000000015,6.822000000000002,6.902000000000002,6.983000000000002,7.065000000000002,7.1510000000000025,7.240000000000003,7.322000000000003,7.407000000000003,7.486000000000002,7.568000000000002,7.665000000000003,7.745000000000003,7.823000000000003,7.9040000000000035,7.996000000000003,8.075000000000003,8.156000000000002,8.242000000000003,8.333000000000002,8.411000000000001,8.492,8.571000000000002,8.650000000000002,8.732000000000003,8.832000000000003,8.914000000000003,9.000000000000004,9.078000000000003,9.154000000000003,9.242000000000003,9.323000000000002,9.404000000000002,9.486000000000002,9.569000000000003,9.650000000000002,9.741000000000001,9.822000000000001,9.904000000000002,9.987000000000002,10.070000000000002,10.161000000000001,10.247000000000002,10.330000000000002,10.416000000000002,10.501000000000003,10.584000000000003,10.668000000000003,10.759000000000002,10.847000000000001,10.928,11.010000000000002,11.093000000000002,11.176000000000002,11.258000000000003,11.363000000000003,11.445000000000004,11.554000000000004,11.634000000000004,11.740000000000004,11.861000000000004,11.960000000000004,12.071000000000005,12.154000000000005,12.253000000000005,12.357000000000005,12.437000000000005,12.519000000000005,12.601000000000006,12.696000000000007,12.791000000000007,12.874000000000008,12.954000000000008],"fps":[10.784313725490197,10.784313725490197,10.784313725490197,10.784313725490197,10.784313725490197,10.784313725490197,10.784313725490197,10.784313725490197,10.784313725490197,10.784313725490197,11.650485436893204,11.650485436893204,11.650485436893204,11.650485436893204,11.650485436893204,11.650485436893204,11.650485436893204,11.650485436893204,11.650485436893204,11.650485436893204,11.650485436893204,11.650485436893204,11.549566891241579,11.549566891241579,11.549566891241579,11.549566891241579,11.549566891241579,11.549566891241579,11.549566891241579,11.549566891241579,11.549566891241579,11.549566891241579,11.549566891241579,11.549566891241579,11.583011583011583,11.583011583011583,11.583011583011583,11.583011583011583,11.583011583011583,11.583011583011583,11.583011583011583,11.583011583011583,11.583011583011583,11.583011583011583,11.583011583011583,11.583011583011583,11.616650532429816,11.616650532429816,11.616650532429816,11.616650532429816,11.616650532429816,11.616650532429816,11.616650532429816,11.616650532429816,11.616650532429816,11.616650532429816,11.616650532429816,11.616650532429816,11.857707509881424,11.857707509881424,11.857707509881424,11.857707509881424,11.857707509881424,11.857707509881424,11.857707509881424,11.857707509881424,11.857707509881424,11.857707509881424,11.857707509881424,11.857707509881424,11.952191235059761,11.952191235059761,11.952191235059761,11.952191235059761,11.952191235059761,11.952191235059761,11.952191235059761,11.952191235059761,11.952191235059761,11.952191235059761,11.952191235059761,11.952191235059761,11.952191235059761,12.149532710280374,12.149532710280374,12.149532710280374,12.149532710280374,12.149532710280374,12.149532710280374,12.149532710280374,12.149532710280374,12.149532710280374,12.149532710280374,12.149532710280374,12.149532710280374,11.730205278592376,11.730205278592376,11.730205278592376,11.730205278592376,11.730205278592376,11.730205278592376,11.730205278592376,11.730205278592376,11.730205278592376,11.730205278592376,11.730205278592376,10.367577756833176,10.367577756833176,10.367577756833176,10.367577756833176,10.367577756833176,10.367577756833176,10.367577756833176,10.367577756833176,10.367577756833176,10.367577756833176],"raf":[80,94,80,88,89,84,82,87,81,104,80,80,80,81,90,80,91,86,82,96,89,87,96,80,81,89,88,98,90,83,81,101,82,81,82,83,87,99,82,87,87,80,90,82,94,80,82,81,86,89,82,85,79,82,97,80,78,81,92,80,80,86,91,79,80,79,79,82,100,82,86,78,76,88,81,81,82,83,81,91,81,82,83,83,91,86,83,86,85,83,84,91,88,81,82,83,83,82,105,82,109,80,106,121,99,111,83,99,104,80,82,82,95,95,83,80]}