{"time":[3.1640000000000006,3.3650000000000007,3.569000000000001,3.765000000000001,3.959000000000001,4.154000000000001,4.356000000000001,4.561000000000001,4.755000000000001,4.952000000000001,5.155000000000001,5.351000000000001,5.547000000000001,5.744000000000001,5.949000000000001,6.146000000000001,6.345000000000001,6.551000000000001,6.766000000000001,6.969000000000001,7.168000000000001,7.404000000000001,7.657000000000001,7.932000000000001,8.225000000000001,8.492,8.699000000000002,8.905000000000001,9.105,9.3,9.5,9.7,9.899999999999999,10.091999999999999,10.286,10.479,10.668,10.862,11.053,11.25,11.483,11.673,11.869,12.067,12.273,12.477,12.667,12.863],"fps":[4.916420845624385,4.916420845624385,4.916420845624385,4.916420845624385,4.916420845624385,5.059021922428331,5.059021922428331,5.059021922428331,5.059021922428331,5.059021922428331,4.995004995004995,4.995004995004995,4.995004995004995,4.995004995004995,4.995004995004995,4.995004995004995,5.042016806722689,5.042016806722689,5.042016806722689,5.042016806722689,5.042016806722689,4.721435316336166,4.721435316336166,4.721435316336166,4.721435316336166,3.676470588235294,3.676470588235294,3.676470588235294,3.676470588235294,3.676470588235294,4.9603174603174605,4.9603174603174605,4.9603174603174605,4.9603174603174605,4.9603174603174605,4.9603174603174605,5.132591958939265,5.132591958939265,5.132591958939265,5.132591958939265,5.132591958939265,4.9800796812749,4.9800796812749,4.9800796812749,4.9800796812749,4.9800796812749,4.9800796812749,5.042016806722689],"raf":[196,201,204,196,194,195,203,204,194,197,203,196,196,197,205,197,199,206,215,203,199,236,253,275,293,267,207,207,199,195,200,200,200,192,194,193,190,193,192,196,233,190,196,198,207,203,191,195]}