{"time":[3.3729999999999998,3.7199999999999998,4.053,4.418,4.723,5.036,5.351999999999999,5.659,5.976999999999999,6.276999999999999,6.562999999999999,6.877999999999999,7.171999999999999,7.472999999999999,7.769999999999999,8.072,8.389999999999999,8.668999999999999,8.969999999999999,9.284999999999998,9.611999999999998,9.941999999999998,10.258,10.667,11.026,11.357,11.664,11.975,12.285,12.597,12.905999999999999],"fps":[2.6690391459074734,2.7372262773722627,2.7372262773722627,2.7372262773722627,2.991026919242273,2.991026919242273,2.991026919242273,2.991026919242273,3.189792663476874,3.189792663476874,3.189792663476874,3.189792663476874,3.3472803347280333,3.3472803347280333,3.3472803347280333,3.3472803347280333,3.284072249589491,3.284072249589491,3.284072249589491,3.284072249589491,3.2733224222585924,3.2733224222585924,3.2733224222585924,2.843601895734597,2.843601895734597,2.843601895734597,2.843601895734597,3.058103975535168,3.058103975535168,3.058103975535168,3.058103975535168],"raf":[375,347,333,365,305,313,316,307,318,300,286,315,294,301,297,302,318,279,301,315,327,330,316,409,359,331,307,311,310,312,309]}