{"time":[3.089,3.386,3.717,4.014,4.3260000000000005,4.656000000000001,4.977,5.293,5.586,5.8790000000000004,6.184,6.4910000000000005,6.797000000000001,7.094,7.390000000000001,7.7,8.007,8.302,8.618,8.932,9.279,9.644,10.039,10.344,10.66,10.965,11.264,11.562999999999999,11.887999999999998,12.188999999999998,12.505999999999998,12.826999999999998],"fps":[2.982848620432513,2.982848620432513,2.982848620432513,3.21285140562249,3.21285140562249,3.21285140562249,3.21285140562249,3.127443315089914,3.127443315089914,3.127443315089914,3.127443315089914,3.33889816360601,3.33889816360601,3.33889816360601,3.33889816360601,3.3085194375516958,3.3085194375516958,3.3085194375516958,3.3085194375516958,3.2467532467532467,3.2467532467532467,3.2467532467532467,2.710027100271003,2.710027100271003,2.710027100271003,2.710027100271003,3.2653061224489797,3.2653061224489797,3.2653061224489797,3.2653061224489797,3.2206119162640903,3.2206119162640903],"raf":[320,297,331,297,312,330,321,316,293,293,305,307,306,297,296,310,307,295,316,314,347,365,395,306,315,305,299,299,325,301,317,321]}