{"time":[3.0709999999999997,3.243,3.437,3.617,3.818,4.071,4.277,4.469,4.648000000000001,4.828,5.015000000000001,5.198,5.376,5.558000000000001,5.738,5.9190000000000005,6.102,6.284000000000001,6.469,6.6450000000000005,6.829000000000001,7.007000000000001,7.195,7.368,7.555000000000001,7.7540000000000004,7.928000000000001,8.109,8.295,8.477,8.685,8.866,9.046999999999999,9.220999999999998,9.397999999999998,9.578999999999997,9.759999999999996,9.947999999999997,10.141999999999998,10.319999999999999,10.518999999999998,10.697,10.873,11.052,11.248999999999999,11.444999999999999,11.618999999999998,11.796999999999999,11.972,12.149,12.328999999999999,12.507,12.685,12.875],"fps":[5.30035335689046,5.30035335689046,5.30035335689046,5.30035335689046,5.30035335689046,5.30035335689046,4.975124378109452,4.975124378109452,4.975124378109452,4.975124378109452,4.975124378109452,4.975124378109452,5.45950864422202,5.45950864422202,5.45950864422202,5.45950864422202,5.45950864422202,5.45950864422202,5.489478499542543,5.489478499542543,5.489478499542543,5.489478499542543,5.489478499542543,5.489478499542543,5.524861878453039,5.524861878453039,5.524861878453039,5.524861878453039,5.524861878453039,5.524861878453039,5.3097345132743365,5.3097345132743365,5.3097345132743365,5.3097345132743365,5.3097345132743365,5.3097345132743365,5.5813953488372094,5.5813953488372094,5.5813953488372094,5.5813953488372094,5.5813953488372094,5.5813953488372094,5.390835579514825,5.390835579514825,5.390835579514825,5.390835579514825,5.390835579514825,5.390835579514825,5.45950864422202,5.45950864422202,5.45950864422202,5.45950864422202,5.45950864422202,5.45950864422202],"raf":[178,172,194,180,201,253,206,192,179,180,187,183,178,182,180,181,183,182,185,176,184,178,188,173,187,199,174,181,186,182,208,181,181,174,177,181,181,188,194,178,199,178,176,179,197,196,174,178,175,177,180,178,178,190]}