{"time":[3.027000000000001,3.125000000000001,3.220000000000001,3.301000000000001,3.366000000000001,3.437000000000001,3.518000000000001,3.612000000000001,3.700000000000001,3.785000000000001,3.871000000000001,3.963000000000001,4.119000000000001,4.2250000000000005,4.3260000000000005,4.4190000000000005,4.5200000000000005,4.602,4.681,4.777,4.875,4.962,5.045999999999999,5.140999999999999,5.238999999999999,5.330999999999999,5.408999999999999,5.498999999999999,5.591999999999999,5.672999999999999,5.763999999999999,5.847999999999999,5.931999999999999,6.019999999999999,6.104999999999999,6.1949999999999985,6.2879999999999985,6.362999999999999,6.450999999999999,6.548999999999999,6.620999999999999,6.7189999999999985,6.822999999999999,6.931999999999999,7.023999999999998,7.116999999999998,7.201999999999998,7.2799999999999985,7.372999999999998,7.470999999999998,7.554999999999998,7.640999999999998,7.7109999999999985,7.804999999999999,7.900999999999999,7.974999999999999,8.065999999999999,8.136,8.221,8.304,8.382,8.459999999999999,8.540999999999999,8.646999999999998,8.730999999999998,8.811999999999998,8.893999999999998,8.977999999999998,9.056999999999999,9.139,9.210999999999999,9.296999999999999,9.379,9.466999999999999,9.546,9.626,9.716999999999999,9.777999999999999,9.861999999999998,9.939999999999998,10.031999999999998,10.115999999999998,10.195999999999998,10.258999999999999,10.346999999999998,10.436999999999998,10.516999999999998,10.599999999999998,10.686999999999998,10.759999999999998,10.851999999999999,10.918,11,11.072,11.171,11.241999999999999,11.334,11.436,11.522,11.598,11.694,11.777000000000001,11.856000000000002,11.937000000000001,12.012,12.094000000000001,12.188,12.275,12.352,12.433,12.519,12.592,12.666,12.736,12.824,12.908,12.981],"fps":[10.899182561307901,10.899182561307901,10.899182561307901,10.899182561307901,10.899182561307901,11.204481792717086,11.204481792717086,11.204481792717086,11.204481792717086,11.204481792717086,11.204481792717086,11.204481792717086,11.204481792717086,11.204481792717086,11.204481792717086,11.204481792717086,10.156971375807942,10.156971375807942,10.156971375807942,10.156971375807942,10.156971375807942,10.156971375807942,10.156971375807942,10.156971375807942,10.156971375807942,10.156971375807942,10.156971375807942,10.156971375807942,11.194029850746269,11.194029850746269,11.194029850746269,11.194029850746269,11.194029850746269,11.194029850746269,11.194029850746269,11.194029850746269,11.194029850746269,11.194029850746269,11.194029850746269,11.194029850746269,11.661807580174926,11.661807580174926,11.661807580174926,11.661807580174926,11.661807580174926,11.661807580174926,11.661807580174926,11.661807580174926,11.661807580174926,11.661807580174926,11.661807580174926,10.784313725490197,10.784313725490197,10.784313725490197,10.784313725490197,10.784313725490197,10.784313725490197,10.784313725490197,10.784313725490197,10.784313725490197,10.784313725490197,10.784313725490197,10.784313725490197,11.928429423459244,11.928429423459244,11.928429423459244,11.928429423459244,11.928429423459244,11.928429423459244,11.928429423459244,11.928429423459244,11.928429423459244,11.928429423459244,11.928429423459244,11.928429423459244,11.928429423459244,12.149532710280374,12.149532710280374,12.149532710280374,12.149532710280374,12.149532710280374,12.149532710280374,12.149532710280374,12.149532710280374,12.149532710280374,12.149532710280374,12.149532710280374,12.149532710280374,12.149532710280374,12.464046021093,12.464046021093,12.464046021093,12.464046021093,12.464046021093,12.464046021093,12.464046021093,12.464046021093,12.464046021093,12.464046021093,12.464046021093,12.464046021093,11.799410029498524,11.799410029498524,11.799410029498524,11.799410029498524,11.799410029498524,11.799410029498524,11.799410029498524,11.799410029498524,11.799410029498524,11.799410029498524,11.799410029498524,11.799410029498524,11.799410029498524,12.41642788920726,12.41642788920726,12.41642788920726],"raf":[93,97,95,81,65,71,81,94,88,85,86,92,156,106,101,93,101,82,79,96,98,87,84,95,98,92,78,90,93,81,91,84,84,88,85,90,93,76,87,98,72,98,104,109,92,93,85,78,93,98,84,86,70,94,96,74,91,70,85,84,77,78,82,105,84,81,82,84,79,82,72,86,82,88,79,80,91,61,84,78,92,84,80,63,88,90,80,83,87,73,92,66,82,72,99,72,91,102,86,76,96,83,79,81,75,83,93,87,77,81,86,73,74,70,88,84,73]}