{"time":[3.0540000000000003,3.115,3.1790000000000003,3.236,3.306,3.383,3.443,3.5140000000000002,3.5860000000000003,3.6420000000000003,3.7070000000000003,3.769,3.833,3.8880000000000003,3.9480000000000004,4.007000000000001,4.074000000000001,4.133000000000001,4.197000000000001,4.258000000000001,4.317000000000001,4.381000000000001,4.447000000000001,4.514000000000001,4.582000000000001,4.662000000000001,4.760000000000001,4.837000000000001,4.917000000000001,4.984000000000001,5.064000000000001,5.135000000000001,5.2010000000000005,5.265000000000001,5.338000000000001,5.405000000000001,5.480000000000001,5.550000000000002,5.618000000000001,5.683000000000002,5.741000000000001,5.812000000000001,5.877000000000002,5.940000000000001,6.016000000000001,6.080000000000001,6.143000000000001,6.204000000000001,6.271000000000001,6.340000000000001,6.407000000000001,6.474000000000001,6.535000000000001,6.602000000000001,6.668000000000001,6.738000000000001,6.804000000000001,6.866000000000001,6.931000000000002,6.996000000000002,7.060000000000002,7.131000000000002,7.191000000000002,7.249000000000001,7.316000000000002,7.384000000000001,7.455000000000001,7.518000000000001,7.581,7.649,7.713,7.773,7.835999999999999,7.903,7.970999999999999,8.030999999999999,8.098999999999998,8.162999999999998,8.224999999999998,8.290999999999999,8.350999999999999,8.408999999999999,8.469,8.533,8.604999999999999,8.684,8.755999999999998,8.815999999999999,8.877999999999998,8.947999999999999,9.009999999999998,9.074999999999998,9.158999999999997,9.226999999999997,9.296999999999997,9.356999999999998,9.418999999999997,9.483999999999996,9.554999999999996,9.637999999999996,9.707999999999997,9.783999999999997,9.857999999999997,9.943999999999997,10.004999999999997,10.071999999999997,10.129999999999997,10.193999999999997,10.257999999999997,10.316999999999997,10.378999999999996,10.441999999999997,10.506999999999996,10.580999999999996,10.648999999999996,10.709999999999996,10.773999999999996,10.840999999999996,10.905999999999995,10.974999999999996,11.038999999999996,11.103999999999996,11.176999999999996,11.292999999999996,11.399999999999995,11.525999999999994,11.645999999999994,11.768999999999993,11.911999999999994,12.069999999999993,12.237999999999992,12.374999999999993,12.510999999999992,12.664999999999992,12.804999999999993,12.951999999999993],"fps":[15.0093808630394,15.0093808630394,15.0093808630394,15.0093808630394,15.0093808630394,15.0093808630394,15.0093808630394,14.792899408284024,14.792899408284024,14.792899408284024,14.792899408284024,14.792899408284024,14.792899408284024,14.792899408284024,14.792899408284024,14.792899408284024,14.792899408284024,14.792899408284024,14.792899408284024,14.792899408284024,14.792899408284024,14.792899408284024,14.792899408284024,14.792899408284024,15.917602996254681,15.917602996254681,15.917602996254681,15.917602996254681,15.917602996254681,15.917602996254681,15.917602996254681,15.917602996254681,15.917602996254681,15.917602996254681,15.917602996254681,15.917602996254681,15.917602996254681,15.917602996254681,13.513513513513514,13.513513513513514,13.513513513513514,13.513513513513514,13.513513513513514,13.513513513513514,13.513513513513514,13.513513513513514,13.513513513513514,13.513513513513514,13.513513513513514,13.513513513513514,13.513513513513514,13.513513513513514,13.513513513513514,13.513513513513514,15.238095238095237,15.238095238095237,15.238095238095237,15.238095238095237,15.238095238095237,15.238095238095237,15.238095238095237,15.238095238095237,15.238095238095237,15.238095238095237,15.238095238095237,15.238095238095237,15.238095238095237,15.238095238095237,15.238095238095237,15.238095238095237,15.311004784688995,15.311004784688995,15.311004784688995,15.311004784688995,15.311004784688995,15.311004784688995,15.311004784688995,15.311004784688995,15.311004784688995,15.311004784688995,15.311004784688995,15.311004784688995,15.311004784688995,15.311004784688995,15.311004784688995,15.311004784688995,15.340364333652925,15.340364333652925,15.340364333652925,15.340364333652925,15.340364333652925,15.340364333652925,15.340364333652925,15.340364333652925,15.340364333652925,15.340364333652925,15.340364333652925,15.340364333652925,15.340364333652925,15.340364333652925,15.340364333652925,14.591439688715953,14.591439688715953,14.591439688715953,14.591439688715953,14.591439688715953,14.591439688715953,14.591439688715953,14.591439688715953,14.591439688715953,14.591439688715953,14.591439688715953,14.591439688715953,14.591439688715953,14.591439688715953,14.591439688715953,14.591439688715953,15.137180700094607,15.137180700094607,15.137180700094607,15.137180700094607,15.137180700094607,15.137180700094607,15.137180700094607,15.137180700094607,15.137180700094607,15.137180700094607,15.137180700094607,10.27077497665733,10.27077497665733,10.27077497665733,10.27077497665733,10.27077497665733,10.27077497665733,10.27077497665733,6.730769230769231],"raf":[71,61,64,57,70,77,60,71,72,56,65,62,64,55,60,59,67,59,64,61,59,64,66,67,68,80,98,77,80,67,80,71,66,64,73,67,75,70,68,65,58,71,65,63,76,64,63,61,67,69,67,67,61,67,66,70,66,62,65,65,64,71,60,58,67,68,71,63,63,68,64,60,63,67,68,60,68,64,62,66,60,58,60,64,72,79,72,60,62,70,62,65,84,68,70,60,62,65,71,84,69,76,74,86,61,67,58,64,64,60,61,63,65,74,68,61,64,67,65,69,64,65,73,116,107,126,120,123,143,158,168,137,136,154,140,147]}