{"time":[3.105,3.493,3.814,4.158,4.498,4.811,5.159,5.498,5.837000000000001,6.160000000000001,6.499000000000001,6.830000000000002,7.175000000000002,7.475000000000001,7.804000000000001,8.139000000000001,8.477,8.791,9.119,9.443999999999999,9.752999999999998,10.088999999999999,10.395999999999999,10.715,11.065,11.415,11.767,12.093,12.416,12.76],"fps":[2.73972602739726,2.73972602739726,2.73972602739726,2.849002849002849,2.849002849002849,2.849002849002849,2.997002997002997,2.997002997002997,2.997002997002997,2.997002997002997,2.997002997002997,2.997002997002997,2.955665024630542,2.955665024630542,2.955665024630542,2.955665024630542,3.0721966205837172,3.0721966205837172,3.0721966205837172,3.0721966205837172,3.134796238244514,3.134796238244514,3.134796238244514,3.134796238244514,3.048780487804878,3.048780487804878,3.048780487804878,2.9182879377431905,2.9182879377431905,2.9182879377431905],"raf":[449,388,321,344,340,313,348,339,339,323,339,331,345,300,329,335,338,314,328,325,309,336,307,319,350,350,352,326,323,344]}