{"time":[3.027,3.116,3.204,3.286,3.366,3.455,3.533,3.612,3.692,3.766,3.841,3.915,3.993,4.09,4.188,4.279999999999999,4.361,4.439,4.515,4.6,4.681,4.752,4.835,4.914,4.986,5.071,5.164,5.2379999999999995,5.329,5.428999999999999,5.497999999999999,5.616,5.713,5.788,5.861000000000001,5.931000000000001,6.001000000000001,6.068000000000001,6.136000000000001,6.203000000000001,6.270000000000001,6.338000000000001,6.404000000000001,6.470000000000001,6.540000000000001,6.6080000000000005,6.676,6.743,6.8100000000000005,6.8790000000000004,6.945,7.011,7.077,7.146,7.212,7.278,7.343999999999999,7.411,7.4799999999999995,7.545999999999999,7.6129999999999995,7.677,7.741,7.808,7.875,7.941,8.006,8.073,8.139000000000001,8.205000000000002,8.275000000000002,8.343000000000002,8.409000000000002,8.475000000000003,8.542000000000003,8.608000000000004,8.673000000000004,8.748000000000003,8.865000000000004,8.929000000000004,8.998000000000005,9.064000000000005,9.131000000000006,9.198000000000006,9.264000000000006,9.331000000000007,9.397000000000007,9.475000000000007,9.540000000000006,9.610000000000007,9.676000000000007,9.742000000000008,9.809000000000008,9.875000000000009,9.94100000000001,10.00700000000001,10.073000000000011,10.139000000000012,10.206000000000012,10.272000000000013,10.339000000000013,10.404000000000012,10.470000000000013,10.536000000000014,10.612000000000014,10.679000000000014,10.744000000000014,10.811000000000014,10.877000000000015,10.943000000000016,11.010000000000016,11.076000000000016,11.142000000000017,11.210000000000017,11.275000000000016,11.342000000000017,11.407000000000016,11.472000000000016,11.538000000000016,11.604000000000017,11.670000000000018,11.736000000000018,11.80200000000002,11.86800000000002,11.93400000000002,12.00200000000002,12.06700000000002,12.13300000000002,12.20000000000002,12.269000000000021,12.336000000000022,12.403000000000022,12.470000000000022,12.537000000000022,12.604000000000022,12.671000000000022,12.737000000000023,12.800000000000024,12.864000000000024,12.930000000000025,12.997000000000025],"fps":[9.980039920159681,9.980039920159681,9.980039920159681,9.980039920159681,9.980039920159681,9.980039920159681,10.338345864661655,10.338345864661655,10.338345864661655,10.338345864661655,10.338345864661655,10.338345864661655,10.338345864661655,10.338345864661655,10.338345864661655,10.338345864661655,10.338345864661655,10.338345864661655,10.338345864661655,12.18369259606373,12.18369259606373,12.18369259606373,12.18369259606373,12.18369259606373,12.18369259606373,12.18369259606373,12.18369259606373,12.18369259606373,12.18369259606373,12.18369259606373,12.18369259606373,11.811023622047244,11.811023622047244,11.811023622047244,11.811023622047244,11.811023622047244,11.811023622047244,11.811023622047244,11.811023622047244,11.811023622047244,11.811023622047244,11.811023622047244,11.811023622047244,11.811023622047244,11.811023622047244,11.811023622047244,14.150943396226415,14.150943396226415,14.150943396226415,14.150943396226415,14.150943396226415,14.150943396226415,14.150943396226415,14.150943396226415,14.150943396226415,14.150943396226415,14.150943396226415,14.150943396226415,14.150943396226415,14.150943396226415,14.150943396226415,14.985014985014985,14.985014985014985,14.985014985014985,14.985014985014985,14.985014985014985,14.985014985014985,14.985014985014985,14.985014985014985,14.985014985014985,14.985014985014985,14.985014985014985,14.985014985014985,14.985014985014985,14.985014985014985,14.985014985014985,14.985014985014985,14.939309056956116,14.939309056956116,14.939309056956116,14.939309056956116,14.939309056956116,14.939309056956116,14.939309056956116,14.939309056956116,14.939309056956116,14.939309056956116,14.939309056956116,14.939309056956116,14.939309056956116,14.939309056956116,14.939309056956116,14.137606032045241,14.137606032045241,14.137606032045241,14.137606032045241,14.137606032045241,14.137606032045241,14.137606032045241,14.137606032045241,14.137606032045241,14.137606032045241,14.137606032045241,14.137606032045241,14.137606032045241,14.137606032045241,14.137606032045241,14.970059880239521,14.970059880239521,14.970059880239521,14.970059880239521,14.970059880239521,14.970059880239521,14.970059880239521,14.970059880239521,14.970059880239521,14.970059880239521,14.970059880239521,14.970059880239521,14.970059880239521,14.970059880239521,14.970059880239521,14.970059880239521,15.137180700094607,15.137180700094607,15.137180700094607,15.137180700094607,15.137180700094607,15.137180700094607,15.137180700094607,15.137180700094607,15.137180700094607,15.137180700094607,15.137180700094607,15.137180700094607,15.137180700094607,15.137180700094607,15.137180700094607,15.137180700094607,15.065913370998116,15.065913370998116],"raf":[101,89,88,82,80,89,78,79,80,74,75,74,78,97,98,92,81,79,75,85,81,71,83,79,72,85,93,74,91,100,69,118,97,75,73,70,70,67,68,67,67,68,66,66,70,68,68,67,67,69,66,66,66,69,66,66,66,67,69,66,67,64,65,66,67,66,65,67,66,66,70,68,66,66,67,66,65,74,117,64,69,66,67,67,66,67,66,78,65,70,66,66,67,66,66,66,66,66,67,66,67,65,66,66,76,67,65,67,66,66,67,66,66,68,65,67,65,65,66,66,66,66,66,66,66,68,65,66,67,69,67,67,67,67,67,67,66,63,64,66,67]}