{"time":[3.0500000000000003,3.415,3.828,4.293,4.988,5.9270000000000005,6.633000000000001,7.087000000000001,7.4910000000000005,7.896000000000001,8.404,8.972999999999999,9.462,10.041,10.628,11.037,11.592,12.265],"fps":[4.929577464788732,2.3510971786833856,2.3510971786833856,2.3510971786833856,1.9071837253655435,1.9071837253655435,1.21580547112462,1.21580547112462,1.21580547112462,2.375296912114014,2.375296912114014,1.8570102135561746,1.8570102135561746,1.8726591760299625,1.8726591760299625,1.8726591760299625,1.9342359767891684,1.9342359767891684],"raf":[517,365,413,465,695,939,706,454,404,405,508,569,489,579,587,409,555,673]}