{"time":[3.066,3.2279999999999998,3.38,3.534,3.6689999999999996,3.8269999999999995,4.023,4.202,4.379,4.563999999999999,4.7989999999999995,4.962,5.145,5.295,5.4719999999999995,5.669,5.859999999999999,6.0569999999999995,6.2909999999999995,6.494999999999999,6.787999999999999,7.068999999999999,7.251999999999999,7.411999999999999,7.594999999999999,7.722999999999999,7.878999999999999,8.040999999999999,8.188999999999998,8.337999999999997,8.494999999999997,8.670999999999998,8.876999999999997,9.052999999999997,9.217999999999996,9.361999999999997,9.510999999999996,9.663999999999996,9.822999999999997,9.997999999999998,10.158999999999997,10.341999999999997,10.498999999999997,10.664999999999997,10.844999999999997,10.995999999999997,11.179999999999996,11.360999999999995,11.520999999999995,11.676999999999996,11.865999999999996,12.069999999999997,12.229999999999997,12.373999999999997,12.520999999999997,12.684999999999997,12.829999999999997,12.985999999999997],"fps":[6.566604127579738,6.566604127579738,6.566604127579738,6.566604127579738,6.283662477558348,6.283662477558348,6.283662477558348,6.283662477558348,6.283662477558348,6.283662477558348,5.3097345132743365,5.3097345132743365,5.3097345132743365,5.3097345132743365,5.3097345132743365,5.3097345132743365,5.655042412818096,5.655042412818096,5.655042412818096,5.655042412818096,5.655042412818096,4.1356492969396195,4.1356492969396195,4.1356492969396195,4.1356492969396195,4.1356492969396195,4.1356492969396195,4.1356492969396195,6.25,6.25,6.25,6.25,6.25,6.25,5.830903790087463,5.830903790087463,5.830903790087463,5.830903790087463,5.830903790087463,5.830903790087463,5.830903790087463,6.227758007117438,6.227758007117438,6.227758007117438,6.227758007117438,6.227758007117438,6.227758007117438,5.888125613346418,5.888125613346418,5.888125613346418,5.888125613346418,5.888125613346418,5.888125613346418,5.923000987166831,5.923000987166831,5.923000987166831,5.923000987166831,5.923000987166831],"raf":[149,162,152,154,135,158,196,179,177,185,234,163,183,151,176,197,190,197,234,204,293,281,183,160,183,129,155,162,148,149,157,176,206,176,165,144,149,153,159,175,161,183,157,166,180,151,184,181,160,156,189,204,160,144,147,164,145,156]}