{"time":[3.1730000000000005,3.4960000000000004,3.8320000000000003,4.16,4.473,4.7909999999999995,5.135999999999999,5.460999999999999,5.786,6.1049999999999995,6.465,6.804,7.175000000000001,7.524000000000001,7.8500000000000005,8.190000000000001,8.509000000000002,8.814000000000002,9.130000000000003,9.455000000000002,9.807000000000002,10.176000000000002,10.504000000000001,10.851,11.198,11.552,11.921,12.366999999999999],"fps":[2.6263952724885096,2.9239766081871346,2.9239766081871346,2.9239766081871346,2.9239766081871346,3.088803088803089,3.088803088803089,3.088803088803089,3.088803088803089,3.0441400304414,3.0441400304414,3.0441400304414,2.803738317757009,2.803738317757009,2.803738317757009,2.955665024630542,2.955665024630542,2.955665024630542,2.955665024630542,3.1620553359683794,3.1620553359683794,3.1620553359683794,2.8598665395614873,2.8598665395614873,2.8598665395614873,2.8625954198473282,2.8625954198473282,2.8625954198473282],"raf":[334,323,336,328,313,318,345,326,324,319,360,339,371,349,326,340,319,305,316,325,352,369,328,347,347,354,369,446]}