{"time":[3.242,3.413,3.5919999999999996,3.7789999999999995,3.9369999999999994,4.1659999999999995,4.3389999999999995,4.569999999999999,4.903999999999999,5.113999999999999,5.303999999999999,5.510999999999999,5.683999999999999,5.850999999999999,6.011999999999999,6.216999999999999,6.375999999999999,6.540999999999999,6.709999999999998,6.870999999999998,7.030999999999998,7.192999999999998,7.368999999999998,7.542999999999998,7.701999999999998,7.8599999999999985,8.024,8.183,8.343,8.506,8.677,8.837,9.007,9.155999999999999,9.313999999999998,9.474999999999998,9.636999999999999,9.793999999999999,9.957999999999998,10.188999999999998,10.360999999999999,10.531999999999998,10.690999999999999,10.853,11.020999999999999,11.18,11.326,11.499,11.684000000000001,11.847000000000001,12.016000000000002,12.192000000000002,12.350000000000001,12.504000000000001,12.653,12.84,12.998],"fps":[4.370629370629371,4.370629370629371,4.370629370629371,4.370629370629371,4.975124378109452,4.975124378109452,4.975124378109452,4.975124378109452,4.975124378109452,4.248088360237893,4.248088360237893,4.248088360237893,4.248088360237893,4.248088360237893,4.248088360237893,5.439709882139619,5.439709882139619,5.439709882139619,5.439709882139619,5.439709882139619,5.439709882139619,5.439709882139619,6.076388888888889,6.076388888888889,6.076388888888889,6.076388888888889,6.076388888888889,6.076388888888889,6.076388888888889,6.156552330694811,6.156552330694811,6.156552330694811,6.156552330694811,6.156552330694811,6.156552330694811,6.156552330694811,6.18921308576481,6.18921308576481,6.18921308576481,6.18921308576481,6.18921308576481,6.18921308576481,5.692599620493358,5.692599620493358,5.692599620493358,5.692599620493358,5.692599620493358,5.692599620493358,5.692599620493358,6.055363321799308,6.055363321799308,6.055363321799308,6.055363321799308,6.055363321799308,6.055363321799308,6.055363321799308,6.081668114682884],"raf":[310,171,179,187,158,229,173,231,334,210,190,207,173,167,161,205,159,165,169,161,160,162,176,174,159,158,164,159,160,163,171,160,170,149,159,160,162,157,164,232,171,171,159,162,168,159,146,173,185,163,169,176,158,154,149,187,158]}