{"time":[3.0410000000000013,3.110000000000001,3.1780000000000013,3.247000000000001,3.316000000000001,3.3840000000000012,3.4520000000000013,3.522000000000001,3.590000000000001,3.6580000000000013,3.7290000000000014,3.7990000000000013,3.865000000000001,3.931000000000001,4.002000000000001,4.07,4.139,4.205,4.274,4.34,4.406,4.473,4.5409999999999995,4.609999999999999,4.677,4.742999999999999,4.810999999999999,4.877999999999999,4.943,5.01,5.079,5.145,5.210999999999999,5.276999999999999,5.343999999999999,5.417999999999999,5.484999999999999,5.555,5.622,5.691,5.774,5.842,5.909,5.975,6.042,6.109999999999999,6.175999999999999,6.241999999999999,6.308999999999999,6.374999999999999,6.440999999999999,6.506999999999999,6.576999999999999,6.642999999999999,6.709999999999999,6.775999999999999,6.845999999999999,6.911999999999999,6.977999999999999,7.044999999999999,7.111999999999999,7.177999999999999,7.244999999999999,7.311999999999999,7.377999999999999,7.444999999999999,7.512999999999999,7.581999999999999,7.647999999999999,7.716999999999999,7.782999999999999,7.849999999999999,7.914999999999999,7.980999999999999,8.047999999999998,8.113999999999999,8.181999999999999,8.252999999999998,8.323999999999998,8.399999999999999,8.566999999999998,8.691999999999998,8.854,8.960999999999999,9.056,9.149,9.238,9.328999999999999,9.416999999999998,9.498999999999999,9.581,9.663,9.745000000000001,9.825000000000001,9.907000000000002,9.993000000000002,10.077000000000002,10.159000000000002,10.245000000000003,10.328000000000003,10.411000000000003,10.493000000000004,10.576000000000004,10.660000000000004,10.752000000000004,10.845000000000004,10.935000000000004,11.030000000000005,11.123000000000005,11.221000000000005,11.329000000000006,11.419000000000006,11.508000000000006,11.599000000000006,11.693000000000005,11.781000000000004,11.867000000000004,11.953000000000005,12.036000000000005,12.121000000000006,12.208000000000006,12.296000000000005,12.383000000000004,12.467000000000004,12.552000000000005,12.636000000000005,12.721000000000005,12.808000000000005,12.896000000000004,12.981000000000005],"fps":[11.549566891241579,11.549566891241579,11.549566891241579,11.549566891241579,11.549566891241579,11.549566891241579,11.549566891241579,11.549566891241579,11.549566891241579,11.549566891241579,11.549566891241579,11.549566891241579,14.45086705202312,14.45086705202312,14.45086705202312,14.45086705202312,14.45086705202312,14.45086705202312,14.45086705202312,14.45086705202312,14.45086705202312,14.45086705202312,14.45086705202312,14.45086705202312,14.45086705202312,14.45086705202312,14.45086705202312,14.807502467917079,14.807502467917079,14.807502467917079,14.807502467917079,14.807502467917079,14.807502467917079,14.807502467917079,14.807502467917079,14.807502467917079,14.807502467917079,14.807502467917079,14.807502467917079,14.807502467917079,14.807502467917079,14.807502467917079,14.54898157129001,14.54898157129001,14.54898157129001,14.54898157129001,14.54898157129001,14.54898157129001,14.54898157129001,14.54898157129001,14.54898157129001,14.54898157129001,14.54898157129001,14.54898157129001,14.54898157129001,14.54898157129001,14.54898157129001,14.955134596211366,14.955134596211366,14.955134596211366,14.955134596211366,14.955134596211366,14.955134596211366,14.955134596211366,14.955134596211366,14.955134596211366,14.955134596211366,14.955134596211366,14.955134596211366,14.955134596211366,14.955134596211366,14.955134596211366,14.955134596211366,14.955134596211366,14.955134596211366,14.955134596211366,14.955134596211366,14.955134596211366,14.955134596211366,14.955134596211366,14.955134596211366,14.955134596211366,14.955134596211366,10.516252390057362,10.516252390057362,10.516252390057362,10.516252390057362,10.516252390057362,10.516252390057362,10.516252390057362,10.516252390057362,10.516252390057362,10.516252390057362,10.516252390057362,10.516252390057362,11.627906976744185,11.627906976744185,11.627906976744185,11.627906976744185,11.627906976744185,11.627906976744185,11.627906976744185,11.627906976744185,11.627906976744185,11.627906976744185,11.627906976744185,11.627906976744185,11.571841851494696,11.571841851494696,11.571841851494696,11.571841851494696,11.571841851494696,11.571841851494696,11.571841851494696,11.571841851494696,11.571841851494696,11.571841851494696,11.571841851494696,10.934393638170974,10.934393638170974,10.934393638170974,10.934393638170974,10.934393638170974,10.934393638170974,10.934393638170974,10.934393638170974,10.934393638170974,10.934393638170974,10.934393638170974,10.934393638170974],"raf":[72,69,68,69,69,68,68,70,68,68,71,70,66,66,71,68,69,66,69,66,66,67,68,69,67,66,68,67,65,67,69,66,66,66,67,74,67,70,67,69,83,68,67,66,67,68,66,66,67,66,66,66,70,66,67,66,70,66,67,66,67,66,67,67,66,67,68,69,67,68,66,67,65,66,67,66,68,71,71,76,167,125,162,107,95,93,89,91,88,82,82,82,82,80,82,86,84,82,86,83,83,82,83,84,92,93,90,95,93,99,107,90,89,91,94,88,86,86,83,85,87,88,87,84,85,84,85,87,88,85]}