{"time":[3.254,3.949,4.625,5.279,5.8919999999999995,6.712,7.391,8.058,8.736,9.526,10.196,10.814,11.577,12.304,12.891],"fps":[4.349401957230881,4.349401957230881,1.4587892049598834,1.4587892049598834,1.5785319652722967,1.5785319652722967,1.33422281521014,1.33422281521014,1.486988847583643,1.486988847583643,1.36986301369863,1.36986301369863,1.447178002894356,1.447178002894356,1.5232292460015233],"raf":[1821,695,676,654,613,820,679,667,678,790,670,618,764,726,587]}