{"time":[3.134,3.432,3.695,4.06,4.305999999999999,4.674999999999999,5.066999999999999,5.366999999999999,5.679999999999999,5.9209999999999985,6.158999999999999,6.496999999999999,6.921999999999999,7.153999999999999,7.506999999999999,8.036999999999999,8.376999999999999,8.640999999999998,8.922999999999998,9.201999999999998,9.511999999999999,9.857999999999999,10.110999999999999,10.434,10.764,10.995,11.303999999999998,11.716999999999999,12.046999999999999,12.412999999999998,12.745],"fps":[2.6619343389529724,2.6619343389529724,2.6223776223776225,2.6223776223776225,2.6223776223776225,2.6223776223776225,2.9154518950437316,2.9154518950437316,2.9154518950437316,2.9154518950437316,3.663003663003663,3.663003663003663,3.663003663003663,3.663003663003663,2.9673590504451037,2.9673590504451037,2.9673590504451037,2.6455026455026456,2.6455026455026456,2.6455026455026456,2.6455026455026456,3.286770747740345,3.286770747740345,3.286770747740345,3.286770747740345,3.5180299032541775,3.5180299032541775,3.5180299032541775,2.8517110266159698,2.8517110266159698,2.8517110266159698],"raf":[583,298,263,365,246,369,392,300,313,241,238,338,425,232,353,530,340,264,282,279,310,346,253,323,330,231,309,413,330,366,332]}