{"time":[3.1660000000000004,3.482,3.938,4.343,4.689,5.218,5.665,6.207,6.834,7.483,7.874,8.176,8.677,9.241999999999999,9.838999999999999,10.201999999999998,10.572999999999999,11.072,11.414,11.754999999999999,12.068999999999999,12.389999999999999,12.775999999999998],"fps":[2.0134228187919465,2.0134228187919465,2.0134228187919465,2.548853016142736,2.548853016142736,2.548853016142736,2.26928895612708,2.26928895612708,1.7108639863130881,1.7108639863130881,1.9230769230769231,1.9230769230769231,1.9230769230769231,2.192982456140351,2.192982456140351,2.192982456140351,2.2539444027047333,2.2539444027047333,2.2539444027047333,2.5380710659898478,2.5380710659898478,2.5380710659898478,2.9382957884427032],"raf":[660,316,456,405,346,529,447,542,627,649,391,302,501,565,597,363,371,499,342,341,314,321,386]}