{"time":[3.0409999999999995,3.1549999999999994,3.2579999999999996,3.3619999999999997,3.4639999999999995,3.5649999999999995,3.6689999999999996,3.772,3.875,3.976,4.079,4.178999999999999,4.281,4.386,4.488,4.5920000000000005,4.695,4.797000000000001,4.899000000000001,5.001000000000001,5.1030000000000015,5.206000000000001,5.310000000000001,5.412000000000002,5.514000000000002,5.617000000000002,5.719000000000002,5.822000000000002,5.925000000000002,6.029000000000002,6.131000000000002,6.233000000000002,6.338000000000003,6.440000000000003,6.540000000000003,6.6430000000000025,6.743000000000002,6.845000000000002,6.948000000000002,7.055000000000002,7.156000000000002,7.257000000000002,7.360000000000002,7.464000000000002,7.564000000000002,7.665000000000002,7.767000000000002,7.8720000000000026,7.988000000000002,8.091000000000003,8.197000000000003,8.301000000000002,8.402000000000003,8.507000000000003,8.611000000000002,8.710000000000003,8.822000000000003,8.941000000000003,9.047000000000002,9.164000000000003,9.288000000000004,9.392000000000003,9.507000000000003,9.631000000000004,9.735000000000003,9.842000000000002,9.957000000000003,10.084000000000003,10.189000000000004,10.334000000000003,10.437000000000003,10.542000000000003,10.651000000000003,10.756000000000004,10.856000000000003,10.956000000000003,11.058000000000003,11.157000000000004,11.258000000000004,11.358000000000004,11.461000000000004,11.562000000000005,11.665000000000004,11.768000000000004,11.873000000000005,11.976000000000004,12.076000000000004,12.179000000000004,12.279000000000003,12.380000000000004,12.485000000000005,12.586000000000006,12.688000000000006,12.792000000000005,12.892000000000005,12.993000000000006],"fps":[7.766990291262136,7.766990291262136,7.766990291262136,7.766990291262136,7.766990291262136,7.766990291262136,7.766990291262136,7.766990291262136,7.766990291262136,9.532888465204957,9.532888465204957,9.532888465204957,9.532888465204957,9.532888465204957,9.532888465204957,9.532888465204957,9.532888465204957,9.532888465204957,9.532888465204957,9.75609756097561,9.75609756097561,9.75609756097561,9.75609756097561,9.75609756097561,9.75609756097561,9.75609756097561,9.75609756097561,9.75609756097561,9.75609756097561,9.727626459143968,9.727626459143968,9.727626459143968,9.727626459143968,9.727626459143968,9.727626459143968,9.727626459143968,9.727626459143968,9.727626459143968,9.727626459143968,9.746588693957115,9.746588693957115,9.746588693957115,9.746588693957115,9.746588693957115,9.746588693957115,9.746588693957115,9.746588693957115,9.746588693957115,9.746588693957115,9.652509652509652,9.652509652509652,9.652509652509652,9.652509652509652,9.652509652509652,9.652509652509652,9.652509652509652,9.652509652509652,9.652509652509652,9.652509652509652,9.319664492078285,9.319664492078285,9.319664492078285,9.319664492078285,9.319664492078285,9.319664492078285,9.319664492078285,9.319664492078285,9.319664492078285,8.78048780487805,8.78048780487805,8.78048780487805,8.78048780487805,8.78048780487805,8.78048780487805,8.78048780487805,8.78048780487805,8.78048780487805,8.78048780487805,9.354536950420954,9.354536950420954,9.354536950420954,9.354536950420954,9.354536950420954,9.354536950420954,9.354536950420954,9.354536950420954,9.354536950420954,9.354536950420954,9.79431929480901,9.79431929480901,9.79431929480901,9.79431929480901,9.79431929480901,9.79431929480901,9.79431929480901,9.79431929480901],"raf":[114,114,103,105,101,101,104,103,103,101,103,100,102,106,101,104,103,102,102,102,102,104,104,101,102,103,102,103,103,104,102,103,104,102,100,103,100,102,103,107,101,101,103,104,100,101,102,105,116,103,106,104,101,105,104,100,111,119,106,117,124,104,115,124,104,107,115,127,105,145,103,105,109,106,99,100,102,99,101,100,103,101,103,103,105,103,100,103,100,101,105,101,102,104,100,101]}