{"time":[3.0440000000000005,3.2270000000000003,3.4070000000000005,3.5910000000000006,3.7720000000000007,3.9540000000000006,4.132000000000001,4.311000000000001,4.488,4.670000000000001,4.848000000000001,5.0280000000000005,5.210000000000001,5.396000000000001,5.588000000000001,5.811000000000001,6.014000000000001,6.214000000000001,6.4140000000000015,6.616000000000001,6.817000000000001,7.0150000000000015,7.215000000000002,7.425000000000002,7.644000000000002,7.867000000000002,8.090000000000002,8.319,8.556000000000001,8.806000000000001,9.042000000000002,9.269000000000002,9.491000000000001,9.711000000000002,9.933000000000002,10.155000000000001,10.383000000000001,10.603000000000002,10.818000000000001,11.056000000000001,11.272,11.486,11.699,11.915,12.129999999999999,12.351999999999999,12.582999999999998,12.809],"fps":[5.221932114882507,5.352363960749331,5.352363960749331,5.352363960749331,5.352363960749331,5.352363960749331,5.352363960749331,5.535055350553505,5.535055350553505,5.535055350553505,5.535055350553505,5.535055350553505,5.535055350553505,5.529953917050691,5.529953917050691,5.529953917050691,5.529953917050691,5.529953917050691,4.911591355599215,4.911591355599215,4.911591355599215,4.911591355599215,4.911591355599215,4.945598417408506,4.945598417408506,4.945598417408506,4.945598417408506,4.945598417408506,4.420866489832007,4.420866489832007,4.420866489832007,4.420866489832007,4.420866489832007,4.329004329004329,4.329004329004329,4.329004329004329,4.329004329004329,4.329004329004329,4.5167118337850045,4.5167118337850045,4.5167118337850045,4.5167118337850045,4.5167118337850045,4.557885141294439,4.557885141294439,4.557885141294439,4.557885141294439,4.557885141294439],"raf":[180,183,181,183,181,182,178,179,177,182,178,180,182,186,192,223,203,200,200,202,201,198,200,210,219,223,223,229,237,250,236,227,222,220,222,222,228,220,215,238,216,214,213,216,215,222,231,226]}