{"time":[3.1010000000000004,3.2050000000000005,3.3100000000000005,3.4160000000000004,3.5230000000000006,3.6230000000000007,3.7270000000000008,3.8280000000000007,3.935000000000001,4.038000000000001,4.136000000000001,4.240000000000001,4.343000000000001,4.452000000000001,4.550000000000001,4.654000000000001,4.768000000000001,4.878000000000001,4.989000000000001,5.088000000000001,5.192000000000001,5.298000000000001,5.402000000000001,5.535000000000001,5.634000000000001,5.733000000000001,5.832000000000002,5.965000000000002,6.062000000000002,6.162000000000002,6.279000000000002,6.384000000000002,6.490000000000002,6.624000000000002,6.720000000000002,6.819000000000003,6.920000000000003,7.041000000000002,7.138000000000003,7.235000000000003,7.346000000000003,7.455000000000003,7.5580000000000025,7.661000000000002,7.764000000000002,7.864000000000002,7.9620000000000015,8.062000000000001,8.158000000000001,8.252,8.348,8.450000000000001,8.543000000000001,8.643,8.741000000000001,8.837000000000002,8.934000000000001,9.028,9.127,9.223,9.343,9.442,9.543000000000001,9.642000000000001,9.757000000000001,9.858000000000002,9.958000000000002,10.060000000000002,10.160000000000002,10.262000000000002,10.382000000000001,10.487000000000002,10.589000000000002,10.693000000000001,10.797,10.902000000000001,11.009,11.120000000000001,11.219000000000001,11.328000000000001,11.431000000000001,11.534,11.635000000000002,11.737000000000002,11.854000000000003,11.959000000000003,12.065000000000003,12.165000000000003,12.265000000000002,12.371000000000002,12.471000000000002,12.578000000000001,12.684000000000001,12.789000000000001,12.892000000000001,12.994000000000002],"fps":[8.166969147005444,8.166969147005444,8.166969147005444,8.166969147005444,8.166969147005444,8.166969147005444,8.166969147005444,8.166969147005444,9.596928982725528,9.596928982725528,9.596928982725528,9.596928982725528,9.596928982725528,9.596928982725528,9.596928982725528,9.596928982725528,9.596928982725528,9.596928982725528,9.487666034155598,9.487666034155598,9.487666034155598,9.487666034155598,9.487666034155598,9.487666034155598,9.487666034155598,9.487666034155598,9.487666034155598,9.487666034155598,9.319664492078285,9.319664492078285,9.319664492078285,9.319664492078285,9.319664492078285,9.319664492078285,9.319664492078285,9.319664492078285,9.319664492078285,9.319664492078285,9.293680297397769,9.293680297397769,9.293680297397769,9.293680297397769,9.293680297397769,9.293680297397769,9.293680297397769,9.293680297397769,9.293680297397769,9.293680297397769,9.803921568627452,9.803921568627452,9.803921568627452,9.803921568627452,9.803921568627452,9.803921568627452,9.803921568627452,9.803921568627452,9.803921568627452,9.803921568627452,9.803921568627452,10.328638497652582,10.328638497652582,10.328638497652582,10.328638497652582,10.328638497652582,10.328638497652582,10.328638497652582,10.328638497652582,10.328638497652582,10.328638497652582,9.624639076034649,9.624639076034649,9.624639076034649,9.624639076034649,9.624639076034649,9.624639076034649,9.624639076034649,9.624639076034649,9.624639076034649,9.624639076034649,9.380863039399625,9.380863039399625,9.380863039399625,9.380863039399625,9.380863039399625,9.380863039399625,9.380863039399625,9.380863039399625,9.380863039399625,9.380863039399625,9.587727708533079,9.587727708533079,9.587727708533079,9.587727708533079,9.587727708533079,9.587727708533079,9.587727708533079],"raf":[104,104,105,106,107,100,104,101,107,103,98,104,103,109,98,104,114,110,111,99,104,106,104,133,99,99,99,133,97,100,117,105,106,134,96,99,101,121,97,97,111,109,103,103,103,100,98,100,96,94,96,102,94,99,98,96,97,94,99,96,120,100,100,99,115,101,100,102,100,102,120,105,102,104,104,105,107,111,99,109,103,103,101,102,117,105,106,100,100,106,100,107,106,105,103,102]}