{"time":[3.1159999999999997,3.3509999999999995,3.5999999999999996,3.8359999999999994,4.079,4.297,4.519,4.763,5.012,5.231,5.484999999999999,5.709,5.939,6.175,6.412,6.635,6.867,7.104,7.345,7.58,7.813,8.052,8.306,8.530999999999999,8.771999999999998,8.996999999999998,9.221999999999998,9.458999999999998,9.686999999999998,9.924999999999997,10.161999999999997,10.382999999999997,10.614999999999997,10.837999999999997,11.070999999999998,11.306999999999999,11.530999999999999,11.743999999999998,11.966999999999999,12.193999999999999,12.434999999999999,12.662999999999998,12.877999999999998],"fps":[3.8669760247486464,3.8669760247486464,3.8669760247486464,3.8669760247486464,3.8669760247486464,4.233700254022016,4.233700254022016,4.233700254022016,4.233700254022016,4.233700254022016,4.2087542087542085,4.2087542087542085,4.2087542087542085,4.2087542087542085,4.2087542087542085,4.3478260869565215,4.3478260869565215,4.3478260869565215,4.3478260869565215,4.3478260869565215,4.244482173174872,4.244482173174872,4.244482173174872,4.244482173174872,4.244482173174872,4.222972972972973,4.222972972972973,4.222972972972973,4.222972972972973,4.222972972972973,4.291845493562231,4.291845493562231,4.291845493562231,4.291845493562231,4.291845493562231,4.366812227074236,4.366812227074236,4.366812227074236,4.366812227074236,4.366812227074236,4.432624113475177,4.432624113475177,4.432624113475177],"raf":[304,235,249,236,243,218,222,244,249,219,254,224,230,236,237,223,233,236,241,236,232,239,254,225,241,225,225,237,228,238,237,222,231,222,233,236,224,213,223,227,241,228,215]}