{"time":[3.021000000000001,3.129000000000001,3.2230000000000008,3.3200000000000007,3.4130000000000007,3.509000000000001,3.601000000000001,3.693000000000001,3.787000000000001,3.878000000000001,3.971000000000001,4.064000000000001,4.161000000000001,4.261000000000001,4.361000000000001,4.461,4.557,4.654000000000001,4.751000000000001,4.848000000000002,4.947000000000002,5.0470000000000015,5.146000000000002,5.262000000000001,5.360000000000001,5.459000000000001,5.556000000000002,5.653000000000002,5.7520000000000024,5.8480000000000025,6.020000000000002,6.186000000000003,6.279000000000003,6.375000000000003,6.472000000000003,6.566000000000003,6.663000000000004,6.767000000000004,6.863000000000004,6.956000000000004,7.048000000000004,7.141000000000004,7.232000000000004,7.324000000000003,7.418000000000004,7.514000000000004,7.606000000000003,7.699000000000003,7.7950000000000035,7.887000000000003,7.979000000000003,8.073000000000002,8.164000000000001,8.257000000000001,8.349000000000002,8.445000000000002,8.538000000000002,8.629000000000001,8.724000000000002,8.814000000000002,8.908000000000001,9.003000000000002,9.097000000000001,9.192000000000002,9.286000000000001,9.377,9.468,9.559,9.649999999999999,9.741999999999999,9.832999999999998,9.924999999999999,10.015999999999998,10.109999999999998,10.206999999999997,10.299999999999997,10.403999999999996,10.511999999999997,10.607999999999997,10.699999999999998,10.790999999999997,10.880999999999997,10.972999999999997,11.064999999999998,11.155999999999997,11.246999999999996,11.339999999999996,11.432999999999996,11.523999999999996,11.615999999999996,11.707999999999997,11.799999999999997,11.890999999999996,11.982999999999997,12.074999999999998,12.166999999999998,12.260999999999997,12.355999999999998,12.449999999999998,12.543999999999997,12.635999999999997,12.728999999999997,12.827999999999998,12.924999999999997],"fps":[8.96414342629482,8.96414342629482,8.96414342629482,8.96414342629482,8.96414342629482,8.96414342629482,8.96414342629482,8.96414342629482,8.96414342629482,10.486177311725452,10.486177311725452,10.486177311725452,10.486177311725452,10.486177311725452,10.486177311725452,10.486177311725452,10.486177311725452,10.486177311725452,10.486177311725452,10.486177311725452,10.28999064546305,10.28999064546305,10.28999064546305,10.28999064546305,10.28999064546305,10.28999064546305,10.28999064546305,10.28999064546305,10.28999064546305,10.28999064546305,9.319664492078285,9.319664492078285,9.319664492078285,9.319664492078285,9.319664492078285,9.319664492078285,9.319664492078285,9.319664492078285,9.319664492078285,9.319664492078285,9.727626459143968,9.727626459143968,9.727626459143968,9.727626459143968,9.727626459143968,9.727626459143968,9.727626459143968,9.727626459143968,9.727626459143968,9.727626459143968,9.727626459143968,10.731707317073171,10.731707317073171,10.731707317073171,10.731707317073171,10.731707317073171,10.731707317073171,10.731707317073171,10.731707317073171,10.731707317073171,10.731707317073171,10.731707317073171,10.7421875,10.7421875,10.7421875,10.7421875,10.7421875,10.7421875,10.7421875,10.7421875,10.7421875,10.7421875,10.7421875,10.85883514313919,10.85883514313919,10.85883514313919,10.85883514313919,10.85883514313919,10.85883514313919,10.85883514313919,10.85883514313919,10.85883514313919,10.85883514313919,10.85883514313919,10.516252390057362,10.516252390057362,10.516252390057362,10.516252390057362,10.516252390057362,10.516252390057362,10.516252390057362,10.516252390057362,10.516252390057362,10.516252390057362,10.516252390057362,10.880316518298715,10.880316518298715,10.880316518298715,10.880316518298715,10.880316518298715,10.880316518298715,10.880316518298715,10.880316518298715,10.880316518298715],"raf":[95,108,94,97,93,96,92,92,94,91,93,93,97,100,100,100,96,97,97,97,99,100,99,116,98,99,97,97,99,96,172,166,93,96,97,94,97,104,96,94,91,93,91,92,94,96,92,93,96,92,92,94,91,93,92,96,93,91,95,90,93,95,94,95,94,91,91,91,91,92,91,92,91,94,97,93,104,108,96,92,91,90,92,92,91,91,93,93,91,92,92,92,91,92,92,92,94,96,93,94,92,93,99,97]}