{"time":[3.0539999999999994,3.4859999999999993,3.7829999999999995,4.137,4.545999999999999,5.017999999999999,5.402999999999999,5.706999999999999,6.015999999999999,6.302999999999999,6.634999999999999,6.922999999999999,7.239999999999999,7.536999999999999,7.936999999999999,8.301,8.649000000000001,9.072000000000001,9.451,9.793000000000001,10.102,10.435,10.869,11.296,11.712,12.14,12.701],"fps":[3.7192003719200373,2.2488755622188905,2.2488755622188905,2.2488755622188905,2.830188679245283,2.830188679245283,2.830188679245283,2.5839793281653747,2.5839793281653747,2.5839793281653747,2.5839793281653747,3.289473684210526,3.289473684210526,3.289473684210526,2.9585798816568047,2.9585798816568047,2.9585798816568047,2.643171806167401,2.643171806167401,2.643171806167401,2.912621359223301,2.912621359223301,2.912621359223301,2.510460251046025,2.510460251046025,2.510460251046025,2.1352313167259784],"raf":[491,431,297,354,409,472,385,304,309,287,333,287,318,296,400,364,348,423,380,341,309,333,434,428,415,428,562]}