{"time":[3.2009999999999996,3.6769999999999996,4.228,4.6899999999999995,5.087,5.545,5.949,6.399,6.799,7.199000000000001,7.622000000000001,7.998000000000001,8.428,8.88,9.363000000000001,9.798000000000002,10.251000000000001,10.73,11.120000000000001,11.608,12.053,12.517000000000001,12.983],"fps":[1.7905102954341987,1.7905102954341987,1.949317738791423,1.949317738791423,1.949317738791423,2.277904328018223,2.277904328018223,2.277904328018223,2.3923444976076556,2.3923444976076556,2.3923444976076556,2.5020850708924103,2.5020850708924103,2.5020850708924103,2.197802197802198,2.197802197802198,2.197802197802198,2.194586686174104,2.194586686174104,2.194586686174104,2.2675736961451247,2.2675736961451247,2.2675736961451247],"raf":[652,475,551,462,397,458,404,450,400,400,423,376,430,452,483,435,453,479,390,488,445,464,466]}