{
    "time": [
        3.0180000000000002,
        3.2420000000000004,
        3.4420000000000006,
        3.6530000000000005,
        3.8680000000000003,
        4.111000000000001,
        4.359000000000001,
        4.572000000000001,
        4.872000000000001,
        5.127000000000001,
        5.362000000000001,
        5.658000000000001,
        5.891000000000001,
        6.136000000000001,
        6.402000000000001,
        6.647000000000001,
        6.878000000000001,
        7.161000000000001,
        7.431000000000001,
        7.637000000000001,
        7.833000000000001,
        8.032000000000002,
        8.236000000000002,
        8.482000000000003,
        8.661000000000003,
        8.878000000000004,
        9.082000000000004,
        9.281000000000004,
        9.513000000000003,
        9.719000000000003,
        9.932000000000002,
        10.149000000000003,
        10.353000000000003,
        10.556000000000003,
        10.782000000000004,
        10.994000000000003,
        11.188000000000004,
        11.441000000000004,
        11.666000000000004,
        11.866000000000003,
        12.052000000000003,
        12.362000000000004,
        12.583000000000004,
        12.809000000000005
    ],
    "fps": [
        4.366812227074236,
        4.366812227074236,
        4.366812227074236,
        4.366812227074236,
        4.557885141294439,
        4.557885141294439,
        4.557885141294439,
        4.557885141294439,
        3.9840637450199203,
        3.9840637450199203,
        3.9840637450199203,
        3.9840637450199203,
        3.9215686274509802,
        3.9215686274509802,
        3.9215686274509802,
        3.9215686274509802,
        3.9215686274509802,
        3.937007874015748,
        3.937007874015748,
        3.937007874015748,
        3.937007874015748,
        3.937007874015748,
        4.655493482309125,
        4.655493482309125,
        4.655493482309125,
        4.655493482309125,
        4.655493482309125,
        4.784688995215311,
        4.784688995215311,
        4.784688995215311,
        4.784688995215311,
        4.784688995215311,
        4.664179104477612,
        4.664179104477612,
        4.664179104477612,
        4.664179104477612,
        4.664179104477612,
        4.595588235294118,
        4.595588235294118,
        4.595588235294118,
        4.595588235294118,
        4.595588235294118,
        4.378283712784588,
        4.378283712784588
    ],
    "raf": [
        247,
        224,
        200,
        212,
        214,
        243,
        249,
        212,
        300,
        256,
        234,
        297,
        233,
        244,
        266,
        245,
        231,
        283,
        270,
        207,
        195,
        199,
        204,
        246,
        180,
        216,
        204,
        199,
        232,
        207,
        212,
        217,
        204,
        203,
        226,
        212,
        194,
        253,
        225,
        200,
        186,
        310,
        221,
        226
    ]
}
