{
    "time": [
        3.2619999999999996,
        3.5219999999999994,
        3.7969999999999993,
        4.097999999999999,
        4.358999999999999,
        4.6129999999999995,
        4.835999999999999,
        5.05,
        5.282,
        5.53,
        5.763,
        5.999,
        6.2219999999999995,
        6.513,
        6.7379999999999995,
        6.9639999999999995,
        7.212999999999999,
        7.448999999999999,
        7.731999999999999,
        8.014,
        8.24,
        8.479000000000001,
        8.71,
        8.936000000000002,
        9.181000000000001,
        9.413,
        9.619,
        9.829,
        10.08,
        10.291,
        10.506,
        10.709,
        10.927999999999999,
        11.146999999999998,
        11.365999999999998,
        11.598999999999998,
        11.852999999999998,
        12.088999999999999,
        12.320999999999998,
        12.529999999999998,
        12.741999999999997,
        12.933999999999997
    ],
    "fps": [
        3.7914691943127963,
        3.7914691943127963,
        3.7914691943127963,
        3.7914691943127963,
        3.6463081130355515,
        3.6463081130355515,
        3.6463081130355515,
        3.6463081130355515,
        3.6463081130355515,
        4.269854824935952,
        4.269854824935952,
        4.269854824935952,
        4.269854824935952,
        4.269854824935952,
        4.1356492969396195,
        4.1356492969396195,
        4.1356492969396195,
        4.1356492969396195,
        4.1356492969396195,
        3.9215686274509802,
        3.9215686274509802,
        3.9215686274509802,
        3.9215686274509802,
        3.9215686274509802,
        4.284490145672665,
        4.284490145672665,
        4.284490145672665,
        4.284490145672665,
        4.284490145672665,
        4.504504504504505,
        4.504504504504505,
        4.504504504504505,
        4.504504504504505,
        4.504504504504505,
        4.651162790697675,
        4.651162790697675,
        4.651162790697675,
        4.651162790697675,
        4.651162790697675,
        4.29553264604811,
        4.29553264604811,
        4.29553264604811
    ],
    "raf": [
        279,
        260,
        275,
        301,
        261,
        254,
        223,
        215,
        232,
        247,
        233,
        236,
        224,
        290,
        226,
        226,
        248,
        237,
        282,
        282,
        226,
        239,
        231,
        226,
        245,
        232,
        206,
        210,
        251,
        211,
        215,
        204,
        218,
        219,
        219,
        233,
        254,
        236,
        232,
        209,
        212,
        193
    ]
}
