{
    "time": [
        3.113,
        3.337,
        3.572,
        3.831,
        4.076,
        4.300999999999999,
        4.547999999999999,
        4.869999999999999,
        5.113999999999999,
        5.325999999999999,
        5.558999999999998,
        5.780999999999999,
        6.0219999999999985,
        6.297999999999998,
        6.579999999999998,
        6.847999999999998,
        7.059999999999998,
        7.287999999999998,
        7.547999999999997,
        7.857999999999997,
        8.058999999999997,
        8.298999999999998,
        8.514999999999997,
        8.731999999999998,
        8.985999999999997,
        9.259999999999998,
        9.451999999999998,
        9.664999999999997,
        10.007999999999997,
        10.279999999999998,
        10.489999999999998,
        10.717999999999998,
        10.943999999999999,
        11.162999999999998,
        11.416999999999998,
        11.662999999999998,
        11.886999999999999,
        12.097,
        12.333,
        12.528,
        12.741,
        12.966
    ],
    "fps": [
        4.299226139294927,
        4.299226139294927,
        4.299226139294927,
        4.299226139294927,
        4.118616144975288,
        4.118616144975288,
        4.118616144975288,
        4.118616144975288,
        3.8535645472061657,
        3.8535645472061657,
        3.8535645472061657,
        3.8535645472061657,
        3.8535645472061657,
        4.222972972972973,
        4.222972972972973,
        4.222972972972973,
        4.222972972972973,
        4.222972972972973,
        4,
        4,
        4,
        4,
        4,
        4.222972972972973,
        4.222972972972973,
        4.222972972972973,
        4.222972972972973,
        4.222972972972973,
        3.9184952978056424,
        3.9184952978056424,
        3.9184952978056424,
        3.9184952978056424,
        3.9184952978056424,
        4.329004329004329,
        4.329004329004329,
        4.329004329004329,
        4.329004329004329,
        4.329004329004329,
        4.273504273504273,
        4.273504273504273,
        4.273504273504273,
        4.273504273504273
    ],
    "raf": [
        251,
        224,
        235,
        260,
        244,
        225,
        247,
        322,
        244,
        212,
        233,
        222,
        242,
        275,
        283,
        268,
        211,
        229,
        259,
        310,
        202,
        239,
        217,
        216,
        254,
        274,
        193,
        212,
        343,
        272,
        210,
        228,
        226,
        219,
        254,
        246,
        224,
        210,
        236,
        195,
        214,
        224
    ]
}
