{
    "time": [
        0,
        0.648,
        1.129,
        1.512,
        1.8780000000000001,
        2.278,
        2.747,
        3.153,
        3.518,
        3.896,
        4.311,
        4.744,
        5.138999999999999,
        5.542999999999999,
        5.978999999999999,
        6.419,
        6.843999999999999,
        7.260999999999999,
        7.659999999999999,
        8.061,
        8.462,
        8.878,
        9.278,
        9.72
    ],
    "fps": [
        0,
        0,
        2.657218777679362,
        2.657218777679362,
        2.657218777679362,
        2.6109660574412534,
        2.6109660574412534,
        2.6109660574412534,
        2.4193548387096775,
        2.4193548387096775,
        2.4193548387096775,
        2.4469820554649266,
        2.4469820554649266,
        2.4469820554649266,
        2.42914979757085,
        2.42914979757085,
        2.42914979757085,
        2.3400936037441498,
        2.3400936037441498,
        2.3400936037441498,
        2.4979184013322233,
        2.4979184013322233,
        2.4979184013322233,
        2.384737678855326
    ],
    "raf": [
        0,
        648,
        481,
        383,
        366,
        400,
        469,
        406,
        365,
        378,
        414,
        433,
        395,
        404,
        436,
        441,
        424,
        417,
        399,
        401,
        401,
        416,
        400,
        442
    ]
}
