{
    "time": [
        0,
        0.651,
        0.9510000000000001,
        1.163,
        1.354,
        1.548,
        1.741,
        1.9240000000000002,
        2.099,
        2.2670000000000003,
        2.438,
        2.5980000000000003,
        2.7600000000000002,
        2.9290000000000003,
        3.092,
        3.259,
        3.4339999999999997,
        3.6009999999999995,
        3.7719999999999994,
        3.966999999999999,
        4.121999999999999,
        4.275999999999999,
        4.430999999999999,
        4.5889999999999995,
        4.747999999999999,
        4.903999999999999,
        5.065999999999999,
        5.2189999999999985,
        5.381999999999999,
        5.539999999999999,
        5.693999999999999,
        5.851999999999999,
        6.0089999999999995,
        6.161,
        6.318,
        6.484999999999999,
        6.699,
        6.8469999999999995,
        6.999999999999999,
        7.154999999999999,
        7.31,
        7.476999999999999,
        7.661,
        7.872,
        8.020999999999999,
        8.197,
        8.366,
        8.541,
        8.699,
        8.86,
        9.017999999999999,
        9.182999999999998,
        9.341999999999999,
        9.524999999999999,
        9.700999999999999,
        9.867999999999999
    ],
    "fps": [
        0,
        0,
        0,
        3.442340791738382,
        3.442340791738382,
        3.442340791738382,
        3.442340791738382,
        3.442340791738382,
        3.442340791738382,
        5.434782608695652,
        5.434782608695652,
        5.434782608695652,
        5.434782608695652,
        5.434782608695652,
        5.434782608695652,
        5.434782608695652,
        5.998286203941731,
        5.998286203941731,
        5.998286203941731,
        5.998286203941731,
        5.998286203941731,
        5.998286203941731,
        5.998286203941731,
        6.0606060606060606,
        6.0606060606060606,
        6.0606060606060606,
        6.0606060606060606,
        6.0606060606060606,
        6.0606060606060606,
        6.0606060606060606,
        6.334841628959276,
        6.334841628959276,
        6.334841628959276,
        6.334841628959276,
        6.334841628959276,
        6.334841628959276,
        5.970149253731344,
        5.970149253731344,
        5.970149253731344,
        5.970149253731344,
        5.970149253731344,
        5.970149253731344,
        5.970149253731344,
        5.967604433077579,
        5.967604433077579,
        5.967604433077579,
        5.967604433077579,
        5.967604433077579,
        5.967604433077579,
        5.967604433077579,
        6.108202443280978,
        6.108202443280978,
        6.108202443280978,
        6.108202443280978,
        6.108202443280978,
        6.108202443280978
    ],
    "raf": [
        0,
        651,
        300,
        212,
        192,
        193,
        193,
        183,
        175,
        168,
        171,
        160,
        162,
        169,
        163,
        167,
        175,
        167,
        171,
        195,
        155,
        154,
        155,
        158,
        159,
        157,
        161,
        153,
        163,
        158,
        154,
        158,
        157,
        152,
        157,
        167,
        214,
        148,
        153,
        155,
        155,
        167,
        184,
        211,
        149,
        176,
        169,
        176,
        157,
        161,
        158,
        165,
        160,
        182,
        176,
        167
    ]
}
