{
    "time": [
        0,
        0.042,
        0.07300000000000001,
        0.11500000000000002,
        0.15300000000000002,
        0.16700000000000004,
        0.18200000000000005,
        0.21200000000000005,
        0.274,
        0.338,
        0.35200000000000004,
        0.992,
        1.705,
        2.019,
        2.293,
        2.524,
        2.779,
        3.013,
        3.243,
        3.457,
        3.722,
        3.94,
        4.197,
        4.442,
        4.689,
        4.897,
        5.196000000000001,
        5.410000000000001,
        5.657000000000001,
        5.905000000000001,
        6.118000000000001,
        6.325000000000001,
        6.540000000000001,
        6.786000000000001,
        6.997000000000002,
        7.206000000000001,
        7.433000000000002,
        7.634000000000001,
        7.870000000000001,
        8.073,
        8.278,
        8.484,
        8.678,
        8.899000000000001,
        9.142000000000001,
        9.368000000000002,
        9.579000000000002,
        9.904000000000002
    ],
    "fps": [
        0,
        0,
        0,
        0,
        0,
        0,
        0,
        0,
        0,
        0,
        0,
        0,
        7.629107981220657,
        7.629107981220657,
        7.629107981220657,
        7.629107981220657,
        3.717472118959108,
        3.717472118959108,
        3.717472118959108,
        3.717472118959108,
        3.717472118959108,
        4.3140638481449525,
        4.3140638481449525,
        4.3140638481449525,
        4.3140638481449525,
        4.3140638481449525,
        3.9808917197452227,
        3.9808917197452227,
        3.9808917197452227,
        3.9808917197452227,
        3.9808917197452227,
        4.428697962798937,
        4.428697962798937,
        4.428697962798937,
        4.428697962798937,
        4.428697962798937,
        4.508566275924256,
        4.508566275924256,
        4.508566275924256,
        4.508566275924256,
        4.508566275924256,
        4.761904761904762,
        4.761904761904762,
        4.761904761904762,
        4.761904761904762,
        4.761904761904762,
        4.566210045662101,
        4.566210045662101
    ],
    "raf": [
        0,
        42,
        33,
        40,
        38,
        14,
        15,
        31,
        61,
        64,
        15,
        639,
        713,
        314,
        274,
        231,
        257,
        232,
        230,
        214,
        265,
        218,
        257,
        245,
        247,
        208,
        299,
        214,
        247,
        248,
        213,
        207,
        215,
        246,
        211,
        209,
        228,
        200,
        236,
        203,
        205,
        206,
        194,
        221,
        243,
        226,
        211,
        325
    ]
}
