{
    "time": [
        0,
        0.021,
        0.05500000000000001,
        0.067,
        0.091,
        0.125,
        0.653,
        0.917,
        1.208,
        1.577,
        1.841,
        2.066,
        2.272,
        2.509,
        2.791,
        3.006,
        3.2159999999999997,
        3.433,
        3.686,
        3.9219999999999997,
        4.149,
        4.357,
        4.573,
        4.804,
        5.033,
        5.259,
        5.473000000000001,
        5.69,
        5.901000000000001,
        6.152000000000001,
        6.354000000000001,
        6.580000000000001,
        6.787000000000001,
        7.003000000000001,
        7.223000000000001,
        7.434000000000001,
        7.679000000000001,
        7.920000000000001,
        8.123000000000001,
        8.336,
        8.55,
        8.786000000000001,
        9.002,
        9.216000000000001,
        9.439000000000002,
        9.687000000000001,
        9.917000000000002
    ],
    "fps": [
        0,
        0,
        0,
        0,
        0,
        0,
        0,
        0,
        7.456503728251864,
        7.456503728251864,
        7.456503728251864,
        7.456503728251864,
        3.7593984962406015,
        3.7593984962406015,
        3.7593984962406015,
        3.7593984962406015,
        3.7593984962406015,
        4.306632213608958,
        4.306632213608958,
        4.306632213608958,
        4.306632213608958,
        4.306632213608958,
        4.385964912280702,
        4.385964912280702,
        4.385964912280702,
        4.385964912280702,
        4.385964912280702,
        4.476275738585497,
        4.476275738585497,
        4.476275738585497,
        4.476275738585497,
        4.476275738585497,
        4.557885141294439,
        4.557885141294439,
        4.557885141294439,
        4.557885141294439,
        4.557885141294439,
        4.41306266548985,
        4.41306266548985,
        4.41306266548985,
        4.41306266548985,
        4.41306266548985,
        4.621072088724584,
        4.621072088724584,
        4.621072088724584,
        4.621072088724584,
        4.621072088724584
    ],
    "raf": [
        0,
        21,
        33,
        12,
        24,
        34,
        528,
        264,
        291,
        369,
        264,
        225,
        206,
        237,
        282,
        215,
        210,
        217,
        253,
        236,
        227,
        208,
        216,
        231,
        229,
        226,
        214,
        217,
        211,
        251,
        202,
        226,
        207,
        216,
        220,
        211,
        245,
        241,
        204,
        213,
        213,
        236,
        216,
        214,
        223,
        248,
        230
    ]
}
