{
    "time": [
        0,
        0.711,
        1.004,
        1.343,
        1.68,
        1.9769999999999999,
        2.239,
        2.565,
        2.851,
        3.112,
        3.361,
        3.617,
        3.879,
        4.139,
        4.4110000000000005,
        4.673,
        4.939,
        5.216,
        5.498,
        5.761,
        6.023,
        6.287999999999999,
        6.585999999999999,
        6.853,
        7.146999999999999,
        7.467999999999999,
        7.724999999999999,
        7.981999999999998,
        8.264999999999999,
        8.549,
        8.801,
        9.065,
        9.394,
        9.647,
        9.906
    ],
    "fps": [
        0,
        0,
        2.991026919242273,
        2.991026919242273,
        2.991026919242273,
        2.991026919242273,
        3.2388663967611335,
        3.2388663967611335,
        3.2388663967611335,
        3.2388663967611335,
        3.5618878005342833,
        3.5618878005342833,
        3.5618878005342833,
        3.5618878005342833,
        3.813155386081983,
        3.813155386081983,
        3.813155386081983,
        3.813155386081983,
        3.6798528058877644,
        3.6798528058877644,
        3.6798528058877644,
        3.6798528058877644,
        3.676470588235294,
        3.676470588235294,
        3.676470588235294,
        3.676470588235294,
        3.5118525021949076,
        3.5118525021949076,
        3.5118525021949076,
        3.5118525021949076,
        3.717472118959108,
        3.717472118959108,
        3.717472118959108,
        3.717472118959108,
        3.6199095022624435
    ],
    "raf": [
        0,
        710,
        293,
        340,
        337,
        296,
        262,
        326,
        286,
        261,
        250,
        255,
        262,
        260,
        272,
        262,
        266,
        278,
        281,
        263,
        262,
        265,
        298,
        267,
        294,
        321,
        257,
        257,
        283,
        284,
        252,
        264,
        329,
        253,
        259
    ]
}
