{
    "time": [
        3.0829999999999997,
        3.429,
        3.706,
        3.969,
        4.212,
        4.425,
        4.72,
        4.936999999999999,
        5.169999999999999,
        5.442999999999999,
        5.713999999999999,
        5.972999999999999,
        6.211999999999999,
        6.499999999999999,
        6.757999999999999,
        7.033999999999999,
        7.264999999999999,
        7.520999999999999,
        7.775999999999999,
        8.024999999999999,
        8.306,
        8.51,
        8.794,
        9.088000000000001,
        9.39,
        9.604000000000001,
        9.88,
        10.123000000000001,
        10.375000000000002,
        10.627000000000002,
        10.822000000000003,
        11.062000000000003,
        11.291000000000002,
        11.639000000000003,
        11.906000000000002,
        12.186000000000002,
        12.474000000000002,
        12.727000000000002
    ],
    "fps": [
        12.36749116607774,
        3.8639876352395675,
        3.8639876352395675,
        3.8639876352395675,
        3.8639876352395675,
        3.8639876352395675,
        3.8729666924864445,
        3.8729666924864445,
        3.8729666924864445,
        3.8729666924864445,
        3.8729666924864445,
        3.9904229848363926,
        3.9904229848363926,
        3.9904229848363926,
        3.9904229848363926,
        3.766478342749529,
        3.766478342749529,
        3.766478342749529,
        3.766478342749529,
        3.766478342749529,
        3.930817610062893,
        3.930817610062893,
        3.930817610062893,
        3.930817610062893,
        3.690036900369004,
        3.690036900369004,
        3.690036900369004,
        3.690036900369004,
        3.690036900369004,
        4.0453074433656955,
        4.0453074433656955,
        4.0453074433656955,
        4.0453074433656955,
        3.9486673247778876,
        3.9486673247778876,
        3.9486673247778876,
        3.9486673247778876,
        3.6798528058877644
    ],
    "raf": [
        235,
        346,
        277,
        263,
        243,
        213,
        295,
        217,
        233,
        273,
        271,
        259,
        239,
        288,
        258,
        277,
        230,
        256,
        255,
        251,
        279,
        203,
        284,
        294,
        303,
        214,
        275,
        243,
        252,
        252,
        195,
        240,
        229,
        348,
        268,
        279,
        288,
        253
    ]
}
