{
    "time": [
        0,
        2.001,
        6.01,
        7.992,
        8.421,
        8.665,
        8.879999999999999,
        9.062,
        9.193999999999999,
        9.326999999999998,
        9.447999999999999,
        9.575,
        9.741999999999999,
        9.909999999999998
    ],
    "fps": [
        0,
        1.001001001001001,
        0.24943876278373658,
        0.5045408678102926,
        0.5045408678102926,
        0.5045408678102926,
        0.5045408678102926,
        3.7383177570093458,
        3.7383177570093458,
        3.7383177570093458,
        3.7383177570093458,
        3.7383177570093458,
        3.7383177570093458,
        3.7383177570093458
    ],
    "raf": [
        1,
        1998,
        4009,
        1982,
        429,
        244,
        215,
        182,
        133,
        132,
        121,
        127,
        167,
        168
    ]
}
