{
    "time": [
        0,
        1.153,
        1.215,
        1.247,
        1.324,
        1.34,
        1.361,
        1.388,
        1.4429999999999998,
        1.5019999999999998,
        1.7969999999999997,
        2.1639999999999997,
        2.316,
        2.444,
        2.586,
        2.747,
        2.964,
        3.139,
        3.384,
        3.5309999999999997,
        3.663,
        3.82,
        3.9979999999999998,
        4.165,
        4.341,
        4.484,
        4.69,
        4.859,
        5,
        5.192,
        5.308,
        5.419,
        5.536,
        5.715,
        5.865,
        6.032,
        6.179,
        6.314,
        6.425,
        6.535,
        6.646,
        6.759,
        6.931,
        7.07,
        7.182,
        7.293,
        7.4510000000000005,
        7.591,
        7.7010000000000005,
        7.811000000000001,
        7.962000000000001,
        8.098,
        8.247,
        8.411999999999999,
        8.521999999999998,
        8.631999999999998,
        8.740999999999998,
        8.939999999999998,
        9.107999999999997,
        9.270999999999997,
        9.508999999999997,
        9.710999999999997,
        9.886999999999997
    ],
    "fps": [
        0,
        1.737619461337967,
        1.737619461337967,
        1.737619461337967,
        1.737619461337967,
        1.737619461337967,
        1.737619461337967,
        1.737619461337967,
        1.737619461337967,
        1.737619461337967,
        1.737619461337967,
        9.891196834817013,
        9.891196834817013,
        9.891196834817013,
        9.891196834817013,
        9.891196834817013,
        9.891196834817013,
        9.891196834817013,
        5.733005733005733,
        5.733005733005733,
        5.733005733005733,
        5.733005733005733,
        5.733005733005733,
        5.733005733005733,
        5.733005733005733,
        6.363636363636363,
        6.363636363636363,
        6.363636363636363,
        6.363636363636363,
        6.363636363636363,
        6.363636363636363,
        6.363636363636363,
        6.660323501427212,
        6.660323501427212,
        6.660323501427212,
        6.660323501427212,
        6.660323501427212,
        6.660323501427212,
        6.660323501427212,
        6.660323501427212,
        7.207207207207207,
        7.207207207207207,
        7.207207207207207,
        7.207207207207207,
        7.207207207207207,
        7.207207207207207,
        7.207207207207207,
        7.207207207207207,
        7.5829383886255926,
        7.5829383886255926,
        7.5829383886255926,
        7.5829383886255926,
        7.5829383886255926,
        7.5829383886255926,
        7.5829383886255926,
        7.5829383886255926,
        7.6923076923076925,
        7.6923076923076925,
        7.6923076923076925,
        7.6923076923076925,
        7.6923076923076925,
        7.6923076923076925,
        5.2356020942408374
    ],
    "raf": [
        0,
        1152,
        62,
        33,
        76,
        16,
        20,
        29,
        53,
        59,
        295,
        367,
        152,
        128,
        142,
        161,
        217,
        175,
        246,
        146,
        132,
        157,
        178,
        167,
        176,
        144,
        205,
        169,
        141,
        192,
        116,
        111,
        117,
        179,
        150,
        167,
        147,
        135,
        111,
        110,
        111,
        113,
        172,
        139,
        112,
        111,
        158,
        140,
        110,
        110,
        151,
        136,
        149,
        165,
        110,
        110,
        109,
        199,
        168,
        163,
        238,
        202,
        176
    ]
}
