{
    "time": [
        3.1679999999999997,
        3.6209999999999996,
        3.9909999999999997,
        4.428999999999999,
        4.786,
        5.180999999999999,
        5.571999999999999,
        5.903,
        6.196,
        6.460999999999999,
        6.693999999999999,
        6.940999999999999,
        7.262999999999999,
        7.569999999999999,
        7.885,
        8.199,
        8.546,
        8.892,
        9.270999999999999,
        9.636,
        10.065,
        10.498,
        10.854999999999999,
        11.251,
        11.599,
        11.974,
        12.351,
        12.718
    ],
    "fps": [
        11.874032008260196,
        11.874032008260196,
        11.874032008260196,
        2.379064234734338,
        2.379064234734338,
        2.379064234734338,
        2.6246719160104988,
        2.6246719160104988,
        2.6246719160104988,
        2.6246719160104988,
        3.5650623885918002,
        3.5650623885918002,
        3.5650623885918002,
        3.5650623885918002,
        3.3585222502099077,
        3.3585222502099077,
        3.3585222502099077,
        2.9791459781529297,
        2.9791459781529297,
        2.9791459781529297,
        2.557544757033248,
        2.557544757033248,
        2.557544757033248,
        2.5295109612141653,
        2.5295109612141653,
        2.5295109612141653,
        2.7247956403269753,
        2.7247956403269753
    ],
    "raf": [
        1293,
        453,
        371,
        437,
        357,
        395,
        391,
        331,
        293,
        265,
        233,
        247,
        322,
        308,
        314,
        314,
        347,
        346,
        379,
        365,
        429,
        433,
        357,
        396,
        348,
        375,
        378,
        366
    ]
}
