{
    "time": [
        3.7889999999999997,
        4.146999999999999,
        4.51,
        4.877,
        5.223,
        5.579,
        5.904999999999999,
        6.244,
        6.606999999999999,
        6.976999999999999,
        7.343999999999999,
        7.725999999999999,
        8.095999999999998,
        8.471999999999998,
        8.827999999999998,
        9.199999999999998,
        9.584999999999997,
        9.964999999999998,
        10.324999999999998,
        10.711999999999998,
        11.088999999999999,
        11.492999999999999,
        11.892999999999999,
        12.252999999999998,
        12.617999999999999,
        12.963999999999999
    ],
    "fps": [
        3.997715591090805,
        3.997715591090805,
        3.997715591090805,
        2.7573529411764706,
        2.7573529411764706,
        2.7573529411764706,
        2.9182879377431905,
        2.9182879377431905,
        2.9182879377431905,
        2.7958993476234855,
        2.7958993476234855,
        2.7958993476234855,
        2.680965147453083,
        2.680965147453083,
        2.680965147453083,
        2.7198549410698094,
        2.7198549410698094,
        2.7198549410698094,
        2.6666666666666665,
        2.6666666666666665,
        2.6666666666666665,
        2.5641025641025643,
        2.5641025641025643,
        2.5641025641025643,
        2.671415850400712,
        2.671415850400712
    ],
    "raf": [
        1438,
        358,
        363,
        367,
        347,
        355,
        326,
        339,
        363,
        371,
        366,
        382,
        371,
        375,
        356,
        372,
        385,
        380,
        360,
        388,
        377,
        404,
        398,
        360,
        365,
        346
    ]
}
