{
    "time": [
        3.04,
        3.2960000000000003,
        3.584,
        3.785,
        4,
        4.197,
        4.426,
        4.623,
        4.894,
        5.1080000000000005,
        5.269,
        5.463,
        5.646,
        5.854,
        6.043,
        6.19,
        6.344,
        6.493,
        6.648000000000001,
        6.849,
        7.045,
        7.233,
        7.388999999999999,
        7.539999999999999,
        7.7379999999999995,
        7.917999999999999,
        8.072999999999999,
        8.225999999999999,
        8.380999999999998,
        8.535999999999998,
        8.661999999999997,
        8.808999999999997,
        8.994999999999997,
        9.097999999999997,
        9.234999999999998,
        9.473999999999998,
        9.616999999999999,
        9.764999999999999,
        9.911,
        10.152,
        10.318999999999999,
        10.466999999999999,
        10.595999999999998,
        10.768999999999998,
        10.980999999999998,
        11.146999999999998,
        11.313999999999998,
        11.475999999999999,
        11.626999999999999,
        11.774,
        11.952,
        12.074,
        12.261,
        12.411,
        12.568999999999999,
        12.716999999999999,
        12.851999999999999
    ],
    "fps": [
        7.619047619047619,
        7.619047619047619,
        7.619047619047619,
        3.6429872495446265,
        3.6429872495446265,
        3.6429872495446265,
        3.6429872495446265,
        3.6429872495446265,
        4.508566275924256,
        4.508566275924256,
        4.508566275924256,
        4.508566275924256,
        4.508566275924256,
        4.508566275924256,
        5.221932114882507,
        5.221932114882507,
        5.221932114882507,
        5.221932114882507,
        5.221932114882507,
        5.221932114882507,
        5.9880239520958085,
        5.9880239520958085,
        5.9880239520958085,
        5.9880239520958085,
        5.9880239520958085,
        5.9880239520958085,
        5.836575875486381,
        5.836575875486381,
        5.836575875486381,
        5.836575875486381,
        5.836575875486381,
        5.836575875486381,
        5.836575875486381,
        6.829268292682927,
        6.829268292682927,
        6.829268292682927,
        6.829268292682927,
        6.829268292682927,
        6.829268292682927,
        5.692599620493358,
        5.692599620493358,
        5.692599620493358,
        5.692599620493358,
        5.692599620493358,
        5.692599620493358,
        5.692599620493358,
        6.024096385542169,
        6.024096385542169,
        6.024096385542169,
        6.024096385542169,
        6.024096385542169,
        6.024096385542169,
        6.024096385542169,
        6.381039197812215,
        6.381039197812215,
        6.381039197812215,
        6.381039197812215
    ],
    "raf": [
        353,
        256,
        288,
        201,
        215,
        197,
        229,
        197,
        271,
        214,
        161,
        194,
        183,
        208,
        189,
        148,
        153,
        149,
        155,
        202,
        195,
        188,
        156,
        151,
        199,
        179,
        155,
        154,
        154,
        155,
        126,
        147,
        186,
        103,
        137,
        239,
        143,
        148,
        146,
        241,
        167,
        148,
        130,
        173,
        212,
        165,
        167,
        163,
        150,
        147,
        178,
        122,
        187,
        150,
        158,
        148,
        135
    ]
}
