{
    "time": [
        0,
        0.072,
        0.103,
        0.128,
        0.155,
        0.176,
        0.22299999999999998,
        0.26699999999999996,
        0.6639999999999999,
        1.222,
        1.468,
        1.7109999999999999,
        2.08,
        2.347,
        2.574,
        2.7489999999999997,
        3.0399999999999996,
        3.2539999999999996,
        3.4489999999999994,
        3.6389999999999993,
        3.8369999999999993,
        4.015,
        4.221,
        4.376,
        4.526000000000001,
        4.698,
        4.8870000000000005,
        5.1370000000000005,
        5.314,
        5.484,
        5.74,
        5.908,
        6.222,
        6.447,
        6.62,
        6.767,
        6.94,
        7.138000000000001,
        7.296000000000001,
        7.492000000000001,
        7.660000000000001,
        7.853000000000001,
        8.049000000000001,
        8.226,
        8.386000000000001,
        8.620000000000001,
        8.783000000000001,
        8.992,
        9.158000000000001,
        9.321000000000002,
        9.619000000000002,
        9.787,
        9.953000000000001
    ],
    "fps": [
        0,
        0,
        0,
        0,
        0,
        0,
        0,
        0,
        0,
        8.19000819000819,
        8.19000819000819,
        8.19000819000819,
        8.19000819000819,
        3.5555555555555554,
        3.5555555555555554,
        3.5555555555555554,
        3.5555555555555554,
        3.5555555555555554,
        4.537205081669692,
        4.537205081669692,
        4.537205081669692,
        4.537205081669692,
        4.537205081669692,
        4.537205081669692,
        5.571030640668524,
        5.571030640668524,
        5.571030640668524,
        5.571030640668524,
        5.571030640668524,
        5.571030640668524,
        4.942339373970346,
        4.942339373970346,
        4.942339373970346,
        4.942339373970346,
        4.942339373970346,
        4.863813229571984,
        4.863813229571984,
        4.863813229571984,
        4.863813229571984,
        4.863813229571984,
        4.863813229571984,
        5.529953917050691,
        5.529953917050691,
        5.529953917050691,
        5.529953917050691,
        5.529953917050691,
        5.529953917050691,
        5.267778753292362,
        5.267778753292362,
        5.267778753292362,
        5.267778753292362,
        5.267778753292362,
        5.267778753292362
    ],
    "raf": [
        0,
        72,
        31,
        26,
        26,
        21,
        47,
        44,
        397,
        558,
        246,
        243,
        369,
        267,
        227,
        175,
        291,
        214,
        195,
        190,
        198,
        178,
        206,
        155,
        150,
        172,
        189,
        250,
        177,
        170,
        256,
        168,
        314,
        225,
        173,
        148,
        172,
        197,
        158,
        196,
        168,
        193,
        196,
        177,
        160,
        235,
        163,
        208,
        166,
        163,
        298,
        168,
        166
    ]
}
