{
    "time": [
        0,
        0.044,
        0.11499999999999999,
        0.13299999999999998,
        0.15799999999999997,
        0.16999999999999998,
        0.585,
        0.611,
        0.624,
        0.637,
        0.653,
        0.67,
        0.6990000000000001,
        0.7300000000000001,
        0.9710000000000001,
        1.445,
        1.687,
        1.968,
        2.278,
        2.469,
        2.6519999999999997,
        2.864,
        3.101,
        3.329,
        3.611,
        3.821,
        4.032,
        4.225,
        4.423,
        4.609,
        4.81,
        4.991,
        5.210999999999999,
        5.393999999999999,
        5.595999999999999,
        5.807999999999999,
        6.022999999999999,
        6.293999999999999,
        6.510999999999998,
        6.692999999999999,
        6.9049999999999985,
        7.080999999999999,
        7.313999999999998,
        7.494999999999998,
        7.721999999999999,
        7.903999999999999,
        8.082999999999998,
        8.306999999999999,
        8.509999999999998,
        8.735999999999999,
        8.998999999999999,
        9.254999999999999,
        9.616,
        9.947
    ],
    "fps": [
        0,
        0,
        0,
        0,
        0,
        0,
        0,
        0,
        0,
        0,
        0,
        0,
        0,
        0,
        0,
        11.126564673157162,
        11.126564673157162,
        11.126564673157162,
        11.126564673157162,
        3.90625,
        3.90625,
        3.90625,
        3.90625,
        3.90625,
        4.378283712784588,
        4.378283712784588,
        4.378283712784588,
        4.378283712784588,
        4.378283712784588,
        4.378283712784588,
        5.004170141784821,
        5.004170141784821,
        5.004170141784821,
        5.004170141784821,
        5.004170141784821,
        5.004170141784821,
        4.9464138499587795,
        4.9464138499587795,
        4.9464138499587795,
        4.9464138499587795,
        4.9464138499587795,
        4.725897920604915,
        4.725897920604915,
        4.725897920604915,
        4.725897920604915,
        4.725897920604915,
        4.990019960079841,
        4.990019960079841,
        4.990019960079841,
        4.990019960079841,
        4.990019960079841,
        4.266211604095563,
        4.266211604095563,
        4.266211604095563
    ],
    "raf": [
        0,
        39,
        70,
        18,
        25,
        13,
        415,
        25,
        13,
        13,
        16,
        17,
        29,
        31,
        241,
        474,
        243,
        280,
        310,
        191,
        183,
        212,
        237,
        228,
        282,
        211,
        210,
        193,
        198,
        186,
        201,
        182,
        219,
        183,
        202,
        212,
        215,
        271,
        217,
        183,
        211,
        176,
        234,
        180,
        227,
        182,
        179,
        224,
        203,
        226,
        263,
        256,
        361,
        331
    ]
}
