{
    "time": [
        0,
        0.017,
        0.043,
        0.057999999999999996,
        0.074,
        0.10099999999999999,
        0.136,
        0.15200000000000002,
        0.16500000000000004,
        0.20900000000000002,
        0.658,
        1.115,
        1.347,
        1.537,
        1.714,
        1.865,
        2.05,
        2.239,
        2.399,
        2.567,
        2.74,
        2.923,
        3.092,
        3.258,
        3.423,
        3.619,
        3.8070000000000004,
        3.9650000000000003,
        4.149,
        4.301,
        4.464,
        4.680000000000001,
        4.909000000000001,
        5.090000000000001,
        5.287000000000001,
        5.494000000000001,
        5.683000000000001,
        5.840000000000001,
        6.079000000000001,
        6.214,
        6.3420000000000005,
        6.469,
        6.597,
        6.73,
        6.857,
        6.989,
        7.16,
        7.3,
        7.43,
        7.561,
        7.691,
        7.822,
        7.991,
        8.139,
        8.341,
        8.513,
        8.641,
        8.77,
        8.907,
        9.072,
        9.220999999999998,
        9.363999999999999,
        9.492999999999999,
        9.732999999999999,
        9.977999999999998
    ],
    "fps": [
        0,
        0,
        0,
        0,
        0,
        0,
        0,
        0,
        0,
        0,
        0,
        10.771992818671455,
        10.771992818671455,
        10.771992818671455,
        10.771992818671455,
        10.771992818671455,
        10.771992818671455,
        5.333333333333333,
        5.333333333333333,
        5.333333333333333,
        5.333333333333333,
        5.333333333333333,
        5.333333333333333,
        5.893909626719057,
        5.893909626719057,
        5.893909626719057,
        5.893909626719057,
        5.893909626719057,
        5.893909626719057,
        5.752636625119846,
        5.752636625119846,
        5.752636625119846,
        5.752636625119846,
        5.752636625119846,
        5.752636625119846,
        5.029337803855825,
        5.029337803855825,
        5.029337803855825,
        5.029337803855825,
        5.029337803855825,
        5.029337803855825,
        5.029337803855825,
        6.346328195829556,
        6.346328195829556,
        6.346328195829556,
        6.346328195829556,
        6.346328195829556,
        6.346328195829556,
        6.346328195829556,
        6.346328195829556,
        7.312614259597806,
        7.312614259597806,
        7.312614259597806,
        7.312614259597806,
        7.312614259597806,
        7.312614259597806,
        7.312614259597806,
        6.487488415199259,
        6.487488415199259,
        6.487488415199259,
        6.487488415199259,
        6.487488415199259,
        6.487488415199259,
        6.487488415199259,
        5.7947019867549665
    ],
    "raf": [
        0,
        17,
        27,
        14,
        16,
        27,
        35,
        16,
        14,
        43,
        449,
        457,
        232,
        190,
        177,
        151,
        185,
        190,
        159,
        168,
        174,
        182,
        169,
        166,
        165,
        196,
        188,
        158,
        184,
        152,
        163,
        216,
        229,
        182,
        196,
        207,
        189,
        158,
        239,
        134,
        128,
        127,
        128,
        133,
        128,
        131,
        171,
        140,
        130,
        132,
        129,
        131,
        169,
        148,
        202,
        173,
        127,
        129,
        137,
        166,
        148,
        143,
        129,
        241,
        244
    ]
}
