{
    "time": [
        0,
        0.075,
        0.131,
        0.151,
        0.172,
        0.19799999999999998,
        0.21799999999999997,
        0.24899999999999997,
        0.26199999999999996,
        0.6399999999999999,
        0.693,
        0.727,
        0.758,
        0.774,
        0.809,
        0.883,
        1.537,
        1.879,
        2.085,
        2.293,
        2.492,
        2.677,
        2.898,
        3.1710000000000003,
        3.382,
        3.615,
        4.057,
        4.384,
        4.714,
        4.955,
        5.163,
        5.407,
        5.633,
        5.845,
        6.055,
        6.285,
        6.489,
        6.692,
        6.952,
        7.16,
        7.413,
        7.655,
        7.844,
        8.108,
        8.407,
        8.673,
        9,
        9.279,
        9.507,
        9.773,
        9.982
    ],
    "fps": [
        0,
        0,
        0,
        0,
        0,
        0,
        0,
        0,
        0,
        0,
        0,
        0,
        0,
        0,
        0,
        0,
        11.060507482108003,
        11.060507482108003,
        11.060507482108003,
        11.060507482108003,
        11.060507482108003,
        4.385964912280702,
        4.385964912280702,
        4.385964912280702,
        4.385964912280702,
        4.385964912280702,
        3.6231884057971016,
        3.6231884057971016,
        3.6231884057971016,
        3.6231884057971016,
        3.616636528028933,
        3.616636528028933,
        3.616636528028933,
        3.616636528028933,
        3.616636528028933,
        4.45632798573975,
        4.45632798573975,
        4.45632798573975,
        4.45632798573975,
        4.45632798573975,
        4.432624113475177,
        4.432624113475177,
        4.432624113475177,
        4.432624113475177,
        4.432624113475177,
        3.9682539682539684,
        3.9682539682539684,
        3.9682539682539684,
        3.9682539682539684,
        3.6363636363636362,
        3.6363636363636362
    ],
    "raf": [
        0,
        75,
        57,
        20,
        20,
        26,
        20,
        31,
        13,
        378,
        53,
        34,
        30,
        16,
        35,
        74,
        654,
        342,
        206,
        208,
        199,
        185,
        221,
        273,
        211,
        233,
        442,
        327,
        330,
        241,
        208,
        244,
        226,
        212,
        210,
        230,
        204,
        203,
        260,
        208,
        253,
        242,
        189,
        264,
        299,
        266,
        327,
        279,
        228,
        266,
        210
    ]
}
