{
    "time": [
        0,
        0.039,
        0.092,
        0.107,
        0.135,
        0.15200000000000002,
        0.171,
        0.18300000000000002,
        0.202,
        0.221,
        0.238,
        0.755,
        0.8,
        0.812,
        0.8380000000000001,
        0.8670000000000001,
        1.346,
        1.7570000000000001,
        2.032,
        2.434,
        2.946,
        3.2680000000000002,
        3.595,
        3.906,
        4.205,
        4.493,
        4.914000000000001,
        5.332000000000001,
        5.5840000000000005,
        5.931000000000001,
        6.339000000000001,
        6.588000000000001,
        6.889000000000001,
        7.1720000000000015,
        7.527000000000001,
        7.941000000000001,
        8.265,
        8.697000000000001,
        9.143,
        9.465,
        9.876
    ],
    "fps": [
        0,
        0,
        0,
        0,
        0,
        0,
        0,
        0,
        0,
        0,
        0,
        0,
        0,
        0,
        0,
        0,
        12.639405204460967,
        12.639405204460967,
        12.639405204460967,
        2.7573529411764706,
        2.7573529411764706,
        2.7573529411764706,
        2.5839793281653747,
        2.5839793281653747,
        2.5839793281653747,
        2.5839793281653747,
        3.0326004548900682,
        3.0326004548900682,
        3.0326004548900682,
        2.949852507374631,
        2.949852507374631,
        2.949852507374631,
        2.949852507374631,
        3.2232070910556003,
        3.2232070910556003,
        3.2232070910556003,
        2.7447392497712717,
        2.7447392497712717,
        2.7447392497712717,
        2.5,
        2.5
    ],
    "raf": [
        0,
        40,
        52,
        15,
        29,
        16,
        19,
        12,
        19,
        19,
        18,
        516,
        44,
        12,
        26,
        29,
        479,
        411,
        275,
        402,
        512,
        322,
        327,
        311,
        299,
        288,
        421,
        418,
        252,
        347,
        408,
        249,
        301,
        283,
        355,
        414,
        324,
        432,
        446,
        322,
        411
    ]
}
