{
    "time": [
        0,
        0.051,
        0.11499999999999999,
        0.15,
        0.16899999999999998,
        0.20099999999999998,
        0.215,
        0.23199999999999998,
        0.257,
        0.276,
        0.29000000000000004,
        0.31700000000000006,
        0.6280000000000001,
        0.6500000000000001,
        0.6740000000000002,
        0.6860000000000002,
        0.7020000000000002,
        0.7160000000000002,
        0.7430000000000002,
        0.7900000000000003,
        0.8350000000000003,
        1.1150000000000002,
        1.62,
        1.81,
        1.919,
        2.0300000000000002,
        2.1540000000000004,
        2.2600000000000002,
        2.3800000000000003,
        2.4950000000000006,
        2.5980000000000008,
        2.7160000000000006,
        2.8560000000000008,
        2.9700000000000006,
        3.0540000000000007,
        3.1770000000000005,
        3.2930000000000006,
        3.4360000000000004,
        3.5850000000000004,
        3.7810000000000006,
        3.9230000000000005,
        4.057,
        4.2,
        4.383,
        4.544,
        4.736,
        4.894,
        5.024,
        5.167,
        5.3149999999999995,
        5.460999999999999,
        5.609999999999999,
        5.778999999999999,
        5.975999999999999,
        6.174999999999999,
        6.339999999999999,
        6.474999999999999,
        6.578999999999999,
        6.685999999999999,
        6.870999999999999,
        6.998999999999999,
        7.126999999999999,
        7.2799999999999985,
        7.358999999999998,
        7.454999999999998,
        7.5859999999999985,
        7.717999999999998,
        7.824999999999998,
        7.945999999999998,
        8.049999999999997,
        8.171999999999997,
        8.269999999999998,
        8.378999999999998,
        8.483999999999998,
        8.583999999999998,
        8.689999999999998,
        8.801999999999998,
        8.914999999999997,
        9.012999999999998,
        9.131999999999998,
        9.231999999999998,
        9.340999999999998,
        9.437999999999997,
        9.543999999999997,
        9.639999999999997,
        9.739999999999997,
        9.830999999999996,
        9.974999999999996
    ],
    "fps": [
        0,
        0,
        0,
        0,
        0,
        0,
        0,
        0,
        0,
        0,
        0,
        0,
        0,
        0,
        0,
        0,
        0,
        0,
        0,
        0,
        0,
        19.748653500897667,
        19.748653500897667,
        19.748653500897667,
        19.748653500897667,
        19.748653500897667,
        4.8123195380173245,
        4.8123195380173245,
        4.8123195380173245,
        4.8123195380173245,
        4.8123195380173245,
        4.8123195380173245,
        4.8123195380173245,
        4.8123195380173245,
        4.8123195380173245,
        8.79765395894428,
        8.79765395894428,
        8.79765395894428,
        8.79765395894428,
        8.79765395894428,
        8.79765395894428,
        8.79765395894428,
        6.842619745845552,
        6.842619745845552,
        6.842619745845552,
        6.842619745845552,
        6.842619745845552,
        6.842619745845552,
        6.842619745845552,
        6.278026905829597,
        6.278026905829597,
        6.278026905829597,
        6.278026905829597,
        6.278026905829597,
        6.278026905829597,
        5.853658536585366,
        5.853658536585366,
        5.853658536585366,
        5.853658536585366,
        5.853658536585366,
        5.853658536585366,
        5.853658536585366,
        5.853658536585366,
        7.8508341511285575,
        7.8508341511285575,
        7.8508341511285575,
        7.8508341511285575,
        7.8508341511285575,
        7.8508341511285575,
        7.8508341511285575,
        7.8508341511285575,
        7.8508341511285575,
        8.823529411764707,
        8.823529411764707,
        8.823529411764707,
        8.823529411764707,
        8.823529411764707,
        8.823529411764707,
        8.823529411764707,
        8.823529411764707,
        8.823529411764707,
        8.823529411764707,
        9.442870632672332,
        9.442870632672332,
        9.442870632672332,
        9.442870632672332,
        9.442870632672332,
        9.442870632672332
    ],
    "raf": [
        0,
        52,
        63,
        35,
        20,
        31,
        15,
        16,
        29,
        15,
        17,
        24,
        310,
        22,
        24,
        12,
        16,
        14,
        27,
        47,
        45,
        280,
        505,
        190,
        109,
        111,
        124,
        106,
        120,
        115,
        103,
        118,
        140,
        114,
        85,
        122,
        116,
        143,
        149,
        196,
        142,
        134,
        143,
        183,
        161,
        192,
        158,
        130,
        143,
        148,
        146,
        149,
        169,
        197,
        199,
        165,
        135,
        104,
        107,
        185,
        128,
        128,
        153,
        79,
        97,
        130,
        132,
        108,
        120,
        104,
        121,
        98,
        109,
        105,
        100,
        106,
        112,
        113,
        98,
        119,
        100,
        109,
        97,
        106,
        96,
        100,
        91,
        144
    ]
}
